id,classe,caption,commento_raw,commento_prenorm,anno,prodotto,panelista
1,OK,Provolone,Provolone,Provolone,2019,C0A,Q_02
2,OK,Provolone,Provolone,Provolone,2019,C0M,Q_02
3,OK,Non ha un sapore di grana.,Non da grana,Non da grana,2019,C0G,Q_09
4,OK,Cipolla.,Cipolla,Cipolla,2019,C0L,Q_09
5,OK,"Il campione presenta note aromatiche di latte cotto, con una complessità che arricchisce l'aroma tipico del Grana Trentino.",Prevalgono le note cotte,Prevalgono le note cotte,2019,C0Q,TG_20
6,OK,Si percepisce un sentore di idrocarburi.,Idrocarburi,Idrocarburi,2019,C0H,TG_26
7,OK,"L'aroma è quasi impercettibile, con una bassa intensità che non rispecchia le caratteristiche tipiche del Grana Trentino.",Aroma quasi impercettibile,Aroma quasi impercettibile,2019,C0D,TG_28
8,OK,"Il campione presenta un aroma buono, ma con un'intensità poco marcata, risultando meno complesso rispetto agli standard del Grana Trentino.","Buono, ma poco intenso","Buono, ma poco intenso",2019,C0A,TG_19
9,OK,"L'aroma è leggero, con note che richiamano la tipicità del Grana Trentino.",Leggero,Leggero,2019,C0D,TG_24
10,OK,"Si percepisce una leggera fermentazione, che contribuisce alla complessità dell'aroma.",Leggera fermentazione,Leggera fermentazione,2019,C0D,TG_35
11,OK,"Il campione presenta un leggero affumicato, che arricchisce l'aroma senza sovrastare le note tipiche.",Leggero affumicato,Leggero affumicato,2019,C0Q,TG_35
12,ILLEGGIBILE,,Oggi sono raffreddato,Oggi sono raffreddato,2019,C0C,TG_04
13,OK,"L'aroma è molto debole, con una scarsa complessità che non rispecchia le caratteristiche del Grana Trentino.",Molto debole,Molto debole,2019,C0H,TG_08
14,OK,"Si avvertono note di erbe amare, che aggiungono una dimensione interessante all'aroma.",Erbe amare,Erbe amare,2019,C0D,TG_19
15,OK,Si avverte un aroma immangiabile con evidenti note di fermentazione anomala.,Immangiabile  Fermentazione da Clostridium sporogenes,Immangiabile  Fermentazione da Clostridium sporogenes,2019,C0F,Q_02
16,OK,"La texture è troppo friabile, il che influisce negativamente sull'esperienza aromatica.","Texture  da modificare, troppo friabile.","Texture  da modificare, troppo friabile.",2019,C0Q,TG_14
17,OK,"Si percepisce un sentore metallico, che non è caratteristico del Grana Trentino.",Metallico,Metallico,2019,C0Q,TG_26
18,OK,"L'aroma è poco persistente e svanisce rapidamente, non mantenendo le caratteristiche attese.","Poco persistente, sparisce subito","Poco persistente, sparisce subito",2019,C0C,TG_28
19,OK,Provolone o nostrano lievemente piccante.,Provolone o nostrano lievemente piccante,Provolone o nostrano lievemente piccante,2019,C0I,Q_02
20,OK,"L'aroma è troppo volatile e sfugge rapidamente, non permettendo una valutazione adeguata.","Troppo volatile, sfugge subito","Troppo volatile, sfugge subito",2019,C0C,TG_28
21,OK,Il campione presenta una solubilità poco marcata.,Poco solubile,Poco solubile,2019,C0P,TG_19
22,OK,"Il campione mostra lievi note stallatiche, ma non su tutti i pezzi.",Leggermente da stalla ma non su tutti i pezzi,Leggermente da sstalla ma non su tutti i pezzi,2019,C0D,TG_08
23,OK,Cipolla.,Cipolla,Cipolla,2019,C0F,TG_26
24,OK,Lettiera.,Lettiera,Lettiera,2019,C0E,TG_26
25,OK,Il campione presenta una particolare sensibilità al fermentato.,Particolare sensibilità mia al fermentato,Particolare sensibilità mia al fermentato,2019,C0D,TG_14
26,OK,Crauti.,Crauti,Crauti,2019,C0M,TG_14
27,OK,Il campione ha un'intensità poco marcata.,Scarico,poco intenso,2019,C0O,TG_20
28,OK,Il campione presenta note metalliche.,Metallico,Metallico,2019,C0H,TG_26
29,ILLEGGIBILE,,"Ok ti sentiti tutti molto leggeri di profumo. Forse perché  le mie vie nasali non sono per vie, ahimè","Ok ti sentiti tutti molto leggeri di profumo. Forse perché  le mie vie nasali non sono per vie, ahimè",2019,C0B,TG_04
30,OK,Il campione mostra note vegetali balsamiche.,Vegetale balsamico,Vegetale balsamico,2019,C0I,Q_09
31,OK,Il campione potrebbe beneficiare di una maggiore stagionatura.,Maggiore stagionatura,Maggiore stagionatura,2019,C0P,TG_19
32,OK,Il campione potrebbe beneficiare di una maggiore stagionatura.,Maggiore stagionatura,Maggiore stagionatura,2019,C0Q,TG_19
33,OK,Il campione presenta note tostate.,Tostato,Tostato,2019,C0G,TG_19
34,OK,Il campione risulta poco caratteristico.,Poco caratteristico,Poco caratteristico,2019,C0G,TG_20
35,OK,Il campione presenta note ossidate.,Passato,ossidato,2019,C0Q,TG_20
36,OK,Il campione mostra sentori di ananas.,Ananas,Ananas,2019,C0C,Q_02
37,OK,Il campione ha un aroma leggerissimo.,Leggerissimo,Leggerissimo,2019,C0C,TG_04
38,OK,"Il campione mostra una buona intensità retroolfattiva, con un aroma che rispecchia le caratteristiche tipiche del Grana Trentino, senza note particolari.",Quando non scrivo nulla è perché  non trovo niente di diverso dal profumo.  Buona intensità retroolfattiva,Quando non scrivo nulla è perché  non trovo niente di diverso dal profumo.  Buona intensità retrolfattivoiva,2019,C0H,TG_04
39,OK,Il campione appare più povero all'olfatto.,Più povero che all' olfatto,Più povero che all' olfatto,2019,C0M,TG_04
40,OK,L'aroma del campione non è confacente al Grana Trentino.,Aroma non confacente il trenting,Aroma non confacente il trenting,2019,C0G,TG_04
41,FUORI_ATTRIBUTO,Glutammato dominante.,Glutammato dominante,Glutammato dominante,2019,C0N,TG_20
42,OK,Inesistente.,Inesistente,Inesistente,2019,C0C,TG_04
43,OK,Erbe amare e carne lessa.,"Erbe amare, carne lessa","Erbe amare, carne lessa",2019,C0D,TG_19
44,OK,Carne lessa.,Carne lessa,Carne lessa,2019,C0E,TG_19
45,OK,Nocciola e formaggino.,"Nocciola, formaggino","Nocciola, formaggino",2019,C0E,TG_20
46,OK,"Il campione presenta un aroma complesso e tipico del Grana Trentino, con note di insilato e una piacevole friabilità, arricchito da sentori di cristalli di tirosina e una sottocrosta ben definita.",IN generale oggi naso poco libero. Forse le intensità sono state sottovalutate,IN generale oggi naso poco libero. Forse le intensità sono state sottovalutate,2019,C0Q,TG_04
47,OK,Carne lessa.,Carne lessa,Carne lessa,2019,C0O,TG_19
48,OK,Carne lessa.,Carne lessa,Carne lessa,2019,C0A,TG_19
49,OK,Carne lessa.,Carne lessa,Carne lessa,2019,C0G,TG_19
50,OK,"Il campione presenta note di erbe amare, che possono contribuire a una complessità aromatica interessante.",Erbe amare,Erbe amare,2019,C0A,TG_20
51,OK,"Il campione mostra una complessità limitata, con una nota di glutammato prevalente che ne caratterizza l'aroma.","Poco complesso, nota di glutammato prevalente","Poco complesso, nota di glutammato prevalente",2019,C0B,TG_20
52,OK,"Il campione presenta una complessità ridotta, con note lattiche di panna e yogurt che emergono.","Poco complesso, nota lattica di panna ma anche di yogurt","Poco complesso, nota lattica di panna ma anche di yogurt",2019,C0E,TG_20
53,OK,Sapone.,Sapone,Sapone,2019,C0M,TG_20
54,FUORI_ATTRIBUTO,Inconsistente.,Inconsistente,Inconsistente,2019,C0C,TG_04
55,OK,Cacao amaro vecchio e medicinale.,"Cacao amaro vecchio, medicinale","Cacao amaro vecchio, medicinale",2019,C0F,TG_19
56,OK,"Il campione presenta una notevole presenza di frutta, che arricchisce l'aroma complessivo.",Tanta frutta,Tanta frutta,2019,C0H,TG_04
57,OK,"Il campione mostra sentori di nostrano, che si alternano, risultando non tipici per il Grana Trentino.","Al primo olfatto e poi all'Aroma sentori di nostrano, che vanno e vengono, non tipici","Al primo olfatto e poi all'Aroma sentori di nostrano, che vanno e vengono, non tipici",2019,C0P,TG_04
58,ILLEGGIBILE,,Non me lo fa salvare!,Non me lo fa salvare!,2019,C0P,TG_24
59,CONFORME,"Il campione si presenta conforme agli standard, con un aroma equilibrato e tipico del Grana Trentino.",Neutro,Neutro,2020,C0G,Q_10
60,OK,"Il campione è evoluto, ma presenta carenze sulle note lattiche, con una predominanza di formaggio cotto.","Evoluto, carente sulle note lattiche, formaggio cotto","Evoluto, carente sulle note lattiche, formaggio cotto",2020,C0Q,TG_20
61,OK,"Il campione presenta un aroma leggerissimo, con una delicatezza che potrebbe risultare poco distintiva.",Leggerissimo,Leggerissimo,2020,C0D,TG_04
62,OK,"Il campione mostra un aroma fievole, con una bassa intensità e complessità.",Fievole,Fievole,2020,C0E,TG_04
63,OK,"Il campione ha un aroma lievissimo, che risulta poco percepibile al palato.",Lievissimo,Lievissimo,2020,C0I,TG_04
64,OK,"Il campione presenta note fermentate, che richiamano sentori di latte acido.",Fermentato,Fermentato,2020,C0D,TG_20
65,OK,"Il campione mostra una nota saponata, che potrebbe indicare un difetto chimico.",Nota saponata,Nota saponata,2020,C0E,TG_20
66,OK,"Il campione presenta una nota di sapone, suggerendo una possibile anomalia nell'aroma.",Nota di sapone,Nota di sapone,2020,C0H,TG_20
67,OK,Sentore di ragù.,Sentore di ragù,Sentore di ragù,2020,C0I,TG_28
68,OK,"Il campione ha un aroma poco intenso, con difficoltà a distinguere i pochi aromi presenti.","Poco intenso, gio avuto difficoltà a distinguere pochi aromi","Poco intenso, gio avuto difficoltà a distinguere pochi aromi",2020,C0M,TG_28
69,CONFORME,"Il campione rispetta le normative, mostrando un aroma tipico e ben bilanciato del Grana Trentino.",Neutrale,Neutrale,2020,C0O,Q_10
70,OK,"Il campione presenta un aroma putrido, che indica un difetto significativo.",Vomitevole,putrido,2020,C0B,TG_04
71,OK,"Il campione mostra una moderata intensità aromatica, tipica del Grana Trentino.",Moderata intensità,Moderata intensità,2020,C0F,TG_04
72,OK,"Il campione presenta un aroma non gradevole, che potrebbe compromettere la qualità.",Non gradevole,Non gradevole,2020,C0F,TG_24
73,OK,Salame,Salame,Salame,2020,C0B,TG_28
74,OK,"Il campione ha un aroma di paglia, richiamando sentori vegetali.",Paglia,Paglia,2020,C0Q,TG_20
75,OK,"Il campione presenta un sentore non tipico, che potrebbe indicare una deviazione dalla norma.",Anche qui si sente un sentore non tipico,Anche qui si sente un sentore non tipico,2020,C0D,TG_04
76,OK,"Il campione mostra un aroma flebile, con una bassa intensità.",Flebile,Flebile,2020,C0Q,TG_04
77,OK,"Il campione presenta un aroma non gradevole, che potrebbe influenzare negativamente l'esperienza gustativa.",Aroma non gradevole,Aroma non gradevole,2020,C0G,TG_04
78,OK,"Il campione ha un aroma leggero, che risulta poco incisivo.",Leggero,Leggero,2020,C0A,TG_04
79,OK,"Il campione presenta un aroma assente, con scarsa percezione olfattiva.",Desaparecido,assente,2020,C0C,TG_04
80,ILLEGGIBILE,,Ho con piccante nel Cata,Ho con piccante nel Cata,2020,C0A,Q_09
81,OK,Atipico,Zafferano,atipico,2020,C0Q,Q_09
82,OK,Poco percepibile a causa del salato.,Poco percepibile a causa del salato,Poco percepibile a causa del salato,2020,C0Q,Q_10
83,OK,"Burro fresco, molto lattico.","Burro fresco, molto lattico","Burro fresco, molto lattico",2020,C0G,TG_20
84,OK,"Pessimo all'aroma, polvere.","Pessimo all'aroma, armadio della nonna","Pessimo all'aroma, polvere",2020,C0Q,TG_20
85,OK,Liquirizia.,Liquirizia,Liquirizia,2020,C0E,Q_09
86,OK,"Torna un cattivo sentore. Tanta frutta secca, nocciola.",Torna un cattivo sentore. Tanta frutta secca . Nocciola,Torna un cattivo sentore. Tanta frutta secca . Nocciola,2020,C0E,TG_04
87,OK,Flebile.,Flebile,Flebile,2020,C0M,TG_04
88,OK,"Persistente ma poco intenso, non sono riuscita a riconoscere e separare gli aromi.","Persistente ma poco intenso, non sono riuscita a riconoscere e separare gli aromi","Persistente ma poco intenso, non sono riuscita a riconoscere e separare gli aromi",2020,C0G,TG_28
89,OK,Sapone.,Sapone,Sapone,2020,C0B,TG_19
90,OK,Sapone.,Sapone,Sapone,2020,C0B,TG_20
91,OK,Groviera,Groviera,Groviera,2020,C0O,TG_20
92,OK,Sapone.,Sapone,Sapone,2020,C0A,TG_19
93,OK,"Molto lattico, burro fresco.","Molto lattico, burro fresco","Molto lattico, burro fresco",2020,C0N,TG_20
94,OK,Sapone.,Sapone,Sapone,2020,C0Q,TG_20
95,OK,Sapone.,Sapone,Sapone,2020,C0A,TG_19
96,OK,Sapone.,Sapone,Sapone,2020,C0C,TG_19
97,OK,Sapone.,Sapone,Sapone,2020,C0I,TG_19
98,OK,Nota di frutta fresca che ricorda l'uva.,Nota di frutta fresca che ricorda l'uva,Nota di frutta fresca che ricorda l'uva,2020,C0A,TG_20
99,OK,"Poco complesso, prevalente lattico.","Poco complesso, prevalente lattico","Poco complesso, prevalente lattico",2020,C0N,TG_20
100,OK,"Burro fresco, molto lattico.","Burro fresco, molto lattico","Burro fresco, molto lattico",2020,C0P,TG_20
101,FUORI_ATTRIBUTO,È strano comunque.,Strano comunque,Strano comunque,2020,C0A,TG_24
102,OK,"Ho notato un aroma non tipico di formaggio grana, simile al gorgonzola.","Si, vi avevo detto che sono raffreddato. Nel mangiarlo e nel sentire l'aroma mi è arrivata un sentore non tipico di formaggio grana, chiamo gorgonzola","Si, vi avevo detto che sono raffreddato. Nel mangiarlo e nel sentire l'aroma mi è arrivata un sentore non tipico di formaggio grana, chiamo gorgonzola",2020,C0M,TG_04
103,OK,Il campione presenta note di acciuga e salamoia leggere.,Acciuga e salamoia leggere,Acciuga e salamoia leggere,2020,C0A,TG_24
104,OK,Si percepisce un odore di polvere.,Polvere!!!!,Polvere!!!!,2020,C0N,TG_24
105,OK,"Il campione presenta note di frutta secca, in particolare mandorla amara.",Frutta secca=mandorla amara,Frutta secca=mandorla amara,2020,C0C,TG_28
106,OK,Il campione mostra una buona intensità aromatica.,Buona intensità aromatica,Buona intensità aromatica,2020,C0C,TG_04
107,FUORI_ATTRIBUTO,Non è piacevole.,Non piacevole!!!,Non piacevole!!!,2020,C0F,TG_24
108,FUORI_ATTRIBUTO,Non è apprezzabile.,Non apprezzabile,Non apprezzabile,2020,C0L,TG_24
109,OK,Il campione presenta un aroma lievissimo.,Lievissimo,Lievissimo,2020,C0A,TG_04
110,OK,Il campione è molto leggero.,Molto leggero,Molto leggero,2020,C0C,TG_04
111,OK,"Il campione presenta note di funghi, non gradevoli e lievi.","Funghi, non gradevole e lievi","Funghi, non gradevole e lievi",2020,C0N,TG_04
112,OK,Il campione ha un aroma lieve.,Lieve,Lieve,2020,C0Q,TG_04
113,OK,Il campione presenta una nota citrica.,Nota citrica,Nota citrica,2020,C0G,TG_20
114,OK,Il campione presenta un aroma di cioccolata.,Cioccolata,Cioccolata,2020,C0G,TG_24
115,OK,Il campione ha una piacevole nota di nocciola.,Nocciola piacevole,Nocciola piacevole,2020,C0M,TG_24
116,OK,Il campione ha un'intensità aromatica media.,Medio!,Medio!,2020,C0N,TG_24
117,OK,"Non sono riuscita ad assaggiarlo, ha un aroma dolciastro orribile.",Non sono riuscita ad assaggiarlo ha un indefinibile orribile aroma dolciastro,Non sono riuscita ad assaggiarlo ha un indefinibile orribile aroma dolciastro,2020,C0R,Q_09
118,OK,Il campione presenta ancora un sentore sgradevole.,Ancora sentore sgradevole,Ancora sentore sgradevole,2020,C0B,TG_04
119,OK,Il campione ha un aroma leggermente acido.,Leggermente acido,Leggermente acido,2020,C0G,TG_14
120,OK,Il campione presenta note di dado e glutammato.,"Dado, glutammato","Dado, glutammato",2020,C0R,TG_14
121,OK,Il campione presenta note di caramello.,Caramello,Caramello,2020,C0R,TG_19
122,OK,Anche all'aroma emerge il bruciato.,Anche all' aroma emerge il bruciato,Anche all' aroma emerge il bruciato,2020,C0G,TG_24
123,OK,Non piacevole e con un gruppo persistente.,Non piacevole e gruppo persistente,Non piacevole e gruppo persistente,2020,C0I,TG_24
124,OK,Viene fuori l'amaro.,Viene fuori l'amaro,Viene fuori l'amaro,2020,C0P,TG_24
125,FUORI_ATTRIBUTO,"Non è un formaggio grana, ma non riesco a definirlo esattamente.",Formaggio non grana... Ma non so dare definizione esatta,Formaggio non grana... Ma non so dare definizione esatta,2020,C0R,TG_24
126,OK,Non piacevole e persistente.,Non piacevole persisrente,Non piacevole persisrente,2020,C0M,TG_24
127,OK,Persistenza elevata.,Persistenza elevata,Persistenza elevata,2020,C0N,TG_24
128,OK,"A proposito del profumo: intensità notevole, ma troppo strano per essere Grana Trentino.","A proposito del profumo: intensità  notevole, ma troppo strano per essere trentunenne. Abbassarsi il voto di 1 punto","A proposito del profumo: intensità  notevole, ma troppo strano per essere trentingrana. Abbassarsi il voto di 1 punto",2020,C0A,TG_04
129,OK,Il campione presenta note di burro cotto.,Burro cotto,Burro cotto,2020,C0M,TG_20
130,OK,Non molto espressivo ma con persistenza lunga.,Non molto espressivo ma con persistenza lunga,Non molto espressivo ma con persistenza lunga,2020,C0Q,TG_24
131,OK,Leggerissimo.,Leggerissimo,Leggerissimo,2020,C0A,TG_04
132,OK,Fumo.,Fumo!!,Fumo!!,2020,C0D,TG_24
133,ILLEGGIBILE,,Anonimo,Anonimo,2020,C0Q,TG_24
134,OK,"Troppo ananas e banana, che non sono tipici.",Troppo ananas banana che non sono tipici,Troppo ananas banana che non sono tipici,2020,C0M,Q_02
135,OK,"Sia per profumo che per aroma, tanto burro fuso.",Sia per profumo che per aroma tanto burro fuso,Sia per profumo che per aroma tanto burro fuso,2020,C0M,TG_04
136,OK,Nota di sapone strana.,Nota di sapone strana,Nota di sapone strana,2020,C0E,TG_24
137,OK,Il campione presenta note di castagne.,Castagne,Castagne,2020,C0P,TG_24
138,OK,Bella intensità.,Bella intensità,Bella intensità,2020,C0N,TG_04
139,OK,Il campione presenta note di burro cotto.,Burro cotto,Burro cotto,2020,C0L,TG_20
140,OK,Non piacevole.,Non piacevole,Non piacevole,2020,C0A,TG_24
141,FUORI_ATTRIBUTO,"Riguardo alle fessure, percepisco grasso e abbasso di mezzo punto il voto.","A proposito della fessure aggiungo : grasso, intuisco e abbasso di mezzo punto il voto","A proposito della fessure aggiungo : grasso, intuisco e abbasso di mezzo punto il voto",2020,C0E,TG_04
142,OK,Il campione presenta un aroma poco piacevole.,Non piacevole,Non piacevole,2020,C0C,TG_24
143,ILLEGGIBILE,,?,?,2020,C0L,Q_09
144,OK,Il campione presenta note di cristalli di sale.,Cristalli di sale,Cristalli di sale,2020,C0L,TG_11
145,OK,Il campione presenta un aroma di polvere.,Polvere,Polvere,2020,C0M,TG_19
146,OK,Il campione presenta note di pera.,Pera,Pera,2020,C0L,TG_24
147,OK,Il campione presenta un aroma complesso.,Complesso,Complesso,2020,C0R,TG_24
148,OK,L'aroma è molto poco percepibile.,Molto poco percepibile,Molto poco percepibile,2020,C0Q,TG_28
149,OK,Il campione presenta un aroma di brodo vegetale dominante.,Brodo vegetale dominante,Brodo vegetale dominante,2020,C0C,TG_20
150,OK,Il campione è giovane e poco evoluto.,Giovane poco evoluto,Giovane poco evoluto,2020,C0E,TG_20
151,OK,Il campione presenta un aroma non piacevole e persistente.,Non piacevole e persistente,Non piacevole e persistente,2020,C0M,TG_24
152,OK,Sono stati trovati molti cristalli nei pezzi in cui non valutano la texture.,Trovato molti cristalli nei pezzi in cui non valutano la texture,Trovato molti cristalli nei pezzi in cui non valutano la texture,2020,C0M,TG_28
153,OK,Il campione presenta un aroma piuttosto neutro.,Piuttosto neutro,Piuttosto neutro,2020,C0A,TG_19
154,OK,Il campione presenta una nota non piacevole.,Nota non piacevole,Nota non piacevole,2020,C0C,TG_24
155,OK,L'aroma è persistente e piacevole.,Persistente e piacevole,Persistente e piacevole,2020,C0P,TG_24
156,OK,Si percepisce un leggero sentore finale di stalla.,Leggero sentore finale di stalla,Leggero sentore finale di sstalla,2020,C0F,TG_24
157,OK,Il campione presenta note di burro cotto.,Burro cotto,Burro cotto,2020,C0H,TG_20
158,OK,L'aroma è persistente.,Persistente,Persistente,2020,C0H,TG_24
159,OK,Il campione presenta un aroma di farmacia.,Farmacia,Farmacia,2020,C0R,TG_24
160,OK,Il campione sa di malga.,Sa di malga,Sa di malga,2020,C0M,TG_13
161,OK,Yogurt.,Yogurt,Yogurt,2020,C0C,TG_14
162,OK,"Il campione presenta un aroma tipico del Grana Trentino, con note di freschezza che suggeriscono una stagionatura giovane.",Sembra grana abbastanza giovane,Sembra grana abbastanza giovane,2020,C0G,TG_14
163,OK,"Il campione mostra un aroma di burro fresco e note lattiche prevalenti, risultando poco complesso.","Burro fresco, note lattiche prevalenti, poco complesso","Burro fresco, note lattiche prevalenti, poco complesso",2020,C0E,TG_20
164,OK,Il campione ha un aroma non piacevole con una persistenza elevata.,Non piacevole con persistenza elevata,Non piacevole con persistenza elevata,2020,C0M,TG_24
165,OK,Il campione presenta un aroma di crosta cotta.,Crosta cotta,Crosta cotta,2020,C0M,TG_14
166,OK,Il campione risulta non equilibrato nell'aroma.,Non equilibrato,Non equilibrato,2020,C0M,TG_24
167,OK,Il campione ha un aroma aggressivo e persistente.,Aggressivo  e persistente !!!,Aggressivo  e persistente !!!,2020,C0Q,TG_24
168,OK,Il campione presenta una crosta meno fastidiosa rispetto al profumo.,Crosta meno fastidiosa che al profumo,Crosta meno fastidiosa che al profumo,2020,C0I,TG_04
169,OK,Il campione mostra anche una leggera ossidazione nell'aroma.,Anche leggera ossidazione,Anche leggera ossidazione,2020,C0I,TG_24
170,OK,Il campione ha un'intensità bassa nell'aroma.,Intensità bassa,Intensità bassa,2020,C0B,TG_04
171,OK,Il campione presenta un aroma leggerissimo.,Leggerissimo,Leggerissimo,2020,C0E,TG_04
172,OK,Il campione ha un aroma poco intenso.,Poco intenso,Poco intenso,2020,C0A,TG_04
173,ILLEGGIBILE,,Al primo tentativo si e chiuso il test senza la schermata dei commenti poi sono ripartita dal 124 e ha funzionat Causa errore scelta vassoio l'ordine di valutazione è stato 851 555 795 963 124 i campioni 851 e 795 vanno Invertiti,Al primo tentativo si e chiuso il test senza la schermata dei commenti poi sono ripartita dal 124 e ha funzionat Causa errore scelta vassoio l'ordine di valutazione è stato 851 555 795 963 124 i campioni 851 e 795 vanno Invertiti,2020,C0N,Q_09
174,OK,"Il campione presenta note di dado, molto concentrate nell'aroma.","Dado, molto concentrato","Dado, molto concentrato",2020,C0E,TG_12
175,OK,Il campione ha un aroma intenso con note tostate e di formaggio fuso.,Intenso con note tostate e formaggio fuso,Intenso con note tostate e formaggio fuso,2021,C0A,Q_10
176,OK,"Il campione presenta un aroma forte, quasi troppo, che ricorda un malga.","Forte, quasi troppo, sembra un malga","Forte, quasi troppo, sembra un malga",2021,C0Q,Q_10
177,OK,Il campione mostra un aroma di sapone.,Sapone,Sapone,2021,C0Q,TG_19
178,OK,Il campione presenta un aroma metallico.,Metallico,Metallico,2021,C0M,TG_19
179,OK,Il campione ha un aroma piccantino ma buono.,Piccantino ma buono,Piccantino ma buono,2021,C0I,Q_10
180,OK,Il campione è sovrastato da un sapore intenso.,Sovrastato da sapore,Sovrastato da sapore,2021,C0C,Q_09
181,OK,Ha più sapore di fumo che di bruciato.,Più fumo che bruciato,Più fumo che bruciato,2021,C0G,TG_19
182,OK,Burro sciolto.,Burro sciolto,Burro sciolto,2021,C0G,TG_35
183,OK,Polvere.,Polvere,Polvere,2021,C0N,TG_24
184,OK,Disquilibrato e poco piacevole.,Disquilibrato e poco piacevole,Disquilibrato e poco piacevole,2021,C0E,TG_24
185,OK,Polvere.,Polvere,Polvere,2021,C0I,TG_24
186,OK,Pepe?,Pepe?,Pepe?,2021,C0C,Q_09
187,OK,Mandorle amare.,Mandorle Amare,Mandorle Amare,2021,C0M,TG_28
188,OK,Polvere.,Polvere,Polvere,2021,C0O,TG_19
189,OK,Sabbioso.,Sabbioso,Sabbioso,2021,C0H,TG_24
190,OK,Piuttosto anonimo rispetto al naso.,Piuttosto anonimo rispetto al naso...,Piuttosto anonimo rispetto al naso...,2021,C0P,TG_24
191,OK,Untuoso.,"Untuoso, dimenticavo...","Untuoso, dimenticavo...",2021,C0D,TG_19
192,OK,Stantio e polveroso.,Stantio=polveroso,Stantio=polveroso,2021,C0P,TG_19
193,OK,"I 4 campioni sono leggermente diversi, uno è più umido, gli altri molto più asciutti.","I 4 campioni sono legge4mente diversi, uno è più umido, gli altri molto più asciutti","I 4 campioni sono legge4mente diversi, uno è più umido, gli altri molto più asciutti",2021,C0O,TG_35
194,OK,Polveroso.,Polveroso,Polveroso,2021,C0O,TG_19
195,OK,Metallico.,"Sangue,,,",metallico,2021,C0Q,TG_24
196,OK,Sangue.,Sangue…,Sangue…,2021,C0C,TG_24
197,OK,Fieno.,Pratomagno,fieno,2021,C0E,TG_14
198,OK,Difetto chimico.,Vinavil,difetto chimico,2021,C0N,TG_14
199,OK,Mentolato.,Mentolato!,Mentolato!,2021,C0B,TG_19
200,OK,Aggiungo che è anche amaro.,Aggiungo che é anche amaro,Aggiungo che é anche amaro,2021,C0I,TG_04
201,OK,Leggermente mentolato,Leggermente mentolato,Leggermente mentolato,2021,C0D,TG_19
202,OK,Erbe amare,Bitter,erbe amare,2021,C0I,TG_24
203,ILLEGGIBILE,,Piuttostoanonimo,Piuttostoanonimo,2021,C0Q,TG_24
204,OK,L'aroma è compromesso dal troppo sale.,Aroma compromesso dal troppo salato,Aroma compromesso dal troppo salato,2021,C0A,Q_10
205,OK,Comunque poco espressivo.,"Comunque poco espressivo…,","Comunque poco espressivo…,",2021,C0A,TG_24
206,OK,Metallico,"Sangue,,,",metallico,2021,C0Q,TG_24
207,OK,Metallico,Metallico,Metallico,2021,C0R,TG_24
208,RIFERIMENTO,,"Valutato durante foto …,","Valutato durante foto …,",2021,C0M,Q_09
209,OK,"Il voto per l'aroma di stalla è stato due momenti, poi sparisce subito; per il salato ne manca un po'.","Il voto inerente a stalla sono stati due momenti e poi sparisce subito, per il salato ne manca un po’","Il voto inerente a sstalla sono stati due momenti e poi sparisce subito, per il salato ne manca un po’",2021,C0A,TG_08
210,OK,Leggermente metallico,Leggermente metallico,Leggermente metallico,2021,C0G,TG_24
211,OK,Anche l'aroma è interessante e duraturo.,"Anche L’aroma è interessante e duraturo,,,","Anche L’aroma è interessante e duraturo,,,",2021,C0L,TG_24
212,OK,Non molto espressivo,Non molto espressivo,Non molto espressivo,2021,C0G,TG_24
213,OK,Piuttosto debole,Piuttosto debole,Piuttosto debole,2021,C0B,TG_24
214,OK,Non sento più l'aroma di provolone.,All’aroma non sento più il provolone…,All’aroma non sento più il provolone…,2021,C0A,TG_04
215,OK,Polveroso,Polveroso,Polveroso,2021,C0O,TG_19
216,OK,Debole.,"Debole,","Debole,",2021,C0N,TG_14
217,OK,Mentolato,Mentolato,Mentolato,2021,C0N,TG_19
218,OK,Ossidato.,Passato…,ossidato…,2021,C0G,TG_13
219,FUORI_ATTRIBUTO,Formaggio con una presunta struttura stirata.,Formaggio con presunta struttura stirata,fuori contesto,2021,C0M,Q_02
220,OK,Piatto.,Piatto,Piatto,2021,C0M,TG_19
221,OK,Il campione presenta un aroma mentolato.,Mentolato,Mentolato,2021,C0A,TG_19
222,OK,"Il campione presenta un aroma complesso e gradevole, con note caratteristiche affiancate a note meno tipiche fermentate.","complesso, gradevole, note caratteristiche affiancate a note meno tipiche *fermentate","complesso, gradevole, note caratteristiche affiancate a note meno tipiche *fermentate",2018,C0A,TG_20
223,OK,Il campione presenta note di panna.,panna,panna,2018,C0A,Q_09
224,OK,"Il campione presenta un aroma medio, con sentori di fieno e grana.",medio ... fieno e grana,medio ... fieno e grana,2018,C0A,TG_24
225,OK,Il campione presenta note di burro.,burro,burro,2018,C0A,TG_08
226,OK,"Cotti, animale.","cotti, animale","cotti, animale",2018,C0A,TG_19
227,OK,"Il campione risulta poco caratteristico al naso, con note di emmental.","poco caratteristico come al naso, note di emmental","poco caratteristico come al naso, note di emmental",2018,C0C,TG_20
228,OK,Emmental.,emmethal,emmenthal,2018,C0C,TG_24
229,OK,Il campione presenta note di burro fuso e pane tostato leggero.,"burro fuso, pane tostato leggero","burro fuso, pane tostato leggero",2018,C0C,TG_08
230,OK,Il campione presenta note di brodo di carne.,brodi di carne,brodi di carne,2018,C0C,TG_35
231,OK,Il campione presenta note di lattici cotti.,lattici cotti,lattici cotti,2018,C0C,TG_19
232,OK,"Il campione mostra un equilibrio, con note evolute di glutammato, lattiche della panna e burro fuso.","rispetto al naso, meno carenti le note evolute del glutammato, rimangono le note lattiche della panna e del burro fuso, equilibrato","rispetto al naso, meno carenti le note evolute del glutammato, rimangono le note lattiche della panna e del burro fuso, equilibrato",2018,C0D,TG_20
233,OK,Fungo.,fungo,fungo,2018,C0D,Q_09
234,OK,Il campione presenta un aroma leggermente ossidato.,leggermente ossidato,leggermente ossidato,2018,C0D,Q_02
235,OK,"Il campione presenta un aroma medio positivo, con note di panna e nocciola.","medio positivo panna, nocciola","medio positivo panna, nocciola",2018,C0D,TG_24
236,OK,Burro.,"burro,","burro,",2018,C0D,TG_08
237,OK,Il campione presenta un retrogusto di stalla.,Retrogusto di talla,Retrogusto di stalla,2018,C0D,TG_04
238,OK,Il campione risulta poco persistente.,poco persistente,poco persistente,2018,C0D,TG_11
239,OK,"Il campione risulta poco caratteristico al naso, ricordando i formaggi svizzeri, con una presenza maggiore di burro fuso.","poco caratteristico come al naso, ricorda i formaggi svizzeri, forse un po piu presente il burro fuso rispetto al naso","poco caratteristico come al naso, ricorda i formaggi svizzeri, forse un po piu presente il burro fuso rispetto al naso",2018,C0I,TG_20
240,OK,"Il campione presenta un aroma medio, con qualche nota retrolfattiva da formaggio e brodo.","medio, con qualche nota retroolfatt da formaggio e brodo","medio, con qualche nota retrolfattivo da formaggio e brodo",2018,C0I,TG_24
241,OK,"Cuoio, pepe, crosta di grana.","cuoio, pepe, crosta di grana","cuoio, pepe, crosta di grana",2018,C0I,TG_19
242,OK,"Il formaggio presenta difetti, con un odore stantio, note di legno e una crosta secca.","difettoso, stantio, legno, crosta di formaggio secca","difettoso, stantio, legno, crosta di formaggio secca",2018,C0M,TG_20
243,OK,Si percepisce un forte aroma di tostato e note animali.,"stantio, tostato forte, animale","stantio, tostato forte, animale",2018,C0M,Q_02
244,OK,Si percepisce un aroma di brodo.,brodo....,brodo....,2018,C0M,TG_24
245,OK,"Il campione presenta note di fieno, tipiche del Grana Trentino.",fieno,fieno,2018,C0M,TG_08
246,CONFORME,"Il campione è conforme, con un aroma che rispecchia le caratteristiche attese per il Grana Trentino.",Scarso,Scarso,2018,C0M,TG_04
247,OK,"Il campione presenta un aroma vecchio, non caratteristico del Grana Trentino.",vecchio,vecchio,2018,C0M,TG_11
248,OK,"La crosta ricorda un grana vecchio, con note speziate e animali.","crosta, da grana vecchio, speziato, animale","crosta, da grana vecchio, speziato, animale",2018,C0M,TG_19
249,OK,"Il campione mostra un aroma poco intenso e poco complesso, con note animali e di latte bruciato.","scarico, poco complesso, tornano le note animali e di latte bruciato riscontrate al naso, nota propionica","poco intenso, poco complesso, tornano le note animali e di latte bruciato riscontrate al naso, nota propionica",2018,C0Q,TG_20
250,OK,Si avverte un sapore di panna cotta.,panna cotto,panna cotto,2018,C0Q,Q_09
251,OK,C'è un chiaro sentore di muffa.,muffa,muffa,2018,C0Q,Q_02
252,ILLEGGIBILE,,strano retrolfatto...,strano retrolfatto...,2018,C0Q,TG_24
253,OK,"Il campione presenta note di burro fuso, tipiche del Grana Trentino.",burro fuso,burro fuso,2018,C0Q,TG_08
254,OK,Il sapore tende ad aumentare verso note animali.,aumenta  l-animale,aumenta  l-animale,2018,C0Q,TG_19
255,OK,"Il campione presenta note animali, non caratteristiche del Grana Trentino.",animale,animale,2018,C0B,Q_02
256,OK,"Il campione mostra aroma di burro fuso e latte cotto, tipici del Grana Trentino.","Burro fuso, latte cotto","Burro fuso, latte cotto",2018,C0B,TG_35
257,OK,"Il campione presenta un aroma di cotto e fermentato, tipico del Grana Trentino.",aroma di cotto e fermentato,aroma di cotto e fermentato,2018,C0D,TG_13
258,OK,"Il campione presenta note di panna, tipiche del Grana Trentino.",panna,panna,2018,C0D,Q_09
259,OK,"Il campione mostra aroma di latte cotto, tipico del Grana Trentino.",latte cotto,latte cotto,2018,C0D,Q_02
260,OK,"Il campione evidenzia note di burro e latte cotto, mentre in bocca non si percepiscono la crosta di formaggio e le verdure cotte.",Emerge molto il burro e il latte cotto. ;In bocca non percepisco la crosta di formaggio e le verdure cotte sentite all'olfatto,Emerge molto il burro e il latte cotto. ;In bocca non percepisco la crosta di formaggio e le verdure cotte sentite all'olfatto,2018,C0D,TG_35
261,OK,Il campione presenta note amare.,note amare e,note amare e,2018,C0D,TG_19
262,OK,"L'aroma è fermentato, ma non tipico del Grana Trentino.","fermentato, non tipico del grana.","fermentato, non tipico del grana.",2018,C0F,TG_13
263,OK,L'aroma è complesso.,complesso,complesso,2018,C0F,Q_09
264,OK,"Si percepisce un aroma tostato piuttosto persistente, con sentori che ricordano il cotto, ma non bruciato.","Torna il tostato pittosto persistente e in generale aromi che ticordano il cotto, ma non bruciato","Torna il tostato pittosto persistente e in generale aromi che ticordano il cotto, ma non bruciato",2018,C0F,TG_35
265,OK,"Il campione presenta un aroma dolciastro, con note di latte cotto e sentori animali.","dolciastro, latte cotto, animale","dolciastro, latte cotto, animale",2018,C0F,TG_19
266,OK,"Si avverte panna nostrana, ma non tipica del Grana Trentino.",panna nostrano non neg ma non da grana,panna nostrano non neg ma non da grana,2018,C0I,Q_09
267,OK,"Prevalgono aromi che ricordano il cotto, con una nota che ricorda il siero o la panna acida.","Prevalgono gli aromi che ricordano il cotto, ma trovo anche una nota che ricorda il siero o la panna acida","Prevalgono gli aromi che ricordano il cotto, ma trovo anche una nota che ricorda il siero o la panna acida",2018,C0I,TG_35
268,OK,Il campione presenta un aroma di crosta.,crosta,crosta,2018,C0I,TG_12
269,OK,Si percepisce un aroma di panna.,panna,panna,2018,C0L,Q_02
270,OK,"L'aroma è equilibrato, con note di dado da brodo, latte e burro cotto.","equilibrato dado da brodo, note di latte e burro cotto","equilibrato dado da brodo, note di latte e burro cotto",2018,C0L,TG_35
271,OK,"Si avvertono lattici cotti, ma non molto caratteristici.","lattici cotti, ma non molto caratteristici","lattici cotti, ma non molto caratteristici",2018,C0L,TG_19
272,OK,L'aroma presenta sentori di formaggio vecchio e ossidato.,aroma di formaggio vecchio e passato,aroma di formaggio vecchio e ossidato,2018,C0O,TG_13
273,OK,Si percepisce un aroma di panna.,panna,panna,2018,C0O,Q_09
274,OK,I sentori tostati sono prevalenti.,tostati prevalenti,tostati prevalenti,2018,C0O,TG_19
275,OK,"L'aroma è dominato da lattico cotto, con note di glutammato; non molto complesso ma caratteristico.","lattico cotto dominante, glutammato, non molto complesso ma caratteristico","lattico cotto dominante, glutammato, non molto complesso ma caratteristico",2018,C0B,TG_13
276,OK,Si avverte un leggero aroma di crosta di formaggio.,leggero di crosta di formaggio,leggero di crosta di formaggio,2018,C0B,Q_09
277,OK,Il campione presenta un aroma di muffa gorgonzola.,muffa gorgonzola,muffa gorgonzola,2018,C0B,Q_02
278,OK,Si percepisce un leggero sentore di crosta.,leggero sentore di crosta,leggero sentore di crosta,2018,C0B,TG_04
279,OK,L'aroma presenta note di umami e burro.,umami e burro,umami e burro,2018,C0B,TG_35
280,OK,Il campione ha un aroma piccante.,piccante,piccante,2018,C0B,TG_19
281,OK,Si percepiscono sentori di stalla e crosta.,sentore di stalla e crosta,sentore di sstalla e crosta,2018,C0D,TG_13
282,OK,Ci sono note floreali e di lattici cotti.,"floreale ritrovato, lattici cotti","floreale ritrovato, lattici cotti",2018,C0D,Q_09
283,OK,"Il campione presenta una complessità aromatica limitata e una persistenza aromatica corta, con una debolezza aromatica che fa risaltare la sapidità e note di brodo, accompagnate da carenze lattiche.","poco complesso, persistenza aromatica corta, la debolezza aromatica fa risaltare la sapidit' e quindi la nota di brodo, note lattiche carenti","poco complesso, persistenza aromatica corta, la debolezza aromatica fa risaltare la sapidit' e quindi la nota di brodo, note lattiche carenti",2018,C0D,Q_02
284,OK,Il formaggio ha un aroma di vacca e latte UHT.,"vacca, latte UHT","vacca, latte UHT",2018,C0D,TG_04
285,OK,"L'aroma non è del tutto caratteristico del Grana Trentino, richiamando invece note tipiche dello sbrinz.",aroma non del tutto caratteristico tipo sbrinz,aroma non del tutto caratteristico tipo sbrinz,2018,C0D,TG_12
286,OK,Il campione presenta un aroma medio con note riconducibili all'emmenthal.,medio con note da emmenthal,medio con note da emmenthal,2018,C0D,TG_11
287,OK,Il campione presenta note di latte bruciato.,latte bruciato,latte bruciato,2018,C0F,Q_02
288,OK,"Il campione mostra un aroma lattico più evidente al naso, ma risulta poco complesso.","lattico pi\ evidente che al naso, poco complesso","lattico pi\ evidente che al naso, poco complesso",2018,C0F,TG_35
289,OK,Il campione presenta un aroma di panna cotta.,panna cotta,panna cotta,2018,C0F,TG_12
290,OK,Il campione presenta note di brodo e burro.,"brodo, burro","brodo, burro",2018,C0I,TG_13
291,OK,"Predomina l'aroma di latte fresco, con accenni di brodo e frutta secca.","predomina l-aroma di latte fresco, con accenni di brodo e  frutta secca","predomina l-aroma di latte fresco, con accenni di brodo e  frutta secca",2018,C0I,TG_35
292,OK,Il campione presenta un burro fuso molto caratteristico.,burro fuso molto caratteristico,burro fuso molto caratteristico,2018,C0I,TG_11
293,OK,Il campione presenta note di latte cotto predominanti.,di latte cotto troppo,di latte cotto troppo,2018,C0I,TG_19
294,OK,Si avverte un sapore di legno cotto.,leg cotto,leg cotto,2018,C0L,TG_13
295,OK,"Il campione presenta note di miele, burro e grana.","miele, burro e grana","miele, burro e grana",2018,C0L,Q_02
296,OK,Il campione presenta un aroma tostato leggero.,tostato leggero,tostato leggero,2018,C0L,TG_11
297,OK,"Emergono note di brodo di carne, con un aroma lattico poco intenso e note bruciate riscontrate al naso, non percepite in bocca.","emergono molto le note di brodo di carne, lattico pi\ scarico, note bruciate riscontrate al naso non percepite in bocca","emergono molto le note di brodo di carne, lattico pi\ poco intenso, note bruciate riscontrate al naso non percepite in bocca",2018,C0O,TG_13
298,OK,Il campione presenta una crosta di formaggio.,crosta di formaggio,crosta di formaggio,2018,C0O,Q_09
299,OK,"Il campione non risulta tipico del Grana Trentino, presentando un aroma negativo.","non tipico del grana, negativo","non tipico del grana, negativo",2018,C0O,TG_04
300,CONFORME,"Il campione presenta un aroma medio, conforme alle aspettative per il Grana Trentino.",medio,medio,2018,C0O,TG_35
301,OK,"Il campione presenta note lattiche cotte affiancate a note animali, con una leggera presenza di glutammato.",note lattiche cotte affiancate a note animali non solo di glutammato,note lattiche cotte affiancate a note animali non solo di glutammato,2018,C0A,TG_20
302,OK,Il campione presenta un aroma di latte bollito.,LATTE BOLLITO,LATTE BOLLITO,2018,C0A,TG_15
303,OK,Il campione ha note di panna e un leggero sentore di cotto.,panna e leggero di cotto,panna e leggero di cotto,2018,C0A,Q_09
304,OK,Ci sono sentori di burro e brodo.,"*burro, brodo ....","*burro, brodo ....",2018,C0A,TG_24
305,OK,"In bocca risulta più gradevole e complesso rispetto al naso, con una lieve nota animale e le caratteristiche tipiche del Grana Trentino.","in bocca pi\ gradevole e complesso che al naso, lieve nota animale ma presenti le note caratteristiche","in bocca pi\ gradevole e complesso che al naso, lieve nota animale ma presenti le note caratteristiche",2018,C0C,TG_20
306,OK,Il campione presenta un aroma di latte cotto.,LATTE COTTO,LATTE COTTO,2018,C0C,TG_15
307,OK,Il campione ha un aroma di burro.,burro,burro,2018,C0C,TG_24
308,OK,"Il campione è abbastanza equilibrato, con ritorno delle note cotte rilevate al naso, ma risulta poco complesso.","abbastanza equilibrato, tornano le note cotte rilevate al naso, poco complesso","abbastanza equilibrato, tornano le note cotte rilevate al naso, poco complesso",2018,C0D,TG_20
309,OK,Si percepiscono note di pepe e verdure cotte.,"PEPE, VERDURE COTTE","PEPE, VERDURE COTTE",2018,C0D,TG_15
310,OK,Il campione presenta un leggero sentore di fermentato.,leggero sentore di fermentato,leggero sentore di fermentato,2018,C0D,TG_13
311,OK,Il campione ha un aroma di cotto.,cotto,cotto,2018,C0D,Q_09
312,OK,Il campione presenta note di erbe amarognole.,erbe amarognole,erbe amarognole,2018,C0D,TG_19
313,OK,Il campione ha sentori di fieno e brodo.,"fieno, brodo","fieno, brodo",2018,C0D,TG_24
314,OK,"In bocca risulta più lattico rispetto al naso, poco complesso ma gradevole.","in bocca pi\ lattico che al naso, poco complesso ma gradevole","in bocca pi\ lattico che al naso, poco complesso ma gradevole",2018,C0G,TG_20
315,OK,Il campione presenta note di latte cotto e broccoli.,"LATTE COTTO, BROCCOLI","LATTE COTTO, BROCCOLI",2018,C0G,TG_15
316,OK,Il campione ha un aroma di cotto.,cotto,cotto,2018,C0G,TG_26
317,OK,Il campione risulta povero.,povero,povero,2018,C0G,TG_04
318,OK,Il campione presenta note vegetali cotte finali.,note vegetali cotte finali,note vegetali cotte finali,2018,C0G,TG_19
319,OK,Il campione ha un leggero sentore di ossidato.,legg stantio,legg stantio,2018,C0G,TG_12
320,OK,"In bocca risulta gradevole, con ritorno delle note di formaggio cotto e crosta di formaggio, accompagnate da note lattiche e sentori di frutta fermentata meno evidenti.","in bocca gradevole, tornano le note di formaggio cotto e crosta di formaggio ma anche quelle lattiche con note di frutta fermentata meno evidenti","in bocca gradevole, tornano le note di formaggio cotto e crosta di formaggio ma anche quelle lattiche con note di frutta fermentata meno evidenti",2018,C0H,TG_20
321,OK,Il campione presenta note di pepe e un aroma fermentato.,"PEPE, FERMENTATO","PEPE, FERMENTATO",2018,C0H,TG_15
322,OK,Il campione ha un aroma di latte cotto.,cotto,cotto,2018,C0H,TG_13
323,OK,Il campione presenta un aroma leggermente da crosta.,un po- da crosta,un po- da crosta,2018,C0H,Q_09
324,OK,Il campione ha note di brodo e crosta di grana.,"brodo, crosta di grana","brodo, crosta di grana",2018,C0H,TG_19
325,OK,Il campione presenta un aroma non piacevole.,non piacevole,non piacevole,2018,C0H,TG_24
326,OK,"Il campione è poco caratteristico, con note lattiche poco marcate e sentori fermentati e ossidati.","poco caratteristico, poco marcate le note lattiche, note fermentate ed ossidate","poco caratteristico, poco marcate le note lattiche, note fermentate ed ossidate",2018,C0Q,TG_20
327,OK,Il campione presenta note di latte acido e yogurt.,"LATTE ACIDO,YOGURT","LATTE ACIDO,YOGURT",2018,C0Q,TG_15
328,OK,Il campione ha una punta di fermentato.,punta di fermentato.,punta di fermentato.,2018,C0Q,TG_13
329,OK,Il campione ha un aroma di cotto.,cotto,cotto,2018,C0Q,Q_09
330,OK,Il campione presenta note di burro e grana.,"burro, grana","burro, grana",2018,C0Q,TG_24
331,OK,"Il campione ha un aroma lattico netto di burro fuso, con un lieve sentore propionico.","lattico netto di burro fuso, lieve sentore propionico","lattico netto di burro fuso, lieve sentore propionico",2018,C0A,TG_20
332,OK,Il campione presenta caratteristiche più da nostrano che da grana.,da nostrano piu che da grana,da nostrano piu che da grana,2018,C0A,Q_09
333,OK,Il campione ha note di minestrone e verdure.,minestrone verdure,minestrone verdure,2018,C0A,TG_15
334,OK,"Il campione presenta note di burro, risultando piacevole.","burro, piacevole","burro, piacevole",2018,C0A,TG_24
335,OK,Il campione ha un aroma pungente e fermentato.,pungente;fermentato,pungente;fermentato,2018,C0A,Q_02
336,OK,Il campione presenta un aroma di miseria.,miseria,miseria,2018,C0A,TG_04
337,OK,"Il campione ha un aroma lattico dominante, con a tratti note fruttate e propioniche.","lattico dominante, a tratti note fruttate e proprioniche","lattico dominante, a tratti note fruttate e proprioniche",2018,C0C,TG_20
338,OK,Il campione presenta note di brodo animale e vegetale.,brodo animale e vegetale,brodo animale e vegetale,2018,C0C,TG_19
339,OK,Il campione ha un aroma di panna.,panna,panna,2018,C0C,Q_09
340,OK,Il campione presenta un aroma di latte cotto leggero.,latte cotto leggero,latte cotto leggero,2018,C0C,TG_15
341,OK,Il formaggio è un provolone.,provolone,provolone,2018,C0C,TG_24
342,OK,La crosta è cotta e presenta un sapore rancido.,"crosta, cotto, rancido","crosta, cotto, rancido",2018,C0C,TG_14
343,OK,"Lattico di latte cotto, burro cotto, vegetale di fieno, animale di glutammato, equilibrato.","lattico di latte cotto, burro cotto, vegetale di fieno, animale di glutammato, equilibrato","lattico di latte cotto, burro cotto, vegetale di fieno, animale di glutammato, equilibrato",2018,C0M,TG_20
344,OK,Vegetale erbaceo.,vegetale erbaceo,vegetale erbaceo,2018,C0M,TG_19
345,OK,Cotto vegetale.,cotto vegetale,cotto vegetale,2018,C0M,Q_09
346,OK,"Aroma di formaggio vecchio, ossidato, non piacevole.","aroma di formaggio vecchio, passato, ossidato. non piacevole","aroma di formaggio vecchio, ossidato, ossidato. non piacevole",2018,C0M,TG_13
347,ILLEGGIBILE,,strano...,strano...,2018,C0M,TG_24
348,OK,Debole.,debole,debole,2018,C0M,TG_04
349,OK,Bruciato.,bruciato,bruciato,2018,C0M,TG_14
350,OK,"Note lattiche presenti, ma si percepiscono anche la crosta, la cantina e l'ossidazione.","note lattiche ok ma si sente un po la crosta, la cantina e l-ossidazione","note lattiche ok ma si sente un po la crosta, la cantina e l-ossidazione",2018,C0N,TG_20
351,OK,Latte cotto.,latte cotto,latte cotto,2018,C0N,TG_15
352,OK,Leggere note da grana.,leggere note da grana,leggere note da grana,2018,C0N,TG_24
353,OK,"Mediamente intenso, in bocca emerge il formaggio cotto e la crosta di formaggio.","mediamente intenso, in bocca emerge il formaggio cotto e la crosta di formaggio","mediamente intenso, in bocca emerge il formaggio cotto e la crosta di formaggio",2018,C0O,TG_20
354,OK,Non tipico del Grana Trentino.,non tipico del grana,non tipico del grana,2018,C0O,TG_13
355,OK,Fermentato.,fermentato,fermentato,2018,C0O,TG_15
356,OK,"Brodo, burro.","brodo, burro","brodo, burro",2018,C0O,TG_24
357,OK,"Cotto, stalla leggero.","cotto, stalla leggero","cotto, sstalla leggero",2018,C0O,TG_14
358,OK,"Lattico di burro sciolto con lievi note lattiche acide, ma nel complesso equilibrato.",lattico di burro sciolto con lievi note lattiche acide ma nel complesso equilibrato,lattico di burro sciolto con lievi note lattiche acide ma nel complesso equilibrato,2018,C0Q,TG_20
359,OK,Manca di carattere.,Manca di carattere,Manca di carattere,2018,C0Q,TG_19
360,OK,Cotto.,cotto,cotto,2018,C0Q,Q_09
361,OK,C'è un chiaro sapore lattico acido.,lattico acido,lattico acido,2018,C0Q,TG_15
362,OK,"Il campione presenta note di burro e grana, tipiche del Grana Trentino.","burro, grana","burro, grana",2018,C0Q,TG_24
363,ILLEGGIBILE,,mi torna una puzza non definita,mi torna una puzza non definita,2018,C0Q,TG_04
364,OK,"L'aroma è caratterizzato da note di cotto intenso, tipiche del Grana Trentino.","aroma di cotto intenso,","aroma di cotto intenso,",2018,C0Q,TG_14
365,OK,"Il campione presenta note di latte cotto e brodo, con un buon equilibrio.","latte cotto, brodo, abbastanza equilibrato","latte cotto, brodo, abbastanza equilibrato",2018,C0A,TG_20
366,OK,"Si percepiscono note floreali e di burro, che arricchiscono l'aroma.","florale,burro","florale,burro",2018,C0A,TG_08
367,OK,"L'aroma di panna è presente, contribuendo alla complessità del campione.",panna,panna,2018,C0A,Q_09
368,OK,Ricorda un formaggio non tipico da grana.,ricorda un formaggio per; non tipico da grana,ricorda un formaggio per; non tipico da grana,2018,C0A,TG_24
369,OK,"Non si notano nuove note rispetto al naso, ma l'intensità è buona.","nessuna nota nuova rispetto al naso, ma intensit' buona","nessuna nota nuova rispetto al naso, ma intensit' buona",2018,C0A,TG_04
370,OK,"Il campione presenta un aroma di brodo animale, tipico del Grana Trentino.",brodo animale,brodo animale,2018,C0A,TG_19
371,OK,"Si avvertono note leggermente erbacee e fruttate, che arricchiscono l'aroma.",leggermente erbaceo e fruttato,leggermente erbaceo e fruttato,2018,C0A,TG_14
372,OK,"Il campione mostra note di latte cotto e burro cotto, non particolarmente complesse.","latte cotto, burro cotto, non particolarmente complesso, latte uht","latte cotto, burro cotto, non particolarmente complesso, latte uht",2018,C0E,TG_20
373,OK,"L'aroma di burro è presente, contribuendo alla tipicità del Grana Trentino.",burro,burro,2018,C0E,TG_08
374,OK,"Si percepisce una nota di panna, leggermente riconducibile al nostrano.",panna un po da nostrano,panna un po da nostrano,2018,C0E,Q_09
375,OK,"Il campione presenta note di burro e brodo, tipiche del Grana Trentino.","burro, brodo","burro, brodo",2018,C0E,TG_24
376,ILLEGGIBILE,,stalla,sstalla,2018,C0E,TG_04
377,OK,"Si avvertono note di burro e panna, accompagnate da un aroma di brodo.","burro e panna, brodo","burro e panna, brodo",2018,C0E,TG_14
378,OK,"Ritorna una nota al naso estranea al trentingrana, sebbene meno evidente.",ritorna la nota al naso estranea al trentingrana anche se meno evidente,ritorna la nota al naso estranea al trentingrana anche se meno evidente,2018,C0F,TG_20
379,OK,"Il campione presenta note di burro e pane tostato, arricchendo l'aroma.","burro, pane tostato","burro, pane tostato",2018,C0F,TG_08
380,OK,Il retrogusto è di latte acidulo.,retrolfatto latte acidulo....,retrolfatto latte acidulo....,2018,C0F,TG_24
381,OK,"La nota fruttata è intensa, con sentori di ananas ben definiti.",torna forte la nota fruttata *sembra ananas*,torna forte la nota fruttata *sembra ananas*,2018,C0F,TG_04
382,OK,Presenza di sentori animali e note di marcio.,"animale, marcio,","animale, marcio,",2018,C0F,TG_19
383,OK,"La nota di brodo è marcata, ma nel complesso risulta equilibrata.","come al naso, anche in bocca la nota di brodo [ marcata ma nel complesso abbastanza equilibrato","come al naso, anche in bocca la nota di brodo [ marcata ma nel complesso abbastanza equilibrato",2018,C0H,TG_20
384,OK,Sentori di burro ben percepibili.,burro,burro,2018,C0H,TG_08
385,OK,Presenza di crosta di formaggio.,crosta,crosta,2018,C0H,TG_12
386,OK,Note di grana e burro sono presenti.,grana e burro anche,grana e burro anche,2018,C0H,TG_24
387,OK,Note di brodo e erba sono percepibili.,note di brodo e erba,note di brodo e erba,2018,C0H,TG_14
388,OK,"Il campione è equilibrato, ma non molto caratteristico.",equilibrato ma non molto caratteristico,equilibrato ma non molto caratteristico,2018,C0M,TG_20
389,OK,Sentori di burro e mela sono presenti.,"burro, mela","burro, mela",2018,C0M,TG_08
390,OK,Nota di cotto ben percepita.,cotto,cotto,2018,C0M,Q_09
391,OK,Nota strana e non piacevole.,strano non piacevole,strano non piacevole,2018,C0M,TG_24
392,OK,"Presenza di erbe amare, tostato deciso e sentori animali.","erbe amare particolarmente in un pezzo, tostato deciso, animale","erbe amare particolarmente in un pezzo, tostato deciso, animale",2018,C0M,TG_19
393,OK,Note di frutta e brodo sono percepibili.,note di frutta e brodo,note di frutta e brodo,2018,C0M,TG_14
394,OK,"Nota aromatica non tipica del trentingrana, con sentori medicinali.","nota aromatica non tipica del trentingrana, quasi di medicina / farmaco cuoio","nota aromatica non tipica del trentingrana, quasi di medicina / farmaco cuoio",2018,C0Q,TG_20
395,OK,Si percepisce un aroma di stalla.,stalla,sstalla,2018,C0Q,TG_08
396,OK,Si avverte un possibile sentore di plastica.,plastica ?,plastica ?,2018,C0Q,Q_09
397,OK,Nota stantia ben percepita.,stantio,stantio,2018,C0Q,TG_12
398,OK,Presenza di brodo e sentori animali.,"brodo, stalla","brodo, sstalla",2018,C0Q,TG_24
399,OK,"Note di tostato, nocciola vegetale e cotto lattico poco presenti.","tostato, nocciola vegetale cotto lattico cotto poco presente","tostato, nocciola vegetale cotto lattico cotto poco presente",2018,C0Q,TG_35
400,OK,Leggermente percepibile.,leggermente percebilie,leggermente percebilie,2018,C0Q,Q_02
401,OK,"Si avverte un deciso aroma animale, con crosta di grana, muffa e note stantie in alcuni pezzi.","deciso animale, crosta di grana, muffa, vecchio, stantio in certi pezzi","deciso animale, crosta di grana, muffa, vecchio, stantio in certi pezzi",2018,C0Q,TG_19
402,OK,"Cotto, crosta, cuoio.","cotto, crosta, cuoio","cotto, crosta, cuoio",2018,C0Q,TG_14
403,OK,Bruciato.,bruciato,bruciato,2018,C0B,TG_14
404,OK,"Il gorgonzola non è tipico, con un sapore acido e disgustoso.","gorgonzola...non tipico, acido, disgustoso","gorgonzola...non tipico, acido, disgustoso",2018,C0B,TG_24
405,OK,Leggermente cotto.,leg cotto,leg cotto,2018,C0B,Q_09
406,OK,Formaggio maturo tendente alla sovramaturazione.,formaggio maturo tendente alla sovramaturazione,formaggio maturo tendente alla sovramaturazione,2018,C0B,Q_02
407,OK,Vecchio.,vecchio,vecchio,2018,C0B,TG_11
408,OK,"Latte acido, fermentato.","latte acido, fermentato","latte acido, fermentato",2018,C0B,TG_15
409,OK,"Leggero aroma vegetale, silos, frutta troppo matura, non ben definibile.","leggero aroma vegetale/silos/ frutta troppo matura, non ben definibile","leggero aroma vegetale/silos/ frutta troppo matura, non ben definibile",2018,C0D,TG_14
410,OK,Fieno.,fieno,fieno,2018,C0D,TG_08
411,OK,"Burro, grana.","burro, grana","burro, grana",2018,C0D,TG_24
412,OK,Cotto latte.,cotto latte,cotto latte,2018,C0D,Q_09
413,OK,La nota lattea non è percepita all'olfatto.,nota lattea non sentita all-olfatto,nota lattea non sentita all-olfatto,2018,C0D,TG_04
414,OK,Brodo animale.,brodo animale,brodo animale,2018,C0D,TG_19
415,OK,"Latte cotto, cipolla.","latte cotto, cipolla","latte cotto, cipolla",2018,C0D,TG_15
416,OK,"Crosta, formaggio cotto.","crosta, formaggio cotto","crosta, formaggio cotto",2018,C0I,TG_14
417,OK,Burro pane.,burro pane,burro pane,2018,C0I,TG_08
418,OK,Formaggio fritto.,formaggio fritto,formaggio fritto,2018,C0I,TG_24
419,OK,"Frutta troppo matura, ma solo inizialmente, poi brodo animale e vegetale.","frutta troppo matura, ma solo inizialmente, poi brodo animale e vegetale","frutta troppo matura, ma solo inizialmente, poi brodo animale e vegetale",2018,C0I,TG_19
420,OK,"Latte cotto, brodo carne.","latte cotto, brodo carne","latte cotto, brodo carne",2018,C0I,TG_15
421,OK,Il campione presenta un leggero sentore di bruciato.,leggero sentore di bruciato,leggero sentore di bruciato,2018,C0M,TG_14
422,OK,Ha un aroma strano di burro.,"strano, burro","strano, burro",2018,C0M,TG_24
423,OK,Il campione presenta note di latte cotto.,cotto,cotto,2018,C0M,Q_09
424,ILLEGGIBILE,,stallatico,sstallatico,2018,C0M,Q_02
425,ILLEGGIBILE,,"stalla, caramello","sstalla, caramello",2018,C0M,TG_26
426,ILLEGGIBILE,,un pochett odi crosta di formaggio non pecepita alla prima olfazione,un pochett odi crosta di formaggio non pecepita alla prima olfazione,2018,C0M,TG_04
427,OK,Il campione presenta note di tostato e brodo.,"tostato, brodo,","tostato, brodo,",2018,C0M,TG_19
428,OK,Il campione presenta note di latte cotto.,latte cotto,latte cotto,2018,C0M,TG_15
429,OK,Il campione presenta un sentore di verdura lessa.,sentore di verdura lessa,sentore di verdura lessa,2018,C0O,TG_14
430,OK,Il campione presenta note burrose e di fumo tostato.,"burroso, fumo/tostato","burroso, fumo/tostato",2018,C0O,TG_24
431,OK,Il campione presenta note di panna.,panna,panna,2018,C0O,Q_09
432,OK,Il campione presenta un aroma scarno.,scarno,scarno,2018,C0O,TG_04
433,OK,Il campione presenta note di latte cotto.,latte cotto,latte cotto,2018,C0O,TG_15
434,OK,Il campione presenta un tostato eccessivo.,tostato eccessivo,tostato eccessivo,2018,C0R,TG_14
435,OK,Il campione presenta note di crosta di pane.,crosta di pane,crosta di pane,2018,C0R,TG_08
436,OK,Il campione presenta note di grana e burro.,"grana, burro","grana, burro",2018,C0R,TG_24
437,ILLEGGIBILE,,mah,mah,2018,C0R,Q_09
438,OK,Non ricorda il grana emmental.,non da grana emmental,non da grana emmental,2018,C0R,TG_26
439,OK,"Il campione presenta note di quasi bruciato, liquirizia e caramello, con sentori di legno.","quasi bruciato, liquirizia, caramello, legno","quasi bruciato, liquirizia, caramello, legno",2018,C0R,TG_19
440,OK,Il campione presenta note di cotto.,cotto,cotto,2018,C0R,TG_15
441,OK,"Presenta note lattiche caratteristiche, è poco complesso, con crosta di formaggio e note fermentate.","note lattiche caratteristiche, poco complesso, crosta di formaggio, note fermentate","note lattiche caratteristiche, poco complesso, crosta di formaggio, note fermentate",2018,C0A,TG_20
442,OK,È un formaggio erborinato.,"formaggio erborinato,","formaggio erborinato,",2018,C0A,TG_08
443,OK,Cotto.,cotto,cotto,2018,C0A,Q_09
444,OK,Formaggio maturo con note ossidate.,"formaggio maturo, passato","formaggio maturo, ossidato",2018,C0A,TG_13
445,OK,Cotto leggero.,cotto leggero,cotto leggero,2018,C0A,TG_14
446,OK,"Ha sentori di burro, formaggio e brodo.","burro, formaggio, brodo...","burro, formaggio, brodo...",2018,C0A,TG_24
447,OK,"Ritorna la crosta di formaggio e la frutta fermentata, poco caratteristico.","ritorna la crosta di formaggio e la frutta fermentata, poco caratteristico","ritorna la crosta di formaggio e la frutta fermentata, poco caratteristico",2018,C0C,TG_20
448,OK,Leggermente affumicato.,leggermente affumicato,leggermente affumicato,2018,C0C,TG_08
449,OK,Panna.,panna,panna,2018,C0C,Q_09
450,OK,"Brodo animale, tostato, crosta di grana.","brodo animale, tostato, crosta di grana","brodo animale, tostato, crosta di grana",2018,C0C,TG_19
451,OK,Lieve.,lieve,lieve,2018,C0C,TG_04
452,OK,"Grana, burro, interessante.","grana, burro...interessante","grana, burro...interessante",2018,C0C,TG_24
453,OK,"Poco caratteristico, sedano, brodo vegetale.","poco caratteristico, sedano, brodo vegetale","poco caratteristico, sedano, brodo vegetale",2018,C0D,TG_20
454,OK,Sempre quella nota da crosta di formaggio.,sempre quella nota da crosta di formaggio,sempre quella nota da crosta di formaggio,2018,C0D,TG_08
455,OK,Panna.,panna,panna,2018,C0D,Q_09
456,OK,Ricorda il nostrano.,ricorda il nostrano,ricorda il nostrano,2018,C0D,TG_13
457,OK,Erbe amare.,erbe amare,erbe amare,2018,C0D,TG_19
458,OK,Sentore di lessato leggerissimo ma non piacevole.,sentore di lessato leggerissimo ma non piacevole,sentore di lessato leggerissimo ma non piacevole,2018,C0D,TG_14
459,OK,Si avverte un odore sgradevole persistente.,continua a puzzare,continua a puzzare,2018,C0D,TG_04
460,ILLEGGIBILE,,"non piacevole, strano","non piacevole, strano",2018,C0D,TG_24
461,OK,Latte cotto.,latte cotto,latte cotto,2018,C0D,Q_02
462,OK,A tratti note di frutta fermentata e latte bruciato.,a tratti note di frutta fermentata e latte bruciato,a tratti note di frutta fermentata e latte bruciato,2018,C0G,TG_20
463,OK,Burro.,burro,burro,2018,C0G,TG_08
464,OK,Acido.,acido,acido,2018,C0G,TG_11
465,OK,Brodo animale con punte di erbe amare.,brodo animale con punte di erbe amare,brodo animale con punte di erbe amare,2018,C0G,TG_19
466,OK,Panna e leggero sentore di formaggio cotto.,panna e leggero sentore di formaggio cotto,panna e leggero sentore di formaggio cotto,2018,C0G,TG_14
467,OK,"Burro, grana piacevole.","burro, grana piacevole","burro, grana piacevole",2018,C0G,TG_24
468,OK,Animale.,animale,animale,2018,C0G,Q_02
469,OK,"Non sempre pulito in bocca, alle note tipiche si affiancano su alcune porzioni note animali poco gradevoli.","non sempre pulito in bocca, alle note tipiche si affiancano su alcune porzioni note animali poco gradevoli","non sempre pulito in bocca, alle note tipiche si affiancano su alcune porzioni note animali poco gradevoli",2018,C0N,TG_20
470,CONFORME,"Il campione risulta conforme, con un aroma molto neutro che non presenta note distintive.",nessun aroma percepito molto neutro,nessun aroma percepito molto neutro,2018,C0N,TG_08
471,OK,Vegetale.,vegetale,vegetale,2018,C0N,Q_09
472,OK,"Poco caratteristico, poco aroma.","poco caratteristico, poco aroma.","poco caratteristico, poco aroma.",2018,C0N,TG_13
473,OK,Cotto.,cotto,cotto,2018,C0N,TG_14
474,OK,Ha un forte odore di stalla.,"quanta stalla, signora mia!",sstalla,2018,C0N,TG_04
475,OK,Burro e brodo vegetale.,burro/brodo vegetale,burro/brodo vegetale,2018,C0N,TG_24
476,OK,"Meno complesso che al naso, un po' piatto, burro fuso e brodo.","meno complesso che al naso, un po piatto, burro fuso e brodo","meno complesso che al naso, un po piatto, burro fuso e brodo",2018,C0Q,TG_20
477,OK,Umami.,umami,umami,2018,C0Q,TG_08
478,OK,Aroma di fermentato.,aroma di fermentato,aroma di fermentato,2018,C0Q,TG_13
479,OK,"Crosta di pane, latte cotto.","crosta di pane, latte cotto","crosta di pane, latte cotto",2018,C0Q,TG_19
480,OK,Si percepiscono note di stalla e crosta.,stalla e crosta,sstalla e crosta,2018,C0Q,TG_14
481,OK,È di media intensità e ricorda altri formaggi rispetto al retrogusto di grana.,medio... forse ricorda altri formaggi rispetto al retrogusto grana,medio... forse ricorda altri formaggi rispetto al retrogusto grana,2018,C0Q,TG_24
482,OK,Cotto.,cotto,cotto,2018,C0B,Q_09
483,OK,Brodo di carne.,brodo di carne,brodo di carne,2018,C0B,TG_19
484,OK,"Latte cotto e burro cotto prevalenti, caratteristico ma poco complesso.","latte cotto e burro cotto prevalenti, caratteristico ma poco complesso","latte cotto e burro cotto prevalenti, caratteristico ma poco complesso",2018,C0B,TG_20
485,OK,Ha un aroma di sedano.,sedano,sedano,2018,C0B,TG_26
486,OK,Il latte ha poco sapore di grana.,latte poco da grana,latte poco da grana,2018,C0C,Q_09
487,OK,Leggermente stantio.,legg stantio,legg stantio,2018,C0C,TG_12
488,OK,"Caratteristico, mediamente intenso, con buone note lattiche e forse lieve nota propionica.","caratteristico, mediamente intenso, con buone note lattiche e forse lieve nota proprionica","caratteristico, mediamente intenso, con buone note lattiche e forse lieve nota proprionica",2018,C0C,TG_20
489,OK,"Tostati, erbe amare, lattico cotto, crosta di formaggio.","tostati, erbe amare, lattico cotto, crosta di formaggio","tostati, erbe amare, lattico cotto, crosta di formaggio",2018,C0D,TG_19
490,OK,"Poco complesso con note di formaggio cotto e crosta di formaggio, forse un po' ossidato.","poco complesso con note di formaggio cotto e crosta di formaggio, forse un po passato","poco complesso con note di formaggio cotto e crosta di formaggio, forse un po ossidato",2018,C0D,TG_20
491,OK,Cotto.,cotto,cotto,2018,C0F,Q_09
492,OK,"Vegetale fermentato, cotto, crosta.","vegetale fermentato, cotto, crosta,","vegetale fermentato, cotto, crosta,",2018,C0F,TG_19
493,OK,"Note di brodo dominanti, dado, sedano.","note di brodo domiannti, dado, sedano","note di brodo domiannti, dado, sedano",2018,C0F,TG_20
494,OK,Propionico fermentato.,propionico fermentato,propionico fermentato,2018,C0F,TG_26
495,OK,"Si percepiscono note di latte animale e letame, con poco sapore di grana.",latte animale/letame  poco da grana,latte animale/letame  poco da grana,2018,C0N,Q_09
496,OK,Burro fuso.,burro fuso,burro fuso,2018,C0N,TG_13
497,OK,"Lattici cotti, tostati, erbaceo, brodo vegetale e animale.","lattici cotti, tostati, erbaceo, brodo vegetale e animale","lattici cotti, tostati, erbaceo, brodo vegetale e animale",2018,C0N,TG_19
498,OK,"Lattico evoluto, burro fuso, fieno, brodo, caratteristico.","lattico evoluto, burro fuso, fieno, brodo, caratteristico","lattico evoluto, burro fuso, fieno, brodo, caratteristico",2018,C0N,TG_20
499,OK,Cotto.,cotto,cotto,2018,C0R,Q_09
500,OK,"Ossidato, vecchio, non gradevole.","ossidato, vecchio. non gradevole","ossidato, vecchio. non gradevole",2018,C0R,TG_13
501,OK,"Ha un sapore cotto quasi bruciato, con note di legna secca vecchia.","cotto quasi bruciato, legna secca vecchia","cotto quasi bruciato, legna secca vecchia",2018,C0R,TG_19
502,OK,È atipico all'olfatto.,atipico come al naso,atipico come al naso,2018,C0R,TG_20
503,OK,Ricorda più la panna da nostrano che il grana.,panna da nostrano più che grana,panna da nostrano più che grana,2018,C0E,Q_09
504,OK,Ha note di panna e frutta.,panna e frutta,panna e frutta,2018,C0E,TG_14
505,OK,Il campione presenta una gran intensità e una tostatura retrolfattiva.,gran intensita' e tostatura retroolfattiva,gran intensita' e tostatura retrolfattivoiva,2018,C0E,TG_04
506,OK,Il campione mostra una prevalenza di lattici cotti.,"prevalenza di lattici cotti,","prevalenza di lattici cotti,",2018,C0E,TG_19
507,OK,"Il campione presenta note di latte cotto, cipolla e dado di carne.","latte cotto, cipolla, dado di carne","latte cotto, cipolla, dado di carne",2018,C0E,TG_15
508,RIFERIMENTO,,meglio dell-olfattiva,meglio dell-olfattiva,2018,C0G,TG_04
509,OK,Il campione è leggermente tostato e presenta note di cotto.,tostato leggermente cotto,tostato leggermente cotto,2018,C0G,TG_26
510,OK,Il campione mostra note di latte cotto e minestrone.,"latte cotto, minestrone","latte cotto, minestrone",2018,C0G,TG_15
511,OK,Il campione presenta note di cotto.,cotto,cotto,2018,C0I,Q_09
512,OK,Il campione mostra note di bruciato.,bruciato,bruciato,2018,C0I,TG_14
513,OK,Il campione presenta note ossidate.,ossidato,ossidato,2018,C0I,TG_13
514,OK,Il campione è tostato e presenta crosta di formaggio.,"tostato, crosta di formaggio,","tostato, crosta di formaggio,",2018,C0I,TG_19
515,OK,Il campione mostra note di latte cotto e crosta di formaggio.,"latte cotto, crosta formaggio","latte cotto, crosta formaggio",2018,C0I,TG_15
516,OK,Il campione presenta note di panna.,panna,panna,2018,C0L,Q_09
517,OK,Il campione ha un leggerissimo sentore di bruciato.,leggerissimo sentore di bruciato,leggerissimo sentore di bruciato,2018,C0L,TG_14
518,OK,Il campione è scarno.,scarno,scarno,2018,C0L,TG_04
519,OK,Il campione mostra note di latte cotto e minestrone di verdura.,"latte cotto, minestrone verdura","latte cotto, minestrone verdura",2018,C0L,TG_15
520,OK,Il campione è poco intenso e poco percettibile.,scarico. poco percettibile.,poco intenso. poco percettibile.,2018,C0M,TG_13
521,OK,Presenta una crosta di grana.,"crosta di grana,","crosta di grana,",2018,C0M,TG_19
522,OK,Il campione presenta note di latte cotto.,latte cotto,latte cotto,2018,C0M,TG_15
523,OK,Ha un aroma di panna vegetale.,panna vegetale,panna vegetale,2018,C0O,Q_09
524,OK,Il campione presenta note di stantio e cotto.,"stantio, cotto","stantio, cotto",2018,C0O,TG_14
525,OK,Il campione presenta note di cotto.,cotto,cotto,2018,C0O,TG_26
526,OK,"Il campione presenta note di mandorla amara, vegetali amari e tostati.","mandorla amara, vegetali amari, tostati","mandorla amara, vegetali amari, tostati",2018,C0O,TG_19
527,OK,Il campione presenta note di latte fresco delicato e minestrone di verdura.,"latte fresco delicato, minestrone verdura","latte fresco delicato, minestrone verdura",2018,C0O,TG_15
528,OK,Il campione presenta note di formaggio fritto e burro.,"formaggio fritto, burro","formaggio fritto, burro",2018,C0A,TG_24
529,OK,"Il campione presenta note di frutta troppo matura, ma con una leggera intensità.",quasi frutta troppo matura ma leggero,quasi frutta troppo matura ma leggero,2018,C0A,TG_14
530,OK,Il campione presenta note di latte cotto.,latte cotto,latte cotto,2018,C0A,TG_15
531,OK,Il campione presenta lattici cotti in prevalenza.,"lattici cotti in prevalenza,","lattici cotti in prevalenza,",2018,C0A,TG_19
532,OK,Il campione presenta note di brodo e olio.,"brodo, olio","brodo, olio",2018,C0C,TG_24
533,OK,Il campione presenta note di crosta e cotto.,"crosta, cotto","crosta, cotto",2018,C0C,TG_14
534,OK,Il campione presenta note di brodo di carne e latte cotto.,"brodo carne, latte cotto","brodo carne, latte cotto",2018,C0C,TG_15
535,OK,Il campione presenta note di brodo animale e tostati.,"brodo animale, tostati","brodo animale, tostati",2018,C0C,TG_19
536,OK,Il campione presenta note di grana e fieno.,"grana, fieno...","grana, fieno...",2018,C0D,TG_24
537,OK,Il campione presenta note di fermentato e animale.,"fermentato, animale","fermentato, animale",2018,C0D,TG_13
538,OK,Il campione presenta note di fermentato.,fermentato,fermentato,2018,C0D,Q_02
539,OK,Il campione presenta note di cotto tostato.,cotto tostato,cotto tostato,2018,C0D,TG_26
540,OK,Il campione presenta note di latte cotto.,latte cotto,latte cotto,2018,C0D,TG_15
541,OK,"È tostato male, con note di mandorla amara e brodo animale.","tostato male, mandorla amara, brodo animale","tostato male, mandorla amara, brodo animale",2018,C0D,TG_19
542,OK,Ha note che ricordano l'emmenthal.,note da emmenthal...,note da emmenthal...,2018,C0I,TG_24
543,OK,"Il campione presenta note fruttate, che arricchiscono l'aroma complessivo.",fruttato,fruttato,2018,C0I,TG_14
544,OK,Crosta.,crosta,crosta,2018,C0I,TG_12
545,ILLEGGIBILE,,molto negativo,molto negativo,2018,C0I,TG_26
546,OK,Minestrone di verdura.,minestrone verdura,minestrone verdura,2018,C0I,TG_15
547,OK,"Note di marcio, fermentato, animale.","note di marcio, fermantato, animale","note di marcio, fermentato, animale",2018,C0I,TG_19
548,OK,Emmental e brodo.,"emmenthal, brodo","emmenthal, brodo",2018,C0M,TG_24
549,OK,"Il campione presenta un umami accentuato, con una leggera punta di stantio.","umami accentuato, leggera punta di stantio.","umami accentuato, leggera punta di stantio.",2018,C0M,TG_14
550,OK,Non sa di grana.,non sa di grana,non sa di grana,2018,C0M,TG_13
551,OK,Emmental.,emmental,emmental,2018,C0M,TG_26
552,OK,"Il campione presenta note fermentate, che contribuiscono alla complessità dell'aroma.",fermentato,fermentato,2018,C0M,TG_15
553,OK,Propionico.,propionico,propionico,2018,C0M,TG_19
554,OK,"Il campione presenta note di burro e grana, che arricchiscono l'aroma.","burro, grana","burro, grana",2018,C0N,TG_24
555,OK,"Il campione presenta note di insilato e crosta, tipiche del Grana Trentino.","insilato, crosta","insilato, crosta",2018,C0N,TG_14
556,OK,"Il campione presenta note di latte cotto, che arricchiscono l'aroma.",latte cotto,latte cotto,2018,C0N,TG_15
557,OK,Cotto.,cotto,cotto,2018,C0A,Q_09
558,OK,Brodo di carne.,brodo di carne,brodo di carne,2018,C0A,TG_04
559,OK,Panna.,panna,panna,2018,C0C,Q_09
560,OK,Formaggio cotto.,formaggio cotto,formaggio cotto,2018,C0C,TG_11
561,OK,Panna.,panna,panna,2018,C0G,Q_09
562,OK,Il campione presenta note di brodo animale e fieno vecchio.,"brodo animale, fieno vecchio","brodo animale, fieno vecchio",2018,C0G,TG_19
563,OK,Il campione presenta note tostate e di biscotto.,tostato biscotto,tostato biscotto,2018,C0G,TG_26
564,OK,Il campione presenta note di cotto e bruciato.,cotto bruciato,cotto bruciato,2018,C0M,Q_09
565,OK,Sento emmental.,sento emmental,sento emmental,2018,C0M,TG_04
566,OK,"Il campione mostra un buon aroma nostrano stagionato, con note tipiche che richiamano le tradizioni casearie del Trentino.",un buon nostrano stagionato,un buon nostrano stagionato,2018,C0M,TG_13
567,OK,Il campione presenta note di cotti accentuati.,cotti accentuati,cotti accentuati,2018,C0M,TG_19
568,CONFORME,"Il campione si presenta conforme, con un aroma positivo che rispecchia le caratteristiche del Grana Trentino.",positivo,positivo,2018,C0M,TG_26
569,OK,Latte.,latte,latte,2018,C0O,Q_09
570,OK,Burro.,burro,burro,2018,C0O,TG_11
571,OK,"Il campione presenta note tostate, animali e di crosta di grana.","tostati, animale, crosta di grana,","tostati, animale, crosta di grana,",2018,C0O,TG_19
572,OK,Il campione presenta note di cotto.,cotto,cotto,2018,C0Q,Q_09
573,OK,"Il campione presenta note di brodo, fieno e animale.","brodo, fieno, animale","brodo, fieno, animale",2018,C0Q,TG_19
574,OK,Il campione conferma note di animale e stalla.,confermo un animale\stalla,confermo un animale\sstalla,2018,C0A,TG_04
575,OK,Burro e panna.,"burro e panna ,","burro e panna ,",2018,C0A,TG_14
576,OK,"Il campione presenta note di lattico cotto, panna cotta e burro cotto, risultando poco complesso ma caratteristico.","lattico cotto di latte cotto, panna cotta, burro cotto, poco complesso ma caratteristico","lattico cotto di latte cotto, panna cotta, burro cotto, poco complesso ma caratteristico",2018,C0A,TG_20
577,OK,Il campione presenta note leggermente saponose.,"leggermente saponoso, formaggio..","leggermente saponoso, formaggio..",2018,C0A,TG_24
578,OK,Il campione presenta note di cotto e panna.,cotto e panna,cotto e panna,2018,C0C,Q_09
579,OK,Il campione presenta sentori di bruciato e di ossidato.,sentore di bruciato e di ossidato,sentore di bruciato e di ossidato,2018,C0C,TG_14
580,OK,Il campione presenta note di crosta di grana e un po' di stantio.,crosta di grana e un po' di stantio,crosta di grana e un po' di stantio,2018,C0C,TG_19
581,OK,"Lattico di panna, burro, formaggio grasso gradevole.","lattico di panna, burro, formaggio grasso gradevole","lattico di panna, burro, formaggio grasso gradevole",2018,C0C,TG_20
582,OK,Frutta e grana.,"frutta, grana","frutta, grana",2018,C0C,TG_24
583,CONFORME,"Il campione è conforme, mostrando un aroma positivo e tipico del Grana Trentino.",positivo,positivo,2018,C0C,TG_26
584,OK,Panna,panna,panna,2018,C0D,Q_09
585,OK,Leggero sentore di ossidato e forse fermentato.,leggero sentore di ossidato e forse fermentato,leggero sentore di ossidato e forse fermentato,2018,C0D,TG_13
586,OK,Leggero affumicato.,leggero affumicato,leggero affumicato,2018,C0D,TG_14
587,OK,"Note lattiche cotte prevalenti, lieve nota di bruciato, caramella mou, comunque presenti le note caratteristiche.","note lattiche cotte prevalenti, lieve nota di bruciato, caramella mou, comunque presenti le note caratteristiche","note lattiche cotte prevalenti, lieve nota di bruciato, caramella mou, comunque presenti le note caratteristiche",2018,C0D,TG_20
588,OK,"Grasso, brodo e burro.","grasso, brodo, burro","grasso, brodo, burro",2018,C0D,TG_24
589,OK,Panna,panna,panna,2018,C0H,Q_09
590,OK,Sento un po' più di latte che al naso.,sento un po' piu' di latte che al naso,sento un po' piu' di latte che al naso,2018,C0H,TG_04
591,OK,Crosta e formaggio bruciato.,crosta e formaggio bruciato,crosta e formaggio bruciato,2018,C0H,TG_14
592,ILLEGGIBILE,,"putrido, immangiabile","putrido, immangiabile",2018,C0H,TG_19
593,OK,"Meglio che al naso, lattico di panna e burro con note fermentate di frutta tropicale.","meglio che al naso, lattico di panna e burro con note fermentate di frutta tropicale","meglio che al naso, lattico di panna e burro con note fermentate di frutta tropicale",2018,C0H,TG_20
594,OK,"Mela, burro.","mela, burro","mela, burro",2018,C0H,TG_24
595,OK,Panna,panna,panna,2018,C0N,Q_09
596,OK,Tostatura.,tostatura,tostatura,2018,C0N,TG_04
597,OK,"Cotto, crosta, ossidato.","cotto, crosta, ossidato","cotto, crosta, ossidato",2018,C0N,TG_14
598,OK,A tratti leggermente propionico.,"a tratti leggermente propionico,","a tratti leggermente propionico,",2018,C0N,TG_19
599,OK,"Intenso, abbastanza complesso, note lattiche di burro fuso e fruttate fermentate, crosta di formaggio.","intenso, abbastanza complesso, note lattiche di burro fuso e fruttate fermentate, crosta di formaggio","intenso, abbastanza complesso, note lattiche di burro fuso e fruttate fermentate, crosta di formaggio",2018,C0N,TG_20
600,OK,"Burro, fieno.","burro, fieno...","burro, fieno...",2018,C0N,TG_24
601,OK,Crosta e ossidato.,crosta e ossidato,crosta e ossidato,2018,C0Q,TG_14
602,OK,"Inizialmente non molto positivi, poi si percepisce la crosta di formaggio grana.","inizialmente non troppo positivi, poi crosta di formaggio grana,","inizialmente non troppo positivi, poi crosta di formaggio grana,",2018,C0Q,TG_19
603,OK,"Il campione presenta note di lattico e glutammato, equilibrato ma poco intenso, con lievi sentori di formaggio svizzero e crosta di formaggio.","lattico e glutammato, equilibrato ma un po scarico, lievi note di formaggio svizzero e di crosta di formaggio","lattico e glutammato, equilibrato ma un po poco intenso, lievi note di formaggio svizzero e di crosta di formaggio",2018,C0Q,TG_20
604,OK,"Il campione presenta note di burro, emmenthal e umami.","burro, emmenthal, umami","burro, emmenthal, umami",2018,C0Q,TG_24
605,OK,Il campione presenta note di panna.,panna,panna,2018,C0H,Q_09
606,OK,Il campione presenta note di latticini freschi.,latticini freschi,latticini freschi,2018,C0H,TG_14
607,OK,"Il campione presenta note di crosta, tostato e animale.","Crosta, tostato, animale","Crosta, tostato, animale",2018,C0H,TG_19
608,OK,"Il campione è poco complesso, con note di panna, burro e grasso.","poco complesso, panna e burro, grasso","poco complesso, panna e burro, grasso",2018,C0H,TG_20
609,OK,Il campione presenta note di panna e vegetale.,panna e vegetale,panna e vegetale,2018,C0N,Q_09
610,OK,Il campione presenta note di leggero cotto e burro.,leggero cotto e burro,leggero cotto e burro,2018,C0N,TG_14
611,OK,Il campione presenta note di brodo di carne.,Brodo di carne,Brodo di carne,2018,C0N,TG_19
612,OK,"Il campione è poco caratteristico, con note di formaggio cotto e fruttate, simili a quelle di formaggio svizzero.","poco caratteristico con note di formaggio cotto e fruttate, quasi di formaggio svizzero","poco caratteristico con note di formaggio cotto e fruttate, quasi di formaggio svizzero",2018,C0N,TG_20
613,OK,Il campione presenta una piacevole nota persistente di latte cotto.,piacevole nota persistente di latte cotto,piacevole nota persistente di latte cotto,2018,C0N,TG_35
614,FUORI_ATTRIBUTO,Il formaggio è pronto.,formaggio pronto,formaggio pronto,2018,C0Q,Q_02
615,OK,Il campione presenta note di cotto vegetale.,cotto vegetale,cotto vegetale,2018,C0Q,Q_09
616,OK,Il campione presenta una nota lieve.,lieve,lieve,2018,C0Q,TG_04
617,OK,Il campione presenta note di crosta.,crosta,crosta,2018,C0Q,TG_14
618,OK,Il campione presenta note di fermentato e uovo.,"fermentato, uovo,","fermentato, uovo,",2018,C0Q,TG_19
619,OK,"Il campione presenta note di latte cotto, burro cotto, brodo, erbe aromatiche, con una nota aromatica del brodo un po' dominante ma nel complesso un buon equilibrio.","latte cotto, burro cotto, brodo, erbe aromatiche, forse la nota aromatica del brodo [ un po dominante ma nel complesso buon equilibrio","latte cotto, burro cotto, brodo, erbe aromatiche, forse la nota aromatica del brodo [ un po dominante ma nel complesso buon equilibrio",2018,C0Q,TG_20
620,OK,Si avverte un aroma di fungo e muffa.,fungo;muffa,fungo;muffa,2018,C0D,Q_02
621,OK,Il formaggio ha un sapore cotto.,formaggio cotto,formaggio cotto,2018,C0D,Q_09
622,OK,"Ha un sapore diverso, non di grana trentino.","sa di altro, non di grana trentino","sa di altro, non di grana trentino",2018,C0D,TG_04
623,OK,Il campione presenta note di burro e burro fuso.,"burro, burro fuso","burro, burro fuso",2018,C0D,TG_08
624,OK,Il campione mostra una crosta di formaggio con note di formaggio bruciato.,"crosta di formaggio, formaggio bruciato","crosta di formaggio, formaggio bruciato",2018,C0D,TG_11
625,OK,"Il campione ha un aroma di latte cotto, leggero e con poca persistenza.","di latte cotto, leggero e poca persistenza","di latte cotto, leggero e poca persistenza",2018,C0D,TG_15
626,OK,"Il campione presenta un aroma lattico dominante e caratteristico di latte cotto e burro cotto, sebbene possa risultare un po' monocorde.","come al naso, lattico dominante e caratteristico di latte cotto e burro cotto, forse un po monocorde","come al naso, lattico dominante e caratteristico di latte cotto e burro cotto, forse un po monocorde",2018,C0D,TG_20
627,OK,"Il campione ha un aroma strano, non molto piacevole, con note grasse.","strano, non molto piacevole, grasso","strano, non molto piacevole, grasso",2018,C0D,TG_24
628,OK,Il campione presenta note vegetali.,vegetale,vegetale,2018,C0E,Q_02
629,OK,"Il campione mostra note di burro fuso, pane tostato e un leggero sentore di fieno.","burro fuso, pane tostato, fieno leggero","burro fuso, pane tostato, fieno leggero",2018,C0E,TG_08
630,OK,Il campione presenta una crosta di formaggio.,crosta di formaggio,crosta di formaggio,2018,C0E,TG_11
631,OK,Il campione ha un aroma di minestrone.,minestrone,minestrone,2018,C0E,TG_15
632,OK,"Il campione presenta note lattiche, ma quelle di frutta fermentata dominano.",note lattiche presenti ma dominano quelle di frutta fermentata,note lattiche presenti ma dominano quelle di frutta fermentata,2018,C0E,TG_20
633,OK,Il campione ha note di burro e brodo.,"burro, brodo","burro, brodo",2018,C0E,TG_24
634,OK,Il campione presenta un aroma non del tutto positivo di brodo e crosta.,non del tutto positivo brodo e crosta,non del tutto positivo brodo e crosta,2018,C0E,TG_26
635,OK,"Una porzione ha un aroma di muffa, mentre le altre due no.",una porzione (la più piccola) ha un aorma di MUFFA mentre le altre 2 no!,una porzione (la più piccola) ha un aorma di MUFFA mentre le altre 2 no!,2018,C0G,Q_02
636,OK,Il campione presenta un aroma di panna leggero e cotto.,panna leggero cotto,panna leggero cotto,2018,C0G,Q_09
637,OK,Il campione mostra una crosta.,crosta,crosta,2018,C0G,TG_04
638,OK,Il campione presenta note di crosta di pane e crosta di formaggio.,crosta di pane e crosta di formaggio,crosta di pane e crosta di formaggio,2018,C0G,TG_08
639,OK,Il campione ha note di burro.,burro,burro,2018,C0G,TG_11
640,OK,Il campione presenta una crosta di formaggio con un leggero aroma ossidato.,"crosta di formaggio, leggero ossidato","crosta di formaggio, leggero ossidato",2018,C0G,TG_15
641,OK,"Si percepiscono note di formaggio cotto e crosta, ricorda un formaggio nostrano.","nota di formaggio cotto e crosta di formaggio, ricorda un po un formaggio nostrano","nota di formaggio cotto e crosta di formaggio, ricorda un po un formaggio nostrano",2018,C0G,TG_20
642,OK,"Il campione presenta note di grana e burro, con una leggera evoluzione aromatica.","grana, burro, forse anche un p; di note evolute...","grana, burro, forse anche un p; di note evolute...",2018,C0G,TG_24
643,OK,"L'aroma è caratterizzato da burro fuso, panna e brodo di carne, risultando equilibrato.","burro fuso, panna, brodo di carne, equilibrato","burro fuso, panna, brodo di carne, equilibrato",2018,C0D,TG_20
644,OK,"Il campione emana note di latte cotto, burro e un finale tostato.",Latto cotto burrro panna e tostato finale,Latto cotto burrro panna e tostato finale,2018,C0D,TG_35
645,OK,"L'aroma è di formaggio cotto e burro fuso, con note leggere e non fastidiose.","aroma di formaggio cotto e burro fuso, leggeri e non fastidiosi","aroma di formaggio cotto e burro fuso, leggeri e non fastidiosi",2018,C0D,TG_14
646,OK,"Si avvertono sentori di animale, paglia e letame.",animale/paglia/letame,animale/paglia/letame,2018,C0D,Q_09
647,OK,Il campione presenta note di lattici cotti e brodo animale.,"lattici cotti, brodo animale","lattici cotti, brodo animale",2018,C0D,TG_19
648,OK,L'aroma è caratterizzato dalla presenza di crosta di formaggio.,crosta di formaggio,crosta di formaggio,2018,C0D,TG_11
649,OK,Si percepisce il latte.,latte,latte,2018,C0D,TG_05
650,OK,"Il campione emana note di panna, burro e crosta di formaggio.","panna, burro, crosta di formaggio","panna, burro, crosta di formaggio",2018,C0H,TG_20
651,OK,"L'aroma è di latte cotto, burro e panna.",Latte cotto burro panna,Latte cotto burro panna,2018,C0H,TG_35
652,OK,"Il campione presenta panna, burro e crosta di formaggio, con una leggera nota di animale, ma non negativa.","panna, burro e crosta di formaggio,  leggerissima nota di animale,stalla, ma non negativa","panna, burro e crosta di formaggio,  leggerissima nota di animale,sstalla, ma non negativa",2018,C0H,TG_14
653,OK,La panna vegetale non ricorda molto il grana.,panna vegetale non tanto da grana,panna vegetale non tanto da grana,2018,C0H,Q_09
654,OK,L'aroma è leggero e piacevole.,leggero. piacevole,leggero. piacevole,2018,C0H,TG_13
655,OK,Il campione presenta crosta di grana e note di brodo di carne.,"crosta di grana, brodo di carne","crosta di grana, brodo di carne",2018,C0H,TG_19
656,ILLEGGIBILE,,legge crosta,legge crosta,2018,C0H,TG_26
657,OK,L'aroma è caratterizzato dalla presenza di crosta di formaggio.,crosta di formaggio,crosta di formaggio,2018,C0H,TG_11
658,OK,"Il campione presenta una nota di sapone e ossidato, risultando meno sgradevole al naso.","nota di sapone, di ossidato, meno sgradevole che al naso","nota di sapone, di ossidato, meno sgradevole che al naso",2018,C0L,TG_20
659,OK,"L'aroma è di panna, burro, latte cotto e un leggero tostato.",panna burro latte cotto e leggero tostato,panna burro latte cotto e leggero tostato,2018,C0L,TG_35
660,OK,Il campione emana sentori di brodo di carne e una leggera nota di crosta.,sentore di brodo di carne e leggemrente di crosta,sentore di brodo di carne e leggemrente di crosta,2018,C0L,TG_14
661,OK,Si avverte un aroma vegetale balsamico.,vegetale balsamico,vegetale balsamico,2018,C0L,Q_09
662,OK,"Il campione presenta un aroma ossidato, con note stantie.",legg stantio,legg stantio,2018,C0L,TG_12
663,OK,Il formaggio è piacevole ma non è grana.,formaggio piacevole ma non e' grana,formaggio piacevole ma non e' grana,2018,C0L,TG_13
664,OK,"Si percepiscono nocciola tostata, caramello scuro, tostati decisi e brodo di carne.","nocciola tostato, caramello scuro, tostati decisi, brodo di carne","nocciola tostato, caramello scuro, tostati decisi, brodo di carne",2018,C0L,TG_19
665,ILLEGGIBILE,,difettoso,difettoso,2018,C0L,TG_26
666,OK,Si avverte la crosta di formaggio.,crosta di formaggio,crosta di formaggio,2018,C0L,TG_11
667,OK,"È poco caratteristico, con note propioniche e di brodo di carne, simile all'emmental.","poco caratteristico, propionico e di brodo di carne, tipo emmental","poco caratteristico, propionico e di brodo di carne, tipo emmental",2018,C0M,TG_20
668,OK,Il campione presenta note vegetali e un leggero aroma tostato.,Vegatale e tostato leggero,Vegatale e tostato leggero,2018,C0M,TG_35
669,OK,Il campione presenta note di panna e burro.,panna e burro,panna e burro,2018,C0M,TG_14
670,OK,Il campione presenta note di panna e un leggero aroma cotto/bruciato.,panna + leggero cotto/bruciato,panna + leggero cotto/bruciato,2018,C0M,Q_09
671,OK,Il campione presenta note di latte cotto e burro fuso.,"latte cotto, burro fuso","latte cotto, burro fuso",2018,C0M,TG_13
672,OK,"Si avvertono latte cotto eccessivamente, cacao, caramello e brodo di carne.","latte cotto troppo, cacao, caramello, brodo di carne","latte cotto troppo, cacao, caramello, brodo di carne",2018,C0M,TG_19
673,OK,"Non ha il sapore di grana, ricorda un biscotto.",non da grana biscotto,non da grana biscotto,2018,C0M,TG_26
674,OK,Il campione presenta note di latte e panna.,latte e panna,latte e panna,2018,C0M,TG_11
675,OK,"Si percepiscono note di emmental, propioniche e frutta tropicale, poco complesso e caratteristico.","note di emmental, propioniche, frutta tropicale, poco complesso e poco caratteristico","note di emmental, propioniche, frutta tropicale, poco complesso e poco caratteristico",2018,C0Q,TG_20
676,OK,"Il campione presenta note di latte cotto, burro fuso e un leggero aroma tostato.",Latte cotto burro fuso leggero tostato,Latte cotto burro fuso leggero tostato,2018,C0Q,TG_35
677,OK,Il campione presenta un aroma poco intenso.,poco intenso,poco intenso,2018,C0Q,Q_09
678,OK,"Il campione presenta note di latticello fermentato, lattici cotti e una crosta pulita.","latticello fermentato, lattici cotti, crosta pulita","latticello fermentato, lattici cotti, crosta pulita",2018,C0Q,TG_19
679,ILLEGGIBILE,,difettoso,difettoso,2018,C0Q,TG_26
680,OK,Si avverte la crosta di formaggio.,crosta di formaggio,crosta di formaggio,2018,C0Q,TG_11
681,OK,Si percepisce un brodo vegetale.,brodo vegetale;,brodo vegetale;,2018,C0Q,TG_05
682,OK,"È pessimo, poco caratteristico, con un sapore di acqua di fogna e marcio.","pessimo, poco caratteristico, acqua di fogna, marcio","pessimo, poco caratteristico, putrido, marcio",2018,C0R,TG_20
683,OK,L'aroma presenta note di tostato prevalenti e vegetale cotto.,"Tostato prevelante, vegetale cotto","Tostato prevelante, vegetale cotto",2018,C0R,TG_35
684,OK,L'aroma è caratterizzato da note di tostato e glutammato piuttosto forti.,tostato e glutammato piuttosto forti,tostato e glutammato piuttosto forti,2018,C0R,TG_14
685,OK,Il sapore è vegetale e non ricorda il grana.,vegetale non grana,vegetale non grana,2018,C0R,Q_09
686,OK,Ha un aroma di cavolfiore.,cavolfiore,cavolfiore,2018,C0R,TG_12
687,OK,Si percepisce un leggero sentore di cotto.,un po' di cotto,un po' di cotto,2018,C0R,TG_13
688,OK,All'olfatto si percepisce una nota di formaggio non tipico del Trentingrana.,come alla prima olfazione nasale sento una nota di formaggio non tipico trentingrana,come alla prima olfazione nasale sento una nota di formaggio non tipico trentingrana,2018,C0R,TG_04
689,OK,"L'aroma presenta note di cacao, lattici cotti e crosta di pane quasi bruciata.","cacao, lattici cotti troppo, crosta di pane quasi bruciata,","cacao, lattici cotti troppo, crosta di pane quasi bruciata,",2018,C0R,TG_19
690,OK,"Non ha il sapore del grana, della malga o di altri formaggi.",non da grana malga o altro formaggio,non da grana malga o altro formaggio,2018,C0R,TG_26
691,OK,Si percepiscono note di latte e panna.,latte e panna,latte e panna,2018,C0R,TG_11
692,OK,L'aroma è caratterizzato da note di latte cotto.,latte cotto;,latte cotto;,2018,C0R,TG_05
693,OK,"Il gusto è piatto e monocorde, con note di frutta fermentata e cartone.","piatto, monocorde, frutta fermentata, cartone, note di nostrano","piatto, monocorde, frutta fermentata, cartone, note di nostrano",2018,C0A,TG_20
694,OK,Si avverte un leggero sentore di formaggio cotto e brodo di carne.,leggero sentore di formaggio cotto e brodo di carne,leggero sentore di formaggio cotto e brodo di carne,2018,C0A,TG_14
695,OK,La panna non è tipica del grana.,panna non prorio da grana,panna non prorio da grana,2018,C0A,Q_09
696,OK,L'aroma è piacevole ma non tipico del Grana Trentino.,aroma piacevole ma non tipico del grana,aroma piacevole ma non tipico del grana,2018,C0A,TG_13
697,OK,Il formaggio ha un sapore molto forte e rancido.,formaggio FERMENTATO MOLTO FORTE;;RANCIDO FORTE,formaggio FERMENTATO MOLTO FORTE;;RANCIDO FORTE,2018,C0A,Q_02
698,OK,"Si percepiscono note vegetali amare non fastidiose, crosta di grana e formaggio cotto.","note vegetali amare non fastidiose, crosta di grana, formaggio cotto","note vegetali amare non fastidiose, crosta di grana, formaggio cotto",2018,C0A,TG_19
699,OK,L'aroma è leggermente piccante.,"legger,mente piccante","legger,mente piccante",2018,C0A,TG_11
700,OK,Si avvertono note di burro cotto e frutta fermentata poco caratteristiche.,"burro cotto, note di frutta fermentata poco caratteristiche","burro cotto, note di frutta fermentata poco caratteristiche",2018,C0C,TG_20
701,OK,Il formaggio è cotto.,fromaggio cotto,fromaggio cotto,2018,C0C,TG_14
702,OK,Il campione presenta un aroma rancido di intensità moderata.,rancido MODERATO,rancido MODERATO,2018,C0C,Q_02
703,OK,Si percepisce un aroma di brodo di carne.,brodo di carne,brodo di carne,2018,C0C,TG_19
704,OK,Ci sono sentori di brodo e burro cotto.,sentori di brodo e burro cotto,sentori di brodo e burro cotto,2018,C0C,TG_11
705,OK,"Il campione presenta note di aroma fermentato, sporco, poco intenso e putrido.","fermentato, sporco, scarico, putrido","fermentato, sporco, poco intenso, putrido",2018,C0F,TG_20
706,OK,Il campione presenta note di aroma bruciato e crosta.,bruciato e crosta,bruciato e crosta,2018,C0F,TG_14
707,OK,Il campione presenta un aroma tostato.,tostato,tostato,2018,C0F,TG_26
708,OK,Il campione presenta note di verdura lessa forte e stantio forte.,"verdura lessa FORTE, stantio FORTE","verdura lessa FORTE, stantio FORTE",2018,C0F,Q_02
709,OK,Il campione presenta note di erbe amare.,erbe amare,erbe amare,2018,C0F,TG_19
710,OK,"Il campione presenta una nota estranea al trentingrana, simile all'emmental o alla stalla.","gia' sentito all-olfatto. qui confermo nota estranea al trentingrana, simil/emmental forse o proprio alla stalla","gia' sentito all-olfatto. qui confermo nota estranea al trentingrana, simil/emmental forse o proprio alla sstalla",2018,C0F,TG_04
711,OK,Il campione presenta un aroma quasi neutro una volta svanito l'acido.,quasi neutro una volta svanito l-acido,quasi neutro una volta svanito l-acido,2018,C0F,TG_11
712,OK,"Il campione presenta note di burro fuso, panna fresca, panna acida, crosta di formaggio, con anche note poco caratteristiche e un lieve sentore di pozzo di poco intenso.","burro fuso, panna fresca, panna acida, crosta di formaggio, anche note poco caratteristiche, lieve sentore di pozzo di scarico","burro fuso, panna fresca, panna acida, crosta di formaggio, anche note poco caratteristiche, lieve sentore di pozzo di poco intenso",2018,C0G,TG_20
713,OK,"Il campione presenta un aroma di verdure lesse, brodo vegetale e formaggio cotto.","aroma di verdure lesse, brodo vegetale, formaggio cotto","aroma di verdure lesse, brodo vegetale, formaggio cotto",2018,C0G,TG_14
714,OK,Il campione presenta note di cotto e vegetale.,cotto e vegetale,cotto e vegetale,2018,C0G,Q_09
715,OK,Il campione presenta note di cotto e biscotto.,cotto biscotto,cotto biscotto,2018,C0G,TG_26
716,OK,Il campione presenta un aroma stantio.,stantio,stantio,2018,C0G,TG_13
717,OK,Il campione presenta note di animale di intensità moderata.,animale MODERATO;,animale MODERATO;,2018,C0G,Q_02
718,OK,"Il campione presenta note di lattici cotti, formaggio cotto e nocciola.","lattici cotti, formaggio cotto, nocciola","lattici cotti, formaggio cotto, nocciola",2018,C0G,TG_19
719,OK,Si sente nuovamente il brodo di carne.,brodo di carne,brodo di carne,2018,C0G,TG_11
720,OK,"Il campione presenta note tipiche di burro fuso e brodo, con note meno tipiche di confetto.",note tipiche di burro fuso e brodo con note meno tipiche di confetto,note tipiche di burro fuso e brodo con note meno tipiche di confetto,2018,C0M,TG_20
721,OK,Il formaggio è cotto.,formaggio cotto,formaggio cotto,2018,C0M,TG_14
722,OK,Si percepisce la panna.,panna,panna,2018,C0M,Q_09
723,OK,Il campione presenta note di frutta secca in moderata intensità.,frutta secca MODERATO,frutta secca MODERATO,2018,C0M,Q_02
724,OK,Il campione ha un aroma leggero.,leggero,leggero,2018,C0M,TG_04
725,OK,Ci sono note di burro bruciato e brodo.,burro bruciato e brodo,burro bruciato e brodo,2018,C0M,TG_11
726,OK,"Il campione presenta note putride e marce, con sentori di nostrano e frutta fermentata.","a tratti putrido, marcio, note di nostrano e di frutta fermentata","a tratti putrido, marcio, note di nostrano e di frutta fermentata",2018,C0N,TG_20
727,OK,Il sapore è tostato con note di brodo di carne.,tostato e brodo di carne,tostato e brodo di carne,2018,C0N,TG_14
728,OK,Si sentono panna e note vegetali.,panna e vegetale,panna e vegetale,2018,C0N,Q_09
729,OK,"Il campione mostra un aroma stantio forte, con una crosta forte e note di rancido in moderata intensità.","Stantito FORTE, crosta FORTE, rancido MODERATO","Stantito FORTE, crosta FORTE, rancido MODERATO",2018,C0N,Q_02
730,OK,Ci sono sentori di lattici cotti.,"lattici cotti,","lattici cotti,",2018,C0N,TG_19
731,OK,"Il campione è relativamente intenso, con un sentore di crosta.",relativamente intenso. sentore d icrosta,relativamente intenso. sentore d icrosta,2018,C0N,TG_04
732,OK,Il formaggio è cotto.,formaggio cotto,formaggio cotto,2018,C0N,TG_11
733,OK,Si percepisce la panna.,panna,panna,2018,C0A,Q_09
734,OK,Ci sono note di burro fuso e panna.,"burro fuso, panna.","burro fuso, panna.",2018,C0A,TG_13
735,OK,"Il campione presenta note di panna, latte cotto, burro fuso e sentori fruttati.","panna, latte cotto, burro fuso e fruttato","panna, latte cotto, burro fuso e fruttato",2018,C0A,TG_35
736,OK,Il campione ha un aroma piuttosto neutro.,piuttosto neutro,piuttosto neutro,2018,C0A,TG_11
737,OK,Cipolla e cavolfiore.,"cipolla, cavolfiore","cipolla, cavolfiore",2018,C0A,TG_15
738,OK,Cotto.,cotto,cotto,2018,C0B,Q_09
739,OK,Il campione presenta note ossidate e di formaggio vecchio.,"ossidato, formaggio vecchio","ossidato, formaggio vecchio",2018,C0B,TG_13
740,ILLEGGIBILE,,latico,latico,2018,C0B,TG_35
741,OK,Formaggio cotto con crosta.,formaggio cotto&crosta,formaggio cotto&crosta,2018,C0B,TG_11
742,OK,"Frutta fermentata, latte UHT e dado industriale.","frutta fermentata, latte uht, dado industriale","frutta fermentata, latte uht, dado industriale",2018,C0B,TG_15
743,OK,Il campione presenta note di panna.,panna,panna,2018,C0C,Q_09
744,OK,"Il campione mostra note di burro fuso, tostato e latte cotto.","principalmente il burro fuso, il tostato e il latte cotto","principalmente il burro fuso, il tostato e il latte cotto",2018,C0C,TG_35
745,OK,L'aroma è quasi nullo.,quasi nullo,quasi nullo,2018,C0C,TG_04
746,OK,Resta una nota piccante.,resta il piccante,resta il piccante,2018,C0C,TG_11
747,OK,Il campione presenta latte cotto e verdura cotta.,"latte cotto, verdura cotta","latte cotto, verdura cotta",2018,C0C,TG_15
748,OK,Il campione mostra latte cotto e note di fermentato.,latte cotto e note di fermentato,latte cotto e note di fermentato,2018,C0E,TG_15
749,OK,L'aroma è ossidato e stantio.,ossidato. stantio,ossidato. stantio,2018,C0E,TG_13
750,OK,Il campione presenta note principalmente fruttate e di lattico fresco.,principlamente fruttato e lattico fresco,principlamente fruttato e lattico fresco,2018,C0E,TG_35
751,OK,L'odore non è tipico del Grana Trentino.,odore non tipico,odore non tipico,2018,C0E,TG_04
752,OK,Resta sempre una nota acida e fermentata.,resta sempre acido&fermentato,resta sempre acido&fermentato,2018,C0E,TG_11
753,OK,Il campione presenta note di latte cotto.,latte cotto,latte cotto,2018,C0H,TG_15
754,OK,Il campione presenta note di panna.,panna,panna,2018,C0H,Q_09
755,OK,Il campione mostra note lattiche.,lattico,lattico,2018,C0H,TG_35
756,OK,"Il campione presenta crosta di formaggio e qualche sentore di acido, che potrebbe derivare dall'assaggio precedente.","crosta di formaggio, qualche sentore di acido ma potrebbe ancora essere dovuto all0assaggio precedenrte","crosta di formaggio, qualche sentore di acido ma potrebbe ancora essere dovuto all0assaggio precedenrte",2018,C0H,TG_11
757,OK,Il campione mostra latte cotto e verdura cotta.,"latte cotto, verdura cotta","latte cotto, verdura cotta",2018,C0Q,TG_15
758,OK,L'aroma è poco intenso.,poco intenso,poco intenso,2018,C0Q,Q_09
759,OK,"Non è grana, è fermentato e anomalo.","non grana, fermentato, anomalo","non grana, fermentato, anomalo",2018,C0Q,TG_13
760,OK,"Vegetale secco, brodo e burro fuso, in generale lattico cotto.","vegetale secco, brodo, burro fuso, pi\ in generale lattico cotto","vegetale secco, brodo, burro fuso, pi\ in generale lattico cotto",2018,C0Q,TG_35
761,OK,Burro e crosta di formaggio che resta.,"burro,  crosta di formaggio che resta","burro,  crosta di formaggio che resta",2018,C0Q,TG_11
762,OK,"Leggeri sentori di cotto e crosta, meglio l'aroma dell'odore.","leggeri cotto e crosta, meglio l-aroma dell-odore","leggeri cotto e crosta, meglio l-aroma dell-odore",2018,C0A,TG_14
763,OK,"Panna, ma da latte nostrano e poco da grana.",panna ma da nostrano e poco da grana,panna ma da nostrano e poco da grana,2018,C0A,Q_09
764,OK,Crosta di formaggio.,crosta di formaggio,crosta di formaggio,2018,C0A,TG_11
765,OK,Pesce.,pesce,pesce,2018,C0A,TG_15
766,OK,Il campione presenta note di burro e lattici cotti.,principalmente burro e lattico cotto,principalmente burro e lattico cotto,2018,C0A,TG_35
767,OK,Il campione mostra un aroma di panna cotta e burro fuso con intensità medio alta.,panna cotta e burro fuso intensità medio alta,panna cotta e burro fuso intensità medio alta,2018,C0A,Q_02
768,OK,Il campione presenta note di lattici cotti.,"lattici cotti,","lattici cotti,",2018,C0A,TG_19
769,OK,Il campione ha un aroma di burro e grana.,"burro, grana...","burro, grana...",2018,C0A,TG_24
770,OK,"Il campione presenta un leggero sentore di cotto, con un aroma comunque piacevole.",leggero sentore di cotto. aroma comunque piacevole,leggero sentore di cotto. aroma comunque piacevole,2018,C0C,TG_13
771,OK,Non è grana stagionato.,non da grana stagionato,non da grana stagionato,2018,C0C,TG_26
772,OK,Formaggio cotto e crosta.,formaggio cotto e crosta,formaggio cotto e crosta,2018,C0C,TG_14
773,OK,Il campione presenta note di panna.,panna,panna,2018,C0C,Q_09
774,OK,Il campione mostra note di crosta e pasta bruciata.,"crosta , pasta bruciata","crosta , pasta bruciata",2018,C0C,TG_11
775,OK,Il campione presenta note di verdura cotta e latte cotto.,"verdura cotta, latte cotto","verdura cotta, latte cotto",2018,C0C,TG_15
776,OK,Il campione presenta note di cotto e fruttato.,tornano al naso note fi cotto e fruttato,tornano al naso note fi cotto e fruttato,2018,C0C,TG_35
777,OK,Il campione presenta per lo più note lattiche.,per lo più note lattiche,per lo più note lattiche,2018,C0C,TG_19
778,OK,Il campione mostra un aroma medio di burro e frutta.,"medio, burro e frutta","medio, burro e frutta",2018,C0C,TG_24
779,OK,Il campione presenta note stantie e ossidate.,"stantio, ossidato","stantio, ossidato",2018,C0D,TG_13
780,OK,"Il campione presenta note di cotto come nota positiva, con leggerissimo sentore di crosta.","cotto come nota positicva, leggerissimo crosta","cotto come nota positicva, leggerissimo crosta",2018,C0D,TG_14
781,OK,Panna.,panna,panna,2018,C0D,Q_09
782,OK,Il campione presenta una componente acida ben definita.,resta la componente acida,resta la componente acida,2018,C0D,TG_11
783,OK,Latte e burro crudi.,latte e burro crudi,latte e burro crudi,2018,C0D,TG_15
784,OK,Il campione presenta note di lattico cotto e brodo.,note di lattico cotto e brodo,note di lattico cotto e brodo,2018,C0D,TG_35
785,OK,Il campione presenta un'intensità alta nella crosta.,crosta intensità alta,crosta intensità alta,2018,C0D,Q_02
786,OK,Il campione presenta note di lattici cotti ed erbacei.,"lattici cotti, erbacei","lattici cotti, erbacei",2018,C0D,TG_19
787,OK,Il campione presenta un retrogusto poco piacevole e metallico.,poco piacevole metallico,poco piacevole metallico,2018,C0D,TG_24
788,OK,Il campione sembra un formaggio rimasto in frigo troppo tempo.,formaggio rimasto in frigo troppo tempo,formaggio rimasto in frigo troppo tempo,2018,C0I,TG_13
789,OK,Il campione presenta un aroma leggermente metallico.,legg metallico,legg metallico,2018,C0I,TG_26
790,OK,Il campione presenta note di cotto e crosta.,cotto e crosta,cotto e crosta,2018,C0I,TG_14
791,OK,Il campione presenta note di cotto.,cotto,cotto,2018,C0I,Q_09
792,OK,Il campione presenta note di formaggio bruciato e pane tostato.,"formaggio bruciato, pane tostato","formaggio bruciato, pane tostato",2018,C0I,TG_11
793,OK,Il campione presenta note fermentate e crosta di formaggio.,"fermentato, grosta di formaggio","fermentato, grosta di formaggio",2018,C0I,TG_15
794,OK,Il campione presenta note di lattico cotto e tostato.,lattico cotto e tostato,lattico cotto e tostato,2018,C0I,TG_35
795,OK,Il campione presenta un'intensità alta di note speziate.,speziato intensità alta,speziato intensità alta,2018,C0I,Q_02
796,OK,Il campione presenta una discreta intensità.,discreta intensità,discreta intensità,2018,C0I,TG_19
797,OK,Il campione presenta note di frutta secca e grana.,"frutta secca, grana","frutta secca, grana",2018,C0I,TG_24
798,OK,Il campione presenta un aroma un po' erbaceo.,aroma un po erbaceo,aroma un po erbaceo,2018,C0N,TG_13
799,OK,Il campione è molto ossidato e cotto.,molto ossidato/ cotto,molto ossidato/ cotto,2018,C0N,TG_14
800,OK,Il campione presenta un'intensità poco intensa e note di cotto.,poco intenso cotto,poco intenso cotto,2018,C0N,Q_09
801,OK,Latte cotto.,latte cotto,latte cotto,2018,C0N,TG_11
802,OK,Crosta di formaggio.,crosta di formaggio,crosta di formaggio,2018,C0N,TG_15
803,OK,Lattico cotto.,lattico cotto,lattico cotto,2018,C0N,TG_35
804,OK,Il campione presenta un'intensità medio alta con note di animale.,animale intensità medio alta,animale intensità medio alta,2018,C0N,Q_02
805,OK,Lattici cotti.,"lattici cotti,","lattici cotti,",2018,C0N,TG_19
806,OK,Brodo e provolone.,"brodo, provolone","brodo, provolone",2018,C0N,TG_24
807,OK,Il campione non presenta caratteristiche tipiche del Grana Trentino.,non da grana,non da grana,2018,C0O,TG_26
808,OK,"Inizialmente si percepiscono note di burro e panna, seguite da una leggera ossidazione.","inizialmente burro epanna , lascia una coda di ossidato","inizialmente burro epanna , lascia una coda di ossidato",2018,C0O,TG_14
809,OK,Il campione presenta note di panna.,panna,panna,2018,C0O,Q_09
810,OK,"Leggermente bruciato, il campione risulta comunque insapore.","leggermente di pasta bruciata, comunque insapore","leggermente di pasta bruciata, comunque insapore",2018,C0O,TG_11
811,OK,Il campione presenta note di burro cotto.,burro cotto,burro cotto,2018,C0O,TG_15
812,OK,"Il campione mostra note di cotto e leggero tostato, con una nota di mandorla.","cotto  e leggero tostato, nota di mandola","cotto  e leggero tostato, nota di mandola",2018,C0O,TG_35
813,OK,Il campione presenta latte cotto e panna cotta con intensità medio alta.,latte cotto e panna cotta intensità medio alta,latte cotto e panna cotta intensità medio alta,2018,C0O,Q_02
814,OK,Lattici cotti.,"lattici cotti,","lattici cotti,",2018,C0O,TG_19
815,OK,"Il campione presenta note metalliche, non piacevoli.","metallico, non piacevole","metallico, non piacevole",2018,C0O,TG_24
816,OK,Il campione presenta frutta matura con intensità alta.,frutta matura intenistà alta,frutta matura intenistà alta,2018,C0A,Q_02
817,OK,"Il campione presenta latte e panna, ma con poche caratteristiche da Grana e leggera muffa.",latte panna ma poco da grana leggera muffa,latte panna ma poco da grana leggera muffa,2018,C0A,Q_09
818,OK,Il campione presenta note di burro.,burro,burro,2018,C0A,TG_11
819,OK,Il campione non è tipico del Grana Trentino.,non e- tipico del grana.,non e- tipico del grana.,2018,C0A,TG_13
820,OK,"Il campione presenta formaggio cotto piuttosto intenso, che può risultare fastidioso.","formaggio cotto piuttosto intenso, pu; dare fastidio","formaggio cotto piuttosto intenso, pu; dare fastidio",2018,C0A,TG_14
821,OK,Lattici cotti.,"lattici cotti,","lattici cotti,",2018,C0A,TG_19
822,OK,Principalmente lattico cotto.,principalmente lattico cotto,principalmente lattico cotto,2018,C0A,TG_35
823,OK,Il campione presenta un aroma fruttato con alta intensità.,frutta matura intensità alta,frutta matura intensità alta,2018,C0C,Q_02
824,OK,"Il campione presenta un aroma fermentato, non tipico del Grana Trentino.",odore fermentato non da trentingrana,odore fermentato non da trentingrana,2018,C0C,TG_04
825,OK,Crosta di formaggio.,crosta di formaggio,crosta di formaggio,2018,C0C,TG_11
826,OK,"Il campione presenta un aroma non tipico, con note nostrane.",non tipico. nostrano,non tipico. nostrano,2018,C0C,TG_13
827,OK,Il campione presenta un aroma di crosta e note ossidate.,crosta e ossidato.,crosta e ossidato.,2018,C0C,TG_14
828,OK,"Il campione presenta un aroma di latte cotto, molto neutro.","latte cotto, molto neutro","latte cotto, molto neutro",2018,C0C,TG_19
829,OK,Il campione presenta un aroma non tipico.,non tipico,non tipico,2018,C0C,TG_26
830,OK,Il campione presenta principalmente un sentore di lattico cotto.,principalmente sentore di lattico cotto,principalmente sentore di lattico cotto,2018,C0C,TG_35
831,OK,Cotto gorgonzola.,cotto gorgonzola,cotto gorgonzola,2018,C0E,Q_09
832,OK,Il campione presenta un aroma di latte cotto e note bruciate.,latte cotto&bruciato,latte cotto&bruciato,2018,C0E,TG_11
833,OK,"Il campione presenta un aroma di formaggio cotto e crosta, ma non fastidioso.","formaggio cotto e crosta, ma non fastidioso.","formaggio cotto e crosta, ma non fastidioso.",2018,C0E,TG_14
834,OK,"Il campione presenta un breve e iniziale sentore animale, seguito da crosta di grana e lattici cotti.","breve e iniziale sentore animale, poi crosta di grana, lattici cotti","breve e iniziale sentore animale, poi crosta di grana, lattici cotti",2018,C0E,TG_19
835,OK,Si percepisce un aroma difettoso.,diffettoso,diffettoso,2018,C0E,TG_26
836,OK,Brodo di carne e lattico cotto.,brodo di carne lalattico cotto,brodo di carne lalattico cotto,2018,C0E,TG_35
837,OK,Il campione presenta un aroma di latte acidificato e yogurt con alta intensità.,latte acidificato e yogurt intensità alta,latte acidificato e yogurt intensità alta,2018,C0G,Q_02
838,OK,Latte.,latte,latte,2018,C0G,Q_09
839,OK,"Il campione presenta una leggera crosta, per il resto neutro.","leggera crosta, per il resto neutro","leggera crosta, per il resto neutro",2018,C0G,TG_11
840,OK,"Il campione presenta un sentore di fermentato, non tipico del Grana Trentino.","sentore di fermentato, non tipico del grana","sentore di fermentato, non tipico del grana",2018,C0G,TG_13
841,OK,Brodo e formaggio cotto.,brodo e fromaggio cotto,brodo e fromaggio cotto,2018,C0G,TG_14
842,OK,Panna.,panna,panna,2018,C0G,TG_19
843,OK,"Permangono note di fermentato e lattici cotti, non freschi.",permangono note di fermentato e lattico cotto (non fresco),permangono note di fermentato e lattico cotto (non fresco),2018,C0G,TG_35
844,OK,"Intensità alta di stalla, frutta secca e fermentato.",stalla intensità alto;frutta secca intensità alto;fermentato alto,sstalla intensità alto;frutta secca intensità alto;fermentato alto,2018,C0N,Q_02
845,OK,Panna.,panna,panna,2018,C0N,Q_09
846,OK,Crosta di formaggio.,crosta di formaggio,crosta di formaggio,2018,C0N,TG_11
847,OK,"Aroma difettoso, non tipico del Grana Trentino.",aroma difettoso non tipico del grana.,aroma difettoso non tipico del grana.,2018,C0N,TG_13
848,OK,"Note di cotto, crosta e ossidato.","cotto, crosta, ossidato","cotto, crosta, ossidato",2018,C0N,TG_14
849,OK,Note vegetali amare e lattici cotti.,"note vegetali amare, lattici cotti","note vegetali amare, lattici cotti",2018,C0N,TG_19
850,OK,Sentori lattici prevalenti.,sentori lattici prevalenti,sentori lattici prevalenti,2018,C0N,TG_35
851,OK,Poco intenso.,poco,poco,2018,C0Q,Q_09
852,OK,Acido.,acido,acido,2018,C0Q,TG_11
853,OK,Crosta di formaggio e formaggio fuso.,"crosta di formaggio, formaggio fuso","crosta di formaggio, formaggio fuso",2018,C0Q,TG_13
854,OK,"Ossidato e vecchio, con note di stalla.","ossidato, vecchio, ancheun po' di stalla","ossidato, vecchio, ancheun po' di sstalla",2018,C0Q,TG_14
855,OK,Lattici cotti moderati.,lattici cotti moderati,lattici cotti moderati,2018,C0Q,TG_19
856,OK,Tostato e lattico cotto.,tostato e lattico cotto,tostato e lattico cotto,2018,C0Q,TG_35
857,OK,Formaggio cotto.,formaggio cotto,formaggio cotto,2018,C0F,Q_09
858,OK,Piuttosto neutro.,piuttosto neutro,piuttosto neutro,2018,C0F,TG_11
859,OK,Non tipico del Grana Trentino.,non tipico del grana.,non tipico del grana.,2018,C0F,TG_13
860,OK,Burro e leggero formaggio cotto.,burro e leggero fogmaggio cotto,burro e leggero fogmaggio cotto,2018,C0F,TG_14
861,OK,"Note aromatiche più tipiche del nostrano che del grana, formaggio cotto e crosta di formaggio.","note aromatiche pi\ tipiche del nostrano che del grana, formaggio cotto, crosta di formaggio","note aromatiche pi\ tipiche del nostrano che del grana, formaggio cotto, crosta di formaggio",2018,C0F,TG_20
862,OK,Lattico cotto e tostato.,lattico cotto e tostato,lattico cotto e tostato,2018,C0F,TG_35
863,OK,Leggero sentore di formaggio cotto.,leggero un po da formaggio cotto,leggero un po da formaggio cotto,2018,C0H,Q_09
864,OK,Crosta di formaggio.,crosta di formaggio,crosta di formaggio,2018,C0H,TG_11
865,OK,Crosta.,crosta,crosta,2018,C0H,TG_12
866,OK,"Crosta, cotto e ossidato.","crosta, cotto e ossidato","crosta, cotto e ossidato",2018,C0H,TG_14
867,OK,"Lattico prevalente, burro fuso, latte cotto, brodo di carne e nota vegetale di fieno.","lattico prevalente, burro fuso, latte cotto, brodo di carne, nota vegetale di fieno","lattico prevalente, burro fuso, latte cotto, brodo di carne, nota vegetale di fieno",2018,C0H,TG_20
868,OK,Formaggio fuso.,formaggio fuso,formaggio fuso,2018,C0H,TG_35
869,OK,Panna.,panna,panna,2018,C0I,Q_09
870,OK,L'intensita aromatica tende a zero.,tende a zero,tende a zero,2018,C0I,TG_04
871,OK,"Sentore di burro, con una leggera nota piccante.","sentore di burro, ma resta un po di piccante","sentore di burro, ma resta un po di piccante",2018,C0I,TG_11
872,OK,Burro fuso.,burro fuso,burro fuso,2018,C0I,TG_13
873,OK,"Crosta e ossidato, con note bruciate.","crosta e ossidato, bruciato","crosta e ossidato, bruciato",2018,C0I,TG_14
874,OK,"Frutta tropicale, ananas, frutta matura, quasi fermentata, con nota lattica di burro fuso.","frutta tropicale, ananas, frutta matura, quasi fermentata, nota lattica di burro fuso","frutta tropicale, ananas, frutta matura, quasi fermentata, nota lattica di burro fuso",2018,C0I,TG_20
875,OK,Lattico cotto.,lattico cotto,lattico cotto,2018,C0I,TG_35
876,OK,Crosta di formaggio.,crosta di formaggio,crosta di formaggio,2018,C0O,TG_11
877,OK,Non tipico del Grana.,non tipico del grana.,non tipico del grana.,2018,C0O,TG_13
878,OK,Burro fuso con note di formaggio cotto in coda.,"buro , burro fuso con note di formaggio cotto in coda","buro , burro fuso con note di formaggio cotto in coda",2018,C0O,TG_14
879,OK,"Latte cotto, burro fuso, crosta di formaggio, brodo e lieve nota ossidata.","latte cotto, burro fuso, crosta di formaggio, brodo, lieve nota ossidata","latte cotto, burro fuso, crosta di formaggio, brodo, lieve nota ossidata",2018,C0O,TG_20
880,OK,Fruttato tostato con panna e brodo.,fruttato tostato panna e brodo,fruttato tostato panna e brodo,2018,C0O,TG_35
881,OK,Poco intenso.,poco intenso,poco intenso,2018,C0Q,Q_09
882,OK,Una punta acida e crosta.,una punta acida e crosta,una punta acida e crosta,2018,C0Q,TG_11
883,ILLEGGIBILE,,legg stantio,legg stantio,2018,C0Q,TG_12
884,OK,"Erbaceo e vegetale, non del tutto tipico del Grana Trentino.","erbaceo, vegetale. non del tutto tipico del grana","erbaceo, vegetale. non del tutto tipico del grana",2018,C0Q,TG_13
885,OK,"Burroso ma anche lesso, ossidato, con crosta.","burro ma amche lesso, ossidato, crosta","burro ma amche lesso, ossidato, crosta",2018,C0Q,TG_14
886,OK,"Note lattiche più pronunciate che al naso, burro fuso e fruttato.","note lattiche pi\ pronunciate che al naso, burro fuso, fruttato","note lattiche pi\ pronunciate che al naso, burro fuso, fruttato",2018,C0Q,TG_20
887,OK,"Lattico cotto, tostato e leggero fruttato.",lattico cotto tostato e leggero fruttato,lattico cotto tostato e leggero fruttato,2018,C0Q,TG_35
888,OK,Latte cotto e burro bruciato.,latte cotto e burro bruciato,latte cotto e burro bruciato,2018,C0R,TG_11
889,OK,"Aroma non tipico del Grana Trentino, un po' nostrano.",aroma non tipico del grana. un po' nostrano,aroma non tipico del grana. un po' nostrano,2018,C0R,TG_13
890,OK,Latticini freschi.,latticini freschi,latticini freschi,2018,C0R,TG_14
891,OK,"Lattico di burro cotto, brodo e panna.","lattico di burro cotto, brodo, panna","lattico di burro cotto, brodo, panna",2018,C0R,TG_20
892,OK,Lattico cotto.,lattico cotto,lattico cotto,2018,C0R,TG_35
893,OK,"Aroma di muffa/fungo/crosta, intensità bassa che svanisce subito.",aroma di muffa/fungo/crosta intensità bassa (svanisce subito),aroma di muffa/fungo/crosta intensità bassa (svanisce subito),2018,C0A,Q_02
894,OK,Panna.,panna,panna,2018,C0A,Q_09
895,OK,"Lattici cotti, tostati e brodo di carne.","lattici cotti, tostati, brodo di carne","lattici cotti, tostati, brodo di carne",2018,C0A,TG_19
896,OK,"Lattico di panna, note di nostrano, propionico, fruttato e poco caratteristico.","lattico di panna, note di nostrano, propionico, fruttato, poco caratteristico","lattico di panna, note di nostrano, propionico, fruttato, poco caratteristico",2018,C0A,TG_20
897,OK,Poco intenso e persistente: fruttato e lattico cotto.,poco intenso e persistente: fruttato e lattico cotto,poco intenso e persistente: fruttato e lattico cotto,2018,C0A,TG_35
898,OK,Animale medio alto.,animale medio alto,animale medio alto,2018,C0C,Q_02
899,OK,Crosta di muffa.,crosta muffa,crosta muffa,2018,C0C,Q_09
900,OK,Ancora taleggio o gorgonzola.,ancora taleggio/gorgonzola,ancora taleggio/gorgonzola,2018,C0C,TG_04
901,OK,"Non tipico del grana, nostrano.","non tipico del grana, nostrano","non tipico del grana, nostrano",2018,C0C,TG_13
902,OK,"Il campione presenta note di lattici cotti e formaggio cotto, con una crosta di grana e un leggero stantio finale.","lattici cotti, formaggio cotto, crosta di grana, leggero stantio finale","lattici cotti, formaggio cotto, crosta di grana, leggero stantio finale",2018,C0C,TG_19
903,OK,"Non caratteristico, ricorda un formaggio svizzero, con note fruttate e di latte cotto.","non caratteristico, di formaggio svizzero, fruttato, latte cotto","non caratteristico, di formaggio svizzero, fruttato, latte cotto",2018,C0C,TG_20
904,OK,L'aroma è caratterizzato da un profilo lattico cotto poco intenso e meno persistente.,aroma lattico cotto poco intenso e ancormeno persistente,aroma lattico cotto poco intenso e ancormeno persistente,2018,C0C,TG_35
905,OK,Non tipico del grana.,non tipico del grana,non tipico del grana,2018,C0E,TG_13
906,OK,Il campione presenta un'eccessiva presenza di lattici cotti.,"troppi lattici cotti,","troppi lattici cotti,",2018,C0E,TG_19
907,OK,"Sono presenti note lattiche fermentate, con un aroma ossidato e sentori di sapone.","note lattiche fermentate, ossiadto, sapone","note lattiche fermentate, ossidato, sapone",2018,C0E,TG_20
908,OK,Il campione presenta un aroma di latte acido.,latte acido,latte acido,2018,C0E,TG_35
909,OK,L'aroma è caratterizzato da note di brodo vegetale.,brodo vegetale,brodo vegetale,2018,C0L,Q_09
910,OK,"Si percepisce un leggero sentore di cotto, quasi bruciato.","leggero sentore di cotto, quasi bruciato","leggero sentore di cotto, quasi bruciato",2018,C0L,TG_13
911,OK,Il campione presenta sentori di caffellatte che confermano gli odori.,"caffellatte, conferma gli odori","caffellatte, conferma gli odori",2018,C0L,TG_19
912,OK,"Sono presenti note di caramello, di pasticceria, con un aroma cotto dominante e poco complesso.","nota di caramello, di pasticceria, cotto dominante, poco complesso","nota di caramello, di pasticceria, cotto dominante, poco complesso",2018,C0L,TG_20
913,OK,"Il campione presenta sentori di cantina, tostatura o fumo.","cantina, tostatura o fumo","cantina, tostatura o fumo",2018,C0L,TG_35
914,OK,L'aroma di latte è caratterizzato da un'intensità alta.,latte intensità alta,latte intensità alta,2018,C0M,Q_02
915,OK,"Si percepisce un po' di latte fermentato, latte cotto e note di erbe.","un po' di latte fermentato, latte cotto, erbe","un po' di latte fermentato, latte cotto, erbe",2018,C0M,TG_19
916,OK,"Il campione presenta note di panna e burro cotto, risultando gradevole.","panna, burro cotto, gradevole","panna, burro cotto, gradevole",2018,C0M,TG_20
917,OK,Gli aromi sono leggeri e poco persistenti.,aromi leggeri e poco persistenti,aromi leggeri e poco persistenti,2018,C0M,TG_35
918,OK,Il campione presenta un aroma di burro fuso.,burro fuso,burro fuso,2018,C0N,TG_13
919,OK,"Sono presenti note di panna, burro sciolto, brodo e una lieve nota proprionica o di formaggio svizzero.","panna, burro sciolto, brodo, lieve nota proprionica o di formaggio svizzero","panna, burro sciolto, brodo, lieve nota proprionica o di formaggio svizzero",2018,C0N,TG_20
920,OK,"Il campione presenta principalmente sentori lattici, latte cotto e note fruttate.","Principalmente sentori lattici, latte cotto e fruttato","Principalmente sentori lattici, latte cotto e fruttato",2018,C0N,TG_35
921,OK,Fermentato leggero.,fermentato leggero,fermentato leggero,2018,C0A,Q_02
922,OK,Sapore di panna.,panna,panna,2018,C0A,Q_09
923,OK,Note tostate e di brodo.,tostato e brodo,tostato e brodo,2018,C0A,TG_11
924,OK,Nostrano.,nostrano,nostrano,2018,C0A,TG_13
925,OK,Note di formaggio cotto piacevoli.,note id formaggio cotto piacevoli,note id formaggio cotto piacevoli,2018,C0A,TG_14
926,OK,Sapore di lattici cotti e carne lessa.,"lattici cotti, carne lessa","lattici cotti, carne lessa",2018,C0A,TG_19
927,OK,Grana tipico.,grana tipico...,grana tipico...,2018,C0A,TG_24
928,ILLEGGIBILE,,non del tutto positivo,non del tutto positivo,2018,C0A,TG_26
929,OK,Provolone piccante in modo moderato.,provolone piccante moderato,provolone piccante moderato,2018,C0C,Q_02
930,OK,"Crosta di formaggio, stantio.","crosta di formaggio, stantio","crosta di formaggio, stantio",2018,C0C,TG_11
931,OK,Non tipico del Grana Trentino.,non tipico del grana,non tipico del grana,2018,C0C,TG_13
932,OK,Crosta di formaggio intensa.,crosta di formaggio intensa,crosta di formaggio intensa,2018,C0C,TG_14
933,OK,Noce come retrogusto.,noce come retrogusto...,noce come retrogusto...,2018,C0C,TG_24
934,OK,"Non tipico, da formaggio diverso.","non tipico, da formaggio diverso","non tipico, da formaggio diverso",2018,C0C,TG_26
935,OK,Latte cotto forte; frutta secca forte.,latte cotto forte;frutta secca forte,latte cotto forte;frutta secca forte,2018,C0G,Q_02
936,OK,Sapore di vegetale cotto.,vegetale cotto,vegetale cotto,2018,C0G,Q_09
937,OK,Crosta di formaggio.,crosta di formaggio,crosta di formaggio,2018,C0G,TG_11
938,OK,Leggere note di cotto e crosta.,leggere note di cotto/crosta,leggere note di cotto/crosta,2018,C0G,TG_14
939,OK,Sapore di brodo.,brodo,brodo,2018,C0G,TG_24
940,OK,Leggermente tostato.,legg tostato,legg tostato,2018,C0G,TG_26
941,OK,Il campione presenta note di latte cotto forte.,latte cotto forte,latte cotto forte,2018,C0H,Q_02
942,OK,Il campione mostra un aroma di panna.,panna,panna,2018,C0H,Q_09
943,OK,Il campione ha note tostate e di crosta di formaggio.,"tostato, crosta di formaggio","tostato, crosta di formaggio",2018,C0H,TG_11
944,ILLEGGIBILE,,"coot, bruciato, crosta","coot, bruciato, crosta",2018,C0H,TG_14
945,OK,Il campione presenta note fermentate e di cotti.,"fermentato, cotti,","fermentato, cotti,",2018,C0H,TG_19
946,OK,Nota di gorgonzola poco piacevole.,nota da gorgonzola non piacevole...,nota da gorgonzola non piacevole...,2018,C0H,TG_24
947,OK,Il campione ha un aroma di frutta secca forte e un moderato sentore di brodo.,frutta secca forte;brodo moderato,frutta secca forte;brodo moderato,2018,C0M,Q_02
948,OK,Il campione mostra note di cotto e crosta.,cotto crosta,cotto crosta,2018,C0M,Q_09
949,OK,Povero rispetto al naso.,povero rispetto a lnaso,povero rispetto a lnaso,2018,C0M,TG_04
950,OK,Il campione presenta note tostate e un aroma vecchio.,"tostato, vecchio","tostato, vecchio",2018,C0M,TG_11
951,OK,Il campione ha note di cotto e una leggera presenza di animale.,"cotto, leggemrente animale","cotto, leggemrente animale",2018,C0M,TG_14
952,ILLEGGIBILE,,"accanto ai lattici cotti, anche marcio, putrido","accanto ai lattici cotti, anche marcio, putrido",2018,C0M,TG_19
953,OK,Il campione mostra un aroma burroso e di brodo.,"burroso, brodo..","burroso, brodo..",2018,C0M,TG_24
954,OK,"Non da grana, presenta un difetto.",non da grana difetto,non da grana difetto,2018,C0M,TG_26
955,OK,Il campione presenta un aroma animale forte.,animale forte,animale forte,2018,C0N,Q_02
956,OK,Il campione ha note di cotto.,cotto,cotto,2018,C0N,Q_09
957,OK,Il campione mostra una leggera crosta di formaggio.,leggera crosta di formaggio,leggera crosta di formaggio,2018,C0N,TG_11
958,OK,Il campione presenta note di burro fuso.,burro fuso,burro fuso,2018,C0N,TG_13
959,OK,Il campione ha note di crosta e cotto.,crosta e cotto,crosta e cotto,2018,C0N,TG_14
960,OK,Il campione presenta note di formaggio cotto e latte cotto.,"formaggio cotto, latte cotto,","formaggio cotto, latte cotto,",2018,C0N,TG_19
961,OK,Sapore di grana e burro.,"grana, burro","grana, burro",2018,C0N,TG_24
962,OK,Sapore di panna.,panna,panna,2018,C0A,Q_09
963,OK,"L'aroma presenta note ossidate, con una leggera intensità.",stantio,stantio,2018,C0A,TG_11
964,OK,"Il campione mostra una discreta intensità, con note di lattici cotti.","Discreta intensità, lattici cotti,","Discreta intensità, lattici cotti,",2018,C0A,TG_19
965,OK,"L'aroma è dominato da latte cotto, poco complesso, con una lieve nota ossidata.","domina il latte cotto, poco complesso, in bocca torna la lieve nota di tele bagnate, nota ossidata","domina il latte cotto, poco complesso, in bocca torna la lieve nota di tele bagnate, nota ossidata",2018,C0A,TG_20
966,OK,Formaggio stagionato.,formaggio stagionato,formaggio stagionato,2018,C0A,TG_24
967,OK,Si percepisce una leggera nota di latte acido.,un po di latte acido,un po di latte acido,2018,C0A,TG_35
968,OK,Sapore di panna.,panna,panna,2018,C0D,Q_09
969,ILLEGGIBILE,,megilo del naso,megilo del naso,2018,C0D,TG_04
970,OK,L'aroma è caratterizzato da una leggera piccantezza.,pochissimo piccante,pochissimo piccante,2018,C0D,TG_11
971,OK,"L'aroma è fermentato e vegetale, non caratteristico né piacevole.","fermentato, vegetale, non caratteristico ne piacevole","fermentato, vegetale, non caratteristico ne piacevole",2018,C0D,TG_13
972,OK,"Moderato aroma, con prevalenza di lattico cotto e formaggio cotto.","Moderato aroma, soprattutto lattico cotto, formaggio cotto","Moderato aroma, soprattutto lattico cotto, formaggio cotto",2018,C0D,TG_19
973,OK,"L'aroma è poco complesso, con note di burro fuso e latte cotto, e una nota animale.","poco complesso, lattico di burro fuso e latte cotto, nota animale di lettiera","poco complesso, lattico di burro fuso e latte cotto, nota animale di lettiera",2018,C0D,TG_20
974,OK,Si percepiscono note di brodo e fieno.,"brodo, fieno","brodo, fieno",2018,C0D,TG_24
975,OK,L'aroma presenta latte acido e una leggera fermentazione.,latte acido e leggera fermentazione,latte acido e leggera fermentazione,2018,C0D,TG_35
976,OK,Panna vegetale.,panna vegetale,panna vegetale,2018,C0E,Q_09
977,CONFORME,"Il campione è conforme, con un aroma completamente neutro che non presenta caratteristiche distintive.",completamente neutro,completamente neutro,2018,C0E,TG_11
978,OK,L'aroma è piacevole ma poco tipico del Grana Trentino.,piacevole ma poco tipico del grana,piacevole ma poco tipico del grana,2018,C0E,TG_13
979,OK,"L'aroma non è del tutto positivo e caratteristico, ma risulta leggero.","aroma non del tutto positivo e caratteristico, ma leggero","aroma non del tutto positivo e caratteristico, ma leggero",2018,C0E,TG_19
980,OK,"Si percepiscono note di panna acida, panna fresca, burro fresco e formaggio fuso, ma non sono molto caratteristiche.","panna acida, panna fresca, burro fresco, formaggio fuso, non molto caratteristico","panna acida, panna fresca, burro fresco, formaggio fuso, non molto caratteristico",2018,C0E,TG_20
981,OK,Sapore di grana e burro.,"grana, burro","grana, burro",2018,C0E,TG_24
982,OK,Sentori lattici.,lsentori lattici,lsentori lattici,2018,C0E,TG_35
983,OK,Il campione presenta note di panna.,panna,panna,2018,C0H,Q_09
984,OK,Ritorna la crosta.,ritorna la crosta,ritorna la crosta,2018,C0H,TG_11
985,OK,Il campione mostra segni di fermentazione.,fermentazione,fermentazione,2018,C0H,TG_12
986,OK,Il campione è poco tipico del Grana Trentino.,poco tipico del grana,poco tipico del grana,2018,C0H,TG_13
987,OK,Il campione è abbastanza intenso e caratteristico.,abbastanza intenso e caratteristico,abbastanza intenso e caratteristico,2018,C0H,TG_19
988,OK,"In bocca si percepiscono note lattiche più che al naso, con sentori di panna cotta, burro fuso e una nota fruttata molto presente.","in bocca piu lattico che al naso, panna cotta, burro fuso, molto grasso, torna la nota fruttata","in bocca piu lattico che al naso, panna cotta, burro fuso, molto grasso, torna la nota fruttata",2018,C0H,TG_20
989,OK,Il campione presenta note di tostatura.,tostatura,tostatura,2018,C0H,TG_24
990,OK,Il campione ha un'intensità positiva.,intenso positivo,intenso positivo,2018,C0H,TG_26
991,OK,Il campione mostra note di lattico cotto.,lattico cotto,lattico cotto,2018,C0H,TG_35
992,OK,Il campione presenta note di panna.,panna,panna,2018,C0M,Q_09
993,OK,Il campione è neutro e non lascia tracce.,"neutro, non lascia tracce","neutro, non lascia tracce",2018,C0M,TG_11
994,OK,"Non è grana, non è tipico.",non grana. non tipico,non grana. non tipico,2018,C0M,TG_13
995,OK,"L'intensità è molto leggera, con note vegetali e lievemente fruttate.","Intensità molto leggera, anche vegetale, lievemente fruttata","Intensità molto leggera, anche vegetale, lievemente fruttata",2018,C0M,TG_19
996,OK,"Il campione è poco caratteristico, con note di burro cotto e latte cotto, ma presenta anche note propioniche e di nostrano, fruttate.","poco caratteristico, burro cotto e latte cotto ma note propioniche e di nostrano, fruttate","poco caratteristico, burro cotto e latte cotto ma note propioniche e di nostrano, fruttate",2018,C0M,TG_20
997,OK,Il campione non è piacevole.,non piacevole,non piacevole,2018,C0M,TG_24
998,OK,Non ha caratteristiche da grana.,non da grana,non da grana,2018,C0M,TG_26
999,OK,Il campione mostra note di lattico cotto.,lattico cotto,lattico cotto,2018,C0M,TG_35
1000,OK,Il campione presenta note di panna e vegetale.,panna e vegetale,panna e vegetale,2018,C0Q,Q_09
1001,OK,Aroma di burro bruciato.,burro bruciato,burro bruciato,2018,C0Q,TG_11
1002,OK,Aroma di burro fuso.,burro fuso,burro fuso,2018,C0Q,TG_13
1003,OK,Aroma di intensità media.,"Medio intenso,","Medio intenso,",2018,C0Q,TG_19
1004,OK,"Aroma più caratteristico al naso, con note di burro fuso, formaggio cotto, crosta di formaggio e una nota fruttata.","piu caratteristico che al naso, burro fuso, formaggio cotto, crosta di formaggio, ritorna la nota fruttata","piu caratteristico che al naso, burro fuso, formaggio cotto, crosta di formaggio, ritorna la nota fruttata",2018,C0Q,TG_20
1005,OK,Sentori di burro e brodo.,"burro, brodo","burro, brodo",2018,C0Q,TG_24
1006,OK,Sentori latici.,sentori latici,sentori latici,2018,C0Q,TG_35
1007,OK,Aroma di cotto.,cotto,cotto,2018,C0A,Q_09
1008,OK,Aroma di brodo di carne.,brodo di carne,brodo di carne,2018,C0A,TG_14
1009,OK,"Aroma di latte cotto e burro cotto prevalenti, caratteristico ma poco complesso.","latte cotto e burro cotto prevalenti, caratteristico ma poco complesso","latte cotto e burro cotto prevalenti, caratteristico ma poco complesso",2018,C0A,TG_19
1010,OK,Aroma di sedano.,sedano,sedano,2018,C0A,TG_20
1011,OK,Aroma di latte poco da grana.,latte poco da grana,latte poco da grana,2018,C0B,Q_09
1012,OK,Aroma leggermente stantio.,legg stantio,legg stantio,2018,C0B,TG_11
1013,OK,"Aroma caratteristico, mediamente intenso, con buone note lattiche e una lieve nota propionica.","caratteristico, mediamente intenso, con buone note lattiche e forse lieve nota proprionica","caratteristico, mediamente intenso, con buone note lattiche e forse lieve nota proprionica",2018,C0B,TG_19
1014,OK,"Aroma tostato, con note di erbe amare, lattico cotto e crosta di formaggio.","tostati, erbe amare, lattico cotto, crosta di formaggio","tostati, erbe amare, lattico cotto, crosta di formaggio",2018,C0C,TG_14
1015,OK,"Aroma poco complesso con note di formaggio cotto e crosta di formaggio, forse un po' ossidato.","poco complesso con note di formaggio cotto e crosta di formaggio, forse un po passato","poco complesso con note di formaggio cotto e crosta di formaggio, forse un po ossidato",2018,C0C,TG_19
1016,OK,Aroma di cotto.,cotto,cotto,2018,C0G,Q_09
1017,OK,"Aroma di vegetale fermentato, cotto e crosta.","vegetale fermentato, cotto, crosta,","vegetale fermentato, cotto, crosta,",2018,C0G,TG_14
1018,OK,"Note di brodo dominanti, con sentori di dado e sedano.","note di brodo domiannti, dado, sedano","note di brodo domiannti, dado, sedano",2018,C0G,TG_19
1019,OK,Aroma di propionico fermentato.,propionico fermentato,propionico fermentato,2018,C0G,TG_20
1020,OK,"Aroma di latte animale e letame, poco da grana.",latte animale/letame  poco da grana,latte animale/letame  poco da grana,2018,C0L,Q_09
1021,OK,Burro fuso.,burro fuso,burro fuso,2018,C0L,TG_13
1022,OK,"Lattici cotti, tostati, erbaceo, brodo vegetale e animale.","lattici cotti, tostati, erbaceo, brodo vegetale e animale","lattici cotti, tostati, erbaceo, brodo vegetale e animale",2018,C0L,TG_14
1023,OK,"Lattico evoluto, burro fuso, fieno, brodo, caratteristico.","lattico evoluto, burro fuso, fieno, brodo, caratteristico","lattico evoluto, burro fuso, fieno, brodo, caratteristico",2018,C0L,TG_19
1024,OK,Cotto.,cotto,cotto,2018,C0N,Q_09
1025,OK,"Ossidato, vecchio, non gradevole.","ossidato, vecchio. non gradevole","ossidato, vecchio. non gradevole",2018,C0N,TG_13
1026,OK,"Cotto quasi bruciato, legna secca vecchia.","cotto quasi bruciato, legna secca vecchia","cotto quasi bruciato, legna secca vecchia",2018,C0N,TG_14
1027,OK,Atipico come al naso.,atipico come al naso,atipico come al naso,2018,C0N,TG_19
1028,OK,"Tostato, latte cotto, intensità leggera.","tostato, latte cotto intensità leggera","tostato, latte cotto intensità leggera",2018,C0A,Q_02
1029,OK,Panna.,panna,panna,2018,C0A,Q_09
1030,OK,Crosta di formaggio.,crosta di formaggio,crosta di formaggio,2018,C0A,TG_11
1031,OK,Burro fuso e formaggio cotto.,burro fuso e formaggio cotto,burro fuso e formaggio cotto,2018,C0A,TG_14
1032,OK,"In bocca prevale il lattico rispetto al naso, panna, burro cotto, torna la nota di cristalli di formaggio.","in bocca pi\ lattico che al naso, panna, burro cotto, torna la nota di crista di formaggio","in bocca pi\ lattico che al naso, panna, burro cotto, torna la nota di crista di formaggio",2018,C0A,TG_20
1033,OK,"Crosta di formaggio, tostato, panna, intensità leggera.","crosta di formaggio, tostato, panna  intensità leggero","crosta di formaggio, tostato, panna  intensità leggero",2018,C0C,Q_02
1034,OK,Panna e nota animale.,panna + animale,panna + animale,2018,C0C,Q_09
1035,OK,Crosta di formaggio.,crosta di formaggio,crosta di formaggio,2018,C0C,TG_11
1036,OK,"Prevalentemente lattico di burro fuso e burro cotto, gradevole nota animale di glutammato.","prevalentemente lattico di burro fuso e burro cotto, gradevole nota animale di glutammato","prevalentemente lattico di burro fuso e burro cotto, gradevole nota animale di glutammato",2018,C0C,TG_20
1037,OK,Non del tutto positivo.,non del tutto positivo,non del tutto positivo,2018,C0C,TG_26
1038,OK,"Tostato leggero, crosta di formaggio.","tostato leggero, crosta formaggio","tostato leggero, crosta formaggio",2018,C0E,Q_02
1039,OK,"Latte cotto, tostato.","latte cotto, tostato","latte cotto, tostato",2018,C0E,TG_11
1040,OK,"Crosta, molto cotto e tostato.","crosta, molto cotto e tostato","crosta, molto cotto e tostato",2018,C0E,TG_14
1041,OK,"Le note aromatiche sono poco caratteristiche, con crosta di formaggio, formaggio cotto, tela bagnata e acqua stagnante, ma è presente una nota lattica di burro.","note aromatiche poco caratteristiche, crosta di formaggio, formaggio cotto, tela bagnata, acqua stagnante, comunque presente nota lattica di buroo","note aromatiche poco caratteristiche, crosta di formaggio, formaggio cotto, tela bagnata, acqua stagnante, comunque presente nota lattica di buroo",2018,C0E,TG_20
1042,OK,Il campione presenta un'intensità leggera e moderata con note di siero acido e yogurt.,siero acido yogurt intensità leggero moderata,siero acido yogurt intensità leggero moderata,2018,C0G,Q_02
1043,OK,Il campione presenta note di latte ossidato.,latte  ossidato,latte  ossidato,2018,C0G,Q_09
1044,OK,Sapore di latte.,latte,latte,2018,C0G,TG_11
1045,OK,"Il campione presenta note di bruciato e stalla, risultando insieme abbastanza disgustoso.","bruciato e stalla, insieme abbastanza digustoso","bruciato e sstalla, insieme abbastanza digustoso",2018,C0G,TG_14
1046,OK,"Il campione è prevalentemente lattico, con note pannose, di burro fuso e brodo di pollo.","prevalentemente lattico, pannoso, burro fuso, brodo di pollo","prevalentemente lattico, pannoso, burro fuso, brodo di pollo",2018,C0G,TG_20
1047,OK,Il campione presenta un aroma tostato leggero.,tostato leggero,tostato leggero,2018,C0Q,Q_02
1048,OK,Il campione è poco intenso ma non presenta difetti.,poco intenso ma non difetti,poco intenso ma non difetti,2018,C0Q,Q_09
1049,OK,Crosta di formaggio e pasta cotta.,crosta di formaggio&pasta cotta,crosta di formaggio&pasta cotta,2018,C0Q,TG_11
1050,OK,Il campione presenta un leggero sentore di formaggio cotto.,leggero sentore di formaggio cotto,leggero sentore di formaggio cotto,2018,C0Q,TG_14
1051,OK,"Il campione è poco caratteristico, con note di stantio e formaggio ossidato, ma presenta comunque la nota lattica di burro fuso.","poco caratteristico, stantio, formaggio passato, presente comunque la nota lattica di burro fuso","poco caratteristico, stantio, formaggio ossidato, presente comunque la nota lattica di burro fuso",2018,C0Q,TG_20
1052,OK,"Il campione presenta note propioniche, non positive.","propionico, non positivo","propionico, non positivo",2018,C0Q,TG_26
1053,OK,Il campione presenta note di yogurt e tostato leggero con intensità leggera.,"yogurt, tostato leggero intensità leggera","yogurt, tostato leggero intensità leggera",2018,C0R,Q_02
1054,OK,Latte che non ha caratteristiche da grana.,latte non da grana,latte non da grana,2018,C0R,Q_09
1055,OK,Il campione presenta note di burro.,burro,burro,2018,C0R,TG_11
1056,OK,Il campione presenta note di formaggio cotto e burro fuso.,formaggio cotto e burro fuso,formaggio cotto e burro fuso,2018,C0R,TG_14
1057,OK,"Il campione è poco intenso, grasso, con note lattiche di panna e formaggio fuso, simile a un formaggino.","poco intenso, grasso, note lattiche di panna con formaggio fuso, formaggino","poco intenso, grasso, note lattiche di panna con formaggio fuso, formaggino",2018,C0R,TG_20
1058,OK,Il campione presenta note di latte cotto con intensità leggera.,latte cotto intensità leggera,latte cotto intensità leggera,2018,C0C,Q_02
1059,OK,Il campione presenta note di panna.,panna,panna,2018,C0C,Q_09
1060,OK,Il campione presenta note di burro e latte bruciato.,burro e latte bruciato,burro e latte bruciato,2018,C0C,TG_11
1061,OK,Mi sembra un provolone.,mi sembra provolone,mi sembra provolone,2018,C0C,TG_13
1062,OK,"L'aroma è abbastanza piatto, con note di burro fuso e formaggio cotto.","aroma abbastanza piatto, con note di burro fuso e formaggio cotto","aroma abbastanza piatto, con note di burro fuso e formaggio cotto",2018,C0C,TG_14
1063,OK,L'aroma presenta note di latte cotto.,latte cotto,latte cotto,2018,C0C,TG_15
1064,OK,L'aroma è caratterizzato da lattici cotti.,Lattici cotti,Lattici cotti,2018,C0C,TG_19
1065,OK,L'aroma è di lattico cotto.,lattico cotto,lattico cotto,2018,C0C,TG_35
1066,OK,L'aroma di latte cotto e crosta di formaggio ha un'intensità leggera; si percepiscono note di frutta secca e tostato con intensità leggera.,latte coto e crosta formaggio intensità leggera;futta secca e tostato intensità leggera,latte coto e crosta formaggio intensità leggera;futta secca e tostato intensità leggera,2018,C0I,Q_02
1067,OK,L'aroma presenta note di panna.,panna,panna,2018,C0I,Q_09
1068,OK,"L'aroma è di latte, con un retrogusto di yogurt.","latte, resta il sapore di yoghurt","latte, resta il sapore di yoghurt",2018,C0I,TG_11
1069,OK,"L'aroma è ossidato e fermentato, con sentori di formaggio vecchio.","ossidato, fermentato. aroma di formaggio vecchio","ossidato, fermentato. aroma di formaggio vecchio",2018,C0I,TG_13
1070,OK,"L'aroma presenta note di stalla, crosta e ossidato.","stalla, corsta e ossidato","sstalla, corsta e ossidato",2018,C0I,TG_14
1071,OK,L'aroma è di latte cotto con sentori di fiori.,"latte cotto, fiori","latte cotto, fiori",2018,C0I,TG_15
1072,OK,L'aroma è caratterizzato da tostati decisi e lattici cotti.,"Tostati decisi, lattici cotti","Tostati decisi, lattici cotti",2018,C0I,TG_19
1073,OK,"L'aroma presenta note di dado, brodo e frutta tropicale, con una leggera nota di formaggio cotto.","dato, brodo e frutta (tropicale), nota leggera di formaggio cotto","dato, brodo e frutta (tropicale), nota leggera di formaggio cotto",2018,C0I,TG_35
1074,OK,"L'aroma torna a presentare una nota animale, forse fermentata, come nella prima olfazione.","torna, come da prima olfazione, una nota quantomeno animale, forse fermentata","torna, come da prima olfazione, una nota quantomeno animale, forse fermentata",2018,C0M,TG_04
1075,OK,L'aroma è di panna e burro.,panna&burro,panna&burro,2018,C0M,TG_11
1076,OK,L'aroma è piacevole ma poco tipico.,piacevole ma poco tipico,piacevole ma poco tipico,2018,C0M,TG_13
1077,OK,L'aroma presenta note di formaggio cotto.,note di formaggio cotto,note di formaggio cotto,2018,C0M,TG_14
1078,OK,L'aroma è di latte cotto e crosta di formaggio.,"latte cotto, crosta di formaggio","latte cotto, crosta di formaggio",2018,C0M,TG_15
1079,OK,"L'aroma è di brodo grasso di carne, tostati e lattici cotti.","Brodo grasso di carne, tostati, lattici cotti","Brodo grasso di carne, tostati, lattici cotti",2018,C0M,TG_19
1080,OK,"L'aroma è molto lattico, con note di panna e burro fresco.","molto latttico, panna e burro fresco","molto latttico, panna e burro fresco",2018,C0M,TG_35
1081,OK,Il campione presenta un aroma di latte cotto con intensità leggera.,latte cotto intensità leggera,latte cotto intensità leggera,2018,C0N,Q_02
1082,OK,Il campione mostra un aroma di pasta cotta.,pasta cotta,pasta cotta,2018,C0N,TG_11
1083,OK,Il campione ha un aroma debole di cotto.,"debole, cotto.","debole, cotto.",2018,C0N,TG_13
1084,OK,"Crosta e ossidazione molto leggera, con latticino fresco tipo quark.","crosta e ossidato molto leggero, latticino fresco tipo quark","crosta e ossidato molto leggero, latticino fresco tipo quark",2018,C0N,TG_14
1085,OK,Il campione presenta note di latte cotto e crosta.,"latte cotto, crosta","latte cotto, crosta",2018,C0N,TG_15
1086,OK,"Il campione mostra un aroma di cotto, crosta di grana e brodo di carne.","Cotto, crosta di grana, brodo di carne","Cotto, crosta di grana, brodo di carne",2018,C0N,TG_19
1087,OK,Il campione ha un aroma di lattico cotto.,lattico cotto,lattico cotto,2018,C0N,TG_35
1088,OK,Il campione presenta un aroma tostato leggero con note di frutta secca di intensità leggera.,tostato leggero e frutta secca intensità leggera,tostato leggero e frutta secca intensità leggera,2018,C0O,Q_02
1089,OK,Sapore vegetale con panna.,vegetale + panna,vegetale + panna,2018,C0O,Q_09
1090,OK,Sapore di fungo.,fungo,fungo,2018,C0O,TG_04
1091,OK,Sapore di latte e brodo.,latte e brodo,latte e brodo,2018,C0O,TG_11
1092,OK,Sapore di cavolfiore.,cavolfiore,cavolfiore,2018,C0O,TG_12
1093,OK,Il campione presenta un aroma non tipico con una leggera punta di rancido.,"non tipico, leggera punta di rancido...","non tipico, leggera punta di rancido...",2018,C0O,TG_13
1094,OK,Il campione mostra un aroma di formaggio molto cotto/bruciato con intensità leggera.,formaggio molto cotto/bruciato con intensità leggera,formaggio molto cotto/bruciato con intensità leggera,2018,C0O,TG_14
1095,OK,Il campione presenta un aroma di latte bruciato.,latte bruciato,latte bruciato,2018,C0O,TG_15
1096,OK,Il campione ha note di lattici cotti e leggero brodo.,"lattici cotti, leggero brodo","lattici cotti, leggero brodo",2018,C0O,TG_19
1097,OK,Il campione presenta una nota di cotto quasi affumicato.,nota di cotto quasi affumicato,nota di cotto quasi affumicato,2018,C0O,TG_35
