id,classe,caption,commento_raw,commento_prenorm,anno,prodotto,panelista,peso
1,FUORI_ATTRIBUTO,Ci sono macchie rosate difficili da vedere.,Macchie rosate difficili da vedere,Macchie rosate difficili da vedere,2019,C0C,Q_02,1.0
2,FUORI_ATTRIBUTO,C'è un alone quasi bianco di 1 cm.,Alone quasi bianco di 1cm,Alone quasi bianco di 1cm,2019,C0F,TG_28,1.0
3,FUORI_ATTRIBUTO,Si osserva una fascia bianca con una zona rosa diffusa.,Fascia bianca con zona diffusa rosa,Fascia bianca con zona diffusa rosa,2019,C0G,Q_09,1.0
4,ILLEGGIBILE,,Peccato,Peccato,2019,C0G,TG_19,1.0
5,FUORI_ATTRIBUTO,Ci sono molte macchie rosa che formano una fascia.,Molte macchie rosa che ddanno una Fascia,Molte macchie rosa che ddanno una Fascia,2019,C0L,Q_09,1.0
6,FUORI_ATTRIBUTO,C'è una fascia più chiara sotto un piatto.,Fascia più chiara sotto 1 piatto,Fascia più chiara sotto 1 piatto,2019,C0Q,Q_09,1.0
7,OK,Il campione presenta un alone centrale molto carico.,Alone  centrale  molto carico,Alone  centrale  molto carico,2019,C0D,TG_28,1.0
8,OK,Il campione presenta un alone centrale rosato.,Alone centrale  rosato,Alone centrale  rosato,2019,C0N,TG_28,1.0
9,CONFORME,"Il campione presenta una pasta con una colorazione anomala, caratterizzata da una macchia grigio-rosa.",Macchia grigio rosa NON CONFORME,Macchia grigio rosa NON CONFORME,2019,C0F,Q_02,0.5
10,OK,"Il campione presenta una piccola macchia rosa, mentre il resto è più che discreto.","Piccola macchia rosa, più che discreto il resto","Piccola macchia rosa, più che discreto il resto",2019,C0O,TG_19,1.0
11,OK,Il campione presenta un alone rosa centrale.,Alone rosa centrale,Alone rosa centrale,2019,C0H,Q_09,1.0
12,OK,Il campione presenta un alone centrale rosato.,Alone centrale rosato,Alone centrale rosato,2019,C0M,TG_28,1.0
13,FUORI_ATTRIBUTO,Ci sono numerose e grosse macchie rosate.,Numerose e grosse macchie rosate,Numerose e grosse macchie rosate,2019,C0O,TG_28,1.0
14,FUORI_ATTRIBUTO,L'alone è più verso un piatto che al centro.,Alone più verso un piatto che centrale,Alone più verso un piatto che centrale,2019,C0C,TG_28,1.0
15,OK,Il campione presenta un alone tendente al rosato.,Alone tendente al rosato,Alone tendente al rosato,2019,C0C,TG_19,1.0
16,FUORI_ATTRIBUTO,C'è una macchia grigio-verde e una fascia più chiara sotto un piatto.,Una macchia grigio verde e fascia più chiara sotto un piatto,Una macchia grigio verde e fascia più chiara sotto un piatto,2019,C0M,Q_09,1.0
17,FUORI_ATTRIBUTO,C'è una piccola macchia scura.,Una piccola macchia scura,Una piccola macchia scura,2019,C0M,TG_12,1.0
18,FUORI_ATTRIBUTO,Il colore rosato è presente nella pasta attorno all'ago.,Colore rosato nella pasta attorno all'ago,Colore rosato nella pasta attorno all'ago,2019,C0I,Q_09,1.0
19,FUORI_ATTRIBUTO,C'è un'area rosata in corrispondenza di una bollatura allungata.,Area rosata in corrispondenza di una bollatura allungata,Area rosata in corrispondenza di una bollatura allungata,2019,C0I,TG_04,1.0
20,FUORI_ATTRIBUTO,Il colore è molto chiaro ma presenta diverse tonalità.,Colore molto chiaro ma di diverse tonalità,Colore molto chiaro ma di diverse tonalità,2019,C0E,Q_02,1.0
21,FUORI_ATTRIBUTO,L'alone centrale è leggerissimo.,Alone centrale leggerissimo,Alone centrale leggerissimo,2019,C0N,TG_04,1.0
22,FUORI_ATTRIBUTO,Il colore tende al chiaro.,Tende al chiaro,Tende al chiaro,2019,C0M,TG_26,1.0
23,FUORI_ATTRIBUTO,"Sotto un piatto, la pasta disidratata ha un colore biancastro.",Sotto un piatto pasta disidratata colore biancastro,Sotto un piatto pasta disidratata colore biancastro,2019,C0L,Q_09,1.0
24,FUORI_ATTRIBUTO,Non è di colore paglierino.,Non paglierino,Non paglierino,2019,C0N,TG_04,1.0
25,CONFORME,"Il campione mostra lievi variazioni di colore, mantenendo comunque una buona uniformità.",Le differenze di colore sono minime,Le differenze di colore sono minime,2019,C0O,TG_04,0.5
26,FUORI_ATTRIBUTO,C'è un alone centrale di colore rosato.,Alone centrale rosato,Alone centrale rosato,2019,C0C,TG_28,1.0
27,FUORI_ATTRIBUTO,L'alone è rivolto più verso uno dei due piatti.,Alone è rivolto più verso uno dei due piatti,Alone è rivolto più verso uno dei due piatti,2019,C0L,TG_28,1.0
28,FUORI_ATTRIBUTO,Il sottocrosta tende al rosato e colora anche parte della pasta circostante.,Il sottocrosta è tendente al rosato e colora anche parte della pasta circostante,Il sottocrosta è tendente al rosato e colora anche parte della pasta circostante,2019,C0O,TG_28,1.0
29,OK,"Il campione presenta una pasta di colore giallo saturo, uniforme e priva di macchie.","Giallo saturo, ma omogeneo","Giallo saturo, ma omogeneo",2019,C0M,TG_04,1.0
30,FUORI_ATTRIBUTO,Il colore è bianco grigio.,Bianco grigio,Bianco grigio,2019,C0E,TG_14,1.0
31,FUORI_ATTRIBUTO,Alone arancio rosato.,Alone arancio rosato,Alone arancio rosato,2019,C0O,TG_19,1.0
32,FUORI_ATTRIBUTO,"Non ho considerato la macchia dovuta a una correzione dello scalzo; se si considera il difetto, il voto è 5,0.","Non ho tenuto conto della macchia dovuta ad una ""correzione"" dello scalzo   Se va considerato il difetto il voto è 5,0","Non ho tenuto conto della macchia dovuta ad una ""correzione"" dello scalzo   Se va considerato il difetto il voto è 5,0",2019,C0M,Q_02,1.0
33,FUORI_ATTRIBUTO,Pasta disidratata sotto crosta.,Pasta disidratata sotto crosta,Pasta disidratata sotto crosta,2019,C0B,Q_09,1.0
34,FUORI_ATTRIBUTO,"Zona con fitti puntini neri, probabilmente muffa.",Zona con fitti puntini neri (muffa?),Zona con fitti puntini neri (muffa?),2019,C0M,Q_09,1.0
35,OK,"Il campione presenta un alone centrale davvero minimo, di 10 cm, su di un giallo paglierino chiarissimo, che non penalizza troppo la valutazione.","Alone centrale davvero minimo, 10 cm, su di un giallo paglierino chiarissimo. Non penalizza troppo","Alone centrale davvero minimo, 10 cm, su di un giallo paglierino chiarissimo. Non penalizza troppo",2019,C0E,TG_04,1.0
36,FUORI_ATTRIBUTO,Piccolo alone centrale.,Piccolo alone centrale,Piccolo alone centrale,2019,C0E,TG_12,1.0
37,FUORI_ATTRIBUTO,"Colore buono, escludendo la zona del difetto vicino allo scalzo.",Colore buono senza calcolare la zona del difetto vicino allo scalzo,Colore buono senza calcolare la zona del difetto vicino allo scalzo,2019,C0M,TG_12,1.0
38,FUORI_ATTRIBUTO,Grossa macchia di muffa.,Grossa macchia di muffa,Grossa macchia di muffa,2019,C0M,TG_14,1.0
39,FUORI_ATTRIBUTO,Colore bianco cipria.,Bianco cipria,Bianco cipria,2019,C0E,TG_19,1.0
40,FUORI_ATTRIBUTO,Presenza di muffa laterale.,Presenza di ingresso di muffa laterale,Presenza di ingresso di muffa laterale,2019,C0M,TG_20,1.0
41,FUORI_ATTRIBUTO,Una parte è sporca.,Sporca una parte,Sporca una parte,2019,C0M,TG_24,1.0
42,OK,"Il campione presenta una pasta di colore paglierino chiaro, uniforme e priva di macchie, con una frattura scalza che evidenzia una leggera microocchiatura e la presenza di cristalli di tirosina. Tuttavia, è stata notata una potenziale macchia al centro, non considerata nel voto.",Presenza di una potenziale macchia al centro  NON CONSIDERATA NEL VOTO perché nascosta dal taglio a coltello,Presenza di una potenziale macchia al centro  NON CONSIDERATA NEL VOTO perché nascosta dal taglio a coltello,2019,C0F,Q_02,1.0
43,OK,"La pasta del campione è abbastanza omogenea, con una tonalità di giallo paglierino.",abbastamza omogeneo,abbastamza omogeneo,2019,C0F,TG_04,1.0
44,OK,Il campione mostra un alone leggero.,Alone leggero,Alone leggero,2019,C0I,TG_04,1.0
45,OK,Il campione presenta un alone leggerissimo.,Alone leggerissimo!,Alone leggerissimo!,2019,C0A,TG_24,1.0
46,OK,Il campione evidenzia un alone e una sfumatura verde appena accennati.,Alone e verde appena accennati!,Alone e verde appena accennati!,2019,C0P,TG_24,1.0
47,OK,Il campione risulta appena più saturo al centro.,Appena più  saturo al centro,Appena più  saturo al centro,2019,C0A,TG_04,1.0
48,OK,Il campione appare appena più chiaro ai bordi.,Appena più  chiara ai bordi,Appena più  chiara ai bordi,2019,C0G,TG_04,1.0
49,OK,Il campione presenta una fascia centrale più scura piuttosto che un alone.,Più che alone è una fascia centrale più scura,Più che alone è una fascia centrale più scura,2019,C0A,TG_28,1.0
50,OK,"Il campione mostra un alone leggero, ma non penalizzo troppo.",Alone leggero. Non penalizzo troppo,Alone leggero. Non penalizzo troppo,2020,C0G,TG_04,1.0
51,OK,"Il campione presenta un alone centrale molto leggero, senza penalizzazioni significative.",Alone centrale molto leggero. Non penalizzano troppo,Alone centrale molto leggero. Non penalizzano troppo,2020,C0Q,TG_04,1.0
52,OK,Il campione evidenzia un alone centrale poco marcato.,Alone centrale poco marcato,Alone centrale poco marcato,2020,C0G,TG_20,1.0
53,OK,Il giallo verde nel campione è solo accennato.,Il giallo verde è  solo accennato,Il giallo verde è  solo accennato,2020,C0Q,TG_24,1.0
54,OK,La crosta presenta un alone rosato che si estende a tutta la pasta.,La crosta da Un alone rosato a tutta la pasta,La crosta da Un alone rosato a tutta la pasta,2020,C0G,TG_28,1.0
55,OK,Il campione mostra una sottocrosta biancastra.,1 Sottocrosta biancastro,1 Sottocrosta biancastro,2020,C0M,TG_04,1.0
56,OK,"Il campione presenta un alone centrale particolarmente rosato, con un bordo più tendente al giallo chiaro.","Alone centrale particolarmente rosato, bordo più tendente al giallo chiaro","Alone centrale particolarmente rosato, bordo più tendente al giallo chiaro",2020,C0D,TG_28,1.0
57,OK,L'alone è spostato verso un piatto.,Alone spostato verso un piatto,Alone spostato verso un piatto,2020,C0I,TG_28,1.0
58,OK,Gli angoli del campione sono particolarmente colorati.,Angoli particolarmente colorati,Angoli particolarmente colorati,2020,C0M,TG_28,1.0
59,OK,Il campione presenta un colore giallo chiaro tendente al bianco.,Giallo chiaro tendente al bianco,Giallo chiaro tendente al bianco,2020,C0B,TG_14,1.0
60,OK,Il campione mostra un alone leggerissimo.,Alone leggerissimo,Alone leggerissimo,2020,C0B,TG_24,1.0
61,FUORI_ATTRIBUTO,Alone rosato.,Alone rosato,Alone rosato,2020,C0C,Q_09,1.0
62,FUORI_ATTRIBUTO,Alone centrale rosato.,Alone centrale rosato,Alone centrale rosato,2020,C0F,Q_09,1.0
63,OK,"Il campione presenta un lieve alone centrale, con bordi di colore giallo chiaro.",Lievissimo alone centrale. Ai bordi giallo chiaro,Lievissimo alone centrale. Ai bordi giallo chiaro,2020,C0F,TG_04,1.0
64,FUORI_ATTRIBUTO,Alone leggermente rosato.,Alone leggermente rosato,Alone leggermente rosato,2020,C0F,TG_14,1.0
65,FUORI_ATTRIBUTO,In corrispondenza dell'occhio c'è siero.,In corrispondenza dell'occhio con siero,In corrispondenza dell'occhio con siero,2020,C0N,TG_19,1.0
66,OK,Il campione mostra una piccola disomogeneità con un colore leggermente più carico in alcune zone.,In certe zone appena più  carico il colore: piccola disomogeneità,In certe zone appena più  carico il colore: piccola disomogeneità,2020,C0E,TG_04,1.0
67,OK,Il campione presenta un colore molto carico.,Molto carico,Molto carico,2020,C0A,TG_20,1.0
68,OK,Il campione presenta un verde solo accentuato.,Il verde è  solo accentuato,Il verde è  solo accentuato,2020,C0Q,TG_24,1.0
69,FUORI_ATTRIBUTO,Alone rosato.,Alone rosato,Alone rosato,2020,C0D,Q_09,1.0
70,OK,Il campione non presenta un colore paglierino.,Non paglierino,Non paglierino,2020,C0Q,TG_04,1.0
71,FUORI_ATTRIBUTO,Alone centrale tendente all'arancio.,Alone centrale te ne all...'arancio,Alone centrale te ne all...'arancio,2020,C0D,TG_04,1.0
72,ILLEGGIBILE,,Circa al carico..,Circa al carico..,2020,C0G,TG_24,1.0
73,OK,Il campione presenta un colore leggero.,Leggero,Leggero,2020,C0C,TG_19,1.0
74,FUORI_ATTRIBUTO,Alone arancio rosa.,Alone arancio rosa,Alone arancio rosa,2020,C0D,TG_19,1.0
75,FUORI_ATTRIBUTO,Ampio.,Ampio,Ampio,2020,C0Q,TG_19,1.0
76,OK,Il campione presenta un alone centrale molto marcato.,Alone centrale molto marcato,Alone centrale molto marcato,2020,C0D,TG_28,1.0
77,FUORI_ATTRIBUTO,Fascia di colore più chiaro.,Fascia di colore più chiaro,Fascia di colore più chiaro,2020,C0Q,Q_09,1.0
78,OK,"La marchiatura conferisce quasi un colore rosato, ma solo pochi centimetri dopo la crosta; l'alone è spostato verso uno dei due piatti.","Immatricolata conferisce quasi un colore rosato, ma solo pochi cm dopo la crosta. L'amore è spostato verso uno dei due piatti","marchiatura conferisce quasi un colore rosato, ma solo pochi cm dopo la crosta. l'alone è spostato verso uno dei due piatti",2020,C0Q,TG_28,1.0
79,OK,"Il campione non presenta un colore paglierino, ma è chiaro.","Non paglierino, ma chiaro","Non paglierino, ma chiaro",2020,C0E,TG_04,1.0
80,OK,Il campione non presenta un colore paglierino.,Non paglierino,Non paglierino,2020,C0L,TG_04,1.0
81,FUORI_ATTRIBUTO,Riflessi giallo verosimili; la struttura presenta anche leggera stiratura.,Riflessi giallo verosimili. Per la struttura no dimenticato anche leggera stiratura,Riflessi giallo verosimili. Per la struttura no dimenticato anche leggera stiratura,2020,C0C,TG_24,1.0
82,OK,"Il campione presenta una pasta di colore giallo paglierino chiaro, uniforme e priva di macchie, con una frattura scalza che evidenzia una leggera microocchiatura e la presenza di cristalli di tirosina.",Giallo paglierino chiarissimo,Giallo paglierino chiarissimo,2020,C0B,TG_04,1.0
83,OK,"Il campione presenta una pasta di colore giallo paglierino, con una tonalità più saturo nella zona mediana, uniforme e priva di macchie.",Più  saturo nella zona mediana,Più  saturo nella zona mediana,2020,C0C,TG_04,1.0
84,OK,"Il campione presenta un alone lievissimo, con una pasta di colore paglierino chiaro, uniforme e priva di macchie.",Alone lievissimo,Alone lievissimo,2020,C0D,TG_04,1.0
85,OK,"Il campione presenta un alone molto lieve, con una pasta di colore paglierino chiaro, uniforme e priva di macchie.",Alone molto lieve,Alone molto lieve,2020,C0O,TG_04,1.0
86,OK,"Il campione presenta una pasta di colore paglierino, uniforme e priva di imperfezioni.",Paglierino,Paglierino,2020,C0Q,TG_04,1.0
87,OK,"Il campione presenta una pasta di colore pallido, con una tenue striscia rosa parallela al piatto, ma rimane uniforme e priva di macchie.","Troppo pallida, tenue striscia rosa parallela a piatto","Troppo pallida, tenue striscia rosa parallela a piatto",2020,C0B,TG_19,1.0
88,OK,"Il campione presenta un giallo forse troppo carico, ma la pasta rimane uniforme e priva di macchie.",Forse troppo carico il giallo,Forse troppo carico il giallo,2020,C0C,TG_24,1.0
89,OK,"Il campione presenta qualche riflesso verde, ma la pasta mantiene un colore giallo paglierino uniforme.",Qualche riflesso verde,Qualche riflesso verde,2020,C0O,TG_24,1.0
90,FUORI_ATTRIBUTO,Il colore è troppo chiaro.,Colore troppo CHIARO,Colore troppo CHIARO,2020,C0B,TG_35,1.0
91,OK,"Il campione presenta una fascia, non un alone centrale, con una leggera saturazione della pasta.","C'è una fascia, non alone centrale, appena più  sarura","C'è una fascia, non alone centrale, appena più  sarura",2020,C0Q,TG_04,1.0
92,OK,"Il campione presenta solo riflessi verdi, ma la pasta rimane di un colore giallo paglierino uniforme.","Solo riflessi verdi,,,,","Solo riflessi verdi,,,,",2020,C0M,TG_24,1.0
93,OK,"Il campione presenta un alone rosato localizzato al centro, con una pasta di colore paglierino chiaro e uniforme.",Alone rosato localizzato al centro,Alone rosato localizzato al centro,2020,C0C,Q_09,1.0
94,OK,"Il campione non è paglierino, ma presenta una pasta appena più satura, uniforme e priva di macchie.",Non paglierino. Appena più  satura,Non paglierino. Appena più  satura,2020,C0G,TG_04,1.0
95,OK,"Il campione presenta una pasta di colore paglierino ai lati, con un giallo chiaro al centro, uniforme e priva di macchie.",Paglierino ai lati. Giallo chiaro al centro,Paglierino ai lati. Giallo chiaro al centro,2020,C0N,TG_04,1.0
96,OK,"Il campione presenta qualche leggerissima macchia rosata nella zona interessata da microocchiatura, ma la pasta rimane di un colore giallo paglierino.",Qualche leggerissima macchia rosata  nella zona interessata da microocchitura,Qualche leggerissima macchia rosata  nella zona interessata da microocchitura,2020,C0A,TG_13,1.0
97,OK,"Il campione presenta una leggerissima macchia rosata, ma la pasta è di colore giallo paglierino uniforme.",Leggerissima macchia rosata,Leggerissima macchia rosata,2020,C0G,TG_13,1.0
98,OK,"Il campione presenta una macchia centrale marroncina, ma la pasta rimane di un colore giallo paglierino uniforme.",Macchia centrale marroncina,Macchia centrale marroncina,2020,C0C,TG_19,1.0
99,OK,"Il campione presenta un colore rosa e nocciola nel centro, ma la pasta è di colore giallo paglierino uniforme.",Rosa e nocciola nel centro,Rosa e nocciola nel centro,2020,C0C,TG_24,1.0
100,CONFORME,"Il campione è di qualità visivamente gradevole, con una pasta ben formata.",Molto bello,Molto bello,2020,C0G,TG_24,0.5
101,FUORI_ATTRIBUTO,Il sapore è molto troppo carico.,Molto troppo carico,Molto troppo carico,2020,C0I,TG_24,1.0
102,OK,"Il campione presenta una grossa macchia scura in centro, irregolare.","Grossa macchia scura in centro, irregolare","Grossa macchia scura in centro, irregolare",2020,C0C,TG_28,1.0
103,OK,Si osserva un netto stacco tra il marrone della sottocrosta e la fascia chiara.,Molto netto lo stacco tra i il marrone sottoscritta e la fascia chiara,Molto netto lo stacco tra i il marrone sottoscritta e la fascia chiara,2020,C0P,Q_09,1.0
104,OK,"Il campione presenta un alone leggerissimo, che non compromette l'uniformità della pasta.",Alone leggerissimo,Alone leggerissimo,2020,C0N,TG_04,1.0
105,OK,Il campione presenta un alone rosato.,Alone rosato,Alone rosato,2020,C0D,TG_14,1.0
106,CONFORME,"Il campione mostra un aspetto visivamente gradevole, con una pasta ben strutturata.",Molto bello,Molto bello,2020,C0N,TG_24,0.5
107,OK,"Si nota una leggera ossidatura centrale, con un possibile alone.",Leggera ossidatura centrale ...alone?,Leggera ossidatura centrale ...alone?,2020,C0P,TG_24,1.0
108,OK,Il campione presenta macchie rosate al centro.,Macchie rosate al centro,Macchie rosate al centro,2020,C0H,Q_09,1.0
109,OK,Si osserva un alone lievissimo o ossidazione.,Alone lievissimo o ossidazione,Alone lievissimo o ossidazione,2020,C0M,TG_04,1.0
110,OK,Si notano due fasce longitudinali di colore differente.,2 fascia longitudinali di colore differente,2 fascia longitudinali di colore differente,2020,C0N,TG_04,1.0
111,OK,Il campione presenta una leggera area verdastra.,Leggera area verdastra,Leggera area verdastra,2020,C0C,TG_24,1.0
112,OK,Il campione presenta un alone centrale tendente al rosa pompelmo.,Alone centrale tendente al rosa pompelmo,Alone centrale tendente al rosa pompelmo,2020,C0P,TG_28,1.0
113,OK,Si osserva un alone centrale lievissimo.,Alone centrale lievissimo,Alone centrale lievissimo,2020,C0C,TG_04,1.0
114,OK,"La pasta è per lo più giallo chiaro, con un quarto laterale più saturo.",Per lo più  giallo chiaro. Un quarto laterale più  saturo.,Per lo più  giallo chiaro. Un quarto laterale più  saturo.,2020,C0D,TG_04,1.0
115,OK,In una pasta gialla carica si notano macchie o un alone nocciola.,In una pasta giallo carica macchie o alone nocciola,In una pasta giallo carica macchie o alone nocciola,2020,C0E,TG_04,1.0
116,OK,Il campione presenta un alone centrale rosato e un paio di punti neri dati da sporcizia.,Alone centrale rosato e un paio di punti neri dati da sporcizia(?),Alone centrale rosato e un paio di punti neri dati da sporcizia(?),2020,C0E,TG_28,1.0
117,FUORI_ATTRIBUTO,Il colore è influenzato dal sottocrosta.,Colore dato dal sottocrosta,Colore dato dal sottocrosta,2020,C0G,TG_28,1.0
118,OK,"Il campione presenta un alone centrale rosato e una striscia rosa abbastanza marcata, sempre al centro.","Alone centrale rosato e striscia rosa abbastanza marcata, sempre al centro","Alone centrale rosato e striscia rosa abbastanza marcata, sempre al centro",2020,C0P,TG_28,1.0
119,OK,Si osserva una saturazione appena più intensa verso il centro.,Appena più  saturo verso il centro. Poco poco,Appena più  saturo verso il centro. Poco poco,2020,C0D,TG_04,1.0
120,OK,Il campione presenta una saturazione leggermente più intensa come giallo.,Un po'  saturo come giallo,Un po'  saturo come giallo,2020,C0E,TG_04,1.0
121,FUORI_ATTRIBUTO,"Il centro è più carico, ma non presenta un vero e proprio alone.","Più  carico in centro, non vero e proprio alone","Più  carico in centro, non vero e proprio alone",2020,C0F,TG_04,1.0
122,OK,Il campione presenta un lieve alone centrale.,Leggero alone centrale,Leggero alone centrale,2020,C0Q,TG_13,1.0
123,FUORI_ATTRIBUTO,"Ci sono aree verdi e grigie, ma sono limitate.",Aree verdi e grigie ma limitatissima,Aree verdi e grigie ma limitatissima,2020,C0D,TG_24,1.0
124,FUORI_ATTRIBUTO,Si notano aree grigioastre sotto i piatti.,Aree grigiastro sotto i piatti,Aree grigiastro sotto i piatti,2020,C0Q,TG_24,1.0
125,FUORI_ATTRIBUTO,Sotto un piatto c'è una zona di pasta disidratata.,Sotto un piatto zona di pasta disidratata,Sotto un piatto zona di pasta disidratata,2020,C0M,Q_09,1.0
126,FUORI_ATTRIBUTO,Il colore non è proprio paglierino.,Non proprio paglierino,Non proprio paglierino,2020,C0A,TG_04,1.0
127,OK,"La pasta del campione è di un bel colore paglierino, uniforme e senza difetti.",Paglierino,Paglierino,2020,C0Q,TG_04,1.0
128,FUORI_ATTRIBUTO,Ci sono riflessi verdognoli.,Riflessi verdognoli,Riflessi verdognoli,2020,C0N,TG_24,1.0
129,OK,Il campione presenta un leggero alone verso un piatto.,Leggero alone verso un piatto,Leggero alone verso un piatto,2020,C0Q,TG_28,1.0
130,FUORI_ATTRIBUTO,Il colore appare pallido.,Pallido,Pallido,2020,C0R,TG_13,1.0
131,FUORI_ATTRIBUTO,Ho dato un voto basso a causa della frattura con evidente colore rosa; altrimenti avrei dato un voto alto.,"Voto basso per colpa della frattura con evidente colore rosa, altrimenti voto alto","Voto basso per colpa della frattura con evidente colore rosa, altrimenti voto alto",2020,C0I,TG_14,1.0
132,FUORI_ATTRIBUTO,Ci sono solo sfumature nocciola.,Solo sfumature nocciola,Solo sfumature nocciola,2020,C0B,TG_24,1.0
133,OK,Il campione presenta una pasta di colore giallo carico saturo con sfumature verdognole.,Giallo carico saturo e sfumature verdognole,Giallo carico saturo e sfumature verdognole,2020,C0O,TG_24,1.0
134,FUORI_ATTRIBUTO,"Non è paglierino, ma è chiaro.","Non paglierino, ma chiaro","Non paglierino, ma chiaro",2020,C0A,TG_04,1.0
135,OK,Il campione presenta un alone molto evidente.,Alone molto evidente,Alone molto evidente,2020,C0N,TG_04,1.0
136,OK,Il campione presenta un alone appena più carico.,Alone appena più  carico,Alone appena più  carico,2020,C0P,TG_04,1.0
137,OK,"Il campione presenta una pasta di colore paglierino, con una buona omogeneità.",Paglierino,Paglierino,2020,C0Q,TG_04,1.0
138,OK,Il campione presenta una piccola parte meno omogenea come colore.,Una piccola parte meno omogenea come colore,Una piccola parte meno omogenea come colore,2020,C0M,TG_24,1.0
139,FUORI_ATTRIBUTO,Un terzo è più chiaro.,1/3 più  chiaro,1/3 più  chiaro,2020,C0A,TG_04,1.0
140,OK,Il campione presenta un lieve alone nel centro.,lieve alone nel centro,lieve alone nel centro,2020,C0G,TG_04,1.0
141,FUORI_ATTRIBUTO,Non è paglierino.,Non paglierino,Non paglierino,2020,C0Q,TG_04,1.0
142,OK,"Il campione presenta una pasta di colore giallo pallido, uniforme e priva di macchie, con una frattura scalza che evidenzia una leggera microocchiatura e la presenza di cristalli di tirosina.",Giallo pallido,Giallo pallido,2020,C0D,TG_13,1.0
143,FUORI_ATTRIBUTO,In una parte si nota un colore più nocciola.,In una parte più nocciola,In una parte più nocciola,2020,C0D,TG_24,1.0
144,OK,Il campione presenta una pasta di colore carico.,Un po'  troppo carico,Un po'  troppo carico,2020,C0G,TG_24,1.0
145,OK,"Il campione presenta un alone rosato molto carico, con una pasta di colore uniforme e priva di macchie, evidenziando una leggera microocchiatura e cristalli di tirosina.",Alone rosato molto carico,Alone rosato molto carico,2020,C0P,Q_09,1.0
146,OK,"La pasta è di un colore paglierino chiaro, con una buona uniformità.",Paglierina,Paglierina,2020,C0E,TG_04,1.0
147,FUORI_ATTRIBUTO,"È chiaro, ma non paglierino.",Chiara ma non paglierino,Chiara ma non paglierino,2020,C0H,TG_04,1.0
148,FUORI_ATTRIBUTO,Presenta il più pesante alone di tutti i tempi.,Il più  pesante alone di tutti i tempi,Il più  pesante alone di tutti i tempi,2020,C0P,TG_04,1.0
149,OK,"Il campione presenta una macchia bruna vicino al centro, con una pasta di colore uniforme e priva di altre macchie, evidenziando una leggera microocchiatura e cristalli di tirosina.",Una macchia bruna vicino al centro,Una macchia bruna vicino al centro,2020,C0C,TG_13,1.0
150,FUORI_ATTRIBUTO,Il colore è simile al cipria.,Color cipria,Color cipria,2020,C0E,TG_19,1.0
151,ILLEGGIBILE,,Pessima!,Pessima!,2020,C0P,TG_24,1.0
152,OK,"Il campione presenta bordi completamente rosa, con una pasta di colore uniforme e priva di macchie, evidenziando una leggera microocchiatura e cristalli di tirosina.",I bordi sono completamente rosa,I bordi sono completamente rosa,2020,C0E,TG_28,1.0
153,OK,"Il campione presenta un alone centrale molto marcato, di colore quasi arancione, con una pasta di colore uniforme e priva di macchie, evidenziando una leggera microocchiatura e cristalli di tirosina.","Alone centrale molto marcato, di colore quasi arancione","Alone centrale molto marcato, di colore quasi arancione",2020,C0P,TG_28,1.0
154,OK,"Il campione presenta una leggera ossidazione al centro, con una pasta di colore uniforme e priva di macchie, evidenziando una leggera microocchiatura e cristalli di tirosina.",Appena più  ossidato al centro,Appena più  ossidato al centro,2020,C0A,TG_04,1.0
155,OK,"Il campione presenta due zone di colore più scuro al centro, con una pasta di colore uniforme e priva di macchie, evidenziando una leggera microocchiatura e cristalli di tirosina.",Più  concezione sembrano due zone di colore,Più  al centro sembrano due zone di colore,2020,C0G,TG_04,1.0
156,OK,"Il campione presenta una macchia poco visibile, con una pasta di colore uniforme e priva di macchie evidenti, evidenziando una leggera microocchiatura e cristalli di tirosina.",Una macchia poco visibile,Una macchia poco visibile,2020,C0G,TG_12,1.0
157,OK,"Il campione presenta una piccola macchia rossa, con una pasta di colore uniforme e priva di macchie evidenti, evidenziando una leggera microocchiatura e cristalli di tirosina.",Una piccola macchia rossa,Una piccola macchia rossa,2020,C0G,TG_13,1.0
158,OK,"Il campione presenta la presenza di una macchia rosata, con una pasta di colore uniforme e priva di macchie evidenti, evidenziando una leggera microocchiatura e cristalli di tirosina.",Presenza di una macchia rosata,Presenza di una macchia rosata,2020,C0G,TG_20,1.0
159,OK,"Il campione presenta lievi macchie rosate, con una pasta di colore uniforme e priva di macchie evidenti, evidenziando una leggera microocchiatura e cristalli di tirosina.",Lievi macchie rosate,Lievi macchie rosate,2020,C0L,TG_20,1.0
160,OK,"Il campione presenta un leggero alone arancio dato dalla crosta, con una pasta di colore uniforme e priva di macchie, evidenziando una leggera microocchiatura e cristalli di tirosina.",Leggero alone arancio dato dalla crosta,Leggero alone arancio dato dalla crosta,2020,C0O,TG_28,1.0
161,FUORI_ATTRIBUTO,C'è una macchia grigia.,Una macchia grigia,Una macchia grigia,2020,C0N,Q_09,1.0
162,OK,Il campione presenta un alone centrale leggero.,Alone leggero,Alone leggero,2020,C0R,TG_04,1.0
163,CONFORME,"Il campione presenta un colore gradevole, con una pasta ben formata.",Bel colore!,Bel colore!,2020,C0E,TG_24,0.5
164,FUORI_ATTRIBUTO,Alone centrale giallo verde con macchie scure.,Alone centrale giallo verde con macchie scure,Alone centrale giallo verde con macchie scure,2020,C0N,TG_28,1.0
165,FUORI_ATTRIBUTO,C'è un dubbio su una chiazza rosata.,Un dubbio su una chiazza rosata,Un dubbio su una chiazza rosata,2020,C0R,Q_09,1.0
166,OK,Il campione mostra una pasta con una carica più intensa al centro.,Più  saturo al centro,Più  saturo al centro,2020,C0L,TG_04,1.0
167,OK,Il campione presenta un alone veramente lieve.,Alone veramente lieve,Alone veramente lieve,2020,C0M,TG_04,1.0
168,OK,Il campione ha una pasta di colore paglierino chiaro.,Paglierino ove chiaro,Paglierino ove chiaro,2020,C0O,TG_04,1.0
169,OK,"Il campione non è paglierino, ma presenta una leggera ossidazione al centro.",Non paglierino. Forse appena più  oxidato in centro,Non paglierino. Forse appena più  oxidato in centro,2020,C0R,TG_04,1.0
170,OK,Il campione presenta anche riflessi rosati.,Anche riflessi rosati,Anche riflessi rosati,2020,C0M,TG_24,1.0
171,OK,Il campione mostra una carica più accentuata nella fascia centrale.,Più  carica la fascia centrale,Più  carica la fascia centrale,2020,C0B,TG_04,1.0
172,OK,Il campione presenta un alone non esteso.,Alone non esteso,Alone non esteso,2020,C0A,TG_04,1.0
173,OK,"Il campione non è propriamente paglierino, ma quasi.","Non proprio paglierino, quasi","Non proprio paglierino, quasi",2020,C0N,TG_04,1.0
174,OK,Il campione presenta un leggero alone centrale.,Leggero alone centrale,Leggero alone centrale,2020,C0A,TG_14,1.0
175,OK,Il campione risulta troppo carico.,Troppo carico,Troppo carico,2020,C0E,TG_24,1.0
176,OK,Il campione non è propriamente paglierino.,Non proprio paglierino,Non proprio paglierino,2020,C0N,TG_04,1.0
177,OK,Il campione presenta qualche sfumatura verde.,Qualche sfumatura verde,Qualche sfumatura verde,2020,C0R,TG_24,1.0
178,OK,Il campione mostra una carica più intensa in certe zone.,Più  carico in certe zone,Più  carico in certe zone,2020,C0F,TG_04,1.0
179,OK,Il campione presenta una macchia di colore giallo rosato.,Una macchia giallo rosato,Una macchia giallo rosato,2020,C0F,TG_35,1.0
180,OK,Il campione presenta una macchia con un alone centrale rosato.,Macchia alone centrale rosato,Macchia alone centrale rosato,2020,C0C,Q_09,1.0
181,OK,Il campione presenta un lieve alone centrale.,Leggero alone centrale,Leggero alone centrale,2020,C0G,TG_13,1.0
182,OK,Il campione presenta un lieve alone centrale.,Leggero alone centrale,Leggero alone centrale,2020,C0E,TG_14,1.0
183,FUORI_ATTRIBUTO,Si tratta più di una striscia rosata che di macchie.,Più che macchie è striscia rosata,Più che macchie è striscia rosata,2020,C0C,TG_19,1.0
184,OK,Il campione presenta un alone molto grande.,Alone molto grande,Alone molto grande,2020,C0G,TG_19,1.0
185,OK,Il campione presenta solo un lieve alone.,Solo leggero alone...,Solo leggero alone...,2020,C0A,TG_24,1.0
186,ILLEGGIBILE,,Brutta,Brutta,2020,C0C,TG_24,1.0
187,FUORI_ATTRIBUTO,Le aree non sono belle come colore.,Aree non belle come colore,Aree non belle come colore,2020,C0P,TG_24,1.0
188,OK,Il campione presenta una macchia rosa centrale abbastanza grande.,Macchia rosa centrale abbastanza grande,Macchia rosa centrale abbastanza grande,2020,C0Q,Q_09,1.0
189,OK,Il campione presenta un alone centrale rosato.,Alone centrale rosato,Alone centrale rosato,2020,C0G,Q_09,1.0
190,OK,Il campione presenta un alone leggero.,Alone leggero,Alone leggero,2020,C0G,TG_24,1.0
191,OK,Il campione presenta una fascia più chiara.,Fascia più  chiara,Fascia più  chiara,2020,C0N,TG_04,1.0
192,OK,Il campione presenta un alone molto evidente arancio rosato.,Alone molto evidente arancio rosato,Alone molto evidente arancio rosato,2020,C0A,Q_09,1.0
193,OK,Il campione presenta un alone netto e concentrato al cuore.,Alone netto e concentrato al cuore,Alone netto e concentrato al cuore,2020,C0A,TG_04,1.0
194,OK,"La pasta del campione è abbastanza omogenea, mantenendo una tonalità di giallo paglierino.",abbastanza omogenea,abbastanza omogenea,2020,C0I,TG_04,1.0
195,OK,Il campione presenta una macchia centrale.,1 macchia centrale,1 macchia centrale,2020,C0E,19_Q_09,1.0
196,OK,Il campione presenta un alone tendente al rosato.,Alone tendente al rosato,Alone tendente al rosato,2020,C0B,19_TG_19,1.0
197,OK,Il campione potrebbe essere più chiaro dove è fitta la microocchiatura.,Forse più chiaro dove è fitta la microocchitura,Forse più chiaro dove è fitta la microocchitura,2021,C0Q,Q_09,1.0
198,OK,Il campione è 1/5 più chiaro del resto.,1/5 più  chiaro del resto,1/5 più  chiaro del resto,2021,C0G,TG_04,1.0
199,OK,Il campione presenta una fascia centrale.,Fascia centrale,Fascia centrale,2021,C0P,TG_19,1.0
200,FUORI_ATTRIBUTO,Forse c'è una macchia rosa.,Forse una macchia rosa?,Forse una macchia rosa?,2021,C0G,TG_04,1.0
201,FUORI_ATTRIBUTO,Alone color salmone.,Alone color salmone,Alone color salmone,2021,C0B,TG_19,1.0
202,FUORI_ATTRIBUTO,Colore salmone.,Color salmone,Color salmone,2021,C0G,TG_19,1.0
203,OK,"Il campione presenta una pasta di colore non proprio paglierino, evidenziando una tonalità disomogenea.",Non proprio paglierino,Non proprio paglierino,2021,C0N,TG_04,1.0
204,OK,"Il campione mostra un alone rosato molto carico, con una tonalità accentuata.",Alone rosato molto carico,Alone rosato molto carico,2021,C0P,Q_09,1.0
205,OK,"Il campione presenta un alone rosato, evidenziando una tonalità chiara.",Alone rosato,Alone rosato,2021,C0R,Q_09,1.0
206,OK,"Il campione mostra un colore leggermente salmonato, con una sfumatura tenue.",Leggermente salmonato,Leggermente salmonato,2021,C0E,TG_19,1.0
207,OK,"Il campione presenta un colore chiaro, ma con tonalità rosa e arancio pallido.",Colore chiaro ma rosa arancio pallido,Colore chiaro ma rosa arancio pallido,2021,C0E,Q_09,1.0
208,OK,"Il campione evidenzia un alone giallo nocciola centrale, con bordi più chiari.","Alone giallo nocciola centrale, ai bordi più chiaro","Alone giallo nocciola centrale, ai bordi più chiaro",2021,C0P,TG_28,1.0
209,OK,"Il campione mostra un ampio alone rosato, con sottopasta ocra scuro e banda chiara.",Ampio Alone rosato  Sotto piatto ocra scuro Banda chiara,Ampio Alone rosato  Sotto piatto ocra scuro Banda chiara,2021,C0P,Q_09,1.0
210,OK,"Il campione presenta un alone molto carico rosato, con tonalità intensa.",Alone  molto carico rosato,Alone  molto carico rosato,2021,C0P,Q_09,1.0
211,OK,Il campione mostra un colore marrone sotto uno dei due piatti.,Colore marrone sotto uno dei 2 piatti,Colore marrone sotto uno dei 2 piatti,2021,C0Q,Q_09,1.0
212,OK,Il campione presenta una macchia grande rosa grigio al centro.,Al centro macchia grande rosa grigio,Al centro macchia grande rosa grigio,2021,C0E,Q_09,1.0
213,OK,Il campione mostra un piccolo alone centrale grigiastro.,Piccolo alone centrale grigiastro,Piccolo alone centrale grigiastro,2021,C0E,TG_04,1.0
214,OK,"Verso uno degli scalzi, il campione vira verso il rosato marrone.",Verso uno degli scalzi vira verso il rosato marrone,Verso uno degli scalzi vira verso il rosato marrone,2021,C0G,Q_09,1.0
215,OK,"Verso uno scalzo, il campione presenta una carica di colore molto intensa.","Verso uno scalzo, carichissima di colore","Verso uno scalzo, carichissima di colore",2021,C0G,TG_04,1.0
216,OK,Il campione appare disidratato solo da una parte.,Disidratata solo da una parte,Disidratata solo da una parte,2021,C0G,TG_08,1.0
217,OK,Il campione mostra una fascia rossa sotto lo scalzo.,Fascia rossa sotto scalzo,Fascia rossa sotto scalzo,2021,C0G,TG_19,1.0
218,OK,Il campione presenta un alone di colore rosato.,Alone colore rosato,Alone colore rosato,2021,C0G,Q_09,1.0
219,OK,Il campione mostra un lievissimo alone.,Lievissimo alone,Lievissimo alone,2021,C0G,TG_4,1.0
220,ILLEGGIBILE,,ValutazIone alle 13:40,ValutazIone alle 13:40,2021,C0R,Q_09,1.0
221,FUORI_ATTRIBUTO,Alone carico rosato.,Alone carico rosato,Alone carico rosato,2021,C0B,Q_09,1.0
222,FUORI_ATTRIBUTO,Alone rosato.,Alone rosato,Alone rosato,2021,C0P,Q_09,1.0
223,FUORI_ATTRIBUTO,Sottocrosta colorata estesa.,Sottocrosta colorato esteso,Sottocrosta colorato esteso,2021,C0I,Q_09,1.0
224,FUORI_ATTRIBUTO,Su un lato c'è una fitta occhiatura di diametro 1-2 mm.,Su un lato fitta  Occhiatura di diam 1-2 mm,Su un lato fitta  Occhiatura di diam 1-2 mm,2021,C0M,Q_09,1.0
225,FUORI_ATTRIBUTO,Fascia più rosa sotto il piatto.,Fascia più rosa sotto piatto,Fascia più rosa sotto piatto,2021,C0E,TG_19,1.0
226,OK,"Il campione presenta una pasta di colore giallo chiaro, leggermente salmonato, uniforme e priva di macchie.",Giallo chiaro leggermente salmonato,Giallo chiaro leggermente salmonato,2021,C0I,TG_19,1.0
227,OK,"Il campione presenta una pasta di colore giallo carico, tendente a nocciola, omogeneamente distribuito su tutta la superficie.",Giallo carico tendente a nocciola omogeneamente distribuito su tutta la superficie,Giallo carico tendente a nocciola omogeneamente distribuito su tutta la superficie,2021,C0M,TG_35,1.0
228,FUORI_ATTRIBUTO,Sottocrosta leggermente rosata.,Sottocrosta leggermente rosato,Sottocrosta leggermente rosato,2021,C0E,TG_35,1.0
229,OK,"Il campione presenta una pasta più chiara verso lo scalzo, mentre il resto è carico.","Più chiaro verso lo scalzo, Il resto carico","Più chiaro verso lo scalzo, Il resto carico",2021,C0M,TG_04,1.0
230,FUORI_ATTRIBUTO,"A causa della frattura e della pasta al centro con un aspetto bagnato e pastoso, non sono sicura delle macchie.",A causa della frattura e del la pasta al centro con  un aspetto bagnato pastoso non sono sicura delle macchie,A causa della frattura e del la pasta al centro con  un aspetto bagnato pastoso non sono sicura delle macchie,2021,C0N,Q_09,1.0
231,FUORI_ATTRIBUTO,Colore rosato sfumato sotto lo scalzo vicino alla crosta.,colore rosato sfumato sotto lo scalzo  vicino alla crosta,colore rosato sfumato sotto lo scalzo  vicino alla crosta,2021,C0O,Q_09,1.0
232,FUORI_ATTRIBUTO,Macchia rosa sotto lo scalzo.,Macchia rosa sotto scalzo,Macchia rosa sotto scalzo,2021,C0O,TG_19,1.0
233,FUORI_ATTRIBUTO,Il piatto è staccato.,Piatto staccato,Piatto staccato,2021,C0A,Q_10,1.0
234,FUORI_ATTRIBUTO,Fascia rosa arancio sotto un piatto nella parte centrale.,Fascia rosa arancio sotto un piatto parte centrale,Fascia rosa arancio sotto un piatto parte centrale,2021,C0F,TG_19,1.0
235,FUORI_ATTRIBUTO,Macchie rosa violacee.,Macchie rosa violacee,Macchie rosa violacee,2021,C0E,Q_09,1.0
236,FUORI_ATTRIBUTO,Alone rosato.,Alone rosato,Alone rosato,2021,C0D,Q_09,1.0
237,FUORI_ATTRIBUTO,Il colore sotto un piatto è marrone rossiccio.,Colore sotto un piatto marrone rossiccio,Colore sotto un piatto marrone rossiccio,2021,C0M,Q_09,1.0
238,FUORI_ATTRIBUTO,"Ci sono molte fessure vistose da 1 e 2 cm, soprattutto in corrispondenza di un piatto e dei suoi scalzi, con una grande fessura longitudinale lunga più di 8 cm.","Tante e vistose fessure da 1 e 2 cm, soprattutto in corrispondenza di un piatto e suoi scalzi, Una grande fessura longitudinale lunga più di 8 cm","Tante e vistose fessure da 1 e 2 cm, soprattutto in corrispondenza di un piatto e suoi scalzi, Una grande fessura longitudinale lunga più di 8 cm",2021,C0E,TG_35,1.0
239,FUORI_ATTRIBUTO,C'è una fascia di colore marrone sotto la crosta che sfuma verso l'interno.,Fascia di Colore sotto crosta marrone che  sfuma verso l’interno,Fascia di Colore sotto crosta marrone che  sfuma verso l’interno,2021,C0M,Q_09,1.0
240,FUORI_ATTRIBUTO,Si osserva una fascia scura sotto un piatto e una fascia chiara sotto l'altro.,"Fascia scura sotto un piatto, fascia chiara sotto l’altro","Fascia scura sotto un piatto, fascia chiara sotto l’altro",2021,C0A,TG_19,1.0
241,FUORI_ATTRIBUTO,Verso uno dei due scalzi il colore è più intenso e rossiccio.,Verso uno dei 2scalzi colore più intenso rossiccio,Verso uno dei 2scalzi colore più intenso rossiccio,2021,C0G,Q_09,1.0
242,OK,"Il campione presenta una pasta di colore giallo carico, uniforme e priva di macchie, con una frattura scalza.",Colore molto carico verso uno scalzo,Colore molto carico verso uno scalzo,2021,C0G,TG_14,1.0
243,FUORI_ATTRIBUTO,C'è una fascia verdastra sotto un piatto.,Fascia verdastra sotto piatto,Fascia verdastra sotto piatto,2021,C0A,TG_19,1.0
244,FUORI_ATTRIBUTO,"Ho dei dubbi riguardo alle macchie rosa, che non ho considerato.",Ho però il dubbio delle macchie rosa qui non le ho considerate,Ho però il dubbio delle macchie rosa qui non le ho considerate,2021,C0R,Q_09,1.0
245,OK,"Il campione presenta un leggerissimo alone rosa centrale, evidenziando una leggera microocchiatura.",Lèggerissimo alone rosa centrale,Lèggerissimo alone rosa centrale,2021,C0N,TG_19,1.0
246,FUORI_ATTRIBUTO,La parte sotto il piatto è sicura.,Sicura sotto piatto,Sicura sotto piatto,2021,C0C,Q_10,1.0
247,OK,"Il campione presenta una pasta di colore rosato, uniforme e priva di macchie.",Rosato,Rosato,2021,C0G,TG_19,1.0
248,OK,Il campione mostra una sfumatura chiara dai piatti verso l'interno.,Sfumatura scusa dai piatti verso l’interno più chiaro,Sfumatura scusa dai piatti verso l’interno più chiaro,2021,C0E,Q_09,1.0
249,OK,Il campione presenta una pasta di colore bianco pallido con un alone.,Bianco pallido  alone,Bianco pallido  alone,2021,C0E,Q_02,1.0
250,OK,Il campione presenta un colore carico sotto uno scalzo e sfumature rosate al bordo dell'alone.,Colore carico sotto uno scalzo E sfumate rosate al bordo dell’ alone,Colore carico sotto uno scalzo E sfumate rosate al bordo dell’ alone,2021,C0F,Q_09,1.0
251,OK,Il campione presenta una fascia colorata rosata sotto un piatto.,Fascia colorata rosata sotto un piatto,Fascia colorata rosata sotto un piatto,2021,C0F,TG_28,1.0
252,OK,Il campione presenta strisce rosa sulla pasta.,Strisce rosa,Strisce rosa,2021,C0F,TG_19,1.0
253,OK,Il campione presenta un alone centrale più scuro e non omogeneo.,Alone centrale più scuro  Non omogeneo,Alone centrale più scuro  Non omogeneo,2018,C0A,Q_02,1.0
254,OK,Il campione presenta una pasta di colore giallo carico scuro.,Giallo carico scuro,Giallo carico scuro,2018,C0A,Q_09,1.0
255,OK,"La pasta è abbastanza omogenea e chiara, con una tonalità di giallo paglierino.",Abbastanza omogeneo e chiARO,Abbastanza omogeneo e chiARO,2018,C0A,Q_10,1.0
256,OK,Il campione presenta un colore giallo più scuro al centro.,Giallo piu scuro al centro,Giallo piu scuro al centro,2018,C0A,TG_04,1.0
257,OK,"Il campione presenta macchie rosa centrali e una leggera chiara al centro, con un colore chiaro ma non omogeneo.",Macchie rosa centrali Leggermente più chiara al centro Colore chiaro ma non omogeneo,Macchie rosa centrali Leggermente più chiara al centro Colore chiaro ma non omogeneo,2018,C0A,TG_08,1.0
258,OK,Il campione presenta un leggero alone di colore tendente al chiaro.,Leggero alone colore tendente chiaro,Leggero alone colore tendente chiaro,2018,C0A,TG_11,1.0
259,OK,Il campione presenta un alone centrale.,Alone centrale,Alone centrale,2018,C0A,TG_12,1.0
260,OK,Il campione è chiaro con un leggero alone e due chiazze tendenti al rosa.,Chiara con leggero alone e 2 chiazze tendenti e al rosa,Chiara con leggero alone e 2 chiazze tendenti e al rosa,2018,C0A,TG_13,1.0
261,OK,L'alone centrale presenta una fascia circolare che segue la frattura della pasta.,Alone centrale con fascia circolare che segue la frattura della pasta,Alone centrale con fascia circolare che segue la frattura della pasta,2018,C0A,TG_19,1.0
262,FUORI_ATTRIBUTO,Il colore tende al grigio.,Tendente al grigio,Tendente al grigio,2018,C0A,TG_20,1.0
263,OK,Il campione tende al rosato con una macchia centrale di colore rosa.,Tendente al rosato con una macchia centrale rosa,Tendente al rosato con una macchia centrale rosa,2018,C0A,TG_24,1.0
264,OK,La pasta risulta più chiara agli scalzi con una sfumatura rosata.,Più chiara agli scalzi per rosata,Più chiara agli scalzi per rosata,2018,C0A,TG_35,1.0
265,OK,"Il campione presenta una pasta di giallo paglierino, omogenea e con una carica abbastanza intensa.",Giallo paglierino omogeneo abbastanza carico,Giallo paglierino omogeneo abbastanza carico,2018,C0C,Q_09,1.0
266,OK,Si osserva una striscia più scura in corrispondenza di un piatto.,Striscia più scura in corrispondenza di un piatto,Striscia più scura in corrispondenza di un piatto,2018,C0C,Q_10,1.0
267,OK,"La pasta è carica al centro, mentre la zona degli scalzi risulta più chiara.",Carico al centro. Zona scalzi più  chiara,Carico al centro. Zona scalzi più  chiara,2018,C0C,TG_12,1.0
268,OK,"La pasta è più chiara verso gli scalzi, con una leggera saturazione nel resto.",Più chiaro verso gli scalzi. Appena un po'  saturo il resto,Più chiaro verso gli scalzi. Appena un po'  saturo il resto,2018,C0C,TG_13,1.0
269,OK,"È presente una zona nettamente più scura, non omogenea, con un giallo abbastanza carico.",Presenza di u a zona nettamente più scura qui di non omogeneo. Giallo abbastanza carico,Presenza di u a zona nettamente più scura qui di non omogeneo. Giallo abbastanza carico,2018,C0C,TG_19,1.0
270,OK,"La pasta è omogenea, ma carica.","Omogeneo, ma carico","Omogeneo, ma carico",2018,C0C,TG_20,1.0
271,OK,"La pasta è omogenea, tendente al paglierino, con una carica maggiore verso i piatti.","Omogeneo, te dente al paglierino. Solo più  carico verso i piatti","Omogeneo, te dente al paglierino. Solo più  carico verso i piatti",2018,C0C,TG_24,1.0
272,OK,"La pasta presenta zone paglierino con un lieve carico di giallo al centro, risultando comunque buona.",A zone paglierino.  Lieve carico di giallo in più  al centro. Buona  comunque,A zone paglierino.  Lieve carico di giallo in più  al centro. Buona  comunque,2018,C0C,TG_35,1.0
273,OK,"La pasta è disomogenea, con concentrazione al centro.",Disomogeneo concentrarti al centro,Disomogeneo concentrarti al centro,2018,C0D,Q_02,1.0
274,OK,La pasta non è omogenea.,Non omogeneo,Non omogeneo,2018,C0D,Q_09,1.0
275,FUORI_ATTRIBUTO,Il colore non è omogeneo.,Non omogeneo,Non omogeneo,2018,C0D,Q_10,1.0
276,OK,La colorazione è omogenea su tutta la sezione.,Colorazione omogenea su tutta la sezione,Colorazione omogenea su tutta la sezione,2018,C0D,TG_04,1.0
277,CONFORME,"Il campione mostra una pasta omogenea, senza variazioni di colore evidenti.",Omogeneo,Omogeneo,2018,C0D,TG_08,0.5
278,OK,"La pasta non è omogenea, risultando chiara ai bordi.",Non omogeneo chiaro ai bordi,Non omogeneo chiaro ai bordi,2018,C0D,TG_11,1.0
279,OK,Un angolo della pasta risulta più chiaro.,Un angolo più chiaro,Un angolo più chiaro,2018,C0D,TG_13,1.0
280,FUORI_ATTRIBUTO,Il lato della crosta è scuro.,Lato crosta scuro,Lato crosta scuro,2018,C0D,TG_19,1.0
281,OK,"Il campione presenta una pasta di colore giallo carico, più chiaro verso lo scalzo.","Giallo abb carico, piu  chiaro vicino allo scalzo","Giallo abb carico, piu  chiaro vicino allo scalzo",2018,C0I,Q_09,1.0
282,OK,"La pasta del campione è carica e omogenea, con una tonalità di giallo paglierino.",Carico omogeneo,Carico omogeneo,2018,C0I,TG_04,1.0
283,FUORI_ATTRIBUTO,Il colore è più chiaro vicino agli scalzi.,Più chiaro vicino scalzi,Più chiaro vicino scalzi,2018,C0I,TG_11,1.0
284,FUORI_ATTRIBUTO,Il colore è aranciato.,Aranciato,Aranciato,2018,C0I,TG_13,1.0
285,ILLEGGIBILE,,Carico uniforme,Carico uniformeorme,2018,C0I,TG_20,1.0
286,OK,"Il campione presenta un alone centrale più scuro, di dimensioni grandi ma leggero.",Alone centrale più scuro grande sia pure leggero,Alone centrale più scuro grande sia pure leggero,2018,C0M,Q_02,1.0
287,FUORI_ATTRIBUTO,C'è un alone centrale.,Alone centrale,Alone centrale,2018,C0M,Q_09,1.0
288,OK,Il campione presenta una pasta disomogenea con una fascia nocciola.,Disomogeneo con fascia nocciola,Disomogeneo con fascia nocciola,2018,C0M,Q_10,1.0
289,OK,Il campione presenta una pasta di colore giallo grigio intenso.,Giallo grigio intenso,Giallo grigio intenso,2018,C0M,TG_04,1.0
290,OK,Il campione presenta macchie di colore arancio chiaro e rosate.,Macchie arancio chiaro e rosate,Macchie arancio chiaro e rosate,2018,C0M,TG_08,1.0
291,OK,Il campione presenta una pasta chiara con un leggero alone centrale.,Chiara con leggero alone centrale,Chiara con leggero alone centrale,2018,C0M,TG_11,1.0
292,OK,"Il campione presenta un colore più carico al centro, con un alone evidente.","Più carico al centro, alone evidente","Più carico al centro, alone evidente",2018,C0M,TG_12,1.0
293,OK,"Il campione è abbastanza omogeneo, con un carico maggiore al centro e qualche alone rosa.","Abbastanza  omogeneo, più carico  al centro, qualche  alone rosa","Abbastanza  omogeneo, più carico  al centro, qualche  alone rosa",2018,C0M,TG_13,1.0
294,OK,"Il colore di fondo è abbastanza bello, ma è evidente un alone verso un piatto.",Colore di fondo abbastanza  bello ma è evidente  alone verso un piatto,Colore di fondo abbastanza  bello ma è evidente  alone verso un piatto,2018,C0M,TG_19,1.0
295,FUORI_ATTRIBUTO,La struttura è a tratti difettosa con stiratura.,Struttura a tratti difettosa con stiratura,Struttura a tratti difettosa con stiratura,2018,C0M,TG_20,1.0
296,OK,"Il campione presenta una pasta omogenea, con un carico di colore mediamente intenso.",Omogeneo mediamente  carico,Omogeneo mediamente  carico,2018,C0M,TG_24,1.0
297,OK,Il campione presenta una pasta di colore paglierino carico con un alone centrale.,Paglierino carico con alone centrale,Paglierino carico con alone centrale,2018,C0M,TG_35,1.0
298,OK,Il campione presenta una pasta di colore giallo piuttosto carico e aranciato.,Giallo piuttosto carico e aranciato,Giallo piuttosto carico e aranciato,2018,C0Q,Q_02,1.0
299,OK,"Il campione presenta una pasta di colore giallo, meno carico e abbastanza omogenea.",Giallo anche meno carico abbastanza omogenea,Giallo anche meno carico abbastanza omogenea,2018,C0Q,Q_09,1.0
300,OK,"Il campione sarebbe anche giallo paglierino, ma presenta una zona con un alone imbrunito.",Sarebbe anche giallo paglierino ma presenta zona con alone imbrunito,Sarebbe anche giallo paglierino ma presenta zona con alone imbrunito,2018,C0Q,Q_10,1.0
301,FUORI_ATTRIBUTO,Il colore è giallo medio carico tendente al nocciola.,Giallo medio carico tendente al nocciola,Giallo medio carico tendente al nocciola,2018,C0Q,TG_08,1.0
302,OK,"Il campione presenta una pasta di colore giallo medio carico, uniforme e priva di macchie.",Omogeneo giallo medio.carico,Omogeneo giallo medio.carico,2018,C0Q,TG_11,1.0
303,OK,"Il campione presenta una pasta di colore paglierino intenso, uniforme e priva di macchie.",Omogenea paglierino più intenso,Omogenea paglierino più intenso,2018,C0Q,TG_12,1.0
304,FUORI_ATTRIBUTO,Un piatto è più scuro.,Un piatto e più scuro,Un piatto e più scuro,2018,C0Q,TG_20,1.0
305,OK,"Il campione presenta un alone centrale carico, con una pasta di colore uniforme.",Alone centrale carico,Alone centrale carico,2018,C0B,Q_02,1.0
306,OK,Il campione presenta un colore di fondo chiaro con un netto alone centrale e una leggera chiazza rosata.,Colore di fondo chiaro ma netto alone centrale e forse una chiazza rosara,Colore di fondo chiaro ma netto alone centrale e forse una chiazza rosara,2018,C0B,Q_09,1.0
307,OK,"Il campione presenta una pasta paglierino ai bordi, ma carico al centro, con una leggera intensità di colore.","Paglierino ai bordi, ma carico al centro, anche se non molto giallo","Paglierino ai bordi, ma carico al centro, anche se non molto giallo",2018,C0B,TG_04,1.0
308,OK,"Il campione presenta un alone centrale molto scuro, con una pasta di colore uniforme.",Alone centrale molto più  scuro,Alone centrale molto più  scuro,2018,C0B,TG_12,1.0
309,OK,"Il campione presenta un alone centrale marcato, più evidente grazie alla pasta molto chiara.","Alone  centrale marcato, più evidente perché la pasta é molto chiara","Alone  centrale marcato, più evidente perché la pasta é molto chiara",2018,C0B,TG_13,1.0
310,OK,Il campione presenta una pasta chiara con un deciso alone centrale.,Chiara con deciso alone centrale,Chiara con deciso alone centrale,2018,C0B,TG_19,1.0
311,OK,Il campione mostra centralmente una sfumatura leggermente più intensa.,Centralmente mostra una sfumatura leggermente piú intensa,Centralmente mostra una sfumatura leggermente piú intensa,2018,C0B,TG_35,1.0
312,OK,"Il campione è leggermente carico ma paglierino al centro, uniforme.",Leggermente carico ma paglierino al centro,Leggermente carico ma paglierino al centro,2018,C0D,Q_02,1.0
313,OK,"Il campione tende leggermente al rosato, presentando una pasta abbastanza uniforme.",Tendente un Po al rosato abbastanza unif,Tendente un Po al rosato abbastanza uniforme,2018,C0D,Q_09,1.0
314,OK,"Il campione è omogeneo su tutto il taglio, non paglierino, ma appena più carico.","Omogeneo su tutto il taglio ma non paglierino, appena più  carico","Omogeneo su tutto il taglio ma non paglierino, appena più  carico",2018,C0D,TG_04,1.0
315,OK,Il campione è chiaro con un leggero alone centrale e tende verso un colore piatto.,Chiara con leggero alone centrale e verso un piatto,Chiara con leggero alone centrale e verso un piatto,2018,C0D,TG_19,1.0
316,OK,Il campione presenta un'omogenea presenza di cristalli bianchi evidenti.,Omogenea presenza dicristalli bianchi evidenti,Omogenea presenza dicristalli bianchi evidenti,2018,C0D,TG_35,1.0
317,OK,Il campione è carico ma non omogeneo.,Carico non omogeneo,Carico non omogeneo,2018,C0F,Q_02,1.0
318,OK,"Il campione è carico, con una leggera tonalità grigiastro e rosata.",Carico un Po grigiastro e rosato,Carico un Po grigiastro e rosato,2018,C0F,Q_09,1.0
319,OK,Il campione è omogeneo e non troppo carico.,"Omogeneo, non troppo carico","Omogeneo, non troppo carico",2018,C0F,TG_04,1.0
320,CONFORME,"Il campione mostra una pasta omogenea, priva di difetti visivi.",Omogeneo,Omogeneo,2018,C0F,TG_12,0.5
321,FUORI_ATTRIBUTO,Il colore non è molto chiaro ed è leggermente più intenso al centro.,Non molto chiaro e leggermente più intenso al centro,Non molto chiaro e leggermente più intenso al centro,2018,C0F,TG_19,1.0
322,OK,"La pasta del campione è decisamente carica, con una tonalità di giallo paglierino.",Decisamente carico,Decisamente carico,2018,C0I,Q_02,1.0
323,FUORI_ATTRIBUTO,Il colore è molto carico e più chiaro su un piatto.,Colore molto carico più chiaro su 1 piatto,Colore molto carico più chiaro su 1 piatto,2018,C0I,Q_09,1.0
324,OK,"Il campione mostra una pasta abbastanza omogenea, con una carica saturo verso il giallo.",Abbastanza omogeneo ma saturo verso il giallo,Abbastanza omogeneo ma saturo verso il giallo,2018,C0I,TG_04,1.0
325,OK,"Il campione presenta una pasta di colore giallo intenso, con una carica marcata e uniforme.",Molto carico,Molto carico,2018,C0I,TG_12,1.0
326,OK,"Il campione presenta due fasce, con una tonalità più scura su un piatto.","Due fasce, più scura su un piatto","Due fasce, più scura su un piatto",2018,C0I,TG_13,1.0
327,OK,"Il campione è intenso e presenta un alone centrale, con una sfumatura verso un piatto.",Intenso e con alone in centro e verso un piatto,Intenso e con alone in centro e verso un piatto,2018,C0I,TG_19,1.0
328,OK,"La pasta del campione è omogenea, priva di disomogeneità e macchie.",Omogenea,Omogenea,2018,C0I,TG_35,1.0
329,OK,"Il campione mostra una pasta pressoché omogenea, con una leggera variazione di tonalità.",Pressoché omogenea,Pressoché omogenea,2018,C0L,Q_02,1.0
330,OK,Il campione è leggermente più scuro su un piatto.,Leggermente più scuro su 1b piatto,Leggermente più scuro su 1b piatto,2018,C0L,Q_09,1.0
331,OK,Il campione è omogeneo e chiaro.,"Omogeneo, chiaro","Omogeneo, chiaro",2018,C0L,TG_04,1.0
332,OK,"Il campione ha una pasta di colore paglierino chiaro, uniforme e priva di imperfezioni.",Paglierino chiaro,Paglierino chiaro,2018,C0L,TG_13,1.0
333,OK,Il campione è omogeneo ma presenta un'intensità nocciola.,Omogeneo ma intenso nocciola,Omogeneo ma intenso nocciola,2018,C0L,TG_19,1.0
334,OK,Il sottocrosta di una faccia è più chiaro.,Il sottoposta di una faccia è più chiaro,Il sottocrosta di una faccia è più chiaro,2018,C0L,TG_35,1.0
335,OK,"Il campione non è omogeneo e presenta macchie gialle più accentuate, con un alone centrale non carico.",Non omogenea Presenza di macchie gialle più accentuate  Alone centrale non carico,Non omogenea Presenza di macchie gialle più accentuate  Alone centrale non carico,2018,C0O,Q_02,1.0
336,OK,"La base è chiara ma disomogenea, con chiazze più scure.",Base chiara ma disomogenea con chiazze più scure,Base chiara ma disomogenea con chiazze più scure,2018,C0O,Q_09,1.0
337,OK,"La base è paglierino, chiara, con un alone appena più scuro e ulteriori macchie ancora più scure.","Base paglierino, chiara. Alone appena più  scuri e ulteriori macchie ancora più  scure","Base paglierino, chiara. Alone appena più  scuri e ulteriori macchie ancora più  scure",2018,C0O,TG_04,1.0
338,OK,"Il campione è paglierino carico, soprattutto al centro, con delle striature più evidenti.",Paglierino carico soprattutto al centro con delle striature più evidenti,Paglierino carico soprattutto al centro con delle striature più evidenti,2018,C0O,TG_13,1.0
339,OK,Il campione è chiaro ma presenta un alone sganciato centrale.,Chiara ma alone sganciato centrale,Chiara ma alone sganciato centrale,2018,C0O,TG_19,1.0
340,OK,"Escludendo la sfumatura della crosta, il colore è omogeneo.",Escludendo la sfumatura della crosta il colore omogeneo,Escludendo la sfumatura della crosta il colore omogeneo,2018,C0A,Q_02,1.0
341,OK,"Il campione presenta una pasta di colore chiaro, tendente al grigio uniforme con una leggera sfumatura rosata al centro.",Chiaro ma tendente al grigio uniforme  con leggera sfumatura risata al centro,Chiaro ma tendente al grigio uniformeorme  con leggera sfumatura rosata al centro,2018,C0A,Q_09,1.0
342,OK,"La pasta è omogenea, senza variazioni di colore o macchie visibili.",Omogenea,Omogenea,2018,C0A,TG_05,1.0
343,OK,Il campione presenta una pasta di colore leggermente carico ma omogeneo.,Colore leggermente carico ma omogeneo,Colore leggermente carico ma omogeneo,2018,C0A,TG_13,1.0
344,OK,Il campione presenta una pasta di colore giallo carico omogeneo.,Giallo carico omogeneo,Giallo carico omogeneo,2018,C0A,TG_14,1.0
345,OK,Il campione presenta una pasta più scura verso un piatto.,Più scura verso un piatto,Più scura verso un piatto,2018,C0A,TG_15,1.0
346,OK,Il campione presenta una pasta omogenea e intensa.,Omogenea e intensa,Omogenea e intensa,2018,C0A,TG_19,1.0
347,ILLEGGIBILE,,Bello,Bello,2018,C0A,TG_20,1.0
348,OK,Il campione presenta una pasta di colore giallo carico omogeneo.,Giallo carico omogeneo,Giallo carico omogeneo,2018,C0A,TG_24,1.0
349,OK,Il campione presenta un alone marcato al centro.,Alone marcato al centro,Alone marcato al centro,2018,C0C,Q_02,1.0
350,OK,Il campione presenta una pasta di colore giallo con un alone centrale ampio.,Giallo gonfalone centrale,Giallo alone centrale ampio centrale,2018,C0C,Q_09,1.0
351,FUORI_ATTRIBUTO,C'è disomogeneità.,Disomogeneità,Disomogeneità,2018,C0C,TG_05,1.0
352,OK,Il campione presenta un colore più carico al centro.,Colore più carico al centro,Colore più carico al centro,2018,C0C,TG_13,1.0
353,OK,Il campione presenta una colorazione giallo carico più accentuato verso il centro.,Colorazione giallo carico più accentuato verso il centro,Colorazione giallo carico più accentuato verso il centro,2018,C0C,TG_14,1.0
354,OK,"Il campione presenta una pasta di colore giallo carico al centro e più chiara verso un piatto, con zone grigiastre.","Giallo carico al centro e più chiara verso un piatto,zone grigiastre","Giallo carico al centro e più chiara verso un piatto,zone grigiastre",2018,C0C,TG_15,1.0
355,OK,Il campione presenta una pasta disomogenea e con alone.,Disomogenea e con alone,Disomogenea e con alone,2018,C0C,TG_19,1.0
356,OK,"Il campione presenta una pasta non molto omogenea, carico al centro.","Non molto omogeneo, carico al centro","Non molto omogeneo, carico al centro",2018,C0C,TG_20,1.0
357,OK,Il campione presenta un'area centrale rossastra.,Area centrale rossastra...,Area centrale rossastra...,2018,C0C,TG_24,1.0
358,OK,Il campione presenta un leggero alone.,Leggero alone,Leggero alone,2018,C0E,Q_02,1.0
359,OK,Il campione presenta una pasta uniforme tendente al grigio.,Colore uniforme tendente al grigio,Colore uniformeorme tendente al grigio,2018,C0E,Q_09,1.0
360,OK,"Il campione presenta una pasta omogenea, con una tonalità uniforme e priva di difetti.",Omogenea,Omogenea,2018,C0E,TG_05,1.0
361,OK,"Il campione presenta una pasta di colore giallo paglierino, uniforme e priva di macchie.",Giallo paglierino omogeneo,Giallo paglierino omogeneo,2018,C0E,TG_14,1.0
362,FUORI_ATTRIBUTO,Ci sono zone grigiastre.,Zone grigiastre,Zone grigiastre,2018,C0E,TG_15,1.0
363,OK,"La pasta è chiara e mostra una buona omogeneità, senza aree disomogenee.",Chiaro e abbastanza omogeneo,Chiaro e abbastanza omogeneo,2018,C0E,TG_19,1.0
364,OK,"Il campione è caratterizzato da una pasta non molto carica, ma sufficientemente omogenea.","Non molto  carico, abbastanza  Omogeneo","Non molto  carico, abbastanza  Omogeneo",2018,C0E,TG_20,1.0
365,OK,"Il campione presenta una pasta omogenea, tranne nel sottocrosta.",Omogenea tranne nel sottocrosta,Omogenea tranne nel sottocrosta,2018,C0E,TG_24,1.0
366,OK,Il campione presenta un lieve alone.,Leggero alone,Leggero alone,2018,C0G,Q_02,1.0
367,OK,Il campione tende all'aranciato ma mantiene una pasta uniforme.,Tendente all' aranciata ma unif,Tendente all' aranciata ma uniforme,2018,C0G,Q_09,1.0
368,OK,"Il campione presenta una pasta paglierino carico, con tonalità rossastra negli angoli.","Paglierino carico, rossastra negli angoli","Paglierino carico, rossastra negli angoli",2018,C0G,TG_13,1.0
369,OK,"La colorazione è omogenea e non troppo carica, con una tonalità equilibrata.",Colorazione omogenea non troppo carica,Colorazione omogenea non troppo carica,2018,C0G,TG_14,1.0
370,OK,"Il campione presenta una pasta di colore giallo abbastanza chiaro, con lieve sfumatura vicino al piatto.","Giallo abbastanza chiaro ,lieve sfumatura vicino al piatto","Giallo abbastanza chiaro ,lieve sfumatura vicino al piatto",2018,C0G,TG_15,1.0
371,OK,"Il campione presenta una pasta omogenea, senza variazioni di colore.",Omogenea,Omogenea,2018,C0G,TG_19,1.0
372,OK,"Il campione è abbastanza omogeneo, in prossimità della crosta tende al rossiccio.","Abbastanza  Omogeneo, in prossimità  della crosta  tendente al rossiccio","Abbastanza  Omogeneo, in prossimità  della crosta  tendente al rossiccio",2018,C0G,TG_20,1.0
373,OK,Il campione presenta una bella tonalità con giallo chiaro.,Bella tonalità con giallo chiaro,Bella tonalità con giallo chiaro,2018,C0G,TG_24,1.0
374,OK,"Il campione è non omogeneo, con marcata disomogeneità nel centro e sottocrosta più chiara.",Non omogeneo più marcato nel centro Sottocrosta più chiaro,Non omogeneo più marcato nel centro Sottocrosta più chiaro,2018,C0N,Q_02,1.0
375,OK,Il campione è più scuro al centro e presenta una chiazza rosa.,Più scuro al centro e chiazza rosa,Più scuro al centro e chiazza rosa,2018,C0N,Q_09,1.0
376,CONFORME,"Il campione presenta una pasta conforme, con una leggera disomogeneità.",Poco omogenea,Poco omogenea,2018,C0N,TG_05,0.5
377,OK,"Il campione presenta un alone più scuro al centro, con pasta di colore giallo un po' carico.",Alone più scuro al centro. Pasta dal giallo un po' carico,Alone più scuro al centro. Pasta dal giallo un po' carico,2018,C0N,TG_13,1.0
378,OK,Il campione presenta una pasta di colore giallo carico.,Giallo carico,Giallo carico,2018,C0N,TG_14,1.0
379,OK,Il campione presenta un centro più carico rispetto alla parte vicino ai piatti.,Centro piú carico della parte vicino ai piatti,Centro piú carico della parte vicino ai piatti,2018,C0N,TG_15,1.0
380,OK,Il campione è intenso al centro.,Intenso al centro di piu,Intenso al centro di piu,2018,C0N,TG_19,1.0
381,FUORI_ATTRIBUTO,"Non è molto omogeneo, è più carico al centro.","Non molto  Omogeneo, più carico  al centro","Non molto  Omogeneo, più carico  al centro",2018,C0N,TG_20,1.0
382,FUORI_ATTRIBUTO,Il giallo è forse troppo carico.,Forse troppo carico il giallo..,Forse troppo carico il giallo..,2018,C0N,TG_24,1.0
383,FUORI_ATTRIBUTO,C'è disomogeneità nella colorazione.,Disomogeneità di colorazione,Disomogeneità di colorazione,2018,C0R,Q_02,1.0
384,FUORI_ATTRIBUTO,È chiaro con un centro più bianco.,Chiaro con centro più bianco,Chiaro con centro più bianco,2018,C0R,Q_09,1.0
385,OK,"La pasta del campione è omogenea, con una tonalità uniforme e priva di macchie.",Omogeneo,Omogeneo,2018,C0R,TG_05,1.0
386,FUORI_ATTRIBUTO,"Il colore giallo è carico a macchie, è negativo.","Colore giallo carico a macchie, negativo","Colore giallo carico a macchie, negativo",2018,C0R,TG_13,1.0
387,FUORI_ATTRIBUTO,Il colore è più intenso verso un piatto.,Colore più intenso verso un piatto,Colore più intenso verso un piatto,2018,C0R,TG_14,1.0
388,FUORI_ATTRIBUTO,Non è omogeneo.,Non omogeneo,Non omogeneo,2018,C0R,TG_15,1.0
389,FUORI_ATTRIBUTO,"È disomogenea, con fasce più chiare e un centro quasi rosato.","Disomogenea, a fasce più chiara, centro quasi rosato","Disomogenea, a fasce più chiara, centro quasi rosato",2018,C0R,TG_19,1.0
390,OK,"Il campione è abbastanza omogeneo, con una tonalità leggermente più scura su un lato.","Abbastanza  Omogeneo, un po' più scuro  Su un lato","Abbastanza  Omogeneo, un po' più scuro  Su un lato",2018,C0R,TG_20,1.0
391,OK,Il campione presenta un colore giallo carico omogeneo con tendenza a tonalità più chiara.,Giallo carico omogeneo con tendenza a tonalità più chiara,Giallo carico omogeneo con tendenza a tonalità più chiara,2018,C0R,TG_24,1.0
392,OK,"La pasta è più chiara sotto un piatto, ma mantiene una buona omogeneità.",Più chiara sotto un piatto ma abbastanza omogeneo,Più chiara sotto un piatto ma abbastanza omogeneo,2018,C0A,Q_09,1.0
393,OK,Il campione presenta un colore giallo paglierino marcato.,Giallo paglierino marcato,Giallo paglierino marcato,2018,C0A,Q_10,1.0
394,OK,Il campione è omogeneo e presenta una tonalità abbastanza chiara.,"Omogeneo, abbastanza chiaro","Omogeneo, abbastanza chiaro",2018,C0A,TG_04,1.0
395,ILLEGGIBILE,,"Uniforme, abb  chiaro","uniformeorme, abb  chiaro",2018,C0A,TG_12,1.0
396,OK,Il campione presenta un colore leggermente carico ma omogeneo.,Leggermente carico ma omogeneo,Leggermente carico ma omogeneo,2018,C0A,TG_13,1.0
397,OK,"La pasta non è molto chiara, ma risulta sufficientemente omogenea.",Non molto chiaro ma abbastanza omogeneo,Non molto chiaro ma abbastanza omogeneo,2018,C0A,TG_15,1.0
398,OK,Il campione è abbastanza omogeneo e presenta una tonalità chiara.,Abbastanza omogeneo e chiaro,Abbastanza omogeneo e chiaro,2018,C0A,TG_19,1.0
399,OK,Il campione presenta un colore carico ma omogeneo.,Carico ma omogeneo,Carico ma omogeneo,2018,C0A,TG_20,1.0
400,OK,Il campione presenta un colore giallo carico omogeneo.,Giallo carico omogeneo,Giallo carico omogeneo,2018,C0A,TG_24,1.0
401,FUORI_ATTRIBUTO,È chiaro e tende al grigio.,Chiaro tendente al grigio,Chiaro tendente al grigio,2018,C0A,TG_26,1.0
402,FUORI_ATTRIBUTO,È omogeneo ma leggermente grigio.,Omogeneo leggermente grigio,Omogeneo leggermente grigio,2018,C0C,Q_09,1.0
403,OK,"Il campione presenta una pasta di colore giallo paglierino, uniforme e priva di macchie, con una frattura scalza che evidenzia una leggera microocchiatura e la presenza di cristalli di tirosina.",Giallo paglierino un po' più carico al centro,Giallo paglierino un po' più carico al centro,2018,C0C,Q_10,1.0
404,FUORI_ATTRIBUTO,È lievemente più carico al centro.,Lievemente più  carica al centro,Lievemente più  carica al centro,2018,C0C,TG_04,1.0
405,FUORI_ATTRIBUTO,C'è una fascia più scura su un piatto.,Fascia più scura su un piatto,Fascia più scura su un piatto,2018,C0C,TG_13,1.0
406,FUORI_ATTRIBUTO,È abbastanza chiara ma leggermente non omogenea sotto i due piatti.,Abbastanza chiara ma leggermente non omogenea sotto i due piatti,Abbastanza chiara ma leggermente non omogenea sotto i due piatti,2018,C0C,TG_19,1.0
407,OK,Il campione è abbastanza omogeneo ma presenta una pasta carica.,Abbastanza  omogeneo  ma carico,Abbastanza  omogeneo  ma carico,2018,C0C,TG_20,1.0
408,ILLEGGIBILE,,Ad aree...,Ad aree...,2018,C0C,TG_24,1.0
409,OK,"Il campione presenta una pasta di colore giallo carico, con un alone centrale più scuro, uniforme e priva di macchie.",Giallo carico alone centrale più scuro,Giallo carico alone centrale più scuro,2018,C0C,TG_26,1.0
410,FUORI_ATTRIBUTO,C'è una fascia più scura tendente al rosato a 5 cm.,Fascia più scura tendente al rosato a 5 cm disputati,Fascia più scura tendente al rosato a 5 cm disputati,2018,C0D,Q_09,1.0
411,FUORI_ATTRIBUTO,C'è una macchia rosa in prossimità di un piatto.,Macchia rosa in prossimità di un piatto,Macchia rosa in prossimità di un piatto,2018,C0D,Q_10,1.0
412,OK,"Il campione presenta una pasta di colore carico al centro, con una fascia sub centrale, disomogeneo e privo di macchie.","Carico al centro, o meglio in una fascia sub centrale. Comunque disomogeneo","Carico al centro, o meglio in una fascia sub centrale. Comunque disomogeneo",2018,C0D,TG_04,1.0
413,OK,"La pasta del campione è omogenea, senza variazioni di colore.",Omogenea,Omogenea,2018,C0D,TG_05,1.0
414,OK,"Il campione presenta una pasta di colore omogeneo e carico, uniforme e priva di macchie.",Omogeneo abb  carico,Omogeneo abb  carico,2018,C0D,TG_12,1.0
415,OK,"Il campione presenta una pasta di colore paglierino, abbastanza carico con zone più scure, uniforme e priva di macchie.",Colore paglierino abbastanza carico con zone più scure,Colore paglierino abbastanza carico con zone più scure,2018,C0D,TG_13,1.0
416,FUORI_ATTRIBUTO,Ci sono zone verdastre sugli angoli e arancioni.,Zone verdastre sugli angoli e arancioni,Zone verdastre sugli angoli e arancioni,2018,C0D,TG_15,1.0
417,FUORI_ATTRIBUTO,È a fasce.,A fasce,A fasce,2018,C0D,TG_19,1.0
418,FUORI_ATTRIBUTO,Ha un bel colore di fondo ma con evidenti aloni più scuri.,Bel colore di fondo ma con evidenti  Alone più scuri,Bel colore di fondo ma con evidenti  Alone più scuri,2018,C0D,TG_20,1.0
419,OK,"Il campione presenta una pasta di colore giallo carico, soprattutto negli angoli e scalzi, uniforme e priva di macchie.",Giallo carico soprattutto negli angoli e scalzi.,Giallo carico soprattutto negli angoli e scalzi.,2018,C0D,TG_24,1.0
420,OK,"Il campione presenta una pasta di colore giallo chiaro, non omogeneo in alcune zone che tendono al grigio, uniforme e priva di macchie.",Giallo chiaro non omogeneo n alcune zone tende al grigio,Giallo chiaro non omogeneo n alcune zone tende al grigio,2018,C0D,TG_26,1.0
421,OK,Il campione ha un colore carico ma uniforme.,Colore carico ma uniforme,Colore carico ma uniformeorme,2018,C0G,Q_09,1.0
422,OK,"Il campione presenta una pasta di colore giallo carico, uniforme e priva di imperfezioni.",Giallo carico,Giallo carico,2018,C0G,Q_10,1.0
423,FUORI_ATTRIBUTO,È appena saturo e ha lievi chiarimenti.,Appena saturo. Appena più  chiarimenti scalzi,Appena saturo. Appena più  chiarimenti scalzi,2018,C0G,TG_04,1.0
424,OK,Il campione presenta una pasta omogenea e carica.,Omogeneo abb  carico,Omogeneo abb  carico,2018,C0G,TG_12,1.0
425,OK,"La pasta è omogenea, con una tonalità uniforme e senza macchie.",Omogeneo,Omogeneo,2018,C0G,TG_13,1.0
426,FUORI_ATTRIBUTO,Zona rosa vicino alla crosta.,Zona rosa vicino a crosta,Zona rosa vicino a crosta,2018,C0G,TG_15,1.0
427,OK,"Il campione presenta una pasta leggermente più carica in una metà, ma mediamente buona.","Leggermente più carico in una metà, ma mediamente buono","Leggermente più carico in una metà, ma mediamente buono",2018,C0G,TG_19,1.0
428,OK,"Il campione presenta una pasta omogenea, ma leggermente più carica.",Omogeneo  ma un po'  carico,Omogeneo  ma un po'  carico,2018,C0G,TG_20,1.0
429,FUORI_ATTRIBUTO,Aree nocciola estese.,Aree nocciola estese..,Aree nocciola estese..,2018,C0G,TG_24,1.0
430,OK,Il campione presenta una pasta di colore giallo tendente al carico.,Giallo tendente al carico,Giallo tendente al carico,2018,C0G,TG_26,1.0
431,OK,"Il campione presenta una pasta di colore tendente al rosato, abbastanza uniforme.",Colore tendente al rosato abbastanza unif,Colore tendente al rosato abbastanza uniforme,2018,C0H,Q_09,1.0
432,OK,"Il campione presenta una pasta di colore giallo paglierino chiaro, omogenea e priva di macchie.",Giallo paglierino chiaro omogeneo,Giallo paglierino chiaro omogeneo,2018,C0H,Q_10,1.0
433,OK,Il campione presenta una pasta leggermente più scura verso il centro.,Più  scura verso il centro anche se di poco,Più  scura verso il centro anche se di poco,2018,C0H,TG_04,1.0
434,OK,Il campione presenta una pasta non del tutto omogenea.,Non del tutto omogeneo,Non del tutto omogeneo,2018,C0H,TG_12,1.0
435,OK,Il campione presenta zone con una tonalità rosata.,Zone con una tonalità rosata,Zone con una tonalità rosata,2018,C0H,TG_13,1.0
436,OK,Il campione presenta una pasta un po' rosata con zone chiare.,"Un po' rosata, zone chiare","Un po' rosata, zone chiare",2018,C0H,TG_15,1.0
437,OK,Il campione presenta una pasta abbastanza chiara di sfondo con alone e zona più decisa.,Abbastanza chiaro di sfondo con alone e zona più decisa,Abbastanza chiaro di sfondo con alone e zona più decisa,2018,C0H,TG_19,1.0
438,OK,"Il campione presenta una pasta un po' eterogenea, più carica al centro con qualche alone che tende al rosa.","Un po'  eterogeneo, più carico  al centro  con qualche alone che tende al rosa","Un po'  eterogeneo, più carico  al centro  con qualche alone che tende al rosa",2018,C0H,TG_20,1.0
439,CONFORME,"Il campione presenta una pasta di colore uniforme, priva di macchie e con una frattura scalza che evidenzia una leggera microocchiatura.",Omogeneo,Omogeneo,2018,C0H,TG_24,0.5
440,OK,"Il campione presenta una pasta di colore giallo chiaro, omogenea e tendente a chiaro.",Giallo chiaro  omogeneo tendente a chiaro,Giallo chiaro  omogeneo tendente a chiaro,2018,C0H,TG_26,1.0
441,FUORI_ATTRIBUTO,Leggero alone.,Leggero alone,Leggero alone,2018,C0Q,Q_09,1.0
442,OK,"Il campione presenta una pasta di colore giallo paglierino chiaro, uniforme e priva di macchie.",Giallo paglierino chiaro omogeneo,Giallo paglierino chiaro omogeneo,2018,C0Q,Q_10,1.0
443,FUORI_ATTRIBUTO,Base paglierina all'esterno e più saturo all'interno.,Base paglierina all'esterno  più  saturo interna!ente,Base paglierina all'esterno  più  saturo interna!ente,2018,C0Q,TG_04,1.0
444,FUORI_ATTRIBUTO,Carico non del tutto uniforme.,Abb  carico non del tutto uniforme,Abb  carico non del tutto uniformeorme,2018,C0Q,TG_12,1.0
445,OK,"La pasta del campione è di un colore chiaro, con una buona uniformità e priva di difetti visibili.",Pasta chiara positiva,Pasta chiara positiva,2018,C0Q,TG_13,1.0
446,FUORI_ATTRIBUTO,Zone grigiastre vicino alla crosta.,Zone grigiastre vicino alla crosta,Zone grigiastre vicino alla crosta,2018,C0Q,TG_15,1.0
447,OK,Il campione presenta una pasta chiara con un lieve alone centrale.,Chiara con alone centrale leggero,Chiara con alone centrale leggero,2018,C0Q,TG_19,1.0
448,OK,"Il campione presenta una pasta chiara, con una leggera carica al centro e uniforme nel resto.","Leggermente  più carico  al centro, per il resto  bello","Leggermente  più carico  al centro, per il resto  bello",2018,C0Q,TG_20,1.0
449,OK,"Il campione presenta un bel colore omogeneo, tendente al chiaro.",Bel colore omogeneo  e tendente al chiaro,Bel colore omogeneo  e tendente al chiaro,2018,C0Q,TG_24,1.0
450,FUORI_ATTRIBUTO,Al centro il colore tende al chiaro.,Poi scusa al centro trend è a chuaro,Poi scusa al centro trend è a chiaro,2018,C0Q,TG_26,1.0
451,FUORI_ATTRIBUTO,"Da chiaro a scuro, disomogeneo.",Da chiaro a scura Disomogeneo,Da chiaro a scura Disomogeneo,2018,C0A,Q_02,1.0
452,OK,"Il campione presenta una pasta più chiara sotto, con un alone centrale.",Più chiaro sotto 1 piatto e alone centrale,Più chiaro sotto 1 piatto e alone centrale,2018,C0A,Q_09,1.0
453,OK,"Il campione presenta 1/4 della superficie di colore molto chiaro, quasi bianco, mentre il resto è più carico.","1/4 della superficie di colore molto chiaro, quasi bianco. Il resto più carico","1/4 della superficie di colore molto chiaro, quasi bianco. Il resto più carico",2018,C0A,TG_04,1.0
454,OK,Il campione presenta una pasta leggermente più scura al centro.,Un po' più scura al centro,Un po' più scura al centro,2018,C0A,TG_13,1.0
455,OK,"Il campione presenta una pasta di colore giallo carico, omogenea.",Giallo carico omogeneo,Giallo carico omogeneo,2018,C0A,TG_14,1.0
456,OK,Il campione presenta una parte leggermente più chiara.,Parte un Po` più chiara,Parte un Po` più chiara,2018,C0A,TG_15,1.0
457,OK,"Il campione presenta una pasta disomogenea, con una macchia rosa in corrispondenza di uno strappo.","Disomogeneo, macchia rosa dove strappo","Disomogeneo, macchia rosa dove strappo",2018,C0A,TG_19,1.0
458,OK,"Il campione presenta una pasta carica, con una zona più chiara verso una faccia.",Carico con zona più chiara  verso una faccia,Carico con zona più chiara  verso una faccia,2018,C0A,TG_20,1.0
459,OK,"Il campione presenta una pasta di colore giallo carico, omogenea.",Giallo carico omogeneo..,Giallo carico omogeneo..,2018,C0A,TG_24,1.0
460,OK,Il campione presenta una pasta molto carica al centro.,Molto carico al centro,Molto carico al centro,2018,C0C,Q_02,1.0
461,FUORI_ATTRIBUTO,Scura con alone centrale rosa.,Scura con Alone centrale rosa,Scura con Alone centrale rosa,2018,C0C,Q_09,1.0
462,FUORI_ATTRIBUTO,Estremamente carico al centro e molto più chiaro in un angolo.,Estremamente carico al centro. Molto più  chiaro in un angolo. 3colori,Estremamente carico al centro. Molto più  chiaro in un angolo. 3colori,2018,C0C,TG_04,1.0
463,OK,L'alone centrale tende al rosato.,Alone centrale tendente al rosato,Alone centrale tendente al rosato,2018,C0C,TG_13,1.0
464,OK,Il campione è più chiaro verso gli scalzi.,Più chiaro verso gli scalzi,Più chiaro verso gli scalzi,2018,C0C,TG_14,1.0
465,OK,Il centro presenta una carica più intensa.,Centro più carico,Centro più carico,2018,C0C,TG_15,1.0
466,FUORI_ATTRIBUTO,Alone centrale nocciola con differenza fra le zone.,"Alone centrale nocciola, differenza fra le zone","Alone centrale nocciola, differenza fra le zone",2018,C0C,TG_19,1.0
467,OK,Sono presenti evidenti aloni rosa.,Presenza  di evidenti  aloni rosa,Presenza  di evidenti  aloni rosa,2018,C0C,TG_20,1.0
468,OK,Il campione è molto scuro e presenta aree non omogenee.,Molto scuro e aree non omogenee,Molto scuro e aree non omogenee,2018,C0C,TG_24,1.0
469,OK,"Il campione mostra una pasta di colore chiaro, con una discreta uniformità e una leggera microocchiatura.",Colore chiaro e abbastanza unif,Colore chiaro e abbastanza uniforme,2018,C0M,Q_09,1.0
470,OK,Il campione è più chiaro verso gli scalzi.,Più  chiara verso gli scalzi,Più  chiara verso gli scalzi,2018,C0M,TG_04,1.0
471,CONFORME,"Il campione presenta una pasta omogenea, senza macchie e con una frattura scalza che evidenzia una leggera microocchiatura.",Omogenea,Omogenea,2018,C0M,TG_14,0.5
472,OK,Il campione è più chiaro vicino a uno scalzo.,Più chiara vicino a scalzo,Più chiara vicino a scalzo,2018,C0M,TG_15,1.0
473,OK,"Il campione è più chiaro sotto un piatto, ma generalmente abbastanza chiaro.","Più chiara sotto un piatto, ma generalmente abbastanza chiara","Più chiara sotto un piatto, ma generalmente abbastanza chiara",2018,C0M,TG_19,1.0
474,CONFORME,"Il campione mostra una pasta abbastanza omogenea, con un aspetto gradevole e priva di difetti.","Abbastanza  omogeneo, bello","Abbastanza  omogeneo, bello",2018,C0M,TG_20,0.5
475,CONFORME,"Il campione presenta una pasta omogenea e chiara, con una frattura scalza che evidenzia una leggera microocchiatura.",Bello omogeneo  e chiaro.,Bello omogeneo  e chiaro.,2018,C0M,TG_24,0.5
476,OK,Il campione è leggermente più carico al centro.,Leggermente carico più al centro,Leggermente carico più al centro,2018,C0N,Q_02,1.0
477,ILLEGGIBILE,,Uniforme un Po carico,uniformeorme un Po carico,2018,C0N,Q_09,1.0
478,OK,Il campione è lievemente più carico al centro.,Lievemente più  carico al centro,Lievemente più  carico al centro,2018,C0N,TG_04,1.0
479,OK,"Il colore è paglierino, carico e uniforme.",Colore paglierino carico uniforme,Colore paglierino carico uniformeorme,2018,C0N,TG_13,1.0
480,OK,Il campione presenta un colore giallo carico.,Giallo carico,Giallo carico,2018,C0N,TG_14,1.0
481,FUORI_ATTRIBUTO,Un po' più chiaro verso un piatto.,Un po' più chiaro verso un piatto,Un po' più chiaro verso un piatto,2018,C0N,TG_15,1.0
482,OK,"Il campione presenta una pasta di colore carico, uniforme e priva di macchie, con una frattura scalza che evidenzia una leggera microocchiatura e la presenza di cristalli di tirosina.",Carico ma omogeneo,Carico ma omogeneo,2018,C0N,TG_19,1.0
483,FUORI_ATTRIBUTO,Più carico al centro e rosato verso la crosta.,"Più carico  al centro, rosato verso la crosta","Più carico  al centro, rosato verso la crosta",2018,C0N,TG_20,1.0
484,FUORI_ATTRIBUTO,Abbastanza omogeneo con qualche area nocciola.,Abbastanza omogeneo con qualche area nocciola,Abbastanza omogeneo con qualche area nocciola,2018,C0N,TG_24,1.0
485,FUORI_ATTRIBUTO,Alone centrale con macchie rosa.,Alone centrale Macchie rosa,Alone centrale Macchie rosa,2018,C0O,Q_02,1.0
486,FUORI_ATTRIBUTO,Colore chiaro bianco sotto un piatto con macchie rosa.,Colore chiaro bianco sotto un piatto e macchie  rosa,Colore chiaro bianco sotto un piatto e macchie  rosa,2018,C0O,Q_09,1.0
487,FUORI_ATTRIBUTO,Più carico al centro con macchie rosa.,"Più carico al centro, macchie rosa","Più carico al centro, macchie rosa",2018,C0O,TG_04,1.0
488,FUORI_ATTRIBUTO,Alone centrale più scuro.,Alone centrale più scuro,Alone centrale più scuro,2018,C0O,TG_11,1.0
489,FUORI_ATTRIBUTO,Più scura al centro con qualche macchia rosa.,Più scura al centro. Qualche macchia rosa,Più scura al centro. Qualche macchia rosa,2018,C0O,TG_13,1.0
490,FUORI_ATTRIBUTO,Colorazione accentuata verso l'interno.,Colorazione accentuata verso l'interno,Colorazione accentuata verso l'interno,2018,C0O,TG_14,1.0
491,FUORI_ATTRIBUTO,Più chiaro verso il centro.,Piú chiaro verso un piatto,Piú chiaro verso un piatto,2018,C0O,TG_15,1.0
492,FUORI_ATTRIBUTO,Disomogeneo con macchie rosa e un alone centrale.,"Disomogeneo e macchie rosa, alone centrale","Disomogeneo e macchie rosa, alone centrale",2018,C0O,TG_19,1.0
493,FUORI_ATTRIBUTO,Alone centrale più scuro con presenza di macchie rosa.,Alone centrale  Più scuro e presenza  di macchie  rosa,Alone centrale  Più scuro e presenza  di macchie  rosa,2018,C0O,TG_20,1.0
494,OK,"Il campione presenta una pasta di colore giallo chiaro, uniforme e priva di macchie, con una frattura scalza che evidenzia una leggera microocchiatura e la presenza di cristalli di tirosina.",Giallo chiaro piuttosto  omogeneo,Giallo chiaro piuttosto  omogeneo,2018,C0O,TG_24,1.0
495,FUORI_ATTRIBUTO,Colore chiaro tendente al verde grigio.,Chiaro tendente al verde grigio,Chiaro tendente al verde grigio,2018,C0Q,Q_09,1.0
496,OK,"La pasta è omogenea e di un colore chiaro, senza macchie o difetti visibili.","Omogeneo, chiaro","Omogeneo, chiaro",2018,C0Q,TG_04,1.0
497,FUORI_ATTRIBUTO,Colore chiaro uniforme ma con una tonalità atipica.,Colore chiaro uniforme ma con una tonalità non tipica,Colore chiaro uniformeorme ma con una tonalità non tipica,2018,C0Q,TG_13,1.0
498,OK,"Il campione presenta una pasta di colore paglierino, uniforme e priva di macchie, con una frattura scalza che evidenzia una leggera microocchiatura e la presenza di cristalli di tirosina.",Paglierino omogeneo,Paglierino omogeneo,2018,C0Q,TG_14,1.0
499,FUORI_ATTRIBUTO,Angoli leggermente verdastri.,Un po' verdastra  angoli,Un po' verdastra  angoli,2018,C0Q,TG_15,1.0
500,FUORI_ATTRIBUTO,Chiaro con un leggero alone centrale.,Chiara con leggero alone centrale,Chiara con leggero alone centrale,2018,C0Q,TG_19,1.0
501,FUORI_ATTRIBUTO,"Omogeneo e bello, tranne per le zone gessate.","A parte le zone gessate, omogeneo e bello","A parte le zone gessate, omogeneo e bello",2018,C0Q,TG_20,1.0
502,OK,"Il campione presenta una pasta di colore giallo chiaro con aree verdognole, risultando disomogeneo.","Giallo tendente al chiaro, ma aree verdognole","Giallo tendente al chiaro, ma aree verdognole",2018,C0Q,TG_24,1.0
503,OK,Il campione mostra una percepibile presenza di un alone centrale con una macchia rosata.,Presenza alone centrale percepibile con una macchia rosa,Presenza alone centrale percepibile con una macchia rosa,2018,C0A,Q_02,1.0
504,OK,"Il colore è chiaro, evidenziato sotto un piatto.",Colore più chiaro sotto un piatto,Colore più chiaro sotto un piatto,2018,C0A,Q_09,1.0
505,OK,"Il campione presenta un colore chiaro, leggermente più carico al centro, con una macchia rosa visibile sul taglio.","Colore chiaro appena più carico al centro, poco comunque. Mi pare vedere macchia rosa sul taglio. Non sono sicuro, non penaizzo","Colore chiaro appena più carico al centro, poco comunque. Mi pare vedere macchia rosa sul taglio. Non sono sicuro, non penaizzo",2018,C0A,TG_04,1.0
506,OK,"Il campione è disomogeneo, risultando più chiaro verso gli scalzi.","Disomogeneo, più  chiaro verso gli scalzi","Disomogeneo, più  chiaro verso gli scalzi",2018,C0A,TG_12,1.0
507,FUORI_ATTRIBUTO,C'è una macchia rosa?,Macchia rosa?,Macchia rosa?,2018,C0A,TG_14,1.0
508,OK,Il campione è di colore chiaro con un leggero alone.,Chiaro con leggero alone,Chiaro con leggero alone,2018,C0A,TG_19,1.0
509,OK,"Il campione presenta un colore più scuro al centro, con la presenza di un alone rosato.","Più scuro al centro, presenza  di un alone rosa","Più scuro al centro, presenza  di un alone rosa",2018,C0A,TG_20,1.0
510,OK,"Il campione presenta un bel colore tendente al chiaro, con una buona uniformità e privo di difetti.",Bel colore tendente al chiaro,Bel colore tendente al chiaro,2018,C0A,TG_24,1.0
511,OK,"Il campione è abbastanza uniforme, tendente a un leggero grigio.",Abbastanza uniforme tendente leggero al grigio,Abbastanza uniformeorme tendente leggero al grigio,2018,C0E,Q_09,1.0
512,OK,Il campione risulta leggermente disomogeneo.,Pochetto disomogenea,leggermente disomogenea,2018,C0E,TG_04,1.0
513,OK,"La pasta del campione è di un giallo uniforme, non carico, con una buona omogeneità.",Giallo uniforme non carico,Giallo uniformeorme non carico,2018,C0E,TG_14,1.0
514,OK,"Il campione mostra una pasta abbastanza carica e omogenea, con un aspetto gradevole.",Abbastanza carico e omogeneo,Abbastanza carico e omogeneo,2018,C0E,TG_19,1.0
515,OK,"Il campione è più carico al centro, con un lieve ispessimento della crosta su un piatto.","Più carico  al centro, lieve ispessimento  della crosta su un piatto","Più carico  al centro, lieve ispessimento  della crosta su un piatto",2018,C0E,TG_20,1.0
516,OK,"Il campione è piuttosto variabile, con aree molto arancioni verso gli scalzi.",Piuttosto variabile con aree molto arancione  verso gli scalzi,Piuttosto variabile con aree molto arancione  verso gli scalzi,2018,C0E,TG_24,1.0
517,OK,"L'occhiatura è presente solo su un lato della forma, circa 1mm.",Acconciatura presente solo su un lato della forma circa 1mm,occhiatura presente solo su un lato della forma circa 1mm,2018,C0E,TG_35,1.0
518,OK,Il campione è carico ma abbastanza uniforme.,Carico ma abbastanza uniforme,Carico ma abbastanza uniformeorme,2018,C0F,Q_09,1.0
519,OK,"Il campione è tendenzialmente carico, risultando più chiaro verso gli scalzi.",Tendenzialmente carico.. Più  chiaro verso scalzi,Tendenzialmente carico.. Più  chiaro verso scalzi,2018,C0F,TG_04,1.0
520,OK,Il campione è di colore giallo con leggere sfumature rosa.,Giallo con leggere sfumature rosa,Giallo con leggere sfumature rosa,2018,C0F,TG_14,1.0
521,FUORI_ATTRIBUTO,Colore intenso ma abbastanza omogeneo.,Intenso sia pure abbastanza omogeneo,Intenso sia pure abbastanza omogeneo,2018,C0F,TG_19,1.0
522,OK,"Il campione presenta una pasta di colore giallo paglierino, uniforme e priva di macchie, con una frattura scalza che evidenzia una leggera microocchiatura e la presenza di cristalli di tirosina.","Bel colore, abbastanza  omogeneo, carico, con lievi  note rosate","Bel colore, abbastanza  omogeneo, carico, con lievi  note rosate",2018,C0F,TG_20,1.0
523,FUORI_ATTRIBUTO,Giallo tendente al nocciola carico.,Giallo tendente al carico nocciola,Giallo tendente al carico nocciola,2018,C0F,TG_24,1.0
524,OK,"Il campione presenta un grande occhio al centro della forma di almeno 6mm, con cristalli di tirosina bianchi omogeneamente diffusi su tutta la superficie. Il sottocrosta di un piatto è più carico.",Un grande occhio al centro della forma di almeno 6mm. Cristalli di Hiroshima bianchi omogeneamente diffusi su tutta la superficie. Il sottoposta di un piatto è più carico,Un grande occhio al centro della forma di almeno 6mm. Cristalli di tirosina bianchi omogeneamente diffusi su tutta la superficie. Il sottocrosta di un piatto è più carico,2018,C0F,TG_35,1.0
525,OK,Il campione presenta un lieve alone centrale.,Leggero alone centrale,Leggero alone centrale,2018,C0H,Q_02,1.0
526,OK,Il campione ha un alone centrale con chiazze rosate.,Alone centrale con chiazze rosate,Alone centrale con chiazze rosate,2018,C0H,Q_09,1.0
527,OK,"In generale, il campione ha un colore chiaro, tendente al paglierino, con una leggera carica al centro.","In generale colore chiaro, tendente al paglierino, poco poco più  carico al centro","In generale colore chiaro, tendente al paglierino, poco poco più  carico al centro",2018,C0H,TG_04,1.0
528,OK,Il campione è più chiaro verso gli scalzi.,Più  chiaro verso gli scalzi,Più  chiaro verso gli scalzi,2018,C0H,TG_12,1.0
529,OK,Il campione presenta un giallo carico omogeneo.,Giallo carico omogeneo,Giallo carico omogeneo,2018,C0H,TG_14,1.0
530,FUORI_ATTRIBUTO,Presenza di un alone centrale.,Alone centrale,Alone centrale,2018,C0H,TG_19,1.0
531,OK,Il campione è lievemente più carico al centro.,Lievemente  Più carico  al centro,Lievemente  Più carico  al centro,2018,C0H,TG_20,1.0
532,OK,"La pasta del campione è di un medio chiaro, con una buona uniformità e priva di macchie.",Medio chiaro,Medio chiaro,2018,C0H,TG_24,1.0
533,OK,Il campione presenta una carica omogenea.,Omogenea carica,Omogenea carica,2018,C0M,Q_02,1.0
534,OK,Il campione ha un colore giallo carico.,Giallo carico,Giallo carico,2018,C0M,Q_09,1.0
535,OK,Il campione presenta un giallo carico con zone presso gli scalzi più chiare.,Giallo carico con zone presso gli scalzi più  chiare,Giallo carico con zone presso gli scalzi più  chiare,2018,C0M,TG_04,1.0
536,OK,"Il campione presenta una pasta omogenea, non molto carica, con una leggera microocchiatura.",Omogeneo non molto carico,Omogeneo non molto carico,2018,C0M,TG_12,1.0
537,OK,Il campione ha un giallo carico omogeneo.,Giallo carico omogeneo,Giallo carico omogeneo,2018,C0M,TG_14,1.0
538,FUORI_ATTRIBUTO,C'è un alone centrale.,Alone centrale,Alone centrale,2018,C0M,TG_19,1.0
539,OK,"Il campione presenta un giallo carico, più scuro al centro.",Giallo carico  Più scuro  al centro,Giallo carico  Più scuro  al centro,2018,C0M,TG_20,1.0
540,OK,"Il campione non è bello, presenta una carica e aree rossastre e verdognole.","Non bello, carico, aree rossastre e verdognole","Non bello, carico, aree rossastre e verdognole",2018,C0M,TG_24,1.0
541,OK,"La pasta è chiara e uniforme, con una buona omogeneità e priva di difetti.",Chiaro e unif,Chiaro e uniforme,2018,C0Q,Q_09,1.0
542,OK,"Il campione mostra una pasta di colore giallo saturo, ma non carico, con zone leggermente più chiare.",Media di un giallo saturo ma non carico. Presenta zone leggermente più  chiare,Media di un giallo saturo ma non carico. Presenta zone leggermente più  chiare,2018,C0Q,TG_04,1.0
543,CONFORME,"Il campione presenta una pasta omogenea, senza macchie e con una frattura scalza che evidenzia una leggera microocchiatura.",Omogeneo,Omogeneo,2018,C0Q,TG_12,0.5
544,OK,"Il campione è più chiaro sotto un piatto, con un leggero alone centrale.","Più chiara sotto un piatto, leggero alone centrale","Più chiara sotto un piatto, leggero alone centrale",2018,C0Q,TG_19,1.0
545,CONFORME,"Il campione mostra un aspetto gradevole, con una pasta abbastanza omogenea e priva di difetti.","Bello, abbastanza  omogeneo","Bello, abbastanza  omogeneo",2018,C0Q,TG_20,0.5
546,OK,"La pasta è chiara e omogenea, con una buona uniformità e priva di difetti.","Chiaro, omogeneo!","Chiaro, omogeneo!",2018,C0Q,TG_24,1.0
547,FUORI_ATTRIBUTO,C'è un piccolo strappo.,Un piccolo strappo,Un piccolo strappo,2018,C0Q,TG_35,1.0
548,OK,Il campione presenta una presenza di alone in prossimità della frattura non regolare.,Presenza alone in prossimità della frattura non regolare,Presenza alone in prossimità della frattura non regolare,2018,C0B,Q_02,1.0
549,OK,Il campione mostra un netto alone rosato con macchie.,NEtto alone rosato con macchie,NEtto alone rosato con macchie,2018,C0B,Q_09,1.0
550,OK,Il campione è più carico al centro.,Solo più  carico il centro,Solo più  carico il centro,2018,C0B,TG_04,1.0
551,OK,"Il campione presenta numerose macchie rosa, con un colore disomogeneo.","Numerose macchie rosa, colore disomogeneo","Numerose macchie rosa, colore disomogeneo",2018,C0B,TG_12,1.0
552,OK,Il campione è di colore paglierino più carico verso il centro.,Paglierino più carico verso il centro,Paglierino più carico verso il centro,2018,C0B,TG_14,1.0
553,OK,Il campione presenta una zona centrale più scura.,Zona centrale più scura,Zona centrale più scura,2018,C0B,TG_15,1.0
554,OK,"Il campione ha un alone centrale con anello rosa, più chiaro sotto un piatto e uno scalzo.","Alone centrale con anello rosa, più chiaro sotto un piatto e uno scalzo","Alone centrale con anello rosa, più chiaro sotto un piatto e uno scalzo",2018,C0B,TG_19,1.0
555,OK,Il campione è di colore giallo medio carico con qualche zona rosa.,Giallo medio carico con qualche zona rosa,Giallo medio carico con qualche zona rosa,2018,C0B,TG_24,1.0
556,OK,Il campione presenta macchie rosa non uniformi al chiaro.,Macchie rosa non uniforme New al chiaro,Macchie rosa non uniformeorme New al chiaro,2018,C0B,TG_26,1.0
557,OK,Il campione mostra fascie di alone più scuro concentriche.,Fascie di alone più scuro concentriche  più alone,Fascie di alone più scuro concentriche  più alone,2018,C0D,Q_02,1.0
558,OK,Il campione presenta un evidente alone rosato.,Evidente alone rosato,Evidente alone rosato,2018,C0D,Q_09,1.0
559,OK,Il campione è disomogeneo a fasce.,Bi color,disomogeneo a fasce,2018,C0D,TG_04,1.0
560,OK,Il campione ha un alone centrale più intenso.,Alone centrale più  intenso,Alone centrale più  intenso,2018,C0D,TG_08,1.0
561,FUORI_ATTRIBUTO,Parte centrale più scura.,Parte centrale più scura,Parte centrale più scura,2018,C0D,TG_12,1.0
562,FUORI_ATTRIBUTO,Anello sottocrosta chiaro.,Anello sottocrosta  chiaro,Anello sottocrosta  chiaro,2018,C0D,TG_15,1.0
563,OK,"L'alone centrale tende al rosa, evidenziando una leggera sfumatura.",Alone centrale tendente al rosa,Alone centrale tendente al rosa,2018,C0D,TG_19,1.0
564,OK,"Il campione presenta un colore giallo carico, ma con aree verdognole nel piatto inferiore.",Giallo carico ma con aree verdognole nel piatto inferiore,Giallo carico ma con aree verdognole nel piatto inferiore,2018,C0D,TG_24,1.0
565,FUORI_ATTRIBUTO,Zona scura al centro.,Zona scura al centro,Zona scura al centro,2018,C0D,TG_26,1.0
566,OK,"Il campione presenta una pasta carica, con una buona omogeneità e priva di macchie.",Carico,Carico,2018,C0I,Q_02,1.0
567,OK,"Il colore è carico, ma presenta un piatto più chiaro con qualche macchia rosata.",Colore carico ma con 1 Piatto più chiaro forse qualche macchia risata,Colore carico ma con 1 Piatto più chiaro forse qualche macchia rosata,2018,C0I,Q_09,1.0
568,OK,Il campione mostra un carico abbastanza omogeneo.,Carico abbastanza  omogeneo,Carico abbastanza  omogeneo,2018,C0I,TG_12,1.0
569,OK,"L'alone è più chiaro, evidenziando una leggera differenza di tonalità.",Alone più chiaro,Alone più chiaro,2018,C0I,TG_15,1.0
570,OK,"Il colore è intenso, con una maggiore intensità sotto un piatto.",Intenso e di più sotto un piatto,Intenso e di più sotto un piatto,2018,C0I,TG_19,1.0
571,OK,Il campione presenta un giallo medio carico con aree nocciola.,Giallo medio carico con aree nocciola,Giallo medio carico con aree nocciola,2018,C0I,TG_24,1.0
572,OK,Il campione mostra macchie rosa su un giallo carico non uniforme.,Macchie rosa giallo carico non uniforme,Macchie rosa giallo carico non uniformeorme,2018,C0I,TG_26,1.0
573,OK,Il colore è carico e presenta una tonalità aranciata.,Carico aranciato,Carico aranciato,2018,C0M,Q_02,1.0
574,OK,"Il colore è carico ma uniforme, leggermente più chiaro sotto un piatto.",Colore carico ma uniforme leggermente più chiaro sotto1piatto,Colore carico ma uniformeorme leggermente più chiaro sotto1piatto,2018,C0M,Q_09,1.0
575,OK,"Il colore di base è carico, con una zona paglierino chiara verso un terzo.","Colore di base carico. Zona paglierino, chiara verso un terzo","Colore di base carico. Zona paglierino, chiara verso un terzo",2018,C0M,TG_04,1.0
576,OK,"La pasta è abbastanza uniforme, con un aspetto gradevole e priva di difetti.",Abb  uniforme,Abb  uniformeorme,2018,C0M,TG_12,1.0
577,OK,Il campione presenta un giallo intenso con zone più chiare.,Giallo intenso e zone più chiare,Giallo intenso e zone più chiare,2018,C0M,TG_15,1.0
578,ILLEGGIBILE,,Carico...,Carico...,2018,C0M,TG_24,1.0
579,OK,"Il campione mostra un verde grigio verso la crosta, non uniforme e tende al carico.",Verde grigio verso la crosta non uniforme tende al carico,Verde grigio verso la crosta non uniformeorme tende al carico,2018,C0M,TG_26,1.0
580,OK,L'alone è carico al centro.,Alone Carico al centro,Alone Carico al centro,2018,C0O,Q_02,1.0
581,FUORI_ATTRIBUTO,Alone centrale con un sottoposto più bianco.,Alone centrale on un sottoposto più bianco,Alone centrale on un sottoposto più bianco,2018,C0O,Q_09,1.0
582,OK,Il campione è più chiaro verso uno scalzo.,Più  chiaro verso uno scalzo,Più  chiaro verso uno scalzo,2018,C0O,TG_04,1.0
583,OK,Il campione è molto più chiaro verso gli scalzi.,Molto più  chiaro verso gli scalzi,Molto più  chiaro verso gli scalzi,2018,C0O,TG_12,1.0
584,FUORI_ATTRIBUTO,Lateralmente più chiaro.,Lateralmente più chiara,Lateralmente più chiara,2018,C0O,TG_15,1.0
585,OK,"Il campione presenta un alone centrale, più chiaro sotto un piatto e uno scalzo.","Alone centrale, più chiara sotto un piatto e uno scalzo","Alone centrale, più chiara sotto un piatto e uno scalzo",2018,C0O,TG_19,1.0
586,FUORI_ATTRIBUTO,"Piuttosto chiaro, anche se a zone.",Piuttosto  chiara anche se a zone,Piuttosto  chiara anche se a zone,2018,C0O,TG_24,1.0
587,OK,Il campione presenta un alone scuro non uniforme.,Non uniforme alone scuro,Non uniformeorme alone scuro,2018,C0O,TG_26,1.0
588,FUORI_ATTRIBUTO,Alone centrale.,Alone Centrale,Alone Centrale,2018,C0R,Q_02,1.0
589,FUORI_ATTRIBUTO,Alone centrale e uno dei due sottoposti bianchi.,Alone centrale e 1 dei 2 sottoposto bianco,Alone centrale e 1 dei 2 sottoposto bianco,2018,C0R,Q_09,1.0
590,FUORI_ATTRIBUTO,Carico al centro.,Carico al centro,Carico al centro,2018,C0R,TG_04,1.0
591,FUORI_ATTRIBUTO,Alone centrale.,Alone centrale,Alone centrale,2018,C0R,TG_11,1.0
592,FUORI_ATTRIBUTO,Alone centrale più scuro.,Alone centrale più  scuro,Alone centrale più  scuro,2018,C0R,TG_12,1.0
593,FUORI_ATTRIBUTO,Centro più scuro.,Centro più scura,Centro più scura,2018,C0R,TG_15,1.0
594,FUORI_ATTRIBUTO,Alone centrale e diversità sotto i due piatti.,Alone centrale e diversità sotto i due piatti,Alone centrale e diversità sotto i due piatti,2018,C0R,TG_19,1.0
595,OK,Il campione presenta una pasta di colore giallo medio tendente al chiaro.,Giallo medio tendente al chiaro,Giallo medio tendente al chiaro,2018,C0R,TG_24,1.0
596,FUORI_ATTRIBUTO,Alone centrale molto scuro con zona laterale verde.,Alone centrale molto scuro zona laterale verde,Alone centrale molto scuro zona laterale verde,2018,C0R,TG_26,1.0
597,FUORI_ATTRIBUTO,"Colore chiaro rosato al centro e bianca sotto, con macchie rosa nella zona spugnosa.",Colore chiaro risata al centro e bianca sotto 2 piatto con macchie rosa nella zona spugnosa,Colore chiaro rosata al centro e bianca sotto 2 piatto con macchie rosa nella zona spugnosa,2018,C0A,Q_09,1.0
598,CONFORME,"Il campione presenta una pasta omogenea e scarica, con un aspetto gradevole e priva di difetti.",Omogeneo e scarico. Bello,Omogeneo e scarico. Bello,2018,C0A,TG_04,0.5
599,CONFORME,"Il campione mostra una pasta omogenea, senza macchie e con una frattura scalza che evidenzia una leggera microocchiatura.",Omogeneo,Omogeneo,2018,C0A,TG_08,0.5
600,OK,Il campione presenta una pasta di colore omogeneo abbastanza chiaro.,Colore omogeneo abbastanza chiaro,Colore omogeneo abbastanza chiaro,2018,C0A,TG_13,1.0
601,OK,"Il campione presenta una pasta di colore giallo chiaro, omogenea e priva di macchie.",Giallo chiaro omogeneo,Giallo chiaro omogeneo,2018,C0A,TG_14,1.0
602,FUORI_ATTRIBUTO,"Chiaro, ma con leggere macchie rosa dove c'è la spugna.","Chiaro, ma leggeremacchie rosa dove c è laspugna","Chiaro, ma leggeremacchie rosa dove c è laspugna",2018,C0A,TG_19,1.0
603,OK,"Il campione mostra una pasta di colore carico, omogenea, con la presenza di una piccola macchia rosa.","Piuttosto  carico  ma omogeneo, presenza di piccola macchia rosa","Piuttosto  carico  ma omogeneo, presenza di piccola macchia rosa",2018,C0A,TG_20,1.0
604,OK,Il campione tende a un colore giallo paglierino.,Tendente al giallo paglierino,Tendente al giallo paglierino,2018,C0A,TG_24,1.0
605,OK,"Il campione presenta una pasta di colore chiaro, con una buona uniformità e priva di macchie.",Chiaro abbastanza uniforme,Chiaro abbastanza uniformeorme,2018,C0A,TG_26,1.0
606,CONFORME,"Il campione risulta conforme, con una pasta omogenea e priva di difetti visibili.",Omogeneo,Omogeneo,2018,C0C,Q_09,0.5
607,OK,"Il campione è più chiaro verso gli scalzi, di poco. Nel complesso è abbastanza chiaro.","Più  chiaro verso gli scalzi, di poco. Nel complesso abbastanza chiaro","Più  chiaro verso gli scalzi, di poco. Nel complesso abbastanza chiaro",2018,C0C,TG_04,1.0
608,FUORI_ATTRIBUTO,Macchie.,Macchie,Macchie,2018,C0C,TG_08,1.0
609,OK,"Il campione presenta una pasta di colore giallo carico, omogenea e priva di macchie.",Giallo carico omogeneo,Giallo carico omogeneo,2018,C0C,TG_13,1.0
610,OK,Il campione è più chiaro verso gli scalzi e più carico al centro.,"Più chiaro verso gli scalzi, più carico al centro.","Più chiaro verso gli scalzi, più carico al centro.",2018,C0C,TG_14,1.0
611,OK,"Il campione è omogeneo, intenso e di aspetto gradevole.","Omogeneo, intenso ma bello","Omogeneo, intenso ma bello",2018,C0C,TG_19,1.0
612,OK,Il campione è più scuro al centro e tendenzialmente carico.,"Più scuro al centro, tendenzialmente  carico","Più scuro al centro, tendenzialmente  carico",2018,C0C,TG_20,1.0
613,OK,"Il campione è molto carico, ma omogeneo.","Molto carico, ma omogeneo","Molto carico, ma omogeneo",2018,C0C,TG_24,1.0
614,FUORI_ATTRIBUTO,Uniforme giallo.,Uniforme giallo,uniformeorme giallo,2018,C0C,TG_26,1.0
615,OK,Il campione presenta un alone carico al centro.,Alone carico al centro,Alone carico al centro,2018,C0D,Q_02,1.0
616,OK,"Il campione è carico, con una fascia più chiara sotto un piatto.",Carico con fascia più chiara sotto un piatto,Carico con fascia più chiara sotto un piatto,2018,C0D,Q_09,1.0
617,OK,"Il campione è per lo più carico, con un piatto e due scalzi più chiari.",Carico per lo più. 1 piatto e due scalzi più  chiari,Carico per lo più. 1 piatto e due scalzi più  chiari,2018,C0D,TG_04,1.0
618,OK,Il campione non è omogeneo lateralmente.,Non omogeneo lateralmente,Non omogeneo lateralmente,2018,C0D,TG_08,1.0
619,OK,Il campione presenta un colore marcato al centro.,Colore marcato al centro,Colore marcato al centro,2018,C0D,TG_13,1.0
620,OK,"Il campione ha un alone più scuro, ma non marcato.",Alone più scuro non marcato,Alone più scuro non marcato,2018,C0D,TG_14,1.0
621,FUORI_ATTRIBUTO,"Più chiaro sotto un piatto, alone tendente al rosa.","Più chiaro sotto un piatto, alone tendente al rosa","Più chiaro sotto un piatto, alone tendente al rosa",2018,C0D,TG_19,1.0
622,OK,Il campione presenta un evidente alone centrale più scuro.,Evidente  alone centrale  più scuro,Evidente  alone centrale  più scuro,2018,C0D,TG_20,1.0
623,OK,"Il campione mostra una pasta tendenzialmente carica, con una tonalità ben definita.",Tendenzialmente carico.,Tendenzialmente carico.,2018,C0D,TG_24,1.0
624,OK,Il campione presenta un colore giallo carico più scuro al centro.,Giallo carico più  scuro al centro,Giallo carico più  scuro al centro,2018,C0D,TG_26,1.0
625,OK,Il campione presenta un colore carico rosato ma uniforme.,Carico rosato ma unif,Carico rosato ma uniforme,2018,C0G,Q_09,1.0
626,OK,"Il campione presenta una pasta omogenea, gialla di tonalità media.","Omogeneo, giallo di tonalità  media","Omogeneo, giallo di tonalità  media",2018,C0G,TG_04,1.0
627,OK,Il campione presenta un colore un po' carico ma omogeneo.,Un po' carico ma omogeneo,Un po' carico ma omogeneo,2018,C0G,TG_13,1.0
628,OK,Il campione presenta una pasta omogenea non carica.,Omogeneo non carico,Omogeneo non carico,2018,C0G,TG_14,1.0
629,OK,Il campione presenta un colore carico ma omogeneo.,Carico ma omogeneo,Carico ma omogeneo,2018,C0G,TG_19,1.0
630,OK,"Il campione presenta un colore bello, abbastanza carico e omogeneo.","Bello, abbastanza  carico, omogeneo","Bello, abbastanza  carico, omogeneo",2018,C0G,TG_20,1.0
631,OK,Il campione presenta un colore molto carico.,Colore molto carico...,Colore molto carico...,2018,C0G,TG_24,1.0
632,ILLEGGIBILE,,Uniforme tende al chiaro,uniformeorme tende al chiaro,2018,C0G,TG_26,1.0
633,OK,Il campione presenta un alone centrale molto evidente.,Alone centrale molto evidente,Alone centrale molto evidente,2018,C0N,Q_02,1.0
634,OK,Il campione presenta un evidente alone scuro.,Evidente alone scuro,Evidente alone scuro,2018,C0N,Q_09,1.0
635,OK,"Il campione presenta un colore disomogeneo a fasce, con un centro molto saturo.",Bi color. Al centro molto saturo,disomogeneo a fasce. Al centro molto saturo,2018,C0N,TG_04,1.0
636,OK,Il campione presenta un'ampia macchia interna rosa.,Ampia macchia interna rosa,Ampia macchia interna rosa,2018,C0N,TG_08,1.0
637,OK,Il campione presenta un alone centrale.,Alone centrale,Alone centrale,2018,C0N,TG_11,1.0
638,OK,Il campione presenta un alone centrale marcato.,Alone centrale marcato,Alone centrale marcato,2018,C0N,TG_13,1.0
639,OK,Il campione presenta un vistoso alone centrale più scuro.,Vistoso alone centrale più scuro,Vistoso alone centrale più scuro,2018,C0N,TG_14,1.0
640,OK,Il campione presenta un deciso alone centrale aranciato.,Deciso alone centrale aranciato,Deciso alone centrale aranciato,2018,C0N,TG_19,1.0
641,FUORI_ATTRIBUTO,Evidente alone centrale di colore nocciola.,Evidente  alone centrale  colore nocciola,Evidente  alone centrale  colore nocciola,2018,C0N,TG_20,1.0
642,FUORI_ATTRIBUTO,Molto presente un alone centrale.,Molto presente un alone centrale!,Molto presente un alone centrale!,2018,C0N,TG_24,1.0
643,FUORI_ATTRIBUTO,Macchia molto scura al centro.,Macchia molto scura al centro,Macchia molto scura al centro,2018,C0N,TG_26,1.0
644,FUORI_ATTRIBUTO,"Alone centrale non carico, ma evidente.",Alone centrale non carico ma evidentemente,Alone centrale non carico ma evidentemente,2018,C0Q,Q_02,1.0
645,FUORI_ATTRIBUTO,Chiaro con zona bianca sotto lo scalzo e alone centrale.,Chiaro con zona bianca sotto lo scalzo alone centrale,Chiaro con zona bianca sotto lo scalzo alone centrale,2018,C0Q,Q_09,1.0
646,OK,"Il campione presenta un colore appena più carico al centro, verso uno scalzo paglierino chiarissimo.",Appena più  carico al centro. Verso uno scalzo paglierino chiarissimo.,Appena più  carico al centro. Verso uno scalzo paglierino chiarissimo.,2018,C0Q,TG_04,1.0
647,FUORI_ATTRIBUTO,Macchia più scura al centro.,Macchia più  scura al centro,Macchia più  scura al centro,2018,C0Q,TG_08,1.0
648,FUORI_ATTRIBUTO,Leggero alone più carico in centro.,Leggeri alone più carico in centro,Leggeri alone più carico in centro,2018,C0Q,TG_14,1.0
649,FUORI_ATTRIBUTO,"Più chiaro sotto uno scalzo, leggero alone.","Più chiaro sotto uno scalzo, leggero alone","Più chiaro sotto uno scalzo, leggero alone",2018,C0Q,TG_19,1.0
650,FUORI_ATTRIBUTO,Evidente alone centrale più scuro.,Evidente  alone centrale più scuro,Evidente  alone centrale più scuro,2018,C0Q,TG_20,1.0
651,OK,"La pasta tende a un colore chiaro ed è omogenea, senza disomogeneità evidenti.",Tende al chiaro è omogeneo,Tende al chiaro è omogeneo,2018,C0Q,TG_24,1.0
652,FUORI_ATTRIBUTO,Colore giallo con carico non uniforme.,Giallo  tende al carico non uniforme,Giallo  tende al carico non uniformeorme,2018,C0Q,TG_26,1.0
653,FUORI_ATTRIBUTO,Colore chiaro con una fascia più bianca sotto un piatto.,Chiaro arrangiato  con fascia più bianca sotto un piatto,Chiaro aranciato  con fascia più bianca sotto un piatto,2018,C0B,Q_09,1.0
654,FUORI_ATTRIBUTO,Colore disomogeneo.,Disomogeneo,Disomogeneo,2018,C0B,TG_12,1.0
655,FUORI_ATTRIBUTO,Colore molto chiaro con qualche leggerissima macchia rosa.,Colore molto chiaro con qualche leggerissima macchia rosa,Colore molto chiaro con qualche leggerissima macchia rosa,2018,C0B,TG_13,1.0
656,OK,"Il campione presenta una pasta chiara e sufficientemente omogenea, senza anomalie.",Chiaro e abbastanza omogeneo,Chiaro e abbastanza omogeneo,2018,C0B,TG_19,1.0
657,FUORI_ATTRIBUTO,"Colore tendenzialmente chiaro, ma con aree più chiare verso l'esterno.","Tendenzialmente chiaro, ma con aree più chiare verso l'esterno","Tendenzialmente chiaro, ma con aree più chiare verso l'esterno",2018,C0B,TG_20,1.0
658,FUORI_ATTRIBUTO,Macchie rosa su un colore chiaro.,Macchie rosa colore chiaro bello,Macchie rosa colore chiaro bello,2018,C0B,TG_26,1.0
659,FUORI_ATTRIBUTO,Colore tendente al grigio con una fascia più chiara sotto un piatto.,Colore tendente al grigio con fascia più chiara sotto un piatto,Colore tendente al grigio con fascia più chiara sotto un piatto,2018,C0C,Q_09,1.0
660,OK,La pasta è di un giallo carico e mostra una buona omogeneità.,Carico abbastanza omogeneo,Carico abbastanza omogeneo,2018,C0C,TG_13,1.0
661,OK,"Il campione presenta una pasta di colore giallo carico, uniforme e priva di macchie, con una frattura scalza che evidenzia una leggera microocchiatura.",Giallo carico ma uniforme,Giallo carico ma uniformeorme,2018,C0C,TG_19,1.0
662,OK,"Il campione presenta un alone centrale più carico, mantenendo una pasta uniforme.",Alone centrale  Più carico,Alone centrale  Più carico,2018,C0C,TG_20,1.0
663,OK,Il campione presenta una pasta gialla che tende a un carico abbastanza uniforme.,Giallo  tende al carico abbastanza uniforme,Giallo  tende al carico abbastanza uniformeorme,2018,C0C,TG_26,1.0
664,OK,Il campione mostra un netto alone ad anello di colore rosato.,Netto alone ad anello rosato,Netto alone ad anello rosato,2018,C0D,Q_09,1.0
665,FUORI_ATTRIBUTO,Vistose aree con colorazione alterata.,Vistose aree con colorazione alterata,Vistose aree con colorazione alterata,2018,C0D,TG_11,1.0
666,OK,La parte centrale del campione è vistosamente più scura rispetto al resto.,Parte centrale vistosamente più  scura,Parte centrale vistosamente più  scura,2018,C0D,TG_12,1.0
667,OK,Il campione presenta un alone centrale bruno evidente.,Alone centrale bruno evidente,Alone centrale bruno evidente,2018,C0D,TG_13,1.0
668,OK,Il campione mostra strisce rosa su un alone centrale.,Strisce rosa su alone centrale,Strisce rosa su alone centrale,2018,C0D,TG_19,1.0
669,ILLEGGIBILE,,Difetto so,Difetto so,2018,C0D,TG_20,1.0
670,OK,Il campione presenta un'enorme striscia rosa e un alone centrale scuro.,Enorme striscia rosa e alone centrale scuro,Enorme striscia rosa e alone centrale scuro,2018,C0D,TG_26,1.0
671,OK,Il campione mostra un colore più scuro al centro e aloni rosati.,Colore più scuro in centro e aloni rosati in centro,Colore più scuro in centro e aloni rosati in centro,2018,C0F,Q_09,1.0
672,OK,Il campione è più chiaro verso i piatti.,Più  chiaro verso i piatti,Più  chiaro verso i piatti,2018,C0F,TG_12,1.0
673,OK,Il campione è un po' carico ma omogeneo.,Un po' carico ma omogeneo,Un po' carico ma omogeneo,2018,C0F,TG_13,1.0
674,OK,Il campione presenta un carico con lieve alone centrale.,Carico con lieve alone centrale,Carico con lieve alone centrale,2018,C0F,TG_20,1.0
675,OK,"Il campione presenta un colore carico, disomogeneo e poco evidente.",Giallo disomogenea poco evidente,Giallo disomogenea poco evidente,2018,C0F,TG_26,1.0
676,OK,"Il campione ha un colore carico, con una banda più chiara sotto un piatto e una zona centrale più scura con fitta microocchiatura.",Colore carico banda più chiara sotto un piatto è per più scura nella zona centrale con la fittà microcch,Colore carico banda più chiara sotto un piatto è per più scura nella zona centrale con la fittà microcch,2018,C0N,Q_09,1.0
677,OK,"Il campione presenta un colore carico, quasi arancio.","Colore carico, quasi arancio","Colore carico, quasi arancio",2018,C0N,TG_13,1.0
678,OK,Il campione è leggermente non omogeneo.,Leggermente non omogenea,Leggermente non omogenea,2018,C0N,TG_19,1.0
679,OK,"Il campione è giallo, un po' carico ma omogeneo.",Giallo un Po carico  ma omogeneo,Giallo un Po carico  ma omogeneo,2018,C0N,TG_20,1.0
680,OK,"Il campione ha una pasta di colore giallo chiaro, uniforme e priva di imperfezioni.",Giallo chiaro uniforme,Giallo chiaro uniformeorme,2018,C0N,TG_26,1.0
681,OK,Il campione presenta una pasta di colore omogeneo.,Colore abbiamo omogeneo,Colore abbiamo omogeneo,2018,C0R,Q_09,1.0
682,CONFORME,"Il campione è conforme, con una pasta di colore carico e senza difetti.",Carico,Carico,2018,C0R,TG_12,0.5
683,OK,Il campione presenta una pasta di colore carico aranciato.,Carico aranciato,Carico aranciato,2018,C0R,TG_13,1.0
684,FUORI_ATTRIBUTO,Degradazione per intensità da un piatto all'altro.,Degradante x intensità da un piatto allaltro,Degradante x intensità da un piatto allaltro,2018,C0R,TG_19,1.0
685,OK,"Il campione presenta una pasta di colore carico, non perfettamente omogeneo.","Carico, non perfettamente  Omogeneo","Carico, non perfettamente  Omogeneo",2018,C0R,TG_20,1.0
686,OK,Il campione presenta una pasta di colore molto giallo.,Molto giallo,Molto giallo,2018,C0R,TG_26,1.0
687,FUORI_ATTRIBUTO,Struttura regolare.,Struttura regolare,Struttura regolare,2018,C0E,Q_02,1.0
688,OK,"Il campione presenta una pasta omogenea, non troppo carica.",Omogeneo non troppo carico,Omogeneo non troppo carico,2018,C0E,TG_13,1.0
689,OK,Il campione presenta una pasta leggermente alonata.,Leggermente alonata,Leggermente alonata,2018,C0E,TG_14,1.0
690,OK,Il campione presenta un bel giallo con una zona grigetta.,"Bel giallo, zona grigetta","Bel giallo, zona grigetta",2018,C0E,TG_15,1.0
691,OK,Il campione presenta una pasta paglierino non troppo carica e omogenea.,Paglierino non troppo carico e omogeneo,Paglierino non troppo carico e omogeneo,2018,C0E,TG_19,1.0
692,OK,Il campione presenta una fascia più chiara verso un piatto.,Fascia più chiara vs un piatto,Fascia più chiara verso un piatto,2018,C0E,TG_26,1.0
693,CONFORME,"Il campione risulta conforme, con una pasta omogenea e priva di macchie.",Omogeneo,Omogeneo,2018,C0E,TG_35,0.5
694,OK,Il campione presenta una pasta carica e omogenea.,Carico omogeneo,Carico omogeneo,2018,C0G,Q_02,1.0
695,OK,Il campione presenta un alone carico centrale.,Alone carico centrale,Alone carico centrale,2018,C0G,Q_09,1.0
696,OK,Il campione presenta una pasta carica al centro.,Carico al centro,Carico al centro,2018,C0G,TG_04,1.0
697,OK,"Il campione presenta un colore al centro più scuro, quasi tendente al rosato, non bello da vedere.","Colore al centro più scuro, quasi tendente al rosato. Non bello da vedere","Colore al centro più scuro, quasi tendente al rosato. Non bello da vedere",2018,C0G,TG_13,1.0
698,OK,"Il campione presenta un giallo troppo scuro, sfumato in chiaro nella parte esterna.","Giallo troppo scuro, sfumato in chiaro parte esterna","Giallo troppo scuro, sfumato in chiaro parte esterna",2018,C0G,TG_15,1.0
699,FUORI_ATTRIBUTO,Degradazione per intensità con alone.,"Degradante x intensità, alone","Degradante x intensità, alone",2018,C0G,TG_19,1.0
700,OK,Il campione presenta una fascia più chiara verso un piatto.,Fascia più chiara vs un piatto,Fascia più chiara verso un piatto,2018,C0G,TG_26,1.0
701,FUORI_ATTRIBUTO,Taglio molto irregolare.,Taglio molto inregolare,Taglio molto inregolare,2018,C0G,TG_35,1.0
702,CONFORME,"Il campione presenta una pasta abbastanza omogenea, conforme agli standard.",Abbastanza omogenea,Abbastanza omogenea,2018,C0I,Q_02,0.5
703,CONFORME,"Il campione è conforme, con una pasta sufficientemente uniforme e senza difetti.",Abbastanza uniforme,Abbastanza uniformeorme,2018,C0I,Q_09,0.5
704,FUORI_ATTRIBUTO,Colore giallo chiaro con leggere sfumature grigie verso gli scalzi.,Giallo chiaro con leggeren sfumature grigiastro verso gli scalzi,Giallo chiaro con leggeren sfumature grigiastro verso gli scalzi,2018,C0I,TG_14,1.0
705,FUORI_ATTRIBUTO,Un po' grigio nel sottocrosta.,Un po' grigio nel sottocrosta,Un po' grigio nel sottocrosta,2018,C0I,TG_15,1.0
706,OK,"La pasta è chiara e uniforme, mostrando una buona qualità visiva.",Chiaro uniforme,Chiaro uniformeorme,2018,C0I,TG_26,1.0
707,FUORI_ATTRIBUTO,"Frattura di 3,5 cm.","Frattura di 3,5cm","Frattura di 3,5cm",2018,C0I,TG_35,1.0
708,FUORI_ATTRIBUTO,Carico con fascia rosa centrale.,Carico fascia rosa centrale,Carico fascia rosa centrale,2018,C0L,Q_02,1.0
709,FUORI_ATTRIBUTO,Carico con macchie centrali di colore marrone.,Carico con Macchie centrali risate marroni,Carico con Macchie centrali risate marroni,2018,C0L,Q_09,1.0
710,FUORI_ATTRIBUTO,Macchia scura centrale.,Macchia  scura centrale,Macchia  scura centrale,2018,C0L,TG_05,1.0
711,FUORI_ATTRIBUTO,Al centro ci sono aree più scure.,Al centro ci sono aree più scure,Al centro ci sono aree più scure,2018,C0L,TG_13,1.0
712,FUORI_ATTRIBUTO,Ci sono macchie rosa.,Macchie rosa,Macchie rosa,2018,C0L,TG_14,1.0
713,FUORI_ATTRIBUTO,Presenta macchie scure centrali e una zona più scura verso il piatto.,Macchie scure centrali e zona più scura verso un piatto,Macchie scure centrali e zona più scura verso un piatto,2018,C0L,TG_15,1.0
714,FUORI_ATTRIBUTO,Sono evidenti strisce rosa.,Evidenti striscia rosa,Evidenti striscia rosa,2018,C0L,TG_19,1.0
715,FUORI_ATTRIBUTO,"La zona tende al chiaro, mentre verso il piatto è più scura con una macchia rosa.",tendente al chiaro zona vs piatto più scura macchia rosa,tendente al chiaro zona verso piatto più scura macchia rosa,2018,C0L,TG_26,1.0
716,OK,"Il campione presenta una pasta pulita e omogenea, senza imperfezioni.",Pulita omogenea,Pulita omogenea,2018,C0L,TG_35,1.0
717,OK,"La pasta è decisamente carica, con una tonalità ben definita e uniforme.",Decisamente carico,Decisamente carico,2018,C0M,Q_02,1.0
718,FUORI_ATTRIBUTO,"È chiaro, ma sotto il piatto presenta una fascia di macchia rosa diffusa.",Chiaro ma sotto un piatto fascia macchia diffusa rosa,Chiaro ma sotto un piatto fascia macchia diffusa rosa,2018,C0M,Q_09,1.0
719,OK,"Il campione presenta una pasta di colore marcato, ma omogeneo, priva di macchie.",Colore molto marcato ma omogeneo,Colore molto marcato ma omogeneo,2018,C0M,TG_13,1.0
720,FUORI_ATTRIBUTO,"È giallo paglierino verso i bordi, si carica verso il centro con una macchia rosa.","Giallo paglierino verso gli scalzi, si carica verso il centro, macchia rosa","Giallo paglierino verso gli scalzi, si carica verso il centro, macchia rosa",2018,C0M,TG_14,1.0
721,FUORI_ATTRIBUTO,Il giallo è troppo carico al centro e più chiaro ai lati.,Giallo troppo carico centro e più chiaro ai lati,Giallo troppo carico centro e più chiaro ai lati,2018,C0M,TG_15,1.0
722,FUORI_ATTRIBUTO,"Non è omogeneo, presenta un alone e una striscia rosa.","Non omogeneo, alone e striscia rosa","Non omogeneo, alone e striscia rosa",2018,C0M,TG_19,1.0
723,FUORI_ATTRIBUTO,Il giallo intenso al centro non è uniforme.,Giallo intenso al centro non uniforme,Giallo intenso al centro non uniformeorme,2018,C0M,TG_26,1.0
724,FUORI_ATTRIBUTO,"L'occhiatura varia da 1 a 2,5 mm nella parte centrale della forma, ma c'è una frattura di 4 cm.","Occhiatura da 1 a 2,5mm nella parte centrale della forma Ma frattura di 4 cm","Occhiatura da 1 a 2,5mm nella parte centrale della forma Ma frattura di 4 cm",2018,C0M,TG_35,1.0
725,FUORI_ATTRIBUTO,"C'è un alone centrale e sotto il piatto è troppo bianco, segno di potenziale demineralizzazione.",Alone centrale e sotto piatto  troppo bianchi segno potenziale demineralizzazione,Alone centrale e sotto piatto  troppo bianchi segno potenziale demineralizzazione,2018,C0O,Q_02,1.0
726,FUORI_ATTRIBUTO,Si nota una fascia bianca sotto il piatto centrale con aloni rosati.,Fascia bianca sotto un piatto centro con aloni rosati,Fascia bianca sotto un piatto centro con aloni rosati,2018,C0O,Q_09,1.0
727,ILLEGGIBILE,,Piccola rottura,Piccola rottura,2018,C0O,TG_05,1.0
728,FUORI_ATTRIBUTO,È un po' più scura al centro.,Un po' più scura al centro.,Un po' più scura al centro.,2018,C0O,TG_13,1.0
729,FUORI_ATTRIBUTO,È grigio verdastro con un alone giallo.,Grigio verdastro con alone giallo,Grigio verdastro con alone giallo,2018,C0O,TG_14,1.0
730,FUORI_ATTRIBUTO,C'è una sfumatura più chiara verso la crosta.,Sfumatura più chiara verso crosta,Sfumatura più chiara verso crosta,2018,C0O,TG_15,1.0
731,FUORI_ATTRIBUTO,Presenta alone e zone rosate.,Alone e zone rosate,Alone e zone rosate,2018,C0O,TG_19,1.0
732,FUORI_ATTRIBUTO,C'è un alone scuro centrale.,Alone scuro centrale,Alone scuro centrale,2018,C0O,TG_26,1.0
733,OK,"Il campione presenta una pasta di colore carico, omogeneo e privo di macchie.",Colore carico omogeneo,Colore carico omogeneo,2018,C0A,Q_02,1.0
734,OK,"Il campione è omogeneo e presenta una carica accentuata, senza disomogeneità.","Omogeneo, abb  carico","Omogeneo, abb  carico",2018,C0A,TG_12,1.0
735,OK,"Il campione presenta una pasta di colore giallo paglierino, leggermente grigio.",Giallo paglierino leggermente grigio,Giallo paglierino leggermente grigio,2018,C0A,TG_14,1.0
736,FUORI_ATTRIBUTO,C'è una sfumatura rosa vicino alla sottocrosta.,Sfumatura rosa vicino a  sottocrosta,Sfumatura rosa vicino a  sottocrosta,2018,C0A,TG_15,1.0
737,FUORI_ATTRIBUTO,"È bello, ma presenta zone rosastre verso la crosta.","Bello, ma con zone rosastre verso la crosta","Bello, ma con zone rosastre verso la crosta",2018,C0A,TG_24,1.0
738,FUORI_ATTRIBUTO,C'è un alone più scuro e macchie rosa.,Alone più scuro e macchie rosa,Alone più scuro e macchie rosa,2018,C0A,TG_26,1.0
739,FUORI_ATTRIBUTO,Carico al centro.,Carico al centro,Carico al centro,2018,C0C,Q_02,1.0
740,OK,"La pasta è omogenea e tende a un colore chiaro, priva di macchie.",Omogeneo abb  chiaro,Omogeneo abb  chiaro,2018,C0C,TG_12,1.0
741,FUORI_ATTRIBUTO,Carico.,Carico,Carico,2018,C0C,TG_13,1.0
742,FUORI_ATTRIBUTO,Rosa e originale nella zona chiara.,Rosa e originale zona chiara,Rosa e anomala zona chiara,2018,C0C,TG_15,1.0
743,OK,"Il campione presenta una pasta di colore giallo paglierino verso nocciola chiaro, uniforme e priva di macchie, con una frattura scalza che evidenzia una leggera microocchiatura e la presenza di cristalli di tirosina.",Giallo paglierino verso nocciola chiaro,Giallo paglierino verso nocciola chiaro,2018,C0C,TG_24,1.0
744,FUORI_ATTRIBUTO,Più scuro al centro.,Più scuro al centro,Più scuro al centro,2018,C0C,TG_26,1.0
745,FUORI_ATTRIBUTO,Leggeri aloni rosa centrali.,Leggeri aloni rosa centrali,Leggeri aloni rosa centrali,2018,C0D,Q_02,1.0
746,FUORI_ATTRIBUTO,Mi sembra di vedere una macchia rosa centrale.,Mi sembra di vedere macchia rosa centrale...,Mi sembra di vedere macchia rosa centrale...,2018,C0D,TG_11,1.0
747,FUORI_ATTRIBUTO,Disomogeneo.,Disomogeneo,Disomogeneo,2018,C0D,TG_12,1.0
748,FUORI_ATTRIBUTO,Carico e più scuro al centro.,Carico e più s uro al centro,Carico e più s uro al centro,2018,C0D,TG_13,1.0
749,FUORI_ATTRIBUTO,"Volte dal giallo verde al giallo carico, con alone.","Volte dal giallo verde al giallo carico, alone","Volte dal giallo verde al giallo carico, alone",2018,C0D,TG_14,1.0
750,OK,"Il campione presenta fasce chiare nette, con una pasta di colore uniforme e priva di macchie.",Fasce chiare nette,Fasce chiare nette,2018,C0D,TG_15,1.0
751,FUORI_ATTRIBUTO,Alone rosa.,Alone rosa,Alone rosa,2018,C0D,TG_19,1.0
752,FUORI_ATTRIBUTO,Tende al nocciola.,Tende nocciola,Tende nocciola,2018,C0D,TG_24,1.0
753,FUORI_ATTRIBUTO,"Non uniforme, con un grosso alone scuro.",Non uniforme grosso alone scuro,Non uniformeorme grosso alone scuro,2018,C0D,TG_26,1.0
754,OK,"Il campione presenta una pasta di colore carico omogeneo, uniforme e priva di macchie.",Carico omogeneo,Carico omogeneo,2018,C0I,Q_02,1.0
755,CONFORME,"Il campione risulta conforme, con una pasta omogenea e senza difetti visibili.",Omogeneo,Omogeneo,2018,C0I,TG_12,0.5
756,FUORI_ATTRIBUTO,Tende al rosa vicino al piatto.,Tende al rosa vicino al piatto,Tende al rosa vicino al piatto,2018,C0I,TG_15,1.0
757,CONFORME,"Il campione presenta una pasta abbastanza omogenea, conforme agli standard.",Abbastanza omogeneo,Abbastanza omogeneo,2018,C0I,TG_19,0.5
758,FUORI_ATTRIBUTO,"Tende al giallo carico, nocciola.","Tende al giallo carico, nocciola","Tende al giallo carico, nocciola",2018,C0I,TG_24,1.0
759,FUORI_ATTRIBUTO,Macchie rosa non uniformi.,Macchie rosa non uniforme,Macchie rosa non uniformeorme,2018,C0I,TG_26,1.0
760,CONFORME,"Il campione è conforme, con una colorazione omogenea e priva di anomalie.",Colore omogeneo,Colore omogeneo,2018,C0M,Q_02,0.5
761,FUORI_ATTRIBUTO,Carico.,Carico,Carico,2018,C0M,TG_13,1.0
762,OK,"Il campione presenta una pasta di colore giallo chiaro, con macchioline rosate, uniforme e priva di difetti.",Giallo chiaro con macchioline rosate,Giallo chiaro con macchioline rosate,2018,C0M,TG_14,1.0
763,OK,"Il campione mostra una pasta di colore giallo un po' carico, con una sfumatura più chiara nella parte esterna.","Giallo un po' carico, con sfumatura più chiara parte esterna","Giallo un po' carico, con sfumatura più chiara parte esterna",2018,C0M,TG_15,1.0
764,OK,Il campione presenta un alone centrale con sfumature rosate in corrispondenza delle occhiature più importanti.,Alone centrale in qualche sfumatura risata in corrispondenza delle bocciature più importanti,Alone centrale in qualche sfumatura rosata in corrispondenza delle occhiature più importanti,2018,C0M,TG_19,1.0
765,OK,Il campione tende al chiaro ma presenta una tonalità grigiastra.,Tende al chiaro ma grigiastra,Tende al chiaro ma grigiastra,2018,C0M,TG_24,1.0
766,OK,Il campione mostra un alone centrale scuro con una macchia rosa su un occhio.,Alone centrale scuro macchia rosa su occhio,Alone centrale scuro macchia rosa su occhio,2018,C0M,TG_26,1.0
767,OK,È presente una fascia più scura in un sottopiatto.,Presenza di fascia più scura in un sottopiatto,Presenza di fascia più scura in un sottopiatto,2018,C0N,Q_02,1.0
768,OK,Il campione presenta una striscia scura.,Striscia scura,Striscia scura,2018,C0N,TG_11,1.0
769,OK,Il campione è carico e presenta strisce.,Carico e a strisce,Carico e a strisce,2018,C0N,TG_13,1.0
770,OK,Il campione mostra una zona rosa e biancastra.,Zona rosa e biancastra,Zona rosa e biancastra,2018,C0N,TG_15,1.0
771,OK,È presente una striscia più scura parallela a un piatto.,Striscia più scura parallela ad un piatto,Striscia più scura parallela ad un piatto,2018,C0N,TG_19,1.0
772,OK,"La colorazione tende al chiaro ed è omogenea, mostrando una buona qualità.",Colorazione  tendente al chiaro e omogenea,Colorazione  tendente al chiaro e omogenea,2018,C0N,TG_24,1.0
773,OK,"Il campione presenta un colore tendenzialmente chiaro e omogeneo, senza variazioni evidenti nella tonalità.",Colore tendenzialmente chiaro e omogeneo,Colore tendenzialmente chiaro e omogeneo,2018,C0N,TG_26,1.0
774,OK,Il campione è decisamente carico.,Decisamente carico,Decisamente carico,2018,C0A,Q_02,1.0
775,OK,Il campione presenta un colore carico grigiastro.,Carico grigiastro,Carico grigiastro,2018,C0A,Q_09,1.0
776,OK,"Il campione ha un colore giallo paglierino non proprio chiaro, con note tendenti al verde grigiastro.",Giallo paglierino non proprio chiaro con note tendenti al verde grigiastro,Giallo paglierino non proprio chiaro con note tendenti al verde grigiastro,2018,C0A,Q_10,1.0
777,OK,"Il colore è carico, ma abbastanza omogeneo.","Il colore è carico, ma abbastanza omogeneo","Il colore è carico, ma abbastanza omogeneo",2018,C0A,TG_04,1.0
778,OK,Il campione presenta un colore giallo carico.,Giallo carico,Giallo carico,2018,C0A,TG_11,1.0
779,OK,"Il campione è carico, leggermente più scuro al centro.",Carico leggermente più scuro al centro,Carico leggermente più scuro al centro,2018,C0A,TG_13,1.0
780,OK,"Il campione è intenso, con un colore più marcato al centro.","Intenso, più marcato al centro","Intenso, più marcato al centro",2018,C0A,TG_19,1.0
781,FUORI_ATTRIBUTO,Scuro e non uniforme.,Scuro non uniforme,Scuro non uniformeorme,2018,C0A,TG_26,1.0
782,OK,"Il campione presenta una pasta di colore giallo carico, più chiaro verso un piatto.",Giallo carico più chiaro sotto un piatto,Giallo carico più chiaro sotto un piatto,2018,C0C,Q_09,1.0
783,OK,"Il campione mostra un colore giallo paglierino chiaro, uniforme e privo di imperfezioni.",Giallo paglierino chiaro uniforme,Giallo paglierino chiaro uniformeorme,2018,C0C,Q_10,1.0
784,FUORI_ATTRIBUTO,Più chiaro verso un piatto e i due scalzi.,Più chiaro verso 1 piatto e i 2 scalzi,Più chiaro verso 1 piatto e i 2 scalzi,2018,C0C,TG_04,1.0
785,OK,"Il campione presenta una pasta di colore carico, leggermente più scuro al centro.",Carico leggermente più scuro al centro,Carico leggermente più scuro al centro,2018,C0C,TG_13,1.0
786,FUORI_ATTRIBUTO,Alone centrale.,"Alone centrale,","Alone centrale,",2018,C0C,TG_19,1.0
787,OK,"Il campione presenta una pasta di colore non uniforme, con un alone più scuro.",Colore non uniforme alone più scuro,Colore non uniformeorme alone più scuro,2018,C0C,TG_26,1.0
788,CONFORME,"Il campione risulta conforme agli standard, con una pasta di colore chiaro e uniforme.",Carico,Carico,2018,C0G,Q_09,0.5
789,OK,Il campione presenta una pasta di colore giallo paglierino scuro.,Giallo paglierino scuro,Giallo paglierino scuro,2018,C0G,Q_10,1.0
790,OK,"Il campione presenta una pasta omogenea, anche se saturo.",Omogeneo anche se saturo,Omogeneo anche se saturo,2018,C0G,TG_04,1.0
791,FUORI_ATTRIBUTO,Giallo.,Giallo,Giallo,2018,C0G,TG_11,1.0
792,OK,Il campione presenta una pasta di colore intenso ma omogeneo.,Intenso ma omogeneo,Intenso ma omogeneo,2018,C0G,TG_19,1.0
793,FUORI_ATTRIBUTO,"Il colore è scuro, ma non del tutto uniforme.",Scuro non del tutto uniforme,Scuro non del tutto uniformeorme,2018,C0G,TG_26,1.0
794,CONFORME,"Il campione è conforme, presentando una pasta di colore chiaro e omogeneo.",Carico,Carico,2018,C0M,Q_02,0.5
795,OK,Il campione presenta una pasta di colore giallo molto carico.,Giallo molto carico,Giallo molto carico,2018,C0M,Q_09,1.0
796,OK,"Il campione presenta una pasta chiara verso gli scalzi, più carico al centro, anche se non molto saturo.","Chiaro verso gli scalzi, più  carico al centro, anche se non molto saturo","Chiaro verso gli scalzi, più  carico al centro, anche se non molto saturo",2018,C0M,TG_04,1.0
797,OK,Il campione presenta una pasta un po' carica ma omogenea.,Un po' carico ma omogeneo,Un po' carico ma omogeneo,2018,C0M,TG_13,1.0
798,OK,Il campione presenta una pasta di colore molto intenso.,Molto intenso,Molto intenso,2018,C0M,TG_19,1.0
799,OK,Il campione presenta una pasta di colore molto scuro.,Molto scuro,Molto scuro,2018,C0M,TG_26,1.0
800,OK,Il campione presenta una fascia più chiara sotto un piatto e una macchia rosa visibile sul segno del coltello centrale.,Fascia più chiara sotto un piatto e macchia rosa visibile  sul segno del coltello centrale,Fascia più chiara sotto un piatto e macchia rosa visibile  sul segno del coltello centrale,2018,C0O,Q_09,1.0
801,OK,"Il campione presenta una pasta di colore giallo paglierino chiaro, uniforme e priva di macchie.",Giallo paglierino chiaro omogeneo,Giallo paglierino chiaro omogeneo,2018,C0O,Q_10,1.0
802,OK,"Il campione mostra una pasta paglierino con una frattura scalza, leggermente più carica verso il centro.","Paglierino verso un piatto fino a metà  scalzo, appena più carico verso il cuore","Paglierino verso un piatto fino a metà  scalzo, appena più carico verso il cuore",2018,C0O,TG_04,1.0
803,OK,"Il campione ha una colorazione chiara e omogenea, senza segni di disomogeneità.",Chiaro omogeneo,Chiaro omogeneo,2018,C0O,TG_19,1.0
804,FUORI_ATTRIBUTO,Il colore è chiaro con un alone centrale.,Chiaro alone centrale,Chiaro alone centrale,2018,C0O,TG_26,1.0
805,OK,Il campione ha un colore leggermente rosato ma uniforme.,Colore leggermente rosato ma unif,Colore leggermente rosato ma uniforme,2018,C0Q,Q_09,1.0
806,OK,"Il campione è di colore chiaro, quasi uniforme, con lievi sfumature grigie che non penalizzano.","Chiaro, quasi omogeneo. A tratti tira al grigio, ma non penalizzo","Chiaro, quasi omogeneo. A tratti tira al grigio, ma non penalizzo",2018,C0Q,TG_04,1.0
807,CONFORME,"Il campione si presenta con una pasta chiara, conforme agli standard di qualità.",Chiara,Chiara,2018,C0Q,TG_19,0.5
808,OK,Il campione è di colore chiaro e abbastanza uniforme.,Chiaro abbastanza unif,Chiaro abbastanza uniforme,2018,C0Q,TG_26,1.0
809,OK,Il campione mostra un colore decisamente carico al centro.,Decisamente carico al centro,Decisamente carico al centro,2018,C0A,Q_02,1.0
810,OK,Il campione presenta un evidente alone scuro che segue la frattura.,Evidente alone scuro che segue la frattura,Evidente alone scuro che segue la frattura,2018,C0A,Q_09,1.0
811,OK,"Il campione è molto saturo nella parte centrale, più chiaro verso il piatto e nei due scalzi.",Molto saturo nella parte centrale. Più  Chiaro verso piatto e 2 scalzi,Molto saturo nella parte centrale. Più  Chiaro verso piatto e 2 scalzi,2018,C0A,TG_04,1.0
812,OK,L'alone centrale è nettamente più scuro.,Alone  centrale nettamente più  scuro,Alone  centrale nettamente più  scuro,2018,C0A,TG_12,1.0
813,OK,Il campione presenta un colore più scuro al centro.,Colore più scuro al centro,Colore più scuro al centro,2018,C0A,TG_13,1.0
814,OK,Il campione mostra un alone centrale scuro.,Alone centrale scuro,Alone centrale scuro,2018,C0A,TG_14,1.0
815,OK,"L'alone centrale è più scuro, mentre sotto il piatto è più chiaro.","Alone centrale, sotto un piatto è più chiara","Alone centrale, sotto un piatto è più chiara",2018,C0A,TG_19,1.0
816,OK,È evidente la presenza di un alone centrale più scuro.,Evidente  presenza  di alone centrale  più scuro,Evidente  presenza  di alone centrale  più scuro,2018,C0A,TG_20,1.0
817,OK,Il campione è di colore medio con zone verdi e un centro più scuro.,Medio con zone verdi e centro più scuro,Medio con zone verdi e centro più scuro,2018,C0A,TG_24,1.0
818,OK,Il campione presenta un alone giallo carico centrale.,Alone giallo carico centrale,Alone giallo carico centrale,2018,C0A,TG_26,1.0
819,OK,Il campione mostra un alone carico centrale.,Alone carico centrale,Alone carico centrale,2018,C0C,Q_02,1.0
820,OK,Il campione è di colore carico grigiastro con una fascia più chiara sotto un piatto.,Carico grigiastro con fascia più chiara sotto un piatto,Carico grigiastro con fascia più chiara sotto un piatto,2018,C0C,Q_09,1.0
821,FUORI_ATTRIBUTO,"Il colore non è saturo, è appena più chiaro verso un piatto e uno scalzo.",Colore non saturo appena più  Chiaro verso un piatto e uno scalzo,Colore non saturo appena più  Chiaro verso un piatto e uno scalzo,2018,C0C,TG_04,1.0
822,OK,"Il campione presenta una pasta di colore bruno, uniforme e priva di macchie.",Colore della pasta tendente al bruno,Colore della pasta tendente al bruno,2018,C0C,TG_13,1.0
823,OK,Il campione mostra una pasta di colore giallo carico con un alone centrale più scuro.,Giallo carico con alone centrale più scuro,Giallo carico con alone centrale più scuro,2018,C0C,TG_14,1.0
824,OK,"Il campione ha una pasta di colore intenso, degradante verso un piatto.","Intenso, degradante verso un piatto","Intenso, degradante verso un piatto",2018,C0C,TG_19,1.0
825,OK,"Il campione presenta una pasta di colore carico, quasi nocciola, ma abbastanza uniforme.",Carico  quasi  nocciola ma abbastanza  omogeneo,Carico  quasi  nocciola ma abbastanza  omogeneo,2018,C0C,TG_20,1.0
826,OK,"Il campione ha una pasta di colore medio chiaro, con aree verdognole verso gli scalzi.",Medio chiaro ma con aree verdognole verso gli scalzi,Medio chiaro ma con aree verdognole verso gli scalzi,2018,C0C,TG_24,1.0
827,OK,Il campione mostra una pasta omogenea ma molto carica.,Omogeneo  ma molto carico,Omogeneo  ma molto carico,2018,C0C,TG_26,1.0
828,OK,Il campione presenta un alone evidente rosato con fascia e macchie in prossimità di un piatto.,Alone evidente rosato con fascia  e macchie in prossimità di un puatto,Alone evidente rosato con fascia  e macchie in prossimità di un puatto,2018,C0D,Q_09,1.0
829,OK,"Il campione ha un colore più carico al centro e ulteriormente carico in certe zone, virando quasi al rosa.",Più  carico al centro è ulteriormente più  carico in certe zone. Sembra quasi virare al rosa talmente intenso é il giallo,Più  carico al centro è ulteriormente più  carico in certe zone. Sembra quasi virare al rosa talmente intenso é il giallo,2018,C0D,TG_04,1.0
830,OK,Il campione presenta macchie rosa visibili.,Macchie rosa,Macchie rosa,2018,C0D,TG_12,1.0
831,OK,"Il campione ha una pasta dal colore bruno, uniforme e priva di macchie.",Pasta dal colore bruno,Pasta dal colore bruno,2018,C0D,TG_13,1.0
832,OK,Il campione mostra un alone centrale più carico con macchie rosate.,Alone centrale più carico con macchie rosate,Alone centrale più carico con macchie rosate,2018,C0D,TG_14,1.0
833,OK,Il campione presenta un grande alone centrale con striscia nocciola.,Grande alone centrale con striscia nocciola,Grande alone centrale con striscia nocciola,2018,C0D,TG_19,1.0
834,OK,Il campione ha macchie rosa visibili.,Macchie  rosa visibili,Macchie  rosa visibili,2018,C0D,TG_20,1.0
835,OK,Il campione presenta una pasta di colore giallo piuttosto carico e omogeneo.,Giallo piuttosto carico omogeneo,Giallo piuttosto carico omogeneo,2018,C0D,TG_24,1.0
836,OK,Il campione mostra un alone carico centrale.,Alone carico centrale,Alone carico centrale,2018,C0D,TG_26,1.0
837,OK,Il campione ha una colorazione carica al centro.,Colorazione carica al centro,Colorazione carica al centro,2018,C0H,Q_02,1.0
838,OK,Il campione presenta un alone centrale accentuato dalla frattura.,Alone centrale accentuatondalla frattura,Alone centrale accentuatondalla frattura,2018,C0H,Q_09,1.0
839,OK,"Il campione è appena più carico verso il centro, con tonalità poco sature.","Appena più  carico verso il centro, comunque tonalità  poco sature","Appena più  carico verso il centro, comunque tonalità  poco sature",2018,C0H,TG_04,1.0
840,FUORI_ATTRIBUTO,C'è un leggero alone centrale.,Legg  alone  centrale,Legg  alone  centrale,2018,C0H,TG_12,1.0
841,OK,Il campione presenta una pasta di colore giallo chiaro con un alone centrale più scuro.,Giallo chiaro con alone più scuro,Giallo chiaro con alone più scuro,2018,C0H,TG_14,1.0
842,OK,Il campione mostra un colore intenso con un grande alone centrale.,Intenso e grande alone centrale,Intenso e grande alone centrale,2018,C0H,TG_19,1.0
843,OK,"Il campione presenta un colore più carico al centro, con lievi ombre rosate.","Più carico  al centro, lievi ombre rosate","Più carico  al centro, lievi ombre rosate",2018,C0H,TG_20,1.0
844,OK,"Il campione presenta un colore giallo saturo, abbastanza omogeneo e privo di macchie.",Giallo saturo abbastanza omogeneo,Giallo saturo abbastanza omogeneo,2018,C0H,TG_24,1.0
845,OK,"Il campione mostra un colore giallo verso carico, poco uniforme.",Giallo vs carico poco uniforme,Giallo verso carico poco uniformeorme,2018,C0H,TG_26,1.0
846,FUORI_ATTRIBUTO,"La colorazione tende al rosato, ma non è evidente al centro; il colore è disomogeneo.",Colorazione tendente al rosato non evidente al centro Colore disomogeneo,Colorazione tendente al rosato non evidente al centro Colore disomogeneo,2018,C0N,Q_02,1.0
847,OK,Il campione presenta un colore rosato al centro con macchie.,Colore in centro rosato con macchie,Colore in centro rosato con macchie,2018,C0N,Q_09,1.0
848,OK,Il campione mostra un colore molto carico in certe zone.,In certe zone molto carico,In certe zone molto carico,2018,C0N,TG_04,1.0
849,OK,Il campione presenta un colore della pasta un po' a fasce.,Colore della pasta un po' a fasce,Colore della pasta un po' a fasce,2018,C0N,TG_13,1.0
850,OK,Il campione presenta un colore giallo chiaro con aloni rosa centrali.,Giallo chiaro con aloni rosa centrali,Giallo chiaro con aloni rosa centrali,2018,C0N,TG_14,1.0
851,OK,Il campione presenta diverse macchie rosa.,Diverse macchie rosa,Diverse macchie rosa,2018,C0N,TG_19,1.0
852,OK,"Il campione mostra un colore abbastanza carico ed omogeneo, con presenza di aloni rosa.","Colore abbastanza carico  ed omogeneo, presenza  di aloni rosa","Colore abbastanza carico  ed omogeneo, presenza  di aloni rosa",2018,C0N,TG_20,1.0
853,OK,Il campione presenta un colore giallo chiaro omogeneo verso paglierino.,Giallo chiaro omogeneo  verso paglierino,Giallo chiaro omogeneo  verso paglierino,2018,C0N,TG_24,1.0
854,ILLEGGIBILE,,Avv uniforme gialla,Avv uniformeorme gialla,2018,C0N,TG_26,1.0
855,OK,"Il campione presenta un colore chiaro, leggermente alonato al centro.",Chiaro e Leggermente alonato al centro,Chiaro e Leggermente alonato al centro,2018,C0Q,Q_02,1.0
856,OK,Il campione mostra un colore chiaro con un leggero alone.,Chiaro a con leggero alone,Chiaro a con leggero alone,2018,C0Q,Q_09,1.0
857,OK,"Il campione presenta una base paglierino, appena più carico al centro.","Base paglierino, appena più  carico al centro.","Base paglierino, appena più  carico al centro.",2018,C0Q,TG_04,1.0
858,OK,"Il campione mostra un colore chiaro e omogeneo, senza variazioni evidenti.","Chiaro,omogeneo","Chiaro,omogeneo",2018,C0Q,TG_12,1.0
859,OK,"Il campione ha una colorazione chiara ed omogenea, conforme agli standard.",Colore chiaro ed omogeneo,Colore chiaro ed omogeneo,2018,C0Q,TG_13,1.0
860,OK,"Il campione presenta un colore chiaro, abbastanza omogeneo e privo di imperfezioni.",Chiaro abbastanza omogeneo,Chiaro abbastanza omogeneo,2018,C0Q,TG_19,1.0
861,OK,"Il campione è abbastanza omogeneo, con una colorazione chiara e non molto carica.","Abbastanza  omogeneo, non molto  carico","Abbastanza  omogeneo, non molto  carico",2018,C0Q,TG_20,1.0
862,OK,La pasta è omogenea e tende a un colore giallo chiaro.,Omogeneo  tendente al giallo chiaro,Omogeneo  tendente al giallo chiaro,2018,C0Q,TG_24,1.0
863,OK,La pasta è chiara ma presenta una leggera carica al centro.,Chiaro ma leggermente carico al centro,Chiaro ma leggermente carico al centro,2018,C0H,Q_02,1.0
864,FUORI_ATTRIBUTO,"Il colore è chiaro con un alone che sembra una macchia, ma è difficile da valutare per la frattura.",Chiaro con alone sembra una macchia risata ma difficile per la frattura,Chiaro con alone sembra una macchia rosata ma difficile per la frattura,2018,C0H,Q_09,1.0
865,OK,"Su una base chiara, paglierina, si diffonde un tono lievemente più carico al centro.","Su una base chiara, paglierina, si diffonde un tono lievemente più  carico al centro","Su una base chiara, paglierina, si diffonde un tono lievemente più  carico al centro",2018,C0H,TG_04,1.0
866,OK,La pasta varia dal giallo verde chiaro al giallo paglierino.,Dal giallo verde chiaro a giallo paglierino,Dal giallo verde chiaro a giallo paglierino,2018,C0H,TG_14,1.0
867,OK,Presenta un leggero alone e una macchia rosata molto leggera.,Leggero alone e leggerissima macchia rosata,Leggero alone e leggerissima macchia rosata,2018,C0H,TG_19,1.0
868,OK,"Il campione è giallo paglierino, abbastanza omogeneo, non troppo carico, con un lieve alone rosato poco visibile.","Giallo paglierino  abbastanza  omogeneo, non troppo carico, lieve alone rosato poco visibile","Giallo paglierino  abbastanza  omogeneo, non troppo carico, lieve alone rosato poco visibile",2018,C0H,TG_20,1.0
869,OK,La pasta è chiara con un alone centrale più scuro.,Chiara alone centrale più scuro,Chiara alone centrale più scuro,2018,C0H,TG_26,1.0
870,OK,La pasta è omogeneamente paglierino e scarico.,Omogeneamente paglierino scarico,Omogeneamente paglierino scarico,2018,C0H,TG_35,1.0
871,FUORI_ATTRIBUTO,Il colore è arancio.,Arancio,Arancio,2018,C0N,Q_02,1.0
872,OK,La pasta è di un giallo molto carico ma uniforme.,Giallo Molto carico ma uniforme,Giallo Molto carico ma uniformeorme,2018,C0N,Q_09,1.0
873,OK,La pasta è omogeneamente gialla e carica.,Omogeneamente giallo carico,Omogeneamente giallo carico,2018,C0N,TG_04,1.0
874,OK,La pasta è carica ma omogenea.,Carico ma omogeneo,Carico ma omogeneo,2018,C0N,TG_13,1.0
875,OK,"La pasta è gialla, uniforme e non carica.",Giallo uniforme non carico,Giallo uniformeorme non carico,2018,C0N,TG_14,1.0
876,OK,La pasta è intensa con un alone leggero.,Intenso con alone  leggero,Intenso con alone  leggero,2018,C0N,TG_19,1.0
877,OK,La pasta è abbastanza omogenea ma carica.,Abbastanza  omogeneo  ma carico,Abbastanza  omogeneo  ma carico,2018,C0N,TG_20,1.0
878,OK,"La pasta è di un giallo intenso al centro, tendente al grigio rosa.",Giallo intenso al centro tendente al grigio rosa,Giallo intenso al centro tendente al grigio rosa,2018,C0N,TG_26,1.0
879,OK,"La pasta è omogenea e paglierina, carica.",Omogeneo paglierino carico,Omogeneo paglierino carico,2018,C0N,TG_35,1.0
880,OK,"La colorazione è chiara, leggermente più carica al centro.",Colorazione chiara leggermente più carica al centro,Colorazione chiara leggermente più carica al centro,2018,C0Q,Q_02,1.0
881,OK,Il campione presenta una pasta di colore chiaro con un lieve alone centrale e una leggera macchia rosata.,Colore chiaro con leggero alone centrale una leggera macchia rosa,Colore chiaro con leggero alone centrale una leggera macchia rosa,2018,C0Q,Q_09,1.0
882,OK,"Il campione ha un colore chiaro, tendente al paglierino, e risulta abbastanza omogeneo.","Colore chiaro, tendente al paglierino. Abbastanza omogeneo","Colore chiaro, tendente al paglierino. Abbastanza omogeneo",2018,C0Q,TG_04,1.0
883,OK,"Il campione ha una pasta molto chiara con alcune macchioline rosate leggere, visibili ma non invasive.",Colore molto chiaro. C'è qualche macchiolina rosata leggera ma visibile.,Colore molto chiaro. C'è qualche macchiolina rosata leggera ma visibile.,2018,C0Q,TG_13,1.0
884,OK,Il campione presenta un colore giallo chiaro tendente al verde-grigio.,Giallo chiaro tendente al verde/grigio,Giallo chiaro tendente al verde/grigio,2018,C0Q,TG_14,1.0
885,OK,Il campione mostra qualche piccola macchia rosata leggera su uno sfondo chiaro.,Qualche piccola macchia rosata leggera leggera su sfondo chiaro,Qualche piccola macchia rosata leggera leggera su sfondo chiaro,2018,C0Q,TG_19,1.0
886,OK,Il campione non è troppo carico e presenta una pasta omogenea.,"Non troppo carico, omogeneo","Non troppo carico, omogeneo",2018,C0Q,TG_20,1.0
887,OK,Il campione ha un colore chiaro uniforme.,Colore chiaro uniforme,Colore chiaro uniformeorme,2018,C0Q,TG_26,1.0
888,FUORI_ATTRIBUTO,La struttura della pasta presenta una grande zona spugnosa e il colore è omogeneamente paglierino scarico.,Struttura della pasta: Grande zona spugnosa Colore della pasta: omogeneamente paglierino scarico,Struttura della pasta: Grande zona spugnosa Colore della pasta: omogeneamente paglierino scarico,2018,C0Q,TG_35,1.0
889,OK,Il campione presenta un colore più carico al centro.,Più carico al centro,Più carico al centro,2018,C0D,Q_02,1.0
890,OK,"Il campione mostra un evidente alone scuro che tende al rosato nelle zone centrali, accompagnato da una fitta microocchiatura.",Evidente  alone scuro che tende al rosato nelle zone centrali con la fitta microocchiatura,Evidente  alone scuro che tende al rosato nelle zone centrali con la fitta microocchiatura,2018,C0D,Q_09,1.0
891,OK,"Il campione mostra una colorazione chiara ed omogenea, conforme agli standard.",Chiaro ed omogeneo,Chiaro ed omogeneo,2018,C0D,TG_04,1.0
892,CONFORME,"Il campione presenta una colorazione omogenea, conforme alle aspettative.",Colorazione omogenea,Colorazione omogenea,2018,C0D,TG_05,0.5
893,OK,Il campione ha un colore giallo paglierino.,Giallo paglierino,Giallo paglierino,2018,C0D,TG_11,1.0
894,OK,"Il campione presenta un colore più carico al centro, tendente al rosa.",Al centro più carico tendente al rosa,Al centro più carico tendente al rosa,2018,C0D,TG_15,1.0
895,OK,Il campione ha un colore giallo omogeneo e abbastanza carico.,Giallo omogeneo abbastanza carico,Giallo omogeneo abbastanza carico,2018,C0D,TG_20,1.0
896,OK,Il campione presenta una colorazione omogenea con tonalità di giallo carico.,Colorazione omogenea con tonalità giallo carico,Colorazione omogenea con tonalità giallo carico,2018,C0D,TG_24,1.0
897,FUORI_ATTRIBUTO,"Il colore è chiaro e uniforme, con macchie.",Chiara uniforme  macchie risa,Chiara uniformeorme  macchie risa,2018,C0D,TG_26,1.0
898,OK,Il campione presenta un carico non accentuato.,Carico non accentuato,Carico non accentuato,2018,C0E,Q_02,1.0
899,OK,Il campione ha un colore chiaro e uniforme.,Colore chiaro e uniforme,Colore chiaro e uniformeorme,2018,C0E,Q_09,1.0
900,OK,Il campione presenta una pasta omogenea e poco satura.,Omogenea poco satura,Omogenea poco satura,2018,C0E,TG_04,1.0
901,CONFORME,"Il campione si presenta con una pasta di colore paglierino, conforme agli standard.",Paglierino,Paglierino,2018,C0E,TG_11,0.5
902,FUORI_ATTRIBUTO,"Ci sono zone leggermente rosa al centro, mentre la pasta è giallo chiaro.","Zone leggermente rosa al centro, pasta giallo  chiaro","Zone leggermente rosa al centro, pasta giallo  chiaro",2018,C0E,TG_15,1.0
903,OK,"Il campione presenta una pasta abbastanza omogenea, con una carica di colore marcata.",Abbastanza omogeneo ma carico,Abbastanza omogeneo ma carico,2018,C0E,TG_20,1.0
904,OK,"Il campione presenta una pasta tendenzialmente gialla chiara, omogenea e priva di macchie.",Tendenzialmente gialla chiara omogenea,Tendenzialmente gialla chiara omogenea,2018,C0E,TG_24,1.0
905,CONFORME,"Il campione ha una colorazione chiara, conforme alle normative di qualità.",Chiaro,Chiaro,2018,C0E,TG_26,0.5
906,OK,"Al centro, la colorazione paglierina è leggermente più accentuata.",Al centro colorazione paglierina leggermente più accentuata,Al centro colorazione paglierina leggermente più accentuata,2018,C0G,Q_02,1.0
907,OK,Il campione presenta una pasta omogenea tendente al paglierino.,Omogeneo tendente al paglierino,Omogeneo tendente al paglierino,2018,C0G,TG_04,1.0
908,OK,Il campione presenta un colore uniforme.,Colore uniforme,Colore uniformeorme,2018,C0G,TG_11,1.0
909,FUORI_ATTRIBUTO,Il centro presenta una zona rosacea.,Centro zona rosacea,Centro zona rosacea,2018,C0G,TG_15,1.0
910,OK,"Il campione è omogeneo ma carico, con la presenza di qualche lieve alone.","Omogeneo ma carico, forse con qualche alone","Omogeneo ma carico, forse con qualche alone",2018,C0G,TG_20,1.0
911,OK,Il campione è omogeneo e presenta un colore giallo carico.,Omogeneo  giallo carico carico,Omogeneo  giallo carico carico,2018,C0G,TG_24,1.0
912,FUORI_ATTRIBUTO,"Il colore è più scuro al centro, ma tende al chiaro.",Leggi più scuro al centro ma tende al cgiaro,Leggi più scuro al centro ma tende al cgiaro,2018,C0G,TG_26,1.0
913,OK,Il campione presenta un alone leggero di colore rosato e una macchia rosata.,Alone leggero on corona rodata e una macchia rosata,Alone leggero on corona rosata e una macchia rosata,2018,C0D,Q_09,1.0
914,OK,"Al centro e verso un piatto, il campione presenta un colore più carico.",Al centro e verso 1 piatto più  carico,Al centro e verso 1 piatto più  carico,2018,C0D,TG_04,1.0
915,CONFORME,"Il campione presenta una colorazione giallina, conforme agli standard di qualità.",Giallina,Giallina,2018,C0D,TG_05,0.5
916,OK,Il campione presenta un colore giallo carico.,Giallo carico,Giallo carico,2018,C0D,TG_11,1.0
917,OK,"Il campione presenta un colore un po' carico ma omogeneo, risultando positivo.",Co!ore un po' carico ma omogeneo. Positivo,Co!ore un po' carico ma omogeneo. Positivo,2018,C0D,TG_13,1.0
918,OK,Il campione presenta un colore giallo intenso e uniforme.,Giallo intenso uniforme,Giallo intenso uniformeorme,2018,C0D,TG_14,1.0
919,OK,Il campione presenta un alone nocciola dove si verifica la rottura con fossa.,Alone nocciola dove rottura con fossa,Alone nocciola dove rottura con fossa,2018,C0D,TG_19,1.0
920,OK,Il campione è carico con un lieve alone rosato.,Carico con lieve alone rosato,Carico con lieve alone rosato,2018,C0D,TG_20,1.0
921,FUORI_ATTRIBUTO,C'è un alone più scuro centrale.,Alone più scuro centrale,Alone più scuro centrale,2018,C0D,TG_26,1.0
922,CONFORME,"Il campione è caratterizzato da un piatto più chiaro, conforme alle aspettative.",Un piatto più chiaro,Un piatto più chiaro,2018,C0D,TG_35,0.5
923,FUORI_ATTRIBUTO,Gli aloni nella zona occhiata sono evidenziati da una frattura strana.,Aloni nella zona occhiata evidenziati da frattura strana,Aloni nella zona occhiata evidenziati da frattura strana,2018,C0H,Q_09,1.0
924,OK,"Il campione è omogeneo e non carico, presentando una colorazione chiara.","Omogeneo, non carico","Omogeneo, non carico",2018,C0H,TG_04,1.0
925,CONFORME,"Il campione presenta una pasta di colore omogeneo, priva di macchie e con una frattura scalza che evidenzia una leggera microocchiatura.",Omogenea,Omogenea,2018,C0H,TG_05,0.5
926,OK,"Il campione mostra una pasta di colore carico, con una buona omogeneità e priva di disomogeneità.",Carico abbastanza  omogeneo,Carico abbastanza  omogeneo,2018,C0H,TG_12,1.0
927,OK,"Il campione presenta una pasta di colore carico tendente al bruno, con una leggera disomogeneità.",Colore carico tendente al bruno,Colore carico tendente al bruno,2018,C0H,TG_13,1.0
928,OK,"Il campione presenta una pasta di colore giallo chiaro, uniforme e priva di macchie.",Giallo chiaro,Giallo chiaro,2018,C0H,TG_14,1.0
929,FUORI_ATTRIBUTO,C'è un alone nella zona con maggiore occhiatura.,Alone nella zona con maggiore occhiatura,Alone nella zona con maggiore occhiatura,2018,C0H,TG_19,1.0
930,OK,"Il campione presenta una pasta di colore giallo omogeneo ma carico, con una leggera microocchiatura.",Giallo omogeneo ma carico,Giallo omogeneo ma carico,2018,C0H,TG_20,1.0
931,OK,"Il campione presenta una pasta chiara con macchie rosa, evidenziando una leggera disomogeneità.",Chiaro macchie rosa,Chiaro macchie rosa,2018,C0H,TG_26,1.0
932,OK,Il campione presenta una pasta omogenea di colore paglierino carico con riflesso verdognolo.,Omogenea paglierino carico con riflesso verdognolo,Omogenea paglierino carico con riflesso verdognolo,2018,C0H,TG_35,1.0
933,OK,"Il campione presenta un alone più scuro che contrasta con un piatto più chiaro, evidenziando 4 macchie rosate.","Alone più scuro che contrasta con un piatto più chiaro, 4 macchie rosate","Alone più scuro che contrasta con un piatto più chiaro, 4 macchie rosate",2018,C0L,Q_09,1.0
934,OK,"Il campione presenta un carico al centro nel tono del giallo, con una leggera microocchiatura.",Carico al centro nel tono del giallo,Carico al centro nel tono del giallo,2018,C0L,TG_04,1.0
935,OK,"Il campione presenta una pasta rosa ai bordi, con una leggera disomogeneità.",Rosa ai bordi,Rosa ai bordi,2018,C0L,TG_05,1.0
936,OK,"Il campione presenta un alone centrale, evidenziando una leggera microocchiatura.",Alone centrale,Alone centrale,2018,C0L,TG_11,1.0
937,OK,"Il campione presenta una pasta più chiara verso l'esterno, con diverse macchie.","Più  chiaro verso l'esterno, diverse macchie","Più  chiaro verso l'esterno, diverse macchie",2018,C0L,TG_12,1.0
938,OK,"Il campione presenta una pasta nocciola al centro, con una leggera disomogeneità.",Nocciola al centro,Nocciola al centro,2018,C0L,TG_13,1.0
939,OK,"Il campione presenta una pasta giallo chiaro con macchie rosa, evidenziando una leggera disomogeneità.",Giallo chiaro con macchie rosa,Giallo chiaro con macchie rosa,2018,C0L,TG_14,1.0
940,OK,Il campione presenta un grande alone centrale e qualche piccola macchia rosa.,Grande alone centrale e qualche piccola macchia rosa,Grande alone centrale e qualche piccola macchia rosa,2018,C0L,TG_19,1.0
941,FUORI_ATTRIBUTO,"Il colore è carico, quasi ossidato, con due macchie rosa.",Carico quasi ossidato con due macchie rosa,Carico quasi ossidato con due macchie rosa,2018,C0L,TG_20,1.0
942,FUORI_ATTRIBUTO,Ci sono macchie rosa e il colore chiaro presenta un alone centrale più scuro.,Macchie rosa colore chiaro alone centrale più scuro,Macchie rosa colore chiaro alone centrale più scuro,2018,C0L,TG_26,1.0
943,OK,Il campione presenta una pasta paglierino sganciato omogeneamente distribuito.,Paglierino sganciato omogeneoamente distribuito,Paglierino sganciato omogeneoamente distribuito,2018,C0L,TG_35,1.0
944,FUORI_ATTRIBUTO,"Il colore è molto carico, grigiastro, con una chiazza allungata rodata sotto.",Molto carico grigiastro con ragionevoli scuro e chiazza allungata rodata sotto 1 piatto di 10 15  cm,Molto carico grigiastro con ragionevolmente scuro e chiazza allungata rosata sotto 1 piatto di 10 15  cm,2018,C0M,Q_09,1.0
945,OK,"Il campione presenta un colore carico, saturo, con zone più chiare verso gli scalzi.","Carico, saturo, con zone più chiare verso gli scalzi","Carico, saturo, con zone più chiare verso gli scalzi",2018,C0M,TG_04,1.0
946,ILLEGGIBILE,,Irregolare,Irregolare,2018,C0M,TG_05,1.0
947,OK,"Il campione presenta un colore abbastante omogeneo ma carico, con una macchia.","Abb  omogeneo ma carico, una macchia","Abb  omogeneo ma carico, una macchia",2018,C0M,TG_12,1.0
948,FUORI_ATTRIBUTO,"Il colore è bruno, quasi nocciola, con alcune zone rosate.",Colore bruno quasi nocciola. Ci sono delle zone rosate,Colore bruno quasi nocciola. Ci sono delle zone rosate,2018,C0M,TG_13,1.0
949,FUORI_ATTRIBUTO,Il colore è giallo carico con un alone rosa.,Giall carico con alone rosa,Giall carico con alone rosa,2018,C0M,TG_14,1.0
950,FUORI_ATTRIBUTO,Ci sono macchie rosa di dimensioni non piccole.,Macchie rosa non piccole,Macchie rosa non piccole,2018,C0M,TG_19,1.0
951,FUORI_ATTRIBUTO,Il formaggio presenta evidenti macchie rosa e risulta eccessivamente carico.,Eccessivamente carico con evidente macchie rosa,Eccessivamente carico con evidente macchie rosa,2018,C0M,TG_20,1.0
952,FUORI_ATTRIBUTO,Il formaggio è molto carico e non tipico.,Molto carico non tipico,Molto carico non tipico,2018,C0M,TG_26,1.0
953,OK,Il campione presenta una pasta omogeneamente paglierino carico ambrato.,Omogeneamente paglierino carico ambrato,Omogeneamente paglierino carico ambrato,2018,C0M,TG_35,1.0
954,OK,"La pasta del campione è di un colore chiaro e presenta una buona uniformità, senza macchie o aree anomale.",Chiara abbastanza uniforme,Chiara abbastanza uniformeorme,2018,C0Q,Q_09,1.0
955,OK,"Il campione presenta una pasta paglierino verso un piatto e parte degli scalzi, con il resto più saturo.",Paglierino verso un piatto e parte degli scalzi. Il resto più  saturo,Paglierino verso un piatto e parte degli scalzi. Il resto più  saturo,2018,C0Q,TG_04,1.0
956,CONFORME,"Il campione presenta una pasta di colore omogeneo, senza disomogeneità e con una frattura scalza che evidenzia una leggera microocchiatura.",Omogeneo,Omogeneo,2018,C0Q,TG_05,0.5
957,OK,Il campione presenta un colore giallo carico.,Giallo carico,Giallo carico,2018,C0Q,TG_11,1.0
958,FUORI_ATTRIBUTO,Il colore è chiaro ma non omogeneo.,Chiaro ma non omogeneo,Chiaro ma non omogeneo,2018,C0Q,TG_12,1.0
959,FUORI_ATTRIBUTO,"Il formaggio è giallo leggermente verdastro, con un colore più carico al centro.","Giallo leggermente verdastro, più carico al centro","Giallo leggermente verdastro, più carico al centro",2018,C0Q,TG_14,1.0
960,FUORI_ATTRIBUTO,C'è un alone centrale.,Alone centrale,Alone centrale,2018,C0Q,TG_19,1.0
961,FUORI_ATTRIBUTO,L'alone centrale è più carico.,Alone centrale più carico,Alone centrale più carico,2018,C0Q,TG_20,1.0
962,OK,"Il campione presenta una pasta con disomogeneità in alcune zone, tendente al grigio.",Non del tutto uniforme alcune zone tendente al grigio,Non del tutto uniformeorme alcune zone tendente al grigio,2018,C0Q,TG_26,1.0
963,OK,"Il campione mostra un colore paglierino più intenso nella parte centrale, con una sfumatura scarica estremamente.","Paglierino più intenso nella parte centrale, scarico estremamente","Paglierino più intenso nella parte centrale, scarico estremamente",2018,C0Q,TG_35,1.0
964,FUORI_ATTRIBUTO,Il formaggio è carico con un leggero alone.,Carico on leggero alone,Carico on leggero alone,2018,C0R,Q_09,1.0
965,OK,Il campione tende al chiaro con un alone centrale leggermente più carico.,Tende al chiaro con un alone centrale poco più  carico,Tende al chiaro con un alone centrale poco più  carico,2018,C0R,TG_04,1.0
966,OK,Il campione presenta un colore giallo carico.,Giallo carico,Giallo carico,2018,C0R,TG_11,1.0
967,OK,Il campione ha un colore molto carico.,Colore molto carico,Colore molto carico,2018,C0R,TG_13,1.0
968,OK,Il campione è di colore giallo chiaro con aloni rosati.,Giallo chiaro con aloni rosati,Giallo chiaro con aloni rosati,2018,C0R,TG_14,1.0
969,FUORI_ATTRIBUTO,C'è una leggera degradazione tra i due piatti.,Leggermente degradante tra i 2 piatti,Leggermente degradante tra i 2 piatti,2018,C0R,TG_19,1.0
970,OK,"Il campione è abbastanza omogeneo ma carico, con una zona più scura verso un piatto.","Abbastanza omogeneo ma carico, zona più scura verso un piatto","Abbastanza omogeneo ma carico, zona più scura verso un piatto",2018,C0R,TG_20,1.0
971,OK,Il campione appare omogeneo ma intenso.,Avv omogeneo ma intenso,Avv omogeneo ma intenso,2018,C0R,TG_26,1.0
972,OK,Il campione presenta una pasta omogenea di colore paglierino.,Omogenea paglierino,Omogenea paglierino,2018,C0R,TG_35,1.0
973,OK,Il campione mostra un colore aranciato.,Aranciato,Aranciato,2018,C0A,Q_02,1.0
974,OK,Il campione ha un colore carico ma uniforme.,Colore carico ma uniforme,Colore carico ma uniformeorme,2018,C0A,Q_09,1.0
975,OK,"Al centro il campione è di colore giallo carico, più leggero verso l'esterno.","Al centro giallo carico, più leggero verso l'esterno","Al centro giallo carico, più leggero verso l'esterno",2018,C0A,TG_04,1.0
976,FUORI_ATTRIBUTO,Il colore è giallino.,Giallina,Giallina,2018,C0A,TG_05,1.0
977,OK,Il campione presenta un colore giallo carico.,Giallo carico,Giallo carico,2018,C0A,TG_11,1.0
978,OK,Il campione ha un colore carico e omogeneo.,Colore carico omogeneo,Colore carico omogeneo,2018,C0A,TG_13,1.0
979,OK,Il campione è di colore giallo con un leggero alone rosa.,Giallo con leggero alone rosa,Giallo con leggero alone rosa,2018,C0A,TG_14,1.0
980,OK,Il campione è carico e leggermente più intenso al centro.,Carico e leggermente più intenso al centro,Carico e leggermente più intenso al centro,2018,C0A,TG_19,1.0
981,FUORI_ATTRIBUTO,Il formaggio è eccessivamente carico.,Eccessivamente carico,Eccessivamente carico,2018,C0A,TG_20,1.0
982,FUORI_ATTRIBUTO,"Il colore non è del tutto uniforme, tende verso il giallo scuro.",Non del tutto uniforme  giallo tende scuro,Non del tutto uniformeorme  giallo tende scuro,2018,C0A,TG_26,1.0
983,OK,Il campione presenta un alone centrale tendente all'aranciato.,Alone centrale tendente aranciato,Alone centrale tendente aranciato,2018,C0C,Q_02,1.0
984,OK,Il campione mostra un alone più scuro.,Alone più scuro,Alone più scuro,2018,C0C,Q_09,1.0
985,OK,Il campione ha un colore giallo carico al centro.,Giallo carico al centro,Giallo carico al centro,2018,C0C,TG_04,1.0
986,OK,Il campione presenta una pasta non omogenea.,Non omogeneo,Non omogeneo,2018,C0C,TG_05,1.0
987,OK,"Il campione ha una pasta di colore paglierino, con una buona uniformità e priva di macchie.",Paglierino,Paglierino,2018,C0C,TG_11,1.0
988,OK,"Il campione è un po' carico, con una leggera sfumatura più scura al centro.","Un po' carico, leggermente più scuro al centro","Un po' carico, leggermente più scuro al centro",2018,C0C,TG_13,1.0
989,OK,"Il campione ha un colore giallo non carico, con un leggero alone più giallo e una sfumatura rosaceo.","Colore giallo non carico, leggere alone più giallo, forse un po' o rosaceo","Colore giallo non carico, leggere alone più giallo, forse un po' o rosaceo",2018,C0C,TG_14,1.0
990,FUORI_ATTRIBUTO,C'è un alone centrale.,Alone centrale,Alone centrale,2018,C0C,TG_19,1.0
991,OK,Il campione è più carico al centro.,Più carico al centro,Più carico al centro,2018,C0C,TG_20,1.0
992,OK,Il campione presenta un alone carico.,Alone carico,Alone carico,2018,C0C,TG_26,1.0
993,OK,Il campione mostra un evidente alone centrale.,Evidente alone centrale,Evidente alone centrale,2018,C0F,Q_02,1.0
994,OK,Il campione ha un alone centrale più scuro e una banda chiara sotto un piatto.,Alone centrale più scuro e banda chiara sotto 1 piatto,Alone centrale più scuro e banda chiara sotto 1 piatto,2018,C0F,Q_09,1.0
995,OK,"La porzione centrale è più carica, comunque il colore risulta poco saturo.","Porzione centrale più  carica, comunque colore poco saturo","Porzione centrale più  carica, comunque colore poco saturo",2018,C0F,TG_04,1.0
996,OK,Il campione è centralmente più giallo.,Centralmente più giallo,Centralmente più giallo,2018,C0F,TG_05,1.0
997,OK,Il campione presenta un alone centrale più scuro.,Alone centrale più scuro,Alone centrale più scuro,2018,C0F,TG_11,1.0
998,OK,"Il campione ha un colore carico, tendente all'aranciato.","Colore carico, aranciato","Colore carico, aranciato",2018,C0F,TG_13,1.0
999,OK,"Il campione varia da giallo chiaro a carico verso il centro, con un alone.","Da giallo chiaro a carico verso il centro, alone","Da giallo chiaro a carico verso il centro, alone",2018,C0F,TG_14,1.0
1000,OK,Il campione presenta un alone centrale arancio rosato.,Alone centrale arancio rosato,Alone centrale arancio rosato,2018,C0F,TG_19,1.0
1001,FUORI_ATTRIBUTO,C'è una macchia centrale più scura.,Macchia centrale più scura,Macchia centrale più scura,2018,C0F,TG_20,1.0
1002,FUORI_ATTRIBUTO,L'alone centrale è scuro.,Alone centrale scuro,Alone centrale scuro,2018,C0F,TG_26,1.0
1003,OK,Il campione presenta una pasta paglierino chiaro con alone centrale.,Paglierino chiaro con alone centrale,Paglierino chiaro con alone centrale,2018,C0G,Q_02,1.0
1004,FUORI_ATTRIBUTO,Il formaggio è chiaro con una banda leggermente più chiara sotto un piatto.,Chiaro con Banda leggermente più chiara sotto 1 piatto,Chiaro con Banda leggermente più chiara sotto 1 piatto,2018,C0G,Q_09,1.0
1005,OK,"La pasta è più chiara verso un piatto e non presenta un carico eccessivo, risultando complessivamente equilibrata.",Più  chiara verso un piatto. Nel complesso non troppo carica,Più  chiara verso un piatto. Nel complesso non troppo carica,2018,C0G,TG_04,1.0
1006,ILLEGGIBILE,,Irregolare,Irregolare,2018,C0G,TG_05,1.0
1007,FUORI_ATTRIBUTO,Un piatto è più chiaro.,Un piatto più chiaro,Un piatto più chiaro,2018,C0G,TG_11,1.0
1008,FUORI_ATTRIBUTO,Il colore è giallo intenso e uniforme.,Giallo intenso uniforme,Giallo intenso uniformeorme,2018,C0G,TG_14,1.0
1009,OK,"Il campione è caratterizzato da un colore abbastanza chiaro e omogeneo, senza disomogeneità evidenti.",Abbastanza chiaro e abbastanza omogeneo,Abbastanza chiaro e abbastanza omogeneo,2018,C0G,TG_19,1.0
1010,OK,"La pasta presenta un colore giallo carico, ma mantiene una buona omogeneità senza macchie.",Giallo carico ma abbastanza omogeneo,Giallo carico ma abbastanza omogeneo,2018,C0G,TG_20,1.0
1011,ILLEGGIBILE,,Avv uniforme e chiaro,Avv uniformeorme e chiaro,2018,C0G,TG_26,1.0
1012,OK,Il campione presenta una pasta paglierino chiaro con alone centrale.,Paglierino chiaro con alone centrale,Paglierino chiaro con alone centrale,2018,C0M,Q_02,1.0
1013,FUORI_ATTRIBUTO,C'è un alone centrale.,Alone centrale,Alone centrale,2018,C0M,Q_09,1.0
1014,OK,"Il campione presenta un colore abbastanza omogeneo, giallo chiaro ai bordi, lievemente più carico il centro.","Abbastanza omogeneo, giallo chiaro ai bordi. Lievemente più  carico il centro","Abbastanza omogeneo, giallo chiaro ai bordi. Lievemente più  carico il centro",2018,C0M,TG_04,1.0
1015,FUORI_ATTRIBUTO,C'è un lieve alone centrale.,Alone lieve centrale,Alone lieve centrale,2018,C0M,TG_11,1.0
1016,OK,Il campione presenta un colore chiaro omogeneo.,Colore chiaro omogeneo,Colore chiaro omogeneo,2018,C0M,TG_13,1.0
1017,FUORI_ATTRIBUTO,Ci sono delle macchie rosa.,Macchie rosa,Macchie rosa,2018,C0M,TG_19,1.0
1018,OK,"Il campione mostra un carico medio, con una tonalità più intensa al centro e un alone rosa ben definito.","Mediamente carico, più al centro, con alone rosa","Mediamente carico, più al centro, con alone rosa",2018,C0M,TG_20,1.0
1019,FUORI_ATTRIBUTO,C'è un alone centrale tendente al chiaro.,Alone centrale tendente al chiaro,Alone centrale tendente al chiaro,2018,C0M,TG_26,1.0
1020,FUORI_ATTRIBUTO,Il formaggio è sganciato dal carico.,Sganciato carico,Sganciato carico,2018,C0N,Q_02,1.0
1021,OK,Il campione presenta un colore carico sganciato ma uniforme.,Colore carico sganciato ma uniforme,Colore carico sganciato ma uniformeorme,2018,C0N,Q_09,1.0
1022,OK,Il campione mostra una pasta omogenea di colore giallo carico.,Omogeneo ma giallo stracarico,Omogeneo ma giallo stracarico,2018,C0N,TG_04,1.0
1023,OK,Il campione presenta un colore giallo carico.,Giallo carico,Giallo carico,2018,C0N,TG_11,1.0
1024,OK,"Il campione presenta una pasta di colore giallo molto carico, uniforme e priva di macchie.",Colore molto carico ma omogeneo,Colore molto carico ma omogeneo,2018,C0N,TG_13,1.0
1025,OK,"Il campione mostra una pasta di colore giallo carico, uniforme e priva di macchie.",Giallo piuttosto carico e uniforme,Giallo piuttosto carico e uniformeorme,2018,C0N,TG_14,1.0
1026,OK,"La pasta del campione è molto carica, evidenziando un colore intenso e uniforme.",Molto carico,Molto carico,2018,C0N,TG_19,1.0
1027,OK,"Il campione presenta una pasta omogenea, ma eccessivamente carica di colore.",Omogeneo ma eccessivamente carico,Omogeneo ma eccessivamente carico,2018,C0N,TG_20,1.0
1028,OK,Il campione presenta una pasta scura tendente al grigio.,Scuro tendente al grigio,Scuro tendente al grigio,2018,C0N,TG_26,1.0
1029,OK,Il campione mostra un alone centrale evidente con un sottocrosta più chiaro.,Alone centrale evidente con un sottopiatto più chiaro,Alone centrale evidente con un sottopiatto più chiaro,2018,C0A,Q_09,1.0
1030,OK,"Il campione presenta un colore giallo carico al centro, più chiaro verso i 3/4 della forma.","Giallo carico al centro, più  chiaro verso i 3/4 della forma","Giallo carico al centro, più  chiaro verso i 3/4 della forma",2018,C0A,TG_04,1.0
1031,OK,Il campione mostra una pasta più chiara all'esterno.,Più chiara all' esterno,Più chiara all' esterno,2018,C0A,TG_05,1.0
1032,OK,"Il campione presenta una pasta di colore giallo carico, con un piatto più chiaro.","Giallo carico,un piatto più chiaro","Giallo carico,un piatto più chiaro",2018,C0A,TG_11,1.0
1033,OK,Il campione mostra una pasta carica più scura al centro.,Carico più scuro al centro,Carico più scuro al centro,2018,C0A,TG_13,1.0
1034,OK,Il campione presenta un anello chiaro perimetrale con un centro giallo carico e zone verdastre.,"Anello chiaro perimetrale centro giallo carico, zone verdastre","Anello chiaro perimetrale centro giallo carico, zone verdastre",2018,C0A,TG_15,1.0
1035,FUORI_ATTRIBUTO,"Il colore non è omogeneo; un piatto è paglierino pallido tendente al grigio, mentre il resto è paglierino più deciso.","Colore non omogeneo, un piatto è paglierino pallido tendente al grigio, il resto del formaggio paglierino più deciso","Colore non omogeneo, un piatto è paglierino pallido tendente al grigio, il resto del formaggio paglierino più deciso",2018,C0A,TG_35,1.0
1036,OK,Il campione presenta un netto alone più fascia rosata molto evidente.,Netto alone più fascia rosata molto evidente,Netto alone più fascia rosata molto evidente,2018,C0B,Q_09,1.0
1037,OK,"Il campione mostra una pasta più carica al centro, con una banda rosata di 25x3 cm.",Più  carico al centro. Una banda rosaata di 25x3 cm,Più  carico al centro. Una banda rosaata di 25x3 cm,2018,C0B,TG_04,1.0
1038,OK,Il campione presenta una evidente striscia rosa.,Presente evidente striscia rosa,Presente evidente striscia rosa,2018,C0B,TG_05,1.0
1039,OK,Il campione mostra la presenza di un alone rosa lungo tutto il piatto.,Presenza di un alone rosa lungo tutto il piatto,Presenza di un alone rosa lungo tutto il piatto,2018,C0B,TG_11,1.0
1040,OK,"Il campione presenta un alone scuro evidentissimo, molto disomogeneo.","Alone scuro evidentissimo, molto disomogeneo","Alone scuro evidentissimo, molto disomogeneo",2018,C0B,TG_12,1.0
1041,FUORI_ATTRIBUTO,"Il formaggio è carico, ma presenta una fascia bruna molto marcata.",Carico ma presenta una fascia bruna molto marcata,Carico ma presenta una fascia bruna molto marcata,2018,C0B,TG_13,1.0
1042,FUORI_ATTRIBUTO,C'è una zona rosa molto evidente e un anello perimetrale giallo molto chiaro.,Zona rosa molto evidente e anello perimetrale  giallo molto chiaro,Zona rosa molto evidente e anello perimetrale  giallo molto chiaro,2018,C0B,TG_15,1.0
1043,FUORI_ATTRIBUTO,Il colore non è uniforme; la base è paglierino chiaro tendente al grigio con una striscia scura estesa e parallela a un piatto.,"Non uniforme, base Paglierino chiaro tendente grigio è  presente una strisca scura, estesa e parallela ad un piatto","Non uniformeorme, base Paglierino chiaro tendente grigio è  presente una strisca scura, estesa e parallela ad un piatto",2018,C0B,TG_35,1.0
1044,FUORI_ATTRIBUTO,Il carico è grigiastro e più scuro verso un piatto.,Carico grigiastro più scuro verso in piatto,Carico grigiastro più scuro verso in piatto,2018,C0C,Q_09,1.0
1045,OK,Il campione presenta una pasta omogeneamente carico giallo.,Omogeneamente carico giallo,Omogeneamente carico giallo,2018,C0C,TG_04,1.0
1046,CONFORME,"Il campione presenta una pasta di colore omogeneo, priva di macchie e con una frattura scalza che evidenzia una leggera microocchiatura.",Colore omogeneo,Colore omogeneo,2018,C0C,TG_05,0.5
1047,FUORI_ATTRIBUTO,C'è un piatto più scuro.,Un piatto più scuro,Un piatto più scuro,2018,C0C,TG_11,1.0
1048,OK,"Il campione ha un colore carico e abbastanza omogeneo, senza disomogeneità evidenti.",Carico abb  omogeneo,Carico abb  omogeneo,2018,C0C,TG_12,1.0
1049,OK,"La pasta è un po' carica ma mantiene una buona omogeneità, risultando priva di macchie.",Un po' carico ma omogeneo,Un po' carico ma omogeneo,2018,C0C,TG_13,1.0
1050,FUORI_ATTRIBUTO,C'è una zona più scura verso un piatto.,Zona più scura verso un piatto,Zona più scura verso un piatto,2018,C0C,TG_15,1.0
1051,OK,"Il campione presenta una pasta di colore paglierino chiaro, omogeneamente distribuito, con presenza di cristalli bianchi.",Paglierino carica omogeneamente distribuito. Presenza di cristalli bianchi,Paglierino carica omogeneamente distribuito. Presenza di cristalli bianchi,2018,C0C,TG_35,1.0
1052,OK,"Il campione è leggermente carico ma uniforme, con un colore ben distribuito.",Un Po carico ma uniforme,Un Po carico ma uniformeorme,2018,C0E,Q_09,1.0
1053,OK,"Il campione presenta un colore omogeneo, con una saturazione bassa e privo di macchie.","Colore omogeneo, poco saturo","Colore omogeneo, poco saturo",2018,C0E,TG_04,1.0
1054,OK,Il campione presenta un colore giallo carico.,Giallo carico,Giallo carico,2018,C0E,TG_11,1.0
1055,OK,"Il campione presenta una pasta di colore paglierino chiaro, uniforme e priva di macchie.",Colore paglierino chiaro omogeneo,Colore paglierino chiaro omogeneo,2018,C0E,TG_13,1.0
1056,FUORI_ATTRIBUTO,C'è una zona più scura.,Zona più scura,Zona più scura,2018,C0E,TG_15,1.0
1057,OK,"Il campione presenta una pasta di colore paglierino intenso, uniforme e priva di macchie.",Paglierino intenso omogeneo,Paglierino intenso omogeneo,2018,C0E,TG_35,1.0
1058,FUORI_ATTRIBUTO,Ci sono alone e zone biancastre a causa dello sgretolamento della pasta.,Alone e zone biancastra per effetto sgretolamento pasta,Alone e zone biancastra per effetto sgretolamento pasta,2018,C0H,Q_09,1.0
1059,FUORI_ATTRIBUTO,C'è un'area centrale più carica.,Area più  carica centrale,Area più  carica centrale,2018,C0H,TG_04,1.0
1060,FUORI_ATTRIBUTO,Ci sono delle macchie rosa ai piatti.,Rosa ai piatti,Rosa ai piatti,2018,C0H,TG_05,1.0
1061,FUORI_ATTRIBUTO,Il formaggio non è del tutto omogeneo.,Non del tutto omogeneo,Non del tutto omogeneo,2018,C0H,TG_12,1.0
1062,OK,Il campione presenta un colore un po' carico ma uniforme.,Colore un po' carico ma uniforme,Colore un po' carico ma uniformeorme,2018,C0H,TG_13,1.0
1063,FUORI_ATTRIBUTO,Ci sono zone rosa e grigine.,Zone rosa e grigine,Zone rosa e grigine,2018,C0H,TG_15,1.0
1064,OK,"Il campione presenta una pasta di colore paglierino omogeneo, con un alone grigio verdognolo.","Paglierino omogeneo, con alone grigio verdognolo","Paglierino omogeneo, con alone grigio verdognolo",2018,C0H,TG_35,1.0
1065,OK,Il campione presenta una pasta tendente al rosato ma uniforme.,Tendente al rosato ma unif,Tendente al rosato ma uniforme,2018,C0Q,Q_09,1.0
1066,OK,"Il campione presenta un colore chiaro, con un lieve carico al centro.","Su colore chiaro, lieve carico al centro","Su colore chiaro, lieve carico al centro",2018,C0Q,TG_04,1.0
1067,OK,Il campione presenta una pasta leggermente più scura ai piatti.,Leggermente più scura ai piatti,Leggermente più scura ai piatti,2018,C0Q,TG_05,1.0
1068,OK,"Il campione ha una pasta di colore paglierino, con una buona uniformità e priva di disomogeneità.",Paglierino,Paglierino,2018,C0Q,TG_11,1.0
1069,OK,Il campione presenta una pasta omogenea non molto carica.,Omogeneo non molto carico,Omogeneo non molto carico,2018,C0Q,TG_12,1.0
1070,OK,Il campione presenta una zona un po' rosa.,Zona un po' rosa,Zona un po' rosa,2018,C0Q,TG_15,1.0
1071,OK,"Il campione presenta un colore paglierino omogeneo, con un alone verdolino molto leggero.","Colore paglierino omogeneo, con un aloni verdolino molto leggero","Colore paglierino omogeneo, con un aloni verdolino molto leggero",2018,C0Q,TG_35,1.0
1072,OK,Il campione presenta un carico al centro.,Carico al centro,Carico al centro,2018,C0A,Q_02,1.0
1073,OK,"Il campione presenta un evidente alone centrale con fascia sotto un piatto più bianca, cristalli piccoli e qualche perla.",Evidente alone centrale con fascia sotto un piatto più bianca cristalli piccoli e qualche perla,Evidente alone centrale con fascia sotto un piatto più bianca cristalli piccoli e qualche perla,2018,C0A,Q_09,1.0
1074,OK,Il campione presenta un carico al centro.,Carico al centro,Carico al centro,2018,C0A,TG_04,1.0
1075,OK,Il campione presenta un alone centrale stretto e più scuro.,Alone centrale stretto e più scuro,Alone centrale stretto e più scuro,2018,C0A,TG_11,1.0
1076,OK,Il campione presenta un colore carico più scuro al centro.,Colore carico più scuro al centro,Colore carico più scuro al centro,2018,C0A,TG_13,1.0
1077,OK,Il campione presenta un giallo abbastanza carico con alone centrale.,Giallo abbastanza carico con alone centrale,Giallo abbastanza carico con alone centrale,2018,C0A,TG_14,1.0
1078,OK,Il campione presenta una pasta chiara sotto crosta e più scura centrale.,Chiara sotto crosta e più scura centrale,Chiara sotto crosta e più scura centrale,2018,C0A,TG_15,1.0
1079,OK,Il campione presenta un leggero alone centrale.,Leggero alone centrale,Leggero alone centrale,2018,C0A,TG_19,1.0
1080,OK,"Il campione presenta un colore verso il giallo carico, con aree verdognole o nocciola carico.","Verso il giallo carico, con aree vergognose o nocciola carico","Verso il giallo carico, con aree verdognole o nocciola carico",2018,C0A,TG_24,1.0
1081,FUORI_ATTRIBUTO,Il formaggio è molto carico.,Molto carico,Molto carico,2018,C0A,TG_26,1.0
1082,OK,"Il campione presenta una pasta di colore giallo carico, con una tonalità quasi gialla e un alone grigio-verdastro.","Paglierino carico, quasi giallo con alone grigio verde","Paglierino carico, quasi giallo con alone grigio verde",2018,C0A,TG_35,1.0
1083,FUORI_ATTRIBUTO,C'è un alone centrale.,Alone centrale,Alone centrale,2018,C0C,Q_02,1.0
1084,OK,"Il campione mostra una pasta di colore giallo carico, con una fascia più chiara sotto un piatto.",Giallo carico con fascia sotto un piatto più chiara,Giallo carico con fascia sotto un piatto più chiara,2018,C0C,Q_09,1.0
1085,OK,"Il campione presenta una pasta più chiara sui tre quarti, con un centro saturo.",Più  Chiaro sui 3/4 . Saturo il centro,Più  Chiaro sui 3/4 . Saturo il centro,2018,C0C,TG_04,1.0
1086,OK,Il campione ha una pasta di colore giallo chiaro con un alone centrale.,Giallo chiaro con alone centrale,Giallo chiaro con alone centrale,2018,C0C,TG_11,1.0
1087,OK,Il campione mostra una pasta leggermente più scura al centro.,Un po' più scuro al centro,Un po' più scuro al centro,2018,C0C,TG_13,1.0
1088,OK,Il campione presenta una pasta di colore giallo chiaro con un piccolo alone più carico al centro.,Giallo chiaro con piccolo alone più carico in centro,Giallo chiaro con piccolo alone più carico in centro,2018,C0C,TG_14,1.0
1089,OK,"Il campione presenta alcune zone grigiastre, una zona molto chiara e una parte interna più scura.","Alcune zone grigiastro, zona molto chiara e parte interna più scura","Alcune zone grigiastro, zona molto chiara e parte interna più scura",2018,C0C,TG_15,1.0
1090,OK,Il campione è carico con un alone.,Carico con alone,Carico con alone,2018,C0C,TG_19,1.0
1091,OK,"Il campione tende al giallo meno carico, con una pasta omogenea e poche zone nocciola verso la crosta.",Tende al giallo meno carico. Omogenea con poche zone nocciola verso crosta,Tende al giallo meno carico. Omogenea con poche zone nocciola verso crosta,2018,C0C,TG_24,1.0
1092,OK,Il campione presenta un alone centrale scuro.,Alone centrale scuro,Alone centrale scuro,2018,C0C,TG_26,1.0
1093,OK,Il campione è di colore paglierino carico con un alone più scuro al centro.,Paglierino carico con alone più scuro al centro,Paglierino carico con alone più scuro al centro,2018,C0C,TG_35,1.0
1094,OK,Il campione presenta delle macchie rosa.,Macchie rosa,Macchie rosa,2018,C0D,Q_02,1.0
1095,OK,Il campione è chiaro ma presenta tre macchie rosa.,Chiaro ma 3 macchie rosa,Chiaro ma 3 macchie rosa,2018,C0D,Q_09,1.0
1096,OK,"La pasta è chiara ed omogenea, senza macchie o aree di colore anomalo.",Chiaro ed omogeneo,Chiaro ed omogeneo,2018,C0D,TG_04,1.0
1097,OK,"Il campione è di colore giallo chiaro, con due macchie rosa centrali.","Giallo chiaro, due macchie rosa centrali (credo, in caso voto 5,5)","Giallo chiaro, due macchie rosa centrali (credo, in caso voto 5,5)",2018,C0D,TG_11,1.0
1098,OK,Il campione presenta qualche leggera macchia più scura sulla pasta.,Qualche leggera macchia più scura sulla pasta.,Qualche leggera macchia più scura sulla pasta.,2018,C0D,TG_13,1.0
1099,OK,Il campione è di colore giallo con un alone più carico e macchioline rosa.,Giallo con alone più carico e macchioline rosa,Giallo con alone più carico e macchioline rosa,2018,C0D,TG_14,1.0
1100,OK,Il campione è chiaro ma presenta delle macchie rosa.,Chiara ma macchie rosa,Chiara ma macchie rosa,2018,C0D,TG_15,1.0
1101,FUORI_ATTRIBUTO,Ci sono qualche macchia rosa.,Qualche macchia rosa,Qualche macchia rosa,2018,C0D,TG_19,1.0
1102,OK,"Il campione presenta una pasta di colore giallo paglierino, uniforme e priva di macchie, con una frattura scalza che evidenzia una leggera microocchiatura e la presenza di cristalli di tirosina.",Tendente al giallo paglierino,Tendente al giallo paglierino,2018,C0D,TG_24,1.0
1103,FUORI_ATTRIBUTO,"Il colore è chiaro e omogeneo, ma ci sono alcune macchie rosa.",Chiara e omogenea sembra qualche macchia rosa,Chiara e omogenea sembra qualche macchia rosa,2018,C0D,TG_26,1.0
1104,OK,"Il campione presenta una pasta di colore paglierino chiaro con velature verdognole, uniforme e priva di macchie, con una frattura scalza che evidenzia una leggera microocchiatura e la presenza di cristalli di tirosina.",Paglierino leggero con velature verdognola,Paglierino leggero con velature verdognola,2018,C0D,TG_35,1.0
1105,FUORI_ATTRIBUTO,Carico al centro.,Carico al centro,Carico al centro,2018,C0I,Q_02,1.0
1106,OK,"Il campione presenta un alone centrale, con una pasta di colore paglierino chiaro, uniforme e priva di macchie, con una frattura scalza che evidenzia una leggera microocchiatura e la presenza di cristalli di tirosina.",Alone centrale,Alone centrale,2018,C0I,Q_09,1.0
1107,FUORI_ATTRIBUTO,"Un terzo paglierino, il resto è più carico.",1/3 paglierino. Il resto più  carico,1/3 paglierino. Il resto più  carico,2018,C0I,TG_04,1.0
1108,OK,"Il campione presenta una pasta di colore giallo chiaro, uniforme e priva di macchie, con una frattura scalza che evidenzia una leggera microocchiatura e la presenza di cristalli di tirosina.",Giallo chiaro,Giallo chiaro,2018,C0I,TG_11,1.0
1109,OK,"Il campione presenta una pasta di colore giallo carico, più intenso al centro, uniforme e priva di macchie, con una frattura scalza che evidenzia una leggera microocchiatura e la presenza di cristalli di tirosina.","Giallo abbastanza carico, più intenso in centro","Giallo abbastanza carico, più intenso in centro",2018,C0I,TG_14,1.0
1110,OK,"Il campione presenta zone nettamente più chiare vicino alla crosta, con una pasta di colore paglierino chiaro, uniforme e priva di macchie, con una frattura scalza che evidenzia una leggera microocchiatura e la presenza di cristalli di tirosina.",Zone nettamente più chiare vicino a crosta,Zone nettamente più chiare vicino a crosta,2018,C0I,TG_15,1.0
1111,OK,"Il campione presenta un alone centrale, con una pasta di colore paglierino chiaro, uniforme e priva di macchie, con una frattura scalza che evidenzia una leggera microocchiatura e la presenza di cristalli di tirosina.",Alone centrale,Alone centrale,2018,C0I,TG_19,1.0
1112,OK,"Il campione presenta una pasta di colore medio tendente al carico lieve, uniforme e priva di macchie, con una frattura scalza che evidenzia una leggera microocchiatura e la presenza di cristalli di tirosina.",Medio tendente al carico lieve,Medio tendente al carico lieve,2018,C0I,TG_24,1.0
1113,OK,"Il campione presenta un leggero alone centrale e una pasta lievemente scura, uniforme e priva di macchie, con una frattura scalza che evidenzia una leggera microocchiatura e la presenza di cristalli di tirosina.",Leggero alone centrale  e un Po scuro,Leggero alone centrale  e un Po scuro,2018,C0I,TG_26,1.0
1114,OK,"Il campione presenta una pasta di colore paglierino con presenza di cristalli di tirosina, uniforme e priva di macchie, con una frattura scalza che evidenzia una leggera microocchiatura.",Paglierino con presenza di cristalli,Paglierino con presenza di cristalli,2018,C0I,TG_35,1.0
1115,OK,"Il campione presenta una pasta di colore carico al centro con macchie rosa, uniforme e priva di macchie, con una frattura scalza che evidenzia una leggera microocchiatura e la presenza di cristalli di tirosina.",Carico al centro macchie rosa,Carico al centro macchie rosa,2018,C0N,Q_02,1.0
1116,OK,"Il campione presenta una pasta di colore aranciato con un alone, uniforme e priva di macchie, con una frattura scalza che evidenzia una leggera microocchiatura e la presenza di cristalli di tirosina.",Tranciato con alone,aranciato con alone,2018,C0N,Q_09,1.0
1117,FUORI_ATTRIBUTO,Carico al centro.,Carico al centro,Carico al centro,2018,C0N,TG_04,1.0
1118,FUORI_ATTRIBUTO,Rosa nei piatti.,Rosa ai piatti,Rosa ai piatti,2018,C0N,TG_05,1.0
1119,OK,"Il campione presenta una pasta di colore giallo carico con una macchia marrone, uniforme e priva di macchie, con una frattura scalza che evidenzia una leggera microocchiatura e la presenza di cristalli di tirosina.",Giallo carico con macchia marrone,Giallo carico con macchia marrone,2018,C0N,TG_11,1.0
1120,OK,"Il campione presenta un alone centrale leggermente rosato, con una pasta di colore paglierino chiaro, uniforme e priva di macchie, con una frattura scalza che evidenzia una leggera microocchiatura e la presenza di cristalli di tirosina.",Alone centrale leggermente rosato,Alone centrale leggermente rosato,2018,C0N,TG_13,1.0
1121,OK,Il campione presenta un colore giallo carico.,Giallo carico,Giallo carico,2018,C0N,TG_14,1.0
1122,FUORI_ATTRIBUTO,Zona rosa centrale e Mtv chiara sugli angoli.,Zona rosa centrale e Mtv chiara sugli angoli,Zona rosa centrale e Mtv chiara sugli angoli,2018,C0N,TG_15,1.0
1123,OK,Il campione mostra una pasta intensa con un alone centrale.,Intensa con alone,Intensa con alone,2018,C0N,TG_19,1.0
1124,OK,"La pasta è abbastanza omogenea con un giallo tendente al carico, mentre verso la crosta si notano aree nocciola arancio.",Abbastanza omogenea  con giallo tendente al carico. Verso la crosta aree nocciola arancio,Abbastanza omogenea  con giallo tendente al carico. Verso la crosta aree nocciola arancio,2018,C0N,TG_24,1.0
1125,OK,Il campione presenta un alone centrale scuro e un colore tendenzialmente carico.,Alone centrale scuro colore tendenzialmente carico,Alone centrale scuro colore tendenzialmente carico,2018,C0N,TG_26,1.0
1126,OK,La pasta è di colore paglierino carico con numerosi cristalli di tirosina.,Paglierino carico con numerosi cristalli,Paglierino carico con numerosi cristalli,2018,C0N,TG_35,1.0
1127,OK,"Il campione mostra un carico al centro e una leggera colorazione rosata, che risulta dubbia.",Carico al centro e leggera colorazione rosata (dubbia),Carico al centro e leggera colorazione rosata (dubbia),2018,C0O,Q_02,1.0
1128,FUORI_ATTRIBUTO,Fascia più chiara sotto un piatto.,Fascia più chiara sotto un piatto,Fascia più chiara sotto un piatto,2018,C0O,Q_09,1.0
1129,OK,La pasta è relativamente omogenea ma carica.,Relativamente omogeneo ma carico,Relativamente omogeneo ma carico,2018,C0O,TG_04,1.0
1130,CONFORME,"Il campione presenta una pasta di colore omogeneo, priva di macchie e con una frattura scalza che evidenzia una leggera microocchiatura.",Omogeneo,Omogeneo,2018,C0O,TG_05,0.5
1131,OK,"Il campione ha una pasta di colore giallo chiaro, uniforme e priva di macchie.",Giallo chiaro,Giallo chiaro,2018,C0O,TG_11,1.0
1132,OK,"Il campione è caratterizzato da un colore chiaro e omogeneo, senza disomogeneità evidenti.",Chiaro omogeneo,Chiaro omogeneo,2018,C0O,TG_13,1.0
1133,OK,"La pasta è di colore giallo chiaro, con una leggera tendenza al grigio verde.","Giallo chiaro, con una leggera tendenza al grigio verde","Giallo chiaro, con una leggera tendenza al grigio verde",2018,C0O,TG_14,1.0
1134,OK,Il campione presenta un giallo un po' carico e con zone rosa.,Giallo un po' carico e con zone rosa,Giallo un po' carico e con zone rosa,2018,C0O,TG_15,1.0
1135,FUORI_ATTRIBUTO,Sfumata e diversa da un piatto all'altro.,Sfumata e diversa da un piatto all'altro,Sfumata e diversa da un piatto all'altro,2018,C0O,TG_19,1.0
1136,OK,La pasta tende al giallo chiaro.,Tende  al giallo chiaro.,Tende  al giallo chiaro.,2018,C0O,TG_24,1.0
1137,OK,Il campione presenta una pasta paglierino chiaro con leggera nota grigiastra.,Paglierino chiaro con leggera nota grigiastra,Paglierino chiaro con leggera nota grigiastra,2018,C0O,TG_35,1.0
1138,OK,"La colorazione è chiara, leggermente allonata al centro.",Colorazione chiara leggermente allonato al centro,Colorazione chiara leggermente allonato al centro,2018,C0A,Q_02,1.0
1139,OK,Il campione mostra un alone scuro e sotto un piatto più bianco.,Alone scuro e sotto un piatto più bianco,Alone scuro e sotto un piatto più bianco,2018,C0A,Q_09,1.0
1140,OK,La pasta è carica al centro.,Carico al centro,Carico al centro,2018,C0A,TG_04,1.0
1141,FUORI_ATTRIBUTO,Alone centrale scuro.,Alone centrale scuro,Alone centrale scuro,2018,C0A,TG_11,1.0
1142,OK,"Il campione presenta una pasta di colore carico, soprattutto al centro.","Carico,  soprattutto al centro","Carico,  soprattutto al centro",2018,C0A,TG_13,1.0
1143,OK,Il campione mostra una pasta di colore giallo chiaro con lievi sfumature grigiastre.,"Giallo chiaro con sfumature grigiastro,leggera","Giallo chiaro con sfumature grigiastro,leggera",2018,C0A,TG_14,1.0
1144,OK,"La pasta è abbastanza omogenea e chiara, risultando priva di macchie o aree anomale.",Abbastanza omogeneo e chiaro,Abbastanza omogeneo e chiaro,2018,C0A,TG_19,1.0
1145,OK,Il campione tende al chiaro ma presenta un alone centrale.,Tendente al chiaro ma alone centrale,Tendente al chiaro ma alone centrale,2018,C0A,TG_26,1.0
1146,OK,"Il campione è omogeneo, di colore paglierino chiaro, con un alone verdastro.","Omogenea  Paglierino chiaro, con alone verdastro","Omogenea  Paglierino chiaro, con alone verdastro",2018,C0A,TG_35,1.0
1147,OK,Il campione presenta una pasta di colore carico aranciato.,Carico aranciato,Carico aranciato,2018,C0C,Q_02,1.0
1148,OK,"Il campione è molto carico, con una fascia leggermente più chiara sotto un piatto.",Molto Carico con fascia leggermente più chiara sotto un piatto,Molto Carico con fascia leggermente più chiara sotto un piatto,2018,C0C,Q_09,1.0
1149,OK,Il campione mostra una pasta di colore giallo grigio.,Giallo grigio,Giallo grigio,2018,C0C,TG_11,1.0
1150,OK,Il campione è molto carico e di colore aranciato.,Molto carico. Aranciato,Molto carico. Aranciato,2018,C0C,TG_13,1.0
1151,OK,Il campione presenta una pasta di colore giallo molto carico.,Giallo molto carico,Giallo molto carico,2018,C0C,TG_14,1.0
1152,OK,Il campione è molto intenso e presenta sfumature fra i piatti.,Molto intenso e sfumato fra i piatti,Molto intenso e sfumato fra i piatti,2018,C0C,TG_19,1.0
1153,OK,Il campione mostra una pasta di colore giallo intenso con un alone centrale.,Giallo intenso  con alone centrale,Giallo intenso  con alone centrale,2018,C0C,TG_26,1.0
1154,FUORI_ATTRIBUTO,Grana fine con frattura regolare.,Grana fine frattura regolare,Grana fine frattura regolare,2018,C0C,TG_35,1.0
1155,OK,Il campione presenta una pasta carica al centro.,Carico al centro,Carico al centro,2018,C0E,Q_02,1.0
1156,OK,Il campione ha una chiazza leggermente più carica al centro.,Una chiazza leggermente più carica in centro,Una chiazza leggermente più carica in centro,2018,C0E,Q_09,1.0
1157,OK,"Il campione è omogeneo, non troppo carico, con un alone ristretto al centro.",Omogenea non troppo carica. Alone ristretto alcentro,Omogenea non troppo carica. Alone ristretto alcentro,2018,C0E,TG_04,1.0
1158,OK,Il campione presenta un leggero alone centrale.,Leggero alone centrale,Leggero alone centrale,2018,C0E,TG_11,1.0
1159,CONFORME,"Il campione presenta una pasta conforme, caratterizzata da un colore uniforme e priva di difetti.",Omogeneo,Omogeneo,2018,C0E,TG_13,0.5
1160,OK,"Il campione mostra una pasta di colore chiaro, omogenea e priva di macchie, evidenziando una buona qualità.",Colore chiara e omogenea,Colore chiara e omogenea,2018,C0E,TG_14,1.0
1161,OK,"La pasta del campione è omogenea e presenta una tonalità abbastanza chiara, senza disomogeneità.",Omogeneo e abbastanza chiaro,Omogeneo e abbastanza chiaro,2018,C0E,TG_19,1.0
1162,OK,"Il campione è caratterizzato da una pasta chiara e omogenea, che rispetta gli standard qualitativi.",Chiaro omogeneo,Chiaro omogeneo,2018,C0E,TG_26,1.0
1163,OK,"Il campione presenta una pasta di colore paglierino chiaro, omogenea con un alone verdognolo.",Omogeneo paglierino chiaro con alone verdognolo,Omogeneo paglierino chiaro con alone verdognolo,2018,C0E,TG_35,1.0
1164,OK,Il campione presenta una pasta molto chiara con un leggero alone centrale.,Molto chiara con leggero alone centrale,Molto chiara con leggero alone centrale,2018,C0G,Q_02,1.0
1165,FUORI_ATTRIBUTO,Carico ma uniforme.,Carico ma uniforme,Carico ma uniformeorme,2018,C0G,Q_09,1.0
1166,OK,"Il campione presenta una pasta saturo, non troppo carico e omogeneo.","Saturo, non troppo carico. Omogeneo","Saturo, non troppo carico. Omogeneo",2018,C0G,TG_04,1.0
1167,FUORI_ATTRIBUTO,Rosa nei piatti.,Rosa ai piatti,Rosa ai piatti,2018,C0G,TG_05,1.0
1168,OK,Il campione presenta una pasta di colore giallo carico.,Giallo carico,Giallo carico,2018,C0G,TG_11,1.0
1169,OK,"La pasta del campione è di un paglierino chiaro e omogeneo, senza segni di difetti o macchie.",Paglierino chiaro omogeneo,Paglierino chiaro omogeneo,2018,C0G,TG_13,1.0
1170,OK,"Il campione presenta una pasta di colore giallo, abbastanza carico.",Giallo abbastanza carico,Giallo abbastanza carico,2018,C0G,TG_14,1.0
1171,CONFORME,"Il campione presenta una pasta regolare, conforme agli standard di qualità richiesti.",Regolare,Regolare,2018,C0G,TG_19,0.5
1172,OK,Il campione presenta una pasta omogenea ma carica.,Omogeneo  ma carico,Omogeneo  ma carico,2018,C0G,TG_26,1.0
1173,OK,Il campione presenta una pasta di colore paglierino carico con un leggero alone verde grigiastro.,Paglierino carico con leggero alone verde grigiastro,Paglierino carico con leggero alone verde grigiastro,2018,C0G,TG_35,1.0
1174,OK,"Il campione presenta una pasta non omogenea, più chiara al centro.",Non omogenea  Piu chiara al centro,Non omogenea  Piu chiara al centro,2018,C0N,Q_02,1.0
1175,OK,"Il campione presenta una pasta chiara, non paglierina e omogenea.",Chiaro ma per effetto spugna,Chiaro ma per effetto spugna,2018,C0N,Q_09,1.0
1176,OK,"Il campione presenta una pasta chiara, non paglierina e omogenea.","Chiaro, non paglierino. Omogeneo","Chiaro, non paglierino. Omogeneo",2018,C0N,TG_04,1.0
1177,OK,Il campione presenta una pasta di colore giallo leggermente carico.,Giallo leggermente carico,Giallo leggermente carico,2018,C0N,TG_11,1.0
1178,OK,"Il campione presenta una pasta di colore omogeneo, non troppo carico.",Colore omogeneo non troppo carico,Colore omogeneo non troppo carico,2018,C0N,TG_13,1.0
1179,OK,Il campione presenta una leggera sfumatura rosata nella pasta.,Leggera sfumatura rosata,Leggera sfumatura rosata,2018,C0N,TG_14,1.0
1180,CONFORME,"Il campione mostra una pasta regolare, senza anomalie, conforme alle aspettative.",Abbastanza regolare,Abbastanza regolare,2018,C0N,TG_19,0.5
1181,OK,"Il campione presenta una pasta di colore paglierino chiaro, uniforme e priva di macchie.",Paglierino  chiaro omogeneamente distribuito,Paglierino  chiaro omogeneamente distribuito,2018,C0N,TG_35,1.0
1182,FUORI_ATTRIBUTO,Colore carico al centro.,Colore carico al centro,Colore carico al centro,2018,C0Q,Q_02,1.0
1183,OK,Il campione presenta una pasta di colore giallo con una leggera sfumatura grigiastro e un alone centrale.,Giallo un Po grigiastro con alone,Giallo un Po grigiastro con alone,2018,C0Q,Q_09,1.0
1184,FUORI_ATTRIBUTO,"Carico nella parte centrale, anche l'esterno non è chiaro.",Carica la parte centrale. Anche l'esterno non chiaro,Carica la parte centrale. Anche l'esterno non chiaro,2018,C0Q,TG_04,1.0
1185,FUORI_ATTRIBUTO,Stirata.,Stirata,Stirata,2018,C0Q,TG_05,1.0
1186,OK,Il campione presenta un lieve alone centrale.,Leggero alone centrale,Leggero alone centrale,2018,C0Q,TG_11,1.0
1187,OK,"Il campione presenta una carica uniforme, evidenziando una buona consistenza della pasta.",Carico uniforme,Carico uniformeorme,2018,C0Q,TG_13,1.0
1188,OK,Il campione presenta una pasta di colore giallo chiaro con un alone centrale.,Giallo chiaro con alone centrale,Giallo chiaro con alone centrale,2018,C0Q,TG_14,1.0
1189,OK,Il campione presenta una pasta carica con un alone centrale.,Carico con alone centrale,Carico con alone centrale,2018,C0Q,TG_19,1.0
1190,OK,"Il campione presenta un lieve alone centrale più scuro, tendente comunque al chiaro.",Leggero alone centrale più scuro tendente comunque al chiato,Leggero alone centrale più scuro tendente comunque al chiato,2018,C0Q,TG_26,1.0
1191,OK,"Il campione presenta una pasta di colore paglierino chiaro, non omogeneo, con una parte centrale più carica e un leggero alone grigiastro.","Paglierino chiaro, non omogeneo, centralmente è  più carico, con leggero  alone grigiastro","Paglierino chiaro, non omogeneo, centralmente è  più carico, con leggero  alone grigiastro",2018,C0Q,TG_35,1.0
1192,OK,"La pasta è di un giallo carico, ma mantiene una buona uniformità, senza macchie.",Giallo carico ma abbastanza uniforme,Giallo carico ma abbastanza uniformeorme,2018,C0F,Q_09,1.0
1193,OK,Il campione presenta una pasta omogeneamente gialla e carica.,Omogeneamente giallo carico,Omogeneamente giallo carico,2018,C0F,TG_04,1.0
1194,OK,Il campione presenta una pasta di colore giallo saturo.,Giallo saturo,Giallo saturo,2018,C0F,TG_11,1.0
1195,OK,Il campione presenta una pasta di colore carico e omogeneo.,Carico omogeneo,Carico omogeneo,2018,C0F,TG_12,1.0
1196,OK,Il campione presenta una pasta molto carica e omogenea.,Molto carico e omogenea,Molto carico e omogenea,2018,C0F,TG_13,1.0
1197,OK,"Il campione presenta una pasta di colore giallo carico, quasi arancio.",Giallo carico quasi arancio,Giallo carico quasi arancio,2018,C0F,TG_14,1.0
1198,OK,Il campione presenta una pasta troppo carica.,Troppo carico,Troppo carico,2018,C0F,TG_20,1.0
1199,OK,Il campione presenta una pasta di colore scuro e carico.,Scuro carico,Scuro carico,2018,C0F,TG_26,1.0
1200,OK,Il campione presenta una pasta di colore dorato.,Dorato,Dorato,2018,C0F,TG_35,1.0
1201,OK,"Il campione presenta una pasta di colore giallo paglierino, uniforme e priva di macchie.",Carico Abbastanza uniforme,Carico Abbastanza uniformeorme,2018,C0H,Q_09,1.0
1202,OK,"Il campione presenta una pasta di colore chiaro, quasi paglierino, uniforme e priva di macchie, con una frattura scalza che evidenzia una leggera microocchiatura e la presenza di cristalli di tirosina.",Omogeneo. Chiaro quasi paglierino,Omogeneo. Chiaro quasi paglierino,2018,C0H,TG_04,1.0
1203,FUORI_ATTRIBUTO,Rosa nei piatti.,Rosa ai piatti,Rosa ai piatti,2018,C0H,TG_05,1.0
1204,OK,"Il campione presenta una pasta di colore giallo intenso, uniforme e priva di macchie.",Giallo carico,Giallo carico,2018,C0H,TG_11,1.0
1205,CONFORME,"Il campione è caratterizzato da una pasta omogenea, conforme agli standard di qualità.",Omogeneo,Omogeneo,2018,C0H,TG_12,0.5
1206,OK,"Il campione presenta una pasta carica e omogenea, con qualche leggerissima macchia rosata, priva di altre anomalie, con una frattura scalza che evidenzia una leggera microocchiatura e la presenza di cristalli di tirosina.",Un po' carico ma omogeneo a parte qualche leggerissima macchia rosata,Un po' carico ma omogeneo a parte qualche leggerissima macchia rosata,2018,C0H,TG_13,1.0
1207,OK,"Il campione presenta una pasta di colore che varia dal giallo chiaro, leggermente grigio, al giallo medio, uniforme e priva di macchie, con una frattura scalza che evidenzia una leggera microocchiatura e la presenza di cristalli di tirosina.","Colore dal giallo chiaro, leggermente grigio, al giallo medio","Colore dal giallo chiaro, leggermente grigio, al giallo medio",2018,C0H,TG_14,1.0
1208,OK,"Il campione mostra una pasta mediamente carica e abbastanza omogenea, senza difetti visibili.","Mediamente carico, abbastanza omogeneo","Mediamente carico, abbastanza omogeneo",2018,C0H,TG_20,1.0
1209,OK,"Il campione presenta una pasta omogenea tendente al chiaro, priva di macchie, con una frattura scalza che evidenzia una leggera microocchiatura e la presenza di cristalli di tirosina.",Omogenea tendente al chiaro,Omogenea tendente al chiaro,2018,C0H,TG_26,1.0
1210,OK,"Il campione presenta una pasta di colore paglierino carico, omogeneamente distribuito e priva di macchie, con una frattura scalza che evidenzia una leggera microocchiatura e la presenza di cristalli di tirosina.",Paglierino carico omogeneamente distribuito,Paglierino carico omogeneamente distribuito,2018,C0H,TG_35,1.0
1211,OK,"Il campione presenta una pasta tendente al rosato con una fascia più chiara, uniforme e priva di macchie, con una frattura scalza che evidenzia una leggera microocchiatura e la presenza di cristalli di tirosina.",Tendente al rosato con fascia più chiara,Tendente al rosato con fascia più chiara,2018,C0I,Q_09,1.0
1212,OK,"Il campione presenta una pasta con una porzione più chiara verso un piatto e uno scalzo, mentre il resto è poco più saturo, uniforme e priva di macchie, con una frattura scalza che evidenzia una leggera microocchiatura e la presenza di cristalli di tirosina.","Una porzione, verso 1 piatto e uno scalzo è più  chiara. Il resto comunque poco più  saturo","Una porzione, verso 1 piatto e uno scalzo è più  chiara. Il resto comunque poco più  saturo",2018,C0I,TG_04,1.0
1213,OK,"Il campione presenta un alone lieve centrale, con una pasta uniforme e priva di macchie, con una frattura scalza che evidenzia una leggera microocchiatura e la presenza di cristalli di tirosina.",Alone lieve centrale,Alone lieve centrale,2018,C0I,TG_11,1.0
1214,OK,"Il campione presenta una pasta leggermente disomogenea, priva di macchie, con una frattura scalza che evidenzia una leggera microocchiatura e la presenza di cristalli di tirosina.",Legg  disomogeneo,Legg  disomogeneo,2018,C0I,TG_12,1.0
1215,OK,"Il campione presenta una pasta carica ma omogenea, priva di macchie, con una frattura scalza che evidenzia una leggera microocchiatura e la presenza di cristalli di tirosina.",Carico ma omogeneo,Carico ma omogeneo,2018,C0I,TG_13,1.0
1216,OK,"Il campione presenta una pasta di colore giallo abbastanza carico, leggermente alonato e priva di macchie, con una frattura scalza che evidenzia una leggera microocchiatura e la presenza di cristalli di tirosina.","Giallo abbastanza carico, leggermente alonato","Giallo abbastanza carico, leggermente alonato",2018,C0I,TG_14,1.0
1217,OK,"Il campione presenta una pasta tendenzialmente carica, più chiara verso una faccia, uniforme e priva di macchie, con una frattura scalza che evidenzia una leggera microocchiatura e la presenza di cristalli di tirosina.","Tendenzialmente carico,più chiaro verso una faccia","Tendenzialmente carico,più chiaro verso una faccia",2018,C0I,TG_20,1.0
1218,OK,"Il campione presenta un leggero alone di colore tendente al chiaro, con una pasta uniforme e priva di macchie, con una frattura scalza che evidenzia una leggera microocchiatura e la presenza di cristalli di tirosina.",Leggero alone colore tendente al chiaro,Leggero alone colore tendente al chiaro,2018,C0I,TG_26,1.0
1219,OK,"La pasta del campione è di un paglierino chiaro e omogeneo, conforme agli standard di qualità.",Paglierino chiaro omogeneo,Paglierino chiaro omogeneo,2018,C0I,TG_35,1.0
1220,OK,"Il campione presenta un alone più scuro con una fascia rosa ad anello, con una pasta uniforme e priva di macchie, con una frattura scalza che evidenzia una leggera microocchiatura e la presenza di cristalli di tirosina.",Alone più scuro fascia rosa ad anello,Alone più scuro fascia rosa ad anello,2018,C0O,Q_09,1.0
1221,FUORI_ATTRIBUTO,Alone centrale.,Alone centrale,Alone centrale,2018,C0O,TG_04,1.0
1222,FUORI_ATTRIBUTO,Gessato.,Gessato,Gessato,2018,C0O,TG_05,1.0
1223,FUORI_ATTRIBUTO,Vistoso alone.,Vistoso alone,Vistoso alone,2018,C0O,TG_11,1.0
1224,FUORI_ATTRIBUTO,"Vasta area rosa, disomogeneo.","Vasta  area rosa, disomogeneo","Vasta  area rosa, disomogeneo",2018,C0O,TG_12,1.0
1225,FUORI_ATTRIBUTO,Due fasce rosate e leggero alone centrale.,Due fasce rosate e leggero alone centrale,Due fasce rosate e leggero alone centrale,2018,C0O,TG_13,1.0
1226,FUORI_ATTRIBUTO,Colore giallo non uniforme con venature rosate.,Giallo non uniforme con venatura rosata,Giallo non uniformeorme con venatura rosata,2018,C0O,TG_14,1.0
1227,FUORI_ATTRIBUTO,Evidente alone centrale più scuro con una fascia rosata su un lato.,"Evidente alone centrale più scuro, fascia rosata su un lato","Evidente alone centrale più scuro, fascia rosata su un lato",2018,C0O,TG_20,1.0
1228,FUORI_ATTRIBUTO,"Enorme macchia rosa con un alone centrale scuro solo ai lati, verso i piatti un colore chiaro.",Enorme  macchia rosa vs un piatto alone centrale scuro solo ai lati verso i piatti un colore tendente al chiaro,Enorme  macchia rosa verso un piatto alone centrale scuro solo ai lati verso i piatti un colore tendente al chiaro,2018,C0O,TG_26,1.0
1229,OK,"Il campione presenta una pasta di un paglierino scarico, ma comunque uniforme.",Paglierino scarico,Paglierino scarico,2018,C0O,TG_35,1.0
1230,FUORI_ATTRIBUTO,Colore carico tendente al grigio più chiaro sotto un piatto.,Colore carico tendente al grigio più chiaro sotto un piatto,Colore carico tendente al grigio più chiaro sotto un piatto,2018,C0Q,Q_09,1.0
1231,FUORI_ATTRIBUTO,"Colore non omogeneo, comunque poco carico.","Non omogeneo, comunque poco carico","Non omogeneo, comunque poco carico",2018,C0Q,TG_04,1.0
1232,FUORI_ATTRIBUTO,Alone scuro.,Alone scuro,Alone scuro,2018,C0Q,TG_11,1.0
1233,CONFORME,"Il campione mostra una pasta abbondantemente omogenea, conforme alle aspettative.",Abb  omogeneo,Abb  omogeneo,2018,C0Q,TG_12,0.5
1234,OK,"Il campione presenta una pasta di colore carico, omogenea e priva di macchie.",Colore carico ma omogeneo,Colore carico ma omogeneo,2018,C0Q,TG_13,1.0
1235,OK,"Il campione presenta una pasta di colore giallo chiaro, leggermente più carico al centro.",Giallo chiaro leggermente più carico in centro,Giallo chiaro leggermente più carico in centro,2018,C0Q,TG_14,1.0
1236,OK,Il campione presenta una pasta carica con un alone centrale più scuro.,Carico con alone centrale più scuro,Carico con alone centrale più scuro,2018,C0Q,TG_20,1.0
1237,OK,Il campione presenta una pasta carica con un evidente alone centrale.,Carico alone centrale,Carico alone centrale,2018,C0Q,TG_26,1.0
1238,OK,Il campione presenta una pasta omogenea di colore paglierino carico.,Omogeneo paglierino carico,Omogeneo paglierino carico,2018,C0Q,TG_35,1.0
1239,FUORI_ATTRIBUTO,Colore chiaro con un leggero alone.,Chiaro leggero alone,Chiaro leggero alone,2018,C0R,Q_09,1.0
1240,OK,"Il campione presenta una pasta più carica al centro, di poco.","Più  carico al centro, di poco","Più  carico al centro, di poco",2018,C0R,TG_04,1.0
1241,OK,"Il campione presenta una pasta di colore giallo chiaro, uniforme e priva di macchie.",Giallo chiaro,Giallo chiaro,2018,C0R,TG_11,1.0
1242,OK,"Il campione mostra una pasta più chiara verso gli scalzi, mantenendo una buona uniformità.",Più  chiaro verso  gli scalzi,Più  chiaro verso  gli scalzi,2018,C0R,TG_12,1.0
1243,OK,"Il campione ha una pasta non troppo carica e omogenea, con una tonalità equilibrata.",Non troppo carico e omogeneo,Non troppo carico e omogeneo,2018,C0R,TG_13,1.0
1244,OK,Il campione presenta una pasta di colore giallo paglierino uniforme e priva di macchie.,Giallo paglierino uniforme,Giallo paglierino uniformeorme,2018,C0R,TG_14,1.0
1245,OK,"Il campione è abbastanza omogeneo, con una leggera carica al centro.",Abbastanza omogeneo lievemente più carico al centro,Abbastanza omogeneo lievemente più carico al centro,2018,C0R,TG_20,1.0
1246,OK,"Il campione tende a un colore chiaro, mantenendo una buona uniformità.",Tende a chiaro,Tende a chiaro,2018,C0R,TG_26,1.0
1247,OK,Il campione presenta una pasta omogenea di colore paglierino chiaro.,Omogeneo paglierino chiaro,Omogeneo paglierino chiaro,2018,C0R,TG_35,1.0
1248,OK,"Il campione mostra una pasta più carica al centro, mantenendo una certa uniformità.",Più carico al centro,Più carico al centro,2018,C0A,Q_02,1.0
1249,OK,Il campione è di colore giallo con un alone centrale.,Gialla con alone,Gialla con alone,2018,C0A,Q_09,1.0
1250,OK,"Il campione presenta una pasta candido paglierino a tratti, con un alone centrale appena più carico.","Candido paglierino a tratti, ma alone centrale appena più  carico","Candido paglierino a tratti, ma alone centrale appena più  carico",2018,C0A,TG_04,1.0
1251,OK,Il campione è omogeneo e non troppo carico.,Omogeneo non troppo carico,Omogeneo non troppo carico,2018,C0A,TG_13,1.0
1252,OK,Il campione è intenso ma abbastanza omogeneo.,Intenso ma abbastanza omogeneo,Intenso ma abbastanza omogeneo,2018,C0A,TG_19,1.0
1253,OK,Il campione presenta una pasta carica con un alone centrale più scuro.,Carico alone centrale più scuro,Carico alone centrale più scuro,2018,C0A,TG_20,1.0
1254,OK,"Il campione è paglierino con riflessi grigi, mantenendo una certa uniformità.",Paglierino con riflessi grigi,Paglierino con riflessi grigi,2018,C0A,TG_35,1.0
1255,OK,Il campione presenta una pasta di colore arancio carico.,Arancio carico,Arancio carico,2018,C0C,Q_02,1.0
1256,OK,Il campione è di colore giallo molto intenso con un alone carico.,Giallo molto con alone carico,Giallo molto con alone carico,2018,C0C,Q_09,1.0
1257,OK,Il campione è carico e omogeneo.,"Carico, omogeneo","Carico, omogeneo",2018,C0C,TG_04,1.0
1258,OK,Il campione è carico ma omogeneo.,Carico ma omogeneo,Carico ma omogeneo,2018,C0C,TG_13,1.0
1259,OK,"Il campione è molto carico, con una tonalità più chiara sotto un piatto.","Molto carico, più chiaro sotto un piatto","Molto carico, più chiaro sotto un piatto",2018,C0C,TG_19,1.0
1260,OK,Il campione presenta una pasta carica tendente al nocciola.,Carico tendente al nocciola,Carico tendente al nocciola,2018,C0C,TG_20,1.0
1261,FUORI_ATTRIBUTO,Colore paglierino scarico con riflessi verdastri.,Paglierino scarico con all'ufficio verdastri,Paglierino scarico con all'ufficio verdastri,2018,C0C,TG_35,1.0
1262,CONFORME,"Il campione presenta una pasta chiara, conforme agli standard di qualità.",Chiaro,Chiaro,2018,C0E,Q_02,0.5
1263,FUORI_ATTRIBUTO,Colore aranciato ma uniforme.,Colore aranciato  ma uniforme,Colore aranciato  ma uniformeorme,2018,C0E,Q_09,1.0
1264,OK,"La pasta è omogenea e chiara, senza segni di disomogeneità o difetti.","Omogeneo, chiaro","Omogeneo, chiaro",2018,C0E,TG_04,1.0
1265,FUORI_ATTRIBUTO,Colore rosa ai piatti e scalzi.,Rosa ai piatti e scalzi,Rosa ai piatti e scalzi,2018,C0E,TG_05,1.0
1266,FUORI_ATTRIBUTO,"Colore chiaro ma pallido, anomalo per il grana.","Colore chiaro ma pallido, anomalo per il grana","Colore chiaro ma pallido, anomalo per il grana",2018,C0E,TG_13,1.0
1267,FUORI_ATTRIBUTO,Colore omogeneo.,"Omogeneo,","Omogeneo,",2018,C0E,TG_19,1.0
1268,OK,"Il campione presenta una pasta omogenea e mediamente carica, rispettando gli standard qualitativi.",Omogeneo mediamente carico,Omogeneo mediamente carico,2018,C0E,TG_20,1.0
1269,OK,"Il campione presenta una pasta di colore paglierino carico con velature grige, uniforme e priva di macchie.",Paglierino carico con velature grige,Paglierino carico con velature grige,2018,C0E,TG_35,1.0
1270,OK,"Il campione presenta un colore più carico al centro, mantenendo una buona uniformità.",Colore più carico al centro,Colore più carico al centro,2018,C0L,Q_02,1.0
1271,OK,"Il campione è carico con un alone e una macchia diffusa rosata, ma mantiene una certa omogeneità.",Carico con alone e macchia diffusa rosata,Carico con alone e macchia diffusa rosata,2018,C0L,Q_09,1.0
1272,FUORI_ATTRIBUTO,Colore non omogeneo con aloni rosa o marroni.,Non omogeneo ed aloni  rosa o marron,Non omogeneo ed aloni  rosa o marron,2018,C0L,TG_04,1.0
1273,OK,"Il campione presenta un colore carico con alone centrale e qualche leggera macchia rosa, mantenendo una buona uniformità.",Colore carico con alone centrale e qualche leggera macchia rosa,Colore carico con alone centrale e qualche leggera macchia rosa,2018,C0L,TG_13,1.0
1274,OK,"Il campione presenta un deciso alone centrale, contribuendo a un aspetto visivo interessante.",Deciso alone centrale,Deciso alone centrale,2018,C0L,TG_19,1.0
1275,OK,"Il campione è mediamente carico, abbastanza omogeneo ma con lieve alone rosato.",Mediamente carico abbastanza omogeneo ma con lieve alone rosato,Mediamente carico abbastanza omogeneo ma con lieve alone rosato,2018,C0L,TG_20,1.0
1276,OK,"La pasta del campione è di un paglierino chiaro, conforme agli standard di qualità.",Paglierino chiaro,Paglierino chiaro,2018,C0L,TG_35,1.0
1277,OK,"Il campione è leggermente carico al centro, mantenendo una buona uniformità.",Leggermente carico al centro,Leggermente carico al centro,2018,C0M,Q_02,1.0
1278,FUORI_ATTRIBUTO,"Abbastanza uniforme, ma con sottocrosta marrone e superficie biancastra.",Abbastanza uniforme ma sottocrosta marrone con superficie biancastra,Abbastanza uniformeorme ma sottocrosta marrone con superficie biancastra,2018,C0M,Q_09,1.0
1279,FUORI_ATTRIBUTO,Aree di colore diverso.,Aree di colore diverso,Aree di colore diverso,2018,C0M,TG_04,1.0
1280,OK,"Il campione è un po' carico ma omogeneo, presentando un aspetto visivo gradevole.",Un po' carico ma omogeneo,Un po' carico ma omogeneo,2018,C0M,TG_13,1.0
1281,FUORI_ATTRIBUTO,Leggermente sfumato verso l'esterno.,Leggermente sfumato verso l'esterno,Leggermente sfumato verso l'esterno,2018,C0M,TG_19,1.0
1282,OK,"Il campione presenta una pasta di colore giallo, abbastanza omogeneo con un lieve alone centrale.",Giallo abbastanza omogeneo lieve alone centrale,Giallo abbastanza omogeneo lieve alone centrale,2018,C0M,TG_20,1.0
1283,OK,Il campione presenta una pasta di colore paglierino molto scarico con riflessi grigi.,Paglierino molto scarico con riflessi grigi,Paglierino molto scarico con riflessi grigi,2018,C0M,TG_35,1.0
1284,CONFORME,"Il campione mostra una pasta omogenea, conforme alle aspettative di qualità.",Omogenea,Omogenea,2018,C0N,Q_02,0.5
1285,OK,Il campione presenta una pasta carica ma uniforme.,Carico ma uniforme,Carico ma uniformeorme,2018,C0N,Q_09,1.0
1286,OK,Il campione presenta una pasta omogenea ma carica.,Omogeneo ma carico,Omogeneo ma carico,2018,C0N,TG_04,1.0
1287,OK,Il campione presenta un colore giallo carico e omogeneo.,Colore giallo carico omogeneo,Colore giallo carico omogeneo,2018,C0N,TG_13,1.0
1288,OK,Il campione presenta un colore intenso ma omogeneo.,Intenso ma omogeneo,Intenso ma omogeneo,2018,C0N,TG_19,1.0
1289,OK,Il campione presenta una pasta omogenea seppur carica.,Omogeneo se  pur carico,Omogeneo se  pur carico,2018,C0N,TG_20,1.0
1290,OK,"Il campione presenta una pasta paglierino carico, uniformemente distribuito con un leggero riflesso verde.",Paglierino carico uniformemente distribuito e leggero riflesso verde,Paglierino carico uniformeormemente distribuito e leggero riflesso verde,2018,C0N,TG_35,1.0
1291,FUORI_ATTRIBUTO,Colore carico al centro.,Carica al centro,Carica al centro,2018,C0A,Q_02,1.0
1292,OK,Il campione presenta un leggero alone più chiaro su un lato.,Leggero alone più chiara su un lato,Leggero alone più chiara su un lato,2018,C0A,Q_09,1.0
1293,OK,Il campione presenta un lieve carico in zona centrale.,Lieve più  carico in zona centrale,Lieve più  carico in zona centrale,2018,C0A,TG_04,1.0
1294,OK,Il campione presenta una pasta saturo.,Saturo,Saturo,2018,C0A,TG_11,1.0
1295,OK,Il campione presenta un colore un po' carico ma omogeneo.,Colore un po' carico ma omogeneo,Colore un po' carico ma omogeneo,2018,C0A,TG_13,1.0
1296,OK,Il campione presenta un colore giallo molto carico.,Giallo molto carico,Giallo molto carico,2018,C0A,TG_14,1.0
1297,OK,Il campione presenta un alone leggero centrale.,Alone leggero centrale,Alone leggero centrale,2018,C0A,TG_19,1.0
1298,OK,"Il campione tende al giallo carico, ma è omogeneo.","Tende al giallo carico, ma omogeneo","Tende al giallo carico, ma omogeneo",2018,C0A,TG_24,1.0
1299,OK,Il campione è abbastanza uniforme e tende a chiaro.,Abbastanza uniforme tende a chiaro,Abbastanza uniformeorme tende a chiaro,2018,C0A,TG_26,1.0
1300,OK,Il campione presenta un colore molto carico verso il centro.,Colore molto carico verso il centro,Colore molto carico verso il centro,2018,C0C,Q_02,1.0
1301,FUORI_ATTRIBUTO,Colore tendente al grigio.,Tendente al grigio,Tendente al grigio,2018,C0C,Q_09,1.0
1302,OK,"Il campione presenta zone più chiare verso i bordi, mantenendo una certa uniformità.",Zone più  Chiaro verso i bordi,Zone più  Chiaro verso i bordi,2018,C0C,TG_04,1.0
1303,OK,"Il campione mostra un alone centrale più scuro, evidenziando una leggera disomogeneità.",Alone centrale più scuro,Alone centrale più scuro,2018,C0C,TG_11,1.0
1304,OK,"Il campione presenta un colore carico ma omogeneo, senza macchie evidenti.",Colore carico ma omogeneo,Colore carico ma omogeneo,2018,C0C,TG_13,1.0
1305,OK,"Il campione è di colore giallo carico uniforme, privo di disomogeneità.",Giallo carico uniforme,Giallo carico uniformeorme,2018,C0C,TG_14,1.0
1306,OK,"Il campione risulta non omogeneo, con la presenza di un alone.","Non omogeneo, alone","Non omogeneo, alone",2018,C0C,TG_19,1.0
1307,OK,Il campione appare leggermente opaco e presenta aree grigiastre.,Leggermente opaco e con aree grigiastre,Leggermente opaco e con aree grigiastre,2018,C0C,TG_24,1.0
1308,OK,Il campione è molto carico con un alone verso un piatto.,Molto carico alone vs un piatto,Molto carico alone verso un piatto,2018,C0C,TG_26,1.0
1309,OK,"Il campione è chiaro e tende all'aranciato, mantenendo una certa uniformità.",Chiara Tendente al aranciato unif,Chiara Tendente al aranciato uniforme,2018,C0G,Q_09,1.0
1310,OK,"Il campione è caratterizzato da una pasta chiara e omogenea, senza difetti visibili.",Chiaro omogeneo,Chiaro omogeneo,2018,C0G,TG_04,1.0
1311,OK,Il campione mostra un leggero alone centrale.,Leggero alone centrale,Leggero alone centrale,2018,C0G,TG_11,1.0
1312,OK,Il campione è tendenzialmente omogeneo e non troppo marcato.,Tendenzialmente omogeneo e non troppo marcato,Tendenzialmente omogeneo e non troppo marcato,2018,C0G,TG_13,1.0
1313,OK,Il campione è di colore giallo con ombre rosate.,Giallo con ombre rosate,Giallo con ombre rosate,2018,C0G,TG_14,1.0
1314,OK,Il campione è carico ma omogeneo.,Carico ma omogeneo,Carico ma omogeneo,2018,C0G,TG_19,1.0
1315,OK,"Il campione è di colore giallo tendente al chiaro, piuttosto luminoso.",Giallo tendente al chiaro piuttosto luminoso.,Giallo tendente al chiaro piuttosto luminoso.,2018,C0G,TG_24,1.0
1316,ILLEGGIBILE,,Uniforme tende chiaro,uniformeorme tende chiaro,2018,C0G,TG_26,1.0
1317,OK,Il campione presenta un colore centrale più carico.,Colore centrale più carico,Colore centrale più carico,2018,C0H,Q_02,1.0
1318,OK,L'alone potrebbe essere accentuato dalla frattura ad arco.,Alone forse accentuato dalla frattura ad arco,Alone forse accentuato dalla frattura ad arco,2018,C0H,Q_09,1.0
1319,OK,La base è chiara e appena più carica a tratti.,Base chiara appena più  carica a tratti,Base chiara appena più  carica a tratti,2018,C0H,TG_04,1.0
1320,OK,Il campione mostra un leggero alone.,Leggero alone,Leggero alone,2018,C0H,TG_11,1.0
1321,OK,"Il campione presenta una pasta di colore giallo paglierino, omogenea e non troppo carica.",Colore omogeneo non troppo carico,Colore omogeneo non troppo carico,2018,C0H,TG_13,1.0
1322,FUORI_ATTRIBUTO,Colore giallo con tendenza al grigio verde e macchie rosa.,Giallo con tendenza al grigio verde e macchinine rosa,Giallo con tendenza al grigio verde e macchinine rosa,2018,C0H,TG_14,1.0
1323,OK,Il campione presenta un alone centrale.,Alone centrale,Alone centrale,2018,C0H,TG_19,1.0
1324,OK,"Il campione presenta una pasta di colore giallo chiaro, uniforme e priva di imperfezioni.",Giallo chiaro...,Giallo chiaro...,2018,C0H,TG_24,1.0
1325,OK,"Il campione tende al chiaro nella zona centrale, con presenza di alone.",Tende al chiaro area centrale  alone,Tende al chiaro area centrale  alone,2018,C0H,TG_26,1.0
1326,OK,Il campione presenta un carico accentuato verso il centro.,Carico verso il centro,Carico verso il centro,2018,C0M,Q_02,1.0
1327,OK,Il campione mostra una zona più chiara sotto un piatto e una chiazza rosata.,Zona più chiara sotto un piatto e  chiazza o rosa,Zona più chiara sotto un piatto e  chiazza o rosa,2018,C0M,Q_09,1.0
1328,OK,Il campione è più chiaro ai bordi e presenta una macchia rosa.,Più  chiaro ai bordi. 1 macchia rosa?,Più  chiaro ai bordi. 1 macchia rosa?,2018,C0M,TG_04,1.0
1329,OK,Il campione presenta una pasta di colore giallo uniforme.,Giallo uniforme,Giallo uniformeorme,2018,C0M,TG_11,1.0
1330,OK,"Il campione è di colore giallo, leggermente carico, con qualche leggera macchia rosa.",Giallo un po' carico con qualche leggera macchia rosa,Giallo un po' carico con qualche leggera macchia rosa,2018,C0M,TG_13,1.0
1331,OK,Il campione presenta un colore giallo molto carico.,Giallo molto carico,Giallo molto carico,2018,C0M,TG_14,1.0
1332,OK,"Il campione mostra un colore sfumato, più scuro verso un piatto, con una macchia rosa.","Colore sfumato più scuro verso un piatto, macchia rosa","Colore sfumato più scuro verso un piatto, macchia rosa",2018,C0M,TG_19,1.0
1333,OK,Il campione è di colore giallo arancio con zone verdognole.,Giallo arancio con zone verdognole,Giallo arancio con zone verdognole,2018,C0M,TG_24,1.0
1334,OK,Il campione è abbastanza uniforme e tende al carico.,Abbastanza uniforme tende al carico,Abbastanza uniformeorme tende al carico,2018,C0M,TG_26,1.0
1335,CONFORME,"Il campione è conforme alla norma, con una pasta di colore uniforme e priva di macchie.",Unif,uniforme,2018,C0N,Q_09,0.5
1336,OK,"Il campione è omogeneo, con una leggera tonalità gialla.","Omogeneo, appena giallo","Omogeneo, appena giallo",2018,C0N,TG_04,1.0
1337,OK,Il campione presenta una pasta di colore giallo chiaro.,Giallo chiaro,Giallo chiaro,2018,C0N,TG_11,1.0
1338,OK,Il campione presenta una pasta di colore giallo uniforme.,Giallo uniforme,Giallo uniformeorme,2018,C0N,TG_14,1.0
1339,OK,"Il campione è leggermente carico di giallo, sebbene omogeneo.",Leggermente carico il giallo sebbene omogeneo,Leggermente carico il giallo sebbene omogeneo,2018,C0N,TG_24,1.0
1340,FUORI_ATTRIBUTO,Colore uniforme e chiaro.,Uniforme chiaro,uniformeorme chiaro,2018,C0N,TG_26,1.0
1341,OK,Il campione presenta una pasta di colore carico con un alone centrale che tende al rosato.,Colore leggermente carico e alone centrale chiazza tende al rosato in centro,Colore leggermente carico e alone centrale chiazza tende al rosato in centro,2018,C0A,Q_09,1.0
1342,OK,"La periferia è di colore chiaro, mentre il centro risulta appena più saturo.","Periferia chiara, centro appena più  saturo","Periferia chiara, centro appena più  saturo",2018,C0A,TG_04,1.0
1343,OK,"Il campione mostra una pasta di colore giallo tenue, con una buona uniformità e senza difetti.",Giallo tenue,Giallo tenue,2018,C0A,TG_11,1.0
1344,OK,"La pasta del campione è omogenea, con un colore che rispetta gli standard di qualità.",Omogeneo,Omogeneo,2018,C0A,TG_12,1.0
1345,OK,Il campione mostra una pasta carica ma omogenea.,Carico ma omogeneo,Carico ma omogeneo,2018,C0A,TG_13,1.0
1346,OK,"Si osserva un lieve alone, mentre il resto della pasta è chiaro.",Leggero alone ma chiaro il resto,Leggero alone ma chiaro il resto,2018,C0A,TG_19,1.0
1347,OK,È presente un lieve alone centrale.,Lieve alone centrale,Lieve alone centrale,2018,C0A,TG_20,1.0
1348,OK,Il campione presenta un colore giallo tendente al carico con piccolissime aree grigie.,Giallo tendente al carico. Piccolissime aree grigie,Giallo tendente al carico. Piccolissime aree grigie,2018,C0A,TG_24,1.0
1349,OK,Si nota un leggero alone centrale verso un piatto.,Leggero alone centrale vs un piatto,Leggero alone centrale verso un piatto,2018,C0A,TG_26,1.0
1350,OK,La pasta è di colore paglierino pallido con una velatura grigia.,Paglierino pallido con velatura grigia,Paglierino pallido con velatura grigia,2018,C0A,TG_35,1.0
1351,OK,Il campione presenta un colore carico con un evidente alone.,Colore carico con alone,Colore carico con alone,2018,C0D,Q_09,1.0
1352,OK,Si osserva un alone giallo carico centrale.,Alone giallo carico centrale,Alone giallo carico centrale,2018,C0D,TG_04,1.0
1353,OK,"Il campione presenta un colore saturo, evidenziando una buona intensità e uniformità.",Saturo,Saturo,2018,C0D,TG_11,1.0
1354,OK,Il campione è abbastante omogeneo e leggermente carico.,Abb  omogeneo legg  carico,Abb  omogeneo legg  carico,2018,C0D,TG_12,1.0
1355,ILLEGGIBILE,,Colore molto marcato mogeneo,Colore molto marcato mogeneo,2018,C0D,TG_13,1.0
1356,OK,È presente un alone centrale.,Alone centrale,Alone centrale,2018,C0D,TG_19,1.0
1357,OK,Si nota un evidente alone centrale più scuro.,"Evidente alone centrale più scuro,","Evidente alone centrale più scuro,",2018,C0D,TG_20,1.0
1358,OK,La pasta è omogenea e tende a un giallo più carico.,Omogeneo tendente al giallo più carico,Omogeneo tendente al giallo più carico,2018,C0D,TG_24,1.0
1359,OK,Si osserva un evidente alone centrale scuro.,Evidente alone centrale scuro,Evidente alone centrale scuro,2018,C0D,TG_26,1.0
1360,OK,"La pasta è di colore paglierino, centralmente più carico.",Paglierino  centralmente più carico,Paglierino  centralmente più carico,2018,C0D,TG_35,1.0
1361,OK,"Il campione ha un colore chiaro e uniforme, conforme agli standard di qualità.",Colore chiaro e unif,Colore chiaro e uniforme,2018,C0E,Q_09,1.0
1362,OK,"La pasta è di un colore chiaro, paglierino e omogeneo, senza difetti visibili.","Chiaro, paglierino, omogeneo","Chiaro, paglierino, omogeneo",2018,C0E,TG_04,1.0
1363,OK,"Il campione presenta una pasta di colore paglierino, uniforme e priva di macchie.",Paglierino,Paglierino,2018,C0E,TG_11,1.0
1364,OK,"Il campione ha un colore chiaro e omogeneo, conforme alle aspettative di qualità.",Chiaro e omogeneo,Chiaro e omogeneo,2018,C0E,TG_12,1.0
1365,OK,"Il campione mostra un colore chiaro e omogeneo, senza evidenti imperfezioni.",Colore chiaro omogeneo,Colore chiaro omogeneo,2018,C0E,TG_13,1.0
1366,OK,"La pasta è chiara e abbastanza omogenea, rispettando gli standard di qualità.",Chiara e abbastanza omogenea,Chiara e abbastanza omogenea,2018,C0E,TG_19,1.0
1367,FUORI_ATTRIBUTO,Il colore è giallo scarico e abbastanza omogeneo.,Giallo scarico abbastanza omogeneo,Giallo scarico abbastanza omogeneo,2018,C0E,TG_20,1.0
1368,CONFORME,"Il campione è conforme alla norma, con una pasta chiara e uniforme.",Bello chiaro omogeneo!,Bello chiaro omogeneo!,2018,C0E,TG_24,0.5
1369,OK,"Il campione presenta un colore chiaro che tende al bianco, con assenza di difetti.",Chiaro tende al bianco assenza di difetti,Chiaro tende al bianco assenza di difetti,2018,C0E,TG_26,1.0
1370,FUORI_ATTRIBUTO,Il colore è paglierino con riflessi verdastri.,Paglierino  con riflessi verdastri,Paglierino  con riflessi verdastri,2018,C0E,TG_35,1.0
1371,ILLEGGIBILE,,A,A,2018,C0H,Q_09,1.0
1372,OK,"Il campione è abbastanza omogeneo, con una tonalità chiara, sebbene non completamente paglierina.","Abbastanza omogeneo, tonalità chiara, anche se non paglierina","Abbastanza omogeneo, tonalità chiara, anche se non paglierina",2018,C0H,TG_04,1.0
1373,FUORI_ATTRIBUTO,Il colore è giallo con un piatto più scuro.,Giallo con un piatto più scuro,Giallo con un piatto più scuro,2018,C0H,TG_11,1.0
1374,OK,"La pasta del campione è omogenea, conforme agli standard di qualità.",Omogeneo,Omogeneo,2018,C0H,TG_12,1.0
1375,OK,Il campione è leggermente carico ma mantiene un'ottima omogeneità.,Leggermente carico ma omogeneo,Leggermente carico ma omogeneo,2018,C0H,TG_13,1.0
1376,FUORI_ATTRIBUTO,Il colore è chiaro con un leggero alone centrale.,Chiaro con leggero alone centrale,Chiaro con leggero alone centrale,2018,C0H,TG_19,1.0
1377,FUORI_ATTRIBUTO,Il colore è giallo carico con un alone più scuro e non molto omogeneo.,Giallo carico con alone più scuro non molto omogeneo,Giallo carico con alone più scuro non molto omogeneo,2018,C0H,TG_20,1.0
1378,FUORI_ATTRIBUTO,Il colore è giallo medio con aree grigie e verdi.,Giallo medio ma aree grigie  verdi!!!,Giallo medio ma aree grigie  verdi!!!,2018,C0H,TG_24,1.0
1379,FUORI_ATTRIBUTO,C'è un leggero alone.,Leggero alone,Leggero alone,2018,C0H,TG_26,1.0
1380,FUORI_ATTRIBUTO,Il colore è paglierino chiaro con un alone grigiastro.,Paglierino chiaro con alone grigiastro,Paglierino chiaro con alone grigiastro,2018,C0H,TG_35,1.0
1381,FUORI_ATTRIBUTO,"È chiaro esternamente, ma presenta un effetto disidratato.",Chiara esternamente ma accentuata da effetto disidratato,Chiara esternamente ma accentuata da effetto disidratato,2018,C0M,Q_09,1.0
1382,OK,"Il campione presenta una pasta di colore paglierino chiaro, con una leggera disomogeneità al centro.",Appena appena più  carico al centro,Appena appena più  carico al centro,2018,C0M,TG_04,1.0
1383,FUORI_ATTRIBUTO,C'è un alone centrale scuro.,Alone centrale scuro,Alone centrale scuro,2018,C0M,TG_11,1.0
1384,OK,"Il campione presenta una pasta di colore paglierino chiaro, più chiara verso l'esterno.",Più  chiaro  verso l'esterno,Più  chiaro  verso l'esterno,2018,C0M,TG_12,1.0
1385,OK,"Il campione presenta una pasta di colore carico con qualche leggera zona rosata, uniforme e priva di macchie.",Colore carico con qualche leggera zona rosata,Colore carico con qualche leggera zona rosata,2018,C0M,TG_13,1.0
1386,OK,"La tasca della frattura tende al rosa arancio, più chiaro sotto un piatto, con una pasta di colore uniforme.","La vasca della frattura tende al rosa arancio, più chiaro sotto un piatto","La tasca della frattura tende al rosa arancio, più chiaro sotto un piatto",2018,C0M,TG_19,1.0
1387,OK,"Il campione presenta un alone centrale più carico, con lievi riflessi rosati, in una pasta omogenea.","Alone centrale più carico, lievi riflessi rosati","Alone centrale più carico, lievi riflessi rosati",2018,C0M,TG_20,1.0
1388,OK,Il campione è omogeneo con un colore giallo medio chiaro.,Omogenea c0n giallo medio chiaro,Omogenea c0n giallo medio chiaro,2018,C0M,TG_24,1.0
1389,OK,"Il campione presenta un leggero alone centrale, con una pasta di colore uniforme.",Leggero alone centrale,Leggero alone centrale,2018,C0M,TG_26,1.0
1390,FUORI_ATTRIBUTO,Il colore è paglierino scarico e non omogeneo.,Paglierino scarico non omogeneo,Paglierino scarico non omogeneo,2018,C0M,TG_35,1.0
1391,OK,"Il campione presenta un colore carico tendente al grigio in centro, con una pasta uniforme.",Colore carico tendente al grigio in centro,Colore carico tendente al grigio in centro,2018,C0Q,Q_09,1.0
1392,OK,"Il campione è saturo nella porzione centrale, con una pasta di colore uniforme.",Saturo nella porzione centrale,Saturo nella porzione centrale,2018,C0Q,TG_04,1.0
1393,OK,"Il campione presenta un giallo saturo con un piatto più chiaro, in una pasta uniforme.",Giallo saturo con un piatto più chiaro,Giallo saturo con un piatto più chiaro,2018,C0Q,TG_11,1.0
1394,CONFORME,"Il campione è conforme alla norma, presentando una pasta uniforme e priva di macchie.",Abbastanza  omogeneo,Abbastanza  omogeneo,2018,C0Q,TG_12,0.5
1395,OK,"Il campione presenta un colore carico ma omogeneo, con una pasta uniforme.",Colore carico ma omogeneo,Colore carico ma omogeneo,2018,C0Q,TG_13,1.0
1396,OK,"Il campione è carico e più intenso a tratti, con una pasta di colore uniforme.",Carico e più intenso a tratti,Carico e più intenso a tratti,2018,C0Q,TG_19,1.0
1397,OK,Il campione presenta un giallo vivo carico ma omogeneo.,Giallo vivo carico ma omogeneo,Giallo vivo carico ma omogeneo,2018,C0Q,TG_20,1.0
1398,OK,"Il campione presenta un giallo carico arancio nocciola, con una pasta uniforme.",Giallo carico arancio nocciola,Giallo carico arancio nocciola,2018,C0Q,TG_24,1.0
1399,OK,"Il campione presenta un giallo con tendenza intensa, in una pasta uniforme.",Giallo tendenza intenso,Giallo tendenza intenso,2018,C0Q,TG_26,1.0
1400,OK,Il campione presenta un paglierino carico non uniforme con un alone grigio verde.,Paglierino  carico non uniforme con alone grigio verde,Paglierino  carico non uniformeorme con alone grigio verde,2018,C0Q,TG_35,1.0
1401,FUORI_ATTRIBUTO,"È chiaro, con una fascia più bianca sotto un piatto.",Chiaro arrangiato  con fascia più bianca sotto un piatto,Chiaro aranciato  con fascia più bianca sotto un piatto,2018,C0A,Q_09,1.0
1402,FUORI_ATTRIBUTO,Il colore è disomogeneo.,Disomogeneo,Disomogeneo,2018,C0A,TG_11,1.0
1403,OK,"Il campione presenta una pasta di colore chiaro, con qualche leggerissima macchia rosata, uniforme e priva di macchie, con una frattura scalza che evidenzia una leggera microocchiatura.",Colore molto chiaro con qualche leggerissima macchia rosa,Colore molto chiaro con qualche leggerissima macchia rosa,2018,C0A,TG_13,1.0
1404,OK,"Il campione è chiaro e abbastanza omogeneo, rispettando gli standard di qualità.",Chiaro e abbastanza omogeneo,Chiaro e abbastanza omogeneo,2018,C0A,TG_14,1.0
1405,OK,"Il campione presenta un colore tendenzialmente chiaro, con aree più chiare verso l'esterno, uniforme e priva di macchie.","Tendenzialmente chiaro, ma con aree più chiare verso l'esterno","Tendenzialmente chiaro, ma con aree più chiare verso l'esterno",2018,C0A,TG_19,1.0
1406,OK,"Il campione presenta un colore chiaro, con macchie rosa, uniforme e priva di macchie.",Macchie rosa colore chiaro bello,Macchie rosa colore chiaro bello,2018,C0A,TG_20,1.0
1407,OK,"Il campione presenta un colore tendente al grigio, con una fascia più chiara sotto, uniforme e priva di macchie.",Colore tendente al grigio con fascia più chiara sotto un piatto,Colore tendente al grigio con fascia più chiara sotto un piatto,2018,C0B,Q_09,1.0
1408,OK,"Il campione presenta un colore carico e abbastanza omogeneo, conforme agli standard.",Carico abbastanza omogeneo,Carico abbastanza omogeneo,2018,C0B,TG_13,1.0
1409,OK,"Il campione presenta un colore giallo carico, uniforme e privo di macchie.",Giallo carico ma uniforme,Giallo carico ma uniformeorme,2018,C0B,TG_14,1.0
1410,OK,"Il campione presenta un alone centrale più carico, uniforme e privo di macchie.",Alone centrale  Più carico,Alone centrale  Più carico,2018,C0B,TG_19,1.0
1411,OK,"Il campione presenta un colore giallo che tende al carico, abbastanza uniforme e privo di macchie.",Giallo  tende al carico abbastanza uniforme,Giallo  tende al carico abbastanza uniformeorme,2018,C0B,TG_20,1.0
1412,OK,"Il campione presenta un netto alone ad anello rosato, uniforme e privo di macchie.",Netto alone ad anello rosato,Netto alone ad anello rosato,2018,C0C,Q_09,1.0
1413,OK,"Il campione presenta vistose aree con colorazione alterata, uniforme e priva di macchie.",Vistose aree con colorazione alterata,Vistose aree con colorazione alterata,2018,C0C,TG_05,1.0
1414,OK,"Il campione presenta una parte centrale vistosamente più scura, uniforme e priva di macchie.",Parte centrale vistosamente più  scura,Parte centrale vistosamente più  scura,2018,C0C,TG_11,1.0
1415,OK,"Il campione presenta un alone centrale bruno evidente, uniforme e privo di macchie.",Alone centrale bruno evidente,Alone centrale bruno evidente,2018,C0C,TG_13,1.0
1416,OK,"Il campione presenta strisce rosa su un alone centrale, uniforme e priva di macchie.",Strisce rosa su alone centrale,Strisce rosa su alone centrale,2018,C0C,TG_14,1.0
1417,ILLEGGIBILE,,Difetto so,Difetto so,2018,C0C,TG_19,1.0
1418,OK,"Il campione presenta un'enorme striscia rosa e un alone centrale scuro, uniforme e priva di macchie.",Enorme striscia rosa e alone centrale scuro,Enorme striscia rosa e alone centrale scuro,2018,C0C,TG_20,1.0
1419,OK,"Il campione presenta un colore più scuro al centro e aloni rosati in centro, uniforme e privo di macchie.",Colore più scuro in centro e aloni rosati in centro,Colore più scuro in centro e aloni rosati in centro,2018,C0G,Q_09,1.0
1420,OK,"Il campione presenta un colore più chiaro verso i piatti, uniforme e privo di macchie.",Più  chiaro verso i piatti,Più  chiaro verso i piatti,2018,C0G,TG_11,1.0
1421,OK,"Il campione presenta una pasta di colore giallo carico, uniforme e priva di macchie, con una leggera microocchiatura.",Un po' carico ma omogeneo,Un po' carico ma omogeneo,2018,C0G,TG_13,1.0
1422,OK,"Il campione presenta una pasta di colore giallo carico, uniforme e priva di macchie, con un lieve alone centrale.",Carico con lieve alone centrale,Carico con lieve alone centrale,2018,C0G,TG_19,1.0
1423,FUORI_ATTRIBUTO,"Il colore è giallo, disomogeneo e poco evidente.",Giallo disomogenea poco evidente,Giallo disomogenea poco evidente,2018,C0G,TG_20,1.0
1424,ILLEGGIBILE,,Colore carico banda più chiara sotto un piatto è per più scura nella zona centrale con la fittà microcch,Colore carico banda più chiara sotto un piatto è per più scura nella zona centrale con la fittà microcch,2018,C0L,Q_09,1.0
1425,OK,"Il campione presenta una pasta di colore giallo carico, quasi aranciato e uniforme.","Colore carico, quasi arancio","Colore carico, quasi arancio",2018,C0L,TG_13,1.0
1426,OK,"Il campione presenta una pasta di colore giallo, leggermente non omogenea.",Leggermente non omogenea,Leggermente non omogenea,2018,C0L,TG_14,1.0
1427,OK,"Il campione presenta una pasta di colore giallo, leggermente carico ma uniforme.",Giallo un Po carico  ma omogeneo,Giallo un Po carico  ma omogeneo,2018,C0L,TG_19,1.0
1428,OK,"Il campione mostra un colore giallo chiaro uniforme, senza imperfezioni.",Giallo chiaro uniforme,Giallo chiaro uniformeorme,2018,C0L,TG_20,1.0
1429,FUORI_ATTRIBUTO,Il colore è omogeneo.,Colore abbiamo omogeneo,Colore abbiamo omogeneo,2018,C0N,Q_09,1.0
1430,OK,"Il campione presenta una pasta con carica intensa, evidenziando una tonalità marcata e uniforme.",Carico,Carico,2018,C0N,TG_11,1.0
1431,OK,"Il campione presenta una pasta di colore giallo carico, aranciato e uniforme.",Carico aranciato,Carico aranciato,2018,C0N,TG_13,1.0
1432,ILLEGGIBILE,,Degradante x intensità da un piatto allaltro,Degradante x intensità da un piatto allaltro,2018,C0N,TG_14,1.0
1433,OK,"Il campione presenta una pasta di colore giallo carico, non perfettamente omogenea.","Carico, non perfettamente  Omogeneo","Carico, non perfettamente  Omogeneo",2018,C0N,TG_19,1.0
1434,OK,"Il campione presenta una pasta di colore giallo intenso, uniforme e priva di macchie.",Molto giallo,Molto giallo,2018,C0N,TG_20,1.0
1435,OK,"Il campione presenta una pasta di colore giallo carico, molto evidente al centro.",Molto Carico al centro,Molto Carico al centro,2018,C0A,Q_02,1.0
1436,OK,"Il campione presenta una pasta di colore giallo carico, con un alone che sfuma verso un piatto più bianco.",Molto carico con alone che sfuma diverso un piatto più bianco,Molto carico con alone che sfuma diverso un piatto più bianco,2018,C0A,Q_09,1.0
1437,OK,"Il campione presenta un lieve alone centrale, con tinte chiare.","Alone leggero centrale, tinte chiare","Alone leggero centrale, tinte chiare",2018,C0A,TG_04,1.0
1438,OK,Il campione presenta un alone centrale.,Alone centrale,Alone centrale,2018,C0A,TG_11,1.0
1439,OK,"Il campione presenta una pasta di colore giallo non carico, con un alone centrale più scuro e una sfumatura rosata.","Giallo non carico, con alone centrale più scuro e sfumatura rosata","Giallo non carico, con alone centrale più scuro e sfumatura rosata",2018,C0A,TG_14,1.0
1440,OK,"Il campione presenta una pasta di colore grigiastro, con un evidente alone nocciola al centro.",Grigiastro con evidente alone nocciola al centro,Grigiastro con evidente alone nocciola al centro,2018,C0A,TG_20,1.0
1441,FUORI_ATTRIBUTO,C'è un grande alone centrale scuro.,Grande alone centrale scuro,Grande alone centrale scuro,2018,C0A,TG_26,1.0
1442,FUORI_ATTRIBUTO,È disomogeneo e più scuro da un lato.,Disomogeneo più scuro da un lato,Disomogeneo più scuro da un lato,2018,C0C,Q_02,1.0
1443,OK,"Il campione presenta una pasta di colore giallo, abbastanza carico e più chiaro sotto un piatto.",Abbastanza carico Più chiaro sotto un piatto,Abbastanza carico Più chiaro sotto un piatto,2018,C0C,Q_09,1.0
1444,OK,"Il campione mostra una pasta di colore giallo pieno al centro, con una tonalità più chiara nelle aree circostanti.",Giallo pieno in centro. Più  chiaro altrove,Giallo pieno in centro. Più  chiaro altrove,2018,C0C,TG_04,1.0
1445,OK,"Il campione mostra una pasta di colore giallo chiaro, uniforme e priva di imperfezioni.",Giallo chiaro,Giallo chiaro,2018,C0C,TG_11,1.0
1446,OK,"Il campione presenta una pasta di colore giallo chiaro grigiastro ai lati, con una tonalità più carica al centro e un alone rosato.","Giallo chiaro grigiastro ai lati, più carico in centro con alone rosati","Giallo chiaro grigiastro ai lati, più carico in centro con alone rosati",2018,C0C,TG_14,1.0
1447,OK,Il campione mostra una colorazione gialla carica al centro.,Più carico al centro con colorazione gialla carica,Più carico al centro con colorazione gialla carica,2018,C0C,TG_20,1.0
1448,FUORI_ATTRIBUTO,C'è un alone centrale.,Alone centrale,Alone centrale,2018,C0C,TG_26,1.0
1449,OK,Il campione presenta una pasta carica al centro.,Carico al centro,Carico al centro,2018,C0E,Q_02,1.0
1450,OK,"La pasta del campione è chiara e uniforme, senza variazioni di colore o macchie.",Chiaro e unifirme,Chiaro e uniformeirme,2018,C0E,Q_09,1.0
1451,OK,Il campione mostra una pasta omogenea di colore chiaro.,Omogeneo chiaro,Omogeneo chiaro,2018,C0E,TG_04,1.0
1452,CONFORME,"Il campione presenta una pasta di colore chiaro, conforme agli standard di qualità.",Chiaro,Chiaro,2018,C0E,TG_11,0.5
1453,OK,Il campione presenta una pasta di colore giallo chiaro con leggere macchioline rosate.,Giallo chiaro con leggere macchioline rosate,Giallo chiaro con leggere macchioline rosate,2018,C0E,TG_14,1.0
1454,OK,"Il campione mostra una leggera carica al centro, ma generalmente poco carico, con una presenza importante di grani di tirosina.","Leggermente più carico al centro ma generalmente poco carico, presenza importante di grani di tirosina","Leggermente più carico al centro ma generalmente poco carico, presenza importante di grani di tirosina",2018,C0E,TG_20,1.0
1455,OK,"Il campione tende a un colore chiaro e presenta una pasta uniforme, senza disomogeneità.",Tende al chiaro e all uniforme,Tende al chiaro e all uniformeorme,2018,C0E,TG_26,1.0
1456,OK,Il campione presenta una pasta carica al centro.,carico al centro,carico al centro,2018,C0G,Q_02,1.0
1457,OK,Il campione mostra un alone evidente.,Alone evidente,Alone evidente,2018,C0G,Q_09,1.0
1458,OK,"Il campione presenta un alone centrale, mentre il resto della pasta è di colore paglierino e chiaro.","Alone centrale, il resto paglierino, chiaro","Alone centrale, il resto paglierino, chiaro",2018,C0G,TG_04,1.0
1459,OK,Il campione mostra un alone scuro centrale.,Alone scuro centrale,Alone scuro centrale,2018,C0G,TG_11,1.0
1460,OK,Il campione presenta una pasta di colore giallo con un leggero alone più scuro.,Giallo con leggero alone più scuro,Giallo con leggero alone più scuro,2018,C0G,TG_14,1.0
1461,OK,Il campione presenta un alone carico di tonalità nocciola al centro.,Alone carico quasi nocciola al centro,Alone carico quasi nocciola al centro,2018,C0G,TG_20,1.0
1462,FUORI_ATTRIBUTO,È chiaro con un alone centrale e macchie rosa.,Chiaro alone centrale macchie rosa,Chiaro alone centrale macchie rosa,2018,C0G,TG_26,1.0
1463,FUORI_ATTRIBUTO,È carico al centro.,Carico al centro,Carico al centro,2018,C0Q,Q_02,1.0
1464,OK,"Il campione mostra un colore carico, con una macchia rosata.",Molto carico e forse 1 macchia rosata,Molto carico e forse 1 macchia rosata,2018,C0Q,Q_09,1.0
1465,OK,"Il campione presenta un colore carico, maggiormente al centro.","Carico, maggiormente  al centro","Carico, maggiormente  al centro",2018,C0Q,TG_04,1.0
1466,OK,"La pasta del campione è caratterizzata da un colore saturo, evidenziando una tonalità intensa.",Saturo,Saturo,2018,C0Q,TG_11,1.0
1467,OK,Il campione è di colore giallo chiaro con un alone più carico e una sfumatura rosa nelle aree spugnose.,Giallo chiaro con alone più carico e sfumatura rosa nelle aree spugnose,Giallo chiaro con alone più carico e sfumatura rosa nelle aree spugnose,2018,C0Q,TG_14,1.0
1468,OK,Il campione è non omogeneo e presenta un eccessivo carico al centro.,"Non omogeneo, eccessivamente carico al centro","Non omogeneo, eccessivamente carico al centro",2018,C0Q,TG_20,1.0
1469,OK,Il campione è di colore scuro e non uniforme.,Scuro non uniforme,Scuro non uniformeorme,2018,C0Q,TG_26,1.0
1470,OK,Il campione presenta una leggera sfumatura.,Leggermente Sfumato,Leggermente Sfumato,2018,C0R,Q_02,1.0
1471,OK,Il campione è molto carico ma omogeneo.,Molto carico ma omogeneo,Molto carico ma omogeneo,2018,C0R,Q_09,1.0
1472,OK,Il campione è carico di giallo e presenta un bel colore da sbrinz.,Carico di giallo. Bel colore da sbrinz,Carico di giallo. Bel colore da sbrinz,2018,C0R,TG_04,1.0
1473,OK,Il campione è di colore giallo saturo.,Giallo saturo,Giallo saturo,2018,C0R,TG_11,1.0
1474,OK,"Il campione presenta una pasta di giallo chiaro omogeneo, senza macchie o variazioni.",Giallo chiaro omogeneo,Giallo chiaro omogeneo,2018,C0R,TG_14,1.0
1475,OK,Il campione è di colore giallo molto carico.,Giallo molto carico,Giallo molto carico,2018,C0R,TG_26,1.0
1476,OK,Il campione è molto carico al centro.,Molto carico al centro,Molto carico al centro,2018,C0C,Q_02,1.0
1477,OK,Il campione presenta un colore carico con un alone.,Carico con alone,Carico con alone,2018,C0C,Q_09,1.0
1478,OK,Il campione è carico al centro.,Carico al centro,Carico al centro,2018,C0C,TG_04,1.0
1479,FUORI_ATTRIBUTO,Il piatto è più chiaro.,Un piatto più chiaro,Un piatto più chiaro,2018,C0C,TG_11,1.0
1480,FUORI_ATTRIBUTO,Il colore è più chiaro verso l'esterno.,Più  chiaro verso l'esterno,Più  chiaro verso l'esterno,2018,C0C,TG_12,1.0
1481,OK,Il campione presenta una pasta con un colore leggermente più carico al centro.,Colore leggermente più carico al centro,Colore leggermente più carico al centro,2018,C0C,TG_13,1.0
1482,OK,"La colorazione è non omogenea, variando dal giallo chiaro al carico, con una leggera rosatura in zona centrale.","Colorazione non omogenea, dal giallo chiaro al carico. Leggera rosatura in zona centrale","Colorazione non omogenea, dal giallo chiaro al carico. Leggera rosatura in zona centrale",2018,C0C,TG_14,1.0
1483,OK,"Al centro il colore è un po' troppo carico, mentre risulta più chiaro vicino alla crosta.","Al centro un po' troppo carico, più chiaro vicino alla crosta","Al centro un po' troppo carico, più chiaro vicino alla crosta",2018,C0C,TG_15,1.0
1484,FUORI_ATTRIBUTO,C'è una differenza tra i piatti.,Diversa fra i piatti,Diversa fra i piatti,2018,C0C,TG_19,1.0
1485,OK,Il campione presenta un colore paglierino più carico al centro.,Paglierino più  carico al centro,Paglierino più  carico al centro,2018,C0C,TG_35,1.0
1486,OK,"La pasta del campione è di un paglierino omogeneo, con una colorazione uniforme e priva di difetti.",Paglierino omogeneo,Paglierino omogeneo,2018,C0I,Q_02,1.0
1487,OK,Il campione presenta un colore giallo carico uniforme.,Giallo carico uniforme,Giallo carico uniformeorme,2018,C0I,Q_09,1.0
1488,OK,La pasta è omogenea e di un chiaro paglierino.,"Omogeneo, chiaro paglierino","Omogeneo, chiaro paglierino",2018,C0I,TG_04,1.0
1489,FUORI_ATTRIBUTO,Il sapore è carico.,Carico,Carico,2018,C0I,TG_11,1.0
1490,OK,Il campione risulta più scuro verso un piatto.,Più scuro verso un piatto,Più scuro verso un piatto,2018,C0I,TG_12,1.0
1491,OK,Il campione presenta un colore carico omogeneo.,Carico omogeneo,Carico omogeneo,2018,C0I,TG_13,1.0
1492,OK,Il campione ha un colore giallo piuttosto carico.,Giallo piuttosto carico,Giallo piuttosto carico,2018,C0I,TG_14,1.0
1493,OK,Il campione presenta un giallo un po' troppo carico.,Giallo un po' troppo carico,Giallo un po' troppo carico,2018,C0I,TG_15,1.0
1494,OK,Il campione ha un colore giallo carico ma omogeneo.,Giallo carico ma omogeneo,Giallo carico ma omogeneo,2018,C0I,TG_19,1.0
1495,OK,"Il campione presenta un colore paglierino carico omogeneo, con una tonalità leggermente ambrata solo nel sottocrosta.","Paglierino carico omogeneo, il sottocrosta ha una tonalità leggermente ambrata, ma solo il sottocrosta","Paglierino carico omogeneo, il sottocrosta ha una tonalità leggermente ambrata, ma solo il sottocrosta",2018,C0I,TG_35,1.0
1496,FUORI_ATTRIBUTO,C'è un alone centrale.,Alone centrale,Alone centrale,2018,C0M,Q_02,1.0
1497,OK,La pasta è chiara e uniforme.,Chiara e uniforme,Chiara e uniformeorme,2018,C0M,Q_09,1.0
1498,OK,"Una porzione del campione è più carica di colore, ma tende comunque al chiaro.",Una porzione è più  carica di colore. Comunque tende al chiaro,Una porzione è più  carica di colore. Comunque tende al chiaro,2018,C0M,TG_04,1.0
1499,FUORI_ATTRIBUTO,Il sapore è carico.,Carico,Carico,2018,C0M,TG_11,1.0
1500,CONFORME,"Il campione mostra una pasta omogenea, conforme agli standard di qualità richiesti.",Omogeneo,Omogeneo,2018,C0M,TG_12,0.5
1501,CONFORME,"Il campione presenta una pasta omogenea, in linea con le aspettative per un prodotto di qualità.",Omogeneo,Omogeneo,2018,C0M,TG_13,0.5
1502,OK,"Il campione presenta una pasta di colore giallo omogeneo, non troppo carico, evidenziando una buona uniformità.","Giallo omogeneo, non troppo carico","Giallo omogeneo, non troppo carico",2018,C0M,TG_14,1.0
1503,FUORI_ATTRIBUTO,Il colore è chiaro ma presenta macchie rosa.,Chiaro ma con macchie rosa,Chiaro ma con macchie rosa,2018,C0M,TG_15,1.0
1504,OK,"Il campione presenta una pasta carica e omogenea, con un colore ben definito.",Carico e omogeneo,Carico e omogeneo,2018,C0M,TG_19,1.0
1505,OK,"Il campione presenta una pasta di colore paglierino grigiastro, con una certa uniformità.",Paglierino grigiastro,Paglierino grigiastro,2018,C0M,TG_35,1.0
1506,OK,"Il campione presenta una pasta di colore paglierino carico, uniforme e priva di macchie.",Paglierino carico,Paglierino carico,2018,C0N,Q_02,1.0
1507,ILLEGGIBILE,,Colore aranciata uniforme,Colore aranciata uniformeorme,2018,C0N,Q_09,1.0
1508,OK,"La pasta è omogenea e chiara, senza segni di disomogeneità o imperfezioni.","Omogeneo, chiaro","Omogeneo, chiaro",2018,C0N,TG_04,1.0
1509,OK,"Il campione presenta una pasta di colore paglierino omogeneo, non carico e priva di difetti.",Paglierino omogeneo non carico,Paglierino omogeneo non carico,2018,C0N,TG_13,1.0
1510,OK,"Il campione presenta una pasta di colore giallo abbastanza carico, omogeneo e privo di macchie.","Giallo abbastanza carico, omogeneo","Giallo abbastanza carico, omogeneo",2018,C0N,TG_14,1.0
1511,OK,"Il campione presenta una zona un po' rosa ma generalmente uniforme, con una buona omogeneità.",Zona un po' rosa ma generalmente uniforme,Zona un po' rosa ma generalmente uniformeorme,2018,C0N,TG_15,1.0
1512,OK,"Il campione presenta una pasta intensa ed omogenea, con un colore ben definito.",Intenso ed omogeneo,Intenso ed omogeneo,2018,C0N,TG_19,1.0
1513,OK,"Il campione presenta una pasta omogenea di colore paglierino carico, priva di macchie.",Omogeneo paglierino carico,Omogeneo paglierino carico,2018,C0N,TG_35,1.0
1514,OK,"Il campione presenta una pasta leggermente più carica al centro, mantenendo una buona uniformità.",Leggermente più carico al centro,Leggermente più carico al centro,2018,C0O,Q_02,1.0
1515,OK,"Il campione presenta un colore chiaro ma con un centro rosato, evidenziando una leggera disomogeneità.",Colore chiaro ma centro rosato,Colore chiaro ma centro rosato,2018,C0O,Q_09,1.0
1516,OK,"Il campione presenta una pasta omogenea, chiara, a tratti nettamente paglierino.","Omogeneo, chiaro, a tratti nettamente paglierino","Omogeneo, chiaro, a tratti nettamente paglierino",2018,C0O,TG_04,1.0
1517,OK,"Il campione presenta un centro leggermente più scuro, mantenendo una buona uniformità.",Centro leggermente più scuro,Centro leggermente più scuro,2018,C0O,TG_11,1.0
1518,OK,"Il campione presenta una zona esterna più chiara, con una buona omogeneità.",Zona esterna più  chiara,Zona esterna più  chiara,2018,C0O,TG_12,1.0
1519,OK,Il campione presenta un colore giallo abbastanza chiaro con leggere sfumature rosate.,Giallo abbastanza chiaro con leggere sfumature rosate,Giallo abbastanza chiaro con leggere sfumature rosate,2018,C0O,TG_14,1.0
1520,OK,"Il campione presenta una pasta più scura all'interno, mantenendo una certa uniformità.",Più scuro all interno,Più scuro all interno,2018,C0O,TG_15,1.0
1521,OK,Il campione presenta una pasta con un lieve alone centrale.,Leggero alone centrale,Leggero alone centrale,2018,C0O,TG_19,1.0
1522,OK,"Il campione presenta una pasta di colore paglierino chiaro, uniforme e priva di macchie.",Bel paglierino omogeneo,Bel paglierino omogeneo,2018,C0O,TG_35,1.0
