id,classe,caption,commento_raw,commento_prenorm,anno,prodotto,panelista
1,OK,C'è un buon equilibrio e complessità delle note.,Molto equilibrio e complessità  delle note,Molto equilibratorio e complessità  delle note,2019,C0B,TG_08
2,OK,"Il sapore è salato e piccante, ma disarmonico.",Salato e piccante disarmonico,Salato e piccantecante disarmonico,2019,C0F,TG_08
3,OK,Il sapore presenta un ottimo equilibrio tra le diverse note gustative.,Ottimo equilibrio tra le diverse note,Ottimo equilibratorio tra le diverse note,2019,C0N,TG_08
4,OK,Presenta una leggera astringenza.,Leggermente  astringente,Leggermente  astringente,2019,C0R,TG_12
5,OK,Si avverte una lievissima nota amara.,Lievissima nota amara,Lievissima nota amara,2019,C0D,TG_20
6,OK,"Il Grana Trentino DOP presenta un sapore abbastanza equilibrato, con una buona armonia tra le diverse note gustative.",Abbastanza equilibrato,Abbastanza equilibratorato,2019,C0Q,TG_20
7,OK,Il sapore presenta una tendenza dolce prevalente rispetto alle altre componenti gustative.,Tendenza dolce prevalente,Tendenza dolce prevalente,2019,C0R,TG_20
8,OK,Il sapore è molto blando.,Il sapore è molto blando,Il sapore è molto blando,2019,C0D,TG_28
9,OK,È insapore.,Insapore,Insapore,2019,C0N,TG_13
10,OK,Ha un leggero retrogusto amaro.,Leggero  amaro,Leggero  amaro,2019,C0N,TG_24
11,OK,Ha poco sapore.,"Poco Miami,","Poco umami,",2019,C0B,TG_08
12,OK,"È amaro, con il salato che rispetta finemente il piccante.","Amaro, e il salato finemente rispetto al piccante","Amaro, e il salato finemente rispetto al piccantecante",2019,C0D,TG_08
13,OK,"C'è un buon equilibrio, ma manca il dolce ed è un po' troppo amaro.","Buon equilibrio, manca il dolce, e un po' troppo amaro","Buon equilibratorio, manca il dolce, e un po' troppo amaro",2019,C0L,TG_08
14,ILLEGGIBILE,,Difficile da giudicare perché immangiabile,Difficile da giudicare perché immangiabile,2019,C0F,Q_02
15,OK,Il pizzicore moderato alla lingua sovrasta.,Il pizzicore moderato alla lingua sovrasta,Il pizzicore moderato alla lingua sovrasta,2019,C0O,Q_02
16,OK,È poco salato.,Poco salato,Poco salato,2019,C0P,TG_11
17,OK,Presenta astringenza.,Astringente,Astringente,2019,C0P,TG_13
18,OK,È dolciastro più che dolce.,Dolciastro più che.dolce,Dolciastro più che.dolce,2019,C0I,TG_19
19,OK,È equilibrato.,Equilibrato,equilibratorato,2019,C0O,Q_02
20,OK,È poco salato.,Poco salato,Poco salato,2019,C0R,TG_11
21,OK,Non ha caratteristiche da formaggio grana.,Non da grana,Non da grana,2019,C0C,TG_19
22,OK,Il sapore presenta una piccantezza fortissima e persistente nel finale.,Piccante fortissimo e persistente,piccantecante fortissimo e persistente,2019,C0B,TG_28
23,OK,Il sapore risulta leggermente eccessivo nella componente piccante.,Un Po troppo piccante,Un Po troppo piccantecante,2019,C0E,TG_08
24,CONFORME,Il Grana Trentino DOP si distingue per un equilibrio gustativo che soddisfa le aspettative di un formaggio di qualità.,Buon equilibrio,Buon equilibratorio,2019,C0P,TG_08
25,OK,"Il sapore del Grana Trentino DOP si presenta equilibrato, ma con una piccantezza che risulta eccessiva.",Un Po in eccesso il piccante,Un Po in eccesso il piccantecante,2019,C0H,TG_08
26,CONFORME,"Il Grana Trentino DOP offre un buon equilibrio, risultando gradevole al palato e conforme agli standard di qualità.",Buon equilibrio,Buon equilibratorio,2019,C0E,TG_08
27,OK,Il sapore del Grana Trentino DOP risulta troppo sbilanciato rispetto alle altre note gustative.,Troppo rispetto le altre note,Troppo rispetto le altre note,2019,C0Q,TG_08
28,OK,Il sapore del Grana Trentino DOP presenta solo una leggera acidità.,Solo leggermente  acido,Solo leggermente  acido,2019,C0E,TG_24
29,OK,Il sapore del Grana Trentino DOP si presenta con una leggera sapidità.,Leggero salato,Leggero salato,2019,C0F,TG_24
30,ILLEGGIBILE,,Non me lo ricordavo e mi sono dimenticato di scriverlo su carta,Non me lo ricordavo e mi sono dimenticato di scriverlo su carta,2019,C0O,Q_09
31,OK,Il sapore del Grana Trentino DOP risulta troppo piccante rispetto alle altre sensazioni gustative.,Troppo pi fante rispetto alle altre sensazioni,Troppo piccante rispetto alle altre sensazioni,2019,C0A,TG_08
32,OK,Il sapore del Grana Trentino DOP presenta solo una leggera sapidità.,Solo leggermente  sapido,Solo leggermente  sapido,2019,C0C,TG_24
33,OK,Il sapore del Grana Trentino DOP presenta una nota leggermente amara.,Nota leggermente amara,Nota leggermente amara,2019,C0C,TG_35
34,OK,Il sapore del Grana Trentino DOP presenta un piccante che risulta eccessivo.,Un Po di piccante  di troppo,Un Po di piccantecante  di troppo,2019,C0B,TG_08
35,OK,"Il sapore del Grana Trentino DOP presenta molte note, ma non risultano omogenee.","Molte note ma non omogenee,","Molte note ma non omogenee,",2019,C0I,TG_08
36,OK,Il sapore del Grana Trentino DOP risulta troppo piccante rispetto alle altre note.,Troppo piccante rispetto alle altre note,Troppo piccantecante rispetto alle altre note,2019,C0P,TG_08
37,OK,Il sapore del Grana Trentino DOP presenta un eccesso di sale.,Eccesso di sale,Eccesso di sale,2019,C0R,TG_08
38,OK,Il sapore del Grana Trentino DOP presenta un umami forse in eccesso.,Umami forse in eccesso,Umami forse in eccesso,2019,C0D,TG_08
39,OK,Il sapore del Grana Trentino DOP risulta troppo piccante.,Troppo pccante,Troppo pccante,2019,C0H,TG_08
40,OK,Il sapore del Grana Trentino DOP presenta solo una leggera sapidità.,Solo leggermente sapido!,Solo leggermente sapido!,2019,C0Q,TG_24
41,FUORI_ATTRIBUTO,"Nonostante i descrittori positivi e negativi, lo valuto complessivamente positivo per le caratteristiche attese in un formaggio stagionato.",Nonostante la percezione di descrittori positivi e negativi lo valuto nel complesso positivo perché non vere ricettività ma caratteristiche attese in un formaggio stagionato,Nonostante la percezione di descrittori positivi e negativi lo valuto nel complesso positivo perché non vere ricettività ma caratteristiche attese in un formaggio stagionato,2019,C0M,Q_02
42,OK,"Il sapore del Grana Trentino DOP è caratterizzato da un buon equilibrio, con una dolcezza leggera e una bassa presenza di piccantezza.",Buon equilibrio. Poco umani. Non piccante. Dolce,Buon equilibratorio. Poco umani. Non piccantecante. Dolce,2019,C0C,TG_04
43,OK,"È acido e amaro, ma manca di tutto il resto.",Acido e amaro. Manca di tutto il resto,Acido e amaro. Manca di tutto il resto,2019,C0E,TG_04
44,OK,"Il Grana Trentino DOP presenta una varietà di sapori, con una dolcezza evidente e una leggera sapidità.","Molti sapori, anche dolce. Appena un po'  salato","Molti sapori, anche dolce. Appena un po'  salato",2019,C0H,TG_04
45,OK,"È povero, poco saporito, poco salato e non dolce.","Povero. Poco umani, poco sale. Non dolce. Manca di sapore","Povero. Poco umani, poco sale. Non dolce. Manca di sapore",2019,C0M,TG_04
46,OK,"Il sapore è dominato da note acide e amare, senza dolcezza.",Acido e amaro dominano. Non dolce,Acido e amaro dominano. Non dolce,2019,C0N,TG_04
47,OK,"Il sapore è scarso e poco pieno, quasi privo di sale.",Sapore non pieno. Scarno. Manca quasi di sale,Sapore non pieno. Scarno. Manca quasi di sale,2019,C0P,TG_04
48,OK,Il sapore è bruciante.,Bruciante,Bruciante,2019,C0H,TG_13
49,OK,Il sapore è dolciastro.,Dolciastro,Dolciastro,2019,C0N,TG_13
50,OK,Il formaggio è molto poco salato.,Molto poco salato,Molto poco salato,2019,C0P,TG_28
51,OK,Il sapore non è equilibrato e manca quasi di sale.,Non equilibrato.  Quasi poco sale,Non equilibratorato.  Quasi poco sale,2019,C0C,TG_04
52,OK,"Il Grana Trentino DOP non presenta dolcezza, ma mantiene altre caratteristiche gustative.",Non dolce. Il resto c'è,Non dolce. Il resto c'è,2019,C0L,TG_04
53,OK,Il sapore è poco umano e poco salato.,Poco umano e sale,Poco umami e sale,2019,C0N,TG_04
54,OK,"Il sapore del Grana Trentino DOP è equilibrato e completo, con una dolcezza ben presente.","Equilibrato, completo. Dolce","equilibratorato, completo. Dolce",2019,C0O,TG_04
55,OK,"Il Grana Trentino DOP si presenta poco dolce, con una leggera nota amarognola.","Poco dolce, leggermente amaro","Poco dolce, leggermente amaro",2019,C0D,TG_19
56,OK,Il formaggio è poco sapido.,Poco sapido,Poco sapido,2019,C0E,TG_19
57,OK,Il sapore è poco dolce e un po' amaro.,"Poco dolce,un po' amaro","Poco dolce,un po' amaro",2019,C0M,TG_19
58,OK,"Non è dolce e manca di umami, il sapore non è pieno.",Non dolce. Manca umami. Sapore non pieno,Non dolce. Manca umami. Sapore non pieno,2019,C0C,TG_04
59,OK,C'è un amaro netto.,Un amaro netto,Un amaro netto,2019,C0Q,TG_04
60,OK,"L'amaro domina, con poco male, non è dolce e ha poco umami.",Amaro domina. Poco male. Non dolce. Poco umami,Amaro domina. Poco male. Non dolce. Poco umami,2019,C0E,TG_04
61,OK,"Amaro e acido predominano, non è dolce, salato o umami.","Amaro e acido dominano. Non dolce, non salato,non umami","Amaro e acido dominano. Non dolce, non salato,non umami",2019,C0G,TG_04
62,OK,Il formaggio è poco sapido.,Poco sapido,Poco sapido,2019,C0E,TG_19
63,OK,"Il Grana Trentino DOP si presenta con una leggera sapidità, che contribuisce a un profilo gustativo delicato e armonico.",Solo leggermente  sapido,Solo leggermente  sapido,2019,C0M,TG_24
64,OK,C'è un amaro netto.,Amaro netto,Amaro netto,2019,C0F,TG_04
65,OK,La leggera sapidità del Grana Trentino DOP conferisce al formaggio un gusto sottile e ben bilanciato.,Leggermente sapido,Leggermente sapido,2019,C0H,TG_24
66,OK,Il sapore è salato e non dolce.,Salato e non dolce,Salato e non dolce,2019,C0G,TG_04
67,OK,È appena un po' salato.,Appena un pochetto salato,Appena un pochetto salato,2019,C0N,TG_04
68,OK,"Il sapore è piatto al palato, con una punta di piccante alla fine.",Piatto al palato. Una punta di piccante alla fine,Piatto al palato. Una punta di piccantecante alla fine,2020,C0Q,Q_10
69,OK,"Il sapore mostra una buona armonia complessiva, con una piccantezza percepibile.",Buona armonia ma piccante percepibile,Buona armonia ma piccantecante percepibile,2020,C0G,TG_04
70,OK,Il sapore non è equilibrato.,Non equilibrato,Non equilibratorato,2020,C0Q,TG_04
71,OK,"È equilibrato, ma lievemente acre in gola.","Equilibrato,ma lievemente acre in gola","equilibratorato,ma lievemente acre in gola",2020,C0Q,TG_19
72,OK,"I gusti sono ben percettibili, ma il piccante e l'acre non sono equilibrati e risultano persistenti.",I gusti sono ben percettibili ma il piccante e acre non sono equilibrati e sono persistenti,I gusti sono ben percettibili ma il piccantecante e acre non sono equilibratorati e sono persistenti,2020,C0D,Q_02
73,OK,Il sapore amaro e salato prevalgono.,Amaro e salato prevalgono,Amaro e salato prevalgono,2020,C0H,TG_04
74,OK,Il formaggio è equilibrato e non dolce.,Equilibrato. Non dolce,equilibratorato. Non dolce,2020,C0M,TG_04
75,ILLEGGIBILE,,Solo leggermente,Solo leggermente,2020,C0C,TG_24
76,OK,Il sapore è leggermente sapido e salato.,Leggermente sapido salato,Leggermente sapido salato,2020,C0M,TG_24
77,OK,Il sapore è sapido e sgradevole.,"Sapido, sgradevole","Sapido, sgradevole",2020,C0B,Q_10
78,OK,"È un po' troppo salato, tendente all'acido con una punta di piccante alla fine.","Un po' troppo salato, tendente all'acido con un punta di piccante alla fine","Un po' troppo salato, tendente all'acido con un punta di piccantecante alla fine",2020,C0F,Q_10
79,OK,Il sapore è anomalo e atipico per un grana.,Il sapore anomalo. Atipico del grana,Il sapore anomalo. Atipiccanteo del grana,2020,C0O,Q_10
80,OK,Manca di sale e umami.,Manca di sale (non avrei mai pensato di scriverlo) e umami,Manca di sale (non avrei mai pensato di scriverlo) e umami,2020,C0B,TG_04
81,OK,Il sapore è prevalentemente acido.,Acido prevalente,Acido prevalente,2020,C0C,TG_04
82,OK,"Non è piccante né dolce, ma amaro.","Non piccante, né dolce. Amaro","Non piccantecante, né dolce. Amaro",2020,C0N,TG_04
83,OK,"Il sapore si presenta poco salato, con una possibile nota dolce di lieve entità.",Poco salato. Forse anche un po'  di dolce,Poco salato. Forse anche un po'  di dolce,2020,C0O,TG_04
84,OK,Il sapore risulta solo leggermente piccante.,Solo leggermente piccante,Solo leggermente piccantecante,2020,C0C,TG_19
85,OK,È leggermente piccante.,Leggermente  il pIccante,Leggermente  il piccantecante,2020,C0N,TG_24
86,OK,Il sapore si presenta leggermente sapido.,Leggermente  sapido ..,Leggermente  sapido ..,2020,C0O,TG_24
87,OK,"Il sapore è molto salato, con una nota acre che emerge in ritardo ma permane persistente.","Salato molto forte, acre arriva dopo un Po ma permane","Salato molto forte, acre arriva dopo un Po ma permane",2020,C0O,TG_28
88,OK,Il sapore presenta una piccantezza percettibile.,Piccante percettibile,piccantecante percettibile,2020,C0N,TG_35
89,OK,Il formaggio è equilibrato.,Equilibrato,equilibratorato,2020,C0N,Q_02
90,OK,Il sapore del Grana Trentino DOP è poco intenso ma mantiene un buon equilibrio tra le diverse note gustative.,Sapore poco intenso ma equilibrato,Sapore poco intenso ma equilibratorato,2020,C0A,Q_10
91,OK,Il sapore si presenta deciso ed equilibrato nelle sue componenti.,Deciso ed equilibrato,Deciso ed equilibratorato,2020,C0Q,Q_10
92,OK,C'è appena troppo sale.,Appena troppo sale,Appena troppo sale,2020,C0A,TG_04
93,OK,Il sapore risulta delicato ma ben equilibrato nelle sue componenti.,Delicato ma equilibrato,Delicato ma equilibratorato,2020,C0A,TG_04
94,OK,È poco salato e privo di umami.,Poco salato. No umani. Manchevolezze,Poco salato. No umani. Manchevolezze,2020,C0E,TG_04
95,OK,Non è dolce.,Non dolce,Non dolce,2020,C0N,TG_04
96,OK,C'è troppo sale.,Troppo sale,Troppo sale,2020,C0Q,TG_04
97,FUORI_ATTRIBUTO,Non ha le caratteristiche di un grana di 18-20 mesi.,Non da grana di 18 20 mesi,Non da grana di 18 20 mesi,2020,C0A,TG_19
98,OK,C'è solo un leggero sapore acido.,Solo leggero acido,Solo leggero acido,2020,C0N,TG_24
99,OK,Il sapore è scarno e pungente.,Scarno e pungente,Scarno e pungente,2020,C0C,TG_04
100,OK,"Il sapore è equilibrato, con una piccantezza leggerissima.",Equilibrato con piccante leggerissimo,equilibratorato con piccantecante leggerissimo,2020,C0A,TG_24
101,OK,Il sapore si presenta leggermente sapido.,Leggermente  sapido,Leggermente  sapido,2020,C0Q,TG_24
102,OK,Il sapore presenta una leggera nota amara.,Amaro leggero,Amaro leggero,2020,C0M,TG_24
103,OK,Il sapore è anonimo e poco espresso.,"Anonimo come sapore, poco espresso con...","Anonimo come sapore, poco espresso con...",2020,C0G,TG_24
104,CONFORME,"Il Grana Trentino DOP, poco stagionato, risulta fresco e gradevole, ideale per essere gustato in modo informale.","Poco stagionato, sembra fresco. Buono da passeggio, nessuna nota sgradevole","Poco stagionato, sembra fresco. Buono formaggio giovane, nessuna nota sgradevole",2020,C0G,Q_10
105,OK,"Il sapore è saporito, con una tendenza verso l'acidità.",Saporito tendente all'acido,Saporito tendente all'acido,2020,C0A,Q_10
106,OK,"Il sapore è salato, con un evidente rimando al sapore di crosta.",Salato e sapore di crosta,Salato e sapore di crosta,2020,C0Q,Q_10
107,OK,Il sapore richiama quello tipico di un formaggio nostrano.,Sapore di nostrano,Sapore di nostrano,2020,C0C,Q_10
108,OK,"Il sapore risulta incompleto, privo delle componenti umami e dolce attese.","Incompleto: no umani, no dolce","Incompleto: no umani, no dolce",2020,C0G,TG_04
109,OK,Il sapore presenta componenti amare e salate evidenti.,Amati e sale evidenti,Amati e sale evidenti,2020,C0L,TG_04
110,OK,Il sapore non presenta la componente dolce attesa.,Non dolce,Non dolce,2020,C0M,TG_04
111,OK,Il sapore del Grana Trentino DOP presenta un'assenza di dolcezza.,Assente il dolce,Assente il dolce,2020,C0Q,TG_04
112,OK,"Il sapore è molto strano, con note acido-amare non prevalenti.",Molto strano...anche se non prevalenti le note acido-amare,Molto strano...anche se non prevalenti le note acido-amare,2020,C0E,TG_24
113,OK,Il sapore del Grana Trentino DOP manca di salato.,Manca il salato,Manca il salato,2020,C0G,TG_24
114,OK,Il sapore è leggermente prevalente nel sapido.,Leggermente prevalente il sapido,Leggermente prevalente il sapido,2020,C0M,TG_24
115,OK,Il sapore presenta una piccantezza leggerissima.,Piccante leggerissimo,piccantecante leggerissimo,2020,C0Q,TG_24
116,OK,Piatto.,Piatto,Piatto,2020,C0O,Q_10
117,OK,Il sapore è dominato da una nota acida.,Acido domina,Acido domina,2020,C0C,TG_04
118,OK,Il sapore non presenta dolcezza.,Non dolce,Non dolce,2020,C0D,TG_04
119,OK,"Il sapore è solo un po' salato, forse.","Solo un po'  Salato, forse","Solo un po'  Salato, forse",2020,C0O,TG_04
120,OK,Il sapore presenta una leggera astringenza.,Leggera astringenza,Leggera astringenza,2020,C0B,TG_12
121,OK,Sapone.,Sapone,Sapone,2020,C0B,TG_19
122,CONFORME,"Il Grana Trentino DOP presenta un sapore che rispetta gli standard di qualità, con un profilo gustativo ben definito.",Leggermente,Leggermente,2020,C0Q,TG_19
123,OK,"C'è una lieve prevalenza di sapori acidi, amari e salati.",Prevalenza però  lieve di acido amaro e salato,Prevalenza però  lieve di acido amaro e salato,2020,C0B,TG_24
124,OK,"Il sapore presenta una leggera piccantezza che si fa sentire, contribuendo a un equilibrio gustativo complessivo.",Leggermente piccante,Leggermente piccantecante,2020,C0C,TG_24
125,OK,Insipido.,Insipido,Insipido,2020,C0Q,TG_35
126,OK,Troppo salato.,Troppo salato,Troppo salato,2020,C0A,TG_04
127,OK,"C'è un po' troppo sale, con un retrogusto amaro e scarso.",Appena troppo sale. Amaro. Scarno del resto,Appena troppo sale. Amaro. Scarno del resto,2020,C0F,TG_04
128,OK,Il sapore è caratterizzato da una marcata amarezza che si fa sentire al palato.,Amaro,Amaro,2020,C0N,TG_04
129,OK,"Il sapore è dominato da una forte amarezza e una sapidità spiccata, con assenza di dolcezza.",Non sento dolce. Amaro e sale spiccano,Non sento dolce. Amaro e sale spiccantecano,2020,C0P,TG_04
130,OK,Non sono sicuro di percepire la dolcezza.,Non sono sicuro di percepire dolcezza,Non sono sicuro di percepire dolcezza,2020,C0Q,TG_04
131,OK,Il sapore presenta una leggera acidità che contribuisce a un profilo gustativo interessante.,Leggermente acido,Leggermente acido,2020,C0N,TG_08
132,OK,Il sapore presenta una leggera acidità che contribuisce a un profilo gustativo interessante.,Leggermente acido,Leggermente acido,2020,C0P,TG_14
133,OK,Grasso.,Grasso,Grasso,2020,C0Q,TG_19
134,OK,Molto squilibrato.,Molto squilibrato,Molto squilibrato,2020,C0A,TG_24
135,OK,I sapori sono appena percepiti e non sovrastano.,Appena percepiti e non sovrastanti,Appena percepiti e non sovrastanti,2020,C0M,TG_24
136,OK,C'è uno squilibrio.,Squilibrio..,Squilibrio..,2020,C0P,TG_24
137,OK,Solo leggeri sapori.,Solo leggeri...,Solo leggeri...,2020,C0Q,TG_24
138,OK,"Il sapore è molto piccante, ma questa piccantezza svanisce rapidamente dopo la deglutizione.",Molto piccante ma sparisce subito dopo aver ingoiato,Molto piccantecante ma sparisce subito dopo aver ingoiato,2020,C0F,TG_28
139,OK,Il sapore è caratterizzato da una piccantezza e un'amarezza eccessive che predominano.,Piccante e amaro eccessivi,piccantecante e amaro eccessivi,2020,C0A,TG_04
140,OK,Il sapore è dominato da una forte acidità che si fa sentire in modo marcato.,Acido domina,Acido domina,2020,C0C,TG_04
141,OK,Il sale prevale.,Prevale il sale,Prevale il sale,2020,C0N,TG_04
142,CONFORME,Il Grana Trentino DOP si distingue per un equilibrio gustativo che ne esalta le caratteristiche senza risultare eccessivo.,Equilibrio,equilibratorio,2020,C0P,TG_04
143,OK,"Il sapore presenta una nota umami contenuta, con una prevalenza della dolcezza.","Umami contenuto, prevale tendenza dolce","Umami contenuto, prevale tendenza dolce",2020,C0P,TG_20
144,OK,"Il formaggio mostra una leggera acidità e piccantezza, sebbene entrambe siano solo accennate.",Leggermente  acido e o piccante... Ma veramente solo accennati,Leggermente  acido e o piccantecante... Ma veramente solo accennati,2020,C0A,TG_24
145,OK,"C'è ambivalenza, con note amare.",Ambivalenza dove:-amaro...,Ambivalenza dove:-amaro...,2020,C0G,TG_24
146,OK,Il sapore risulta un po' insipido.,Forse un po'  insipido,Forse un po'  insipido,2020,C0N,TG_24
147,OK,"Il formaggio manca di pienezza e presenta una nota umami, con un sapore equilibrato ma non dolce.","Manca pienezza, umani. Ma ha un sui equilibrio. Non dolce","Manca pienezza, umani. Ma ha un sui equilibratorio. Non dolce",2020,C0D,TG_04
148,OK,"Il sapore è pungente sulla lingua, pur non risultando nettamente salato o piccante; si avverte una pungenza acida.","Pungente sulla lingua, anche se non salato o piccante nettamente. Sembra quasi una pungenza da acido","Pungente sulla lingua, anche se non salato o piccantecante nettamente. Sembra quasi una pungenza da acido",2020,C0M,TG_04
149,OK,Il sapore appare scarno.,Scarno,Scarno,2020,C0P,TG_04
150,OK,Il formaggio presenta una leggera acidità.,Leggermente  acidulo,Leggermente  acidulo,2020,C0E,TG_24
151,OK,Il sapore è debole e leggermente sciapo.,Debole come sapore anche leggermente  sciapo,Debole come sapore anche leggermente  sciapo,2020,C0P,TG_24
152,OK,"Il sapore è caratterizzato da una prevalenza di acidità e amarezza, con assenza di dolcezza e una sapidità equilibrata.",Acido e amaro prevalgono. Non dolce. Salato equilibrato,Acido e amaro prevalgono. Non dolce. Salato equilibratorato,2020,C0A,TG_04
153,OK,Il formaggio brucia leggermente la lingua.,Brucia la lingua,Brucia la lingua,2020,C0C,TG_04
154,OK,Il sapore è amaro.,Amaro,Amaro,2020,C0H,TG_04
155,OK,Il formaggio non presenta note dolci.,Non dolce,Non dolce,2020,C0P,TG_04
156,OK,"Si avverte una leggera piccantezza, forse in eccesso.",Forse un po'  di piccante in eccesso,Forse un po'  di piccantecante in eccesso,2020,C0A,TG_08
157,OK,"Il Grana Trentino DOP offre un equilibrio notevole, con una combinazione di sapori che si completano a vicenda.",Anche notevoli! Equilibrato,Anche notevoli! equilibratorato,2020,C0C,TG_24
158,OK,Il formaggio presenta note di umami retronasale.,Leggero umani respiro...,umami retronasale,2020,C0N,TG_24
159,OK,Il sapore risulta un po' piatto e non saporito.,Un po'  piatto non saporito,Un po'  piatto non saporito,2020,C0P,TG_24
160,OK,Il formaggio punge la lingua e si percepisce una nota salata.,Punge la lingua. Penso sale,Punge la lingua. Penso sale,2020,C0C,TG_04
161,OK,Il sapore del Grana Trentino DOP presenta una dolcezza delicata.,Mi par di percepire il dolce,Mi par di percepire il dolce,2020,C0D,TG_04
162,OK,Sgraziato e troppo amaro.,Sgraziato. Troppo amaro,Sgraziato. Troppo amaro,2020,C0E,TG_04
163,OK,Manca di pienezza e risulta scarno.,Manca di pienezza. Scarno,Manca di pienezza. Scarno,2020,C0G,TG_04
164,OK,"Il Grana Trentino DOP non presenta note dolci, evidenziando un profilo gustativo più salato e deciso.",Non dolce,Non dolce,2020,C0P,TG_04
165,OK,Il sapore amaro domina.,Amaro domina,Amaro domina,2020,C0Q,TG_04
166,OK,Il sapore è caratterizzato da una piccantezza con una venatura amara nel finale.,Piccola venatura amara nel finale,piccantecola venatura amara nel finale,2020,C0E,TG_24
167,OK,"C'è un leggero amaro, peccato!","Leggero amaro ,,peccato!","Leggero amaro ,,peccato!",2020,C0G,TG_24
168,OK,Amaro.,Amaro,Amaro,2020,C0E,TG_04
169,OK,Non è dolce; spiccano il salato e l'amaro.,Non dolce. Salato  e amaro spiccano un po',Non dolce. Salato  e amaro spiccantecano un po',2020,C0I,TG_04
170,OK,Il formaggio è scarno e non pieno.,"Scarno, non pieno","Scarno, non pieno",2020,C0L,TG_04
171,OK,"Ha un sapore molto umano, forse troppo.","Tanto umano, troppo","Tanto umami, troppo",2020,C0Q,TG_04
172,OK,Il sapore è bruciante.,Bruciante,Bruciante,2020,C0Q,TG_13
173,OK,Il sapore del Grana Trentino DOP è equilibrato con note dolci.,Equilibrato con note anche dolci,equilibratorato con note anche dolci,2020,C0D,TG_24
174,FUORI_ATTRIBUTO,Le note sono leggermente prevalenti.,Leggermente prevalenti,Leggermente prevalenti,2020,C0I,TG_24
175,OK,Non ha un sapore dolce.,Non dolce,Non dolce,2020,C0M,TG_04
176,OK,Non presenta note di grana.,Non grana,Non grana,2020,C0C,TG_19
177,OK,Il sapore presenta una leggera piccantezza e una sapidità marcata.,Leggero piccante e sapido,Leggero piccantecante e sapido,2020,C0A,TG_24
178,FUORI_ATTRIBUTO,C'è una leggera prevalenza di sapori.,Leggera prevalenza,Leggera prevalenza,2020,C0C,TG_24
179,OK,Il retrogusto è amaro con una dolcezza che si fa sentire.,Amaro il retrogusto e dolce come i Bresso!,Amaro il retrogusto e dolce,2020,C0M,TG_24
180,OK,"Necessita di un riequilibrio senza prevalenze, forse con note acide.",Riequilibrare nel complesso senza prevalenza... Forse note acide!,Riequilibratorare nel complesso senza prevalenza... Forse note acide!,2020,C0N,TG_24
181,OK,Non ha un sapore dolce.,Non dolce,Non dolce,2020,C0B,TG_04
182,OK,"Le note amare e salate prevalgono, non è dolce.",Amaro e salato. No dolce,Amaro e salato. No dolce,2020,C0I,TG_04
183,OK,Ha un sapore molto umano e non è dolce.,Tanto umani. Non dolce,Tanto umani. Non dolce,2020,C0O,TG_04
184,OK,Non ha un sapore dolce.,Non dolce,Non dolce,2020,C0P,TG_04
185,OK,Il sapore è equilibrato ma poco persistente.,Equilibrato ma poco persistente,equilibratorato ma poco persistente,2020,C0P,TG_19
186,OK,Il sapore è leggermente amaro e sapido.,Leggermente  amaro e sapido!,Leggermente  amaro e sapido!,2020,C0G,TG_24
187,OK,Il sapore presenta anche leggere note dolci.,Anche leggere note dolci,Anche leggere note dolci,2020,C0P,TG_24
188,OK,Il sapore è troppo sapido e cremoso.,Tropo sapido e cremoso!!,Tropo sapido e cremoso!!,2020,C0R,TG_24
189,OK,C'è troppo sale.,Troppo sale,Troppo sale,2020,C0A,TG_04
190,OK,Le note amare e salate sono prevalenti.,Amaro e salato prevalenti,Amaro e salato prevalenti,2020,C0H,TG_04
191,OK,Non è dolce e risulta un po' troppo salato.,Non dolce. Un pochetto troppo salato,Non dolce. Un pochetto troppo salato,2020,C0M,TG_04
192,OK,È appena troppo salato.,Appena troppo salato,Appena troppo salato,2020,C0N,TG_04
193,OK,Il sapore è solo un po' sapido.,Solo un po'  sapido.,Solo un po'  sapido.,2020,C0A,TG_24
194,OK,Il sapore presenta leggere sensazioni di amaro e piccante.,Leggere sensazioni di amaro e piccante!,Leggere sensazioni di amaro e piccantecante!,2020,C0H,TG_24
195,OK,Il sapore è pungente.,Pungente,Pungente,2020,C0A,TG_04
196,OK,È troppo amaro.,"Amaro, troppo","Amaro, troppo",2020,C0B,TG_04
197,OK,"Le note acide, amare e salate prevalgono.","Acido, amaro e salato prevalgono","Acido, amaro e salato prevalgono",2020,C0I,TG_04
198,OK,C'è troppo sale e il sapore è pungente.,Troppo sale. Pungente,Troppo sale. Pungente,2020,C0M,TG_04
199,OK,Il sapore è pieno.,Sapore pieno,Sapore pieno,2020,C0P,TG_04
200,OK,Non è dolce.,Non dolce,Non dolce,2020,C0Q,TG_04
201,OK,Ha un finale amarognolo.,Anche se finale amarognolo...,Anche se finale amarognolo...,2020,C0A,TG_24
202,CONFORME,"Il Grana Trentino DOP si presenta con un sapore medio, conforme agli standard di qualità attesi per un formaggio DOP.",Medio!,Medio!,2020,C0M,TG_24
203,OK,Il sapore presenta un leggero piccante che emerge in modo sottile.,Contatta il leggero piccante che emerge,Contatta il leggero piccantecante che emerge,2020,C0Q,TG_24
204,FUORI_ATTRIBUTO,"Non è ancora pronto, risulta acerbo.","Non ancora pronto, acerbo","Non ancora pronto, acerbo",2020,C0D,Q_10
205,OK,È un formaggio nostrano.,Nostrano,Nostrano,2020,C0H,Q_10
206,OK,"Il formaggio risulta eccessivamente salato, con una sapidità marcata.",Troppo sale,Troppo sale,2020,C0A,TG_04
207,OK,Il sapore è caratterizzato da una prevalente amarezza.,Amaro prevalente,Amaro prevalente,2020,C0D,TG_04
208,OK,Amaro e pungenza dominano il profilo gustativo.,Amaro e pungenza dominano,Amaro e pungenza dominano,2020,C0F,TG_04
209,OK,Il formaggio presenta un sapore troppo amaro.,Troppo amaro,Troppo amaro,2020,C0H,TG_04
210,OK,Il sapore è caratterizzato da una combinazione di acidità e amarezza spiccata.,Acido e amaro più  spiccati,Acido e amaro più  spiccantecati,2020,C0Q,TG_04
211,OK,Il formaggio mostra poco carattere nel suo profilo gustativo.,Poco carattere,Poco carattere,2020,C0A,TG_19
212,ILLEGGIBILE,,Equilibrato,equilibratorato,2020,C0D,TG_19
213,OK,"Il sapore è percepito come grasso, con una nota lattica.",Grasso,Grasso,2020,C0H,TG_19
214,OK,Si avverte una bassa sapidità e poco carattere nel formaggio.,"Forse poca sapidità, poco carattere","Forse poca sapidità, poco carattere",2020,C0Q,TG_19
215,OK,"Il sapore è leggermente umami, con una nota di complessità.",Leggermente  Miami!!,Leggermente  umami!!,2020,C0A,TG_24
216,OK,Si percepisce una compresenza di dolcezza e amarezza.,Compresenza dolce:-)AMARO,Compresenza dolce:-)AMARO,2020,C0D,TG_24
217,OK,"Amaro e sapidità sono accennati, ma non predominanti.",Amaro e sapido accennati solo!!!,Amaro e sapido accennati solo!!!,2020,C0F,TG_24
218,OK,Il formaggio presenta una persistenza gustativa con una sapidità importante.,Persistente con sapidità importante!!,Persistente con sapidità importante!!,2020,C0G,TG_24
219,ILLEGGIBILE,,Equilibrato,equilibratorato,2020,C0P,Q_02
220,OK,È acerbo.,Acerbo,Acerbo,2020,C0M,Q_10
221,OK,Il sapore del Grana Trentino DOP presenta una leggera amarognolosità che arricchisce l'esperienza gustativa.,Leggermente amarognolo,Leggermente amarognolo,2020,C0P,Q_10
222,OK,Il sapore di Amati prevale un po'.,Amati prevale un po',Amati prevale un po',2020,C0E,TG_04
223,OK,Il Grana Trentino DOP mostra una leggera nota di dolcezza che si integra armoniosamente con gli altri sapori.,Mi pare una puntina di dolce ci sia,Mi pare una puntina di dolce ci sia,2020,C0H,TG_04
224,OK,"Il sapore è pungente, con una leggera incidenza di piccantezza che potrebbe essere confusa con un eccesso di sale.",Pungente. Non so se eccesso di sale o vero piccante,Pungente. Non so se eccesso di sale o vero piccantecante,2020,C0N,TG_04
225,OK,"Il sapore si presenta allappante, con una sensazione di asciuttezza in bocca.",Allappante,Allappante,2020,C0E,TG_19
226,CONFORME,"Il Grana Trentino DOP offre un sapore che rispetta le aspettative, mantenendo un profilo gustativo equilibrato.",Leggermente,Leggermente,2020,C0N,TG_19
227,OK,Il formaggio ha una leggera sapidità che contribuisce a un profilo gustativo interessante.,Leggermente  saporito,Leggermente  saporito,2020,C0N,TG_24
228,OK,"Il sapore è percepito come anonimo e debole, mancando di pienezza.",Anonimo è debole,Anonimo è debole,2020,C0P,TG_24
229,OK,"Il Grana Trentino DOP risulta incompleto e scarno, con una mancanza di intensità nei sapori.","Incompleto, scarno","Incompleto, scarno",2020,C0A,TG_04
230,OK,"L'amaro è esaltato e prevalente, contribuendo a un profilo gustativo deciso.",Amaro esaltato prevalenti,Amaro esaltato prevalenti,2020,C0I,TG_04
231,OK,"Il sapore presenta un amaro netto, che si distingue nettamente nel profilo gustativo.",Amaro netto,Amaro netto,2020,C0N,TG_04
232,OK,"Il formaggio è caratterizzato da un sapore salato e acido, senza altre complessità.",Solo salato e acido,Solo salato e acido,2020,C0O,TG_04
233,OK,"Il sapore si presenta allappante, con una sensazione di asciuttezza persistente.",Allappante,Allappante,2020,C0G,TG_19
234,OK,"Il sapore è allappante, con una sensazione di secchezza in bocca.",Allappante,Allappante,2020,C0O,TG_19
235,OK,"Il sapore è percepito come anonimo, ma presenta comunque delle caratteristiche interessanti.",Anonimo però!,Anonimo però!,2020,C0A,TG_24
236,OK,"Il contrasto dei sapori è presente, risultando piacevole e ben bilanciato.",Anche qua contrasto ma piacevole,Anche qua contrasto ma piacevole,2020,C0L,TG_24
237,OK,"Non c'è una prevalenza netta, ma si percepiscono acido, amaro, dolce e piccante in modo accentuato.",Nessuna prevalenza ma acido amaro dolce e piccanti accentuati,Nessuna prevalenza ma acido amaro dolce e piccantecanti accentuati,2020,C0N,TG_24
238,CONFORME,"Il Grana Trentino DOP si distingue per un sapore medio, conforme alle caratteristiche attese per un formaggio di qualità.",Medio,Medio,2020,C0O,TG_24
239,OK,È un formaggio nostrano.,Nostrano,Nostrano,2020,C0E,Q_10
240,OK,È un formaggio nostrano.,Nostrano,Nostrano,2020,C0M,Q_10
241,OK,È acido in modo predominante.,Acido su tutti,Acido su tutti,2020,C0R,TG_04
242,OK,"Il sapore si presenta equilibrato, con una sapidità marcata.",Equilibrato con sapidità,equilibratorato con sapidità,2020,C0M,TG_24
243,CONFORME,Il Grana Trentino DOP presenta un equilibrio gustativo che soddisfa le aspettative di un formaggio DOP.,Equilibrato,equilibratorato,2020,C0D,TG_24
244,OK,Il piccante persiste piacevolmente in bocca.,Il piccante persiste in bocca,Il piccantecante persiste in bocca,2020,C0E,TG_28
245,OK,Il sapore presenta una nota lattica.,Grasso,Grasso,2020,C0E,TG_35
246,OK,Il sapore è pieno e complesso.,Pieno,Pieno,2020,C0L,TG_04
247,OK,Il sapore è scarno e manca di pienezza.,"Scarno, non pieno","Scarno, non pieno",2020,C0M,TG_04
248,OK,"Il Grana Trentino DOP ha una bassa intensità di sapore, ma mantiene un equilibrio che lo rende piacevole al palato.","Bassa intensità  di sapore, ma equilibrato","Bassa intensità  di sapore, ma equilibratorato",2020,C0O,TG_04
249,OK,Il sapore presenta una nota pungente.,Bruciante,Bruciante,2020,C0Q,TG_13
250,CONFORME,"Il Grana Trentino DOP si presenta come un formaggio equilibrato, conforme agli standard di qualità attesi.",Equilibrato,equilibratorato,2020,C0O,TG_24
251,OK,"Il sapore è molto saporito, con una marcata sapidità e piccantezza.",Molto saporito ma salato e piccante,Molto saporito ma salato e piccantecante,2020,C0A,Q_10
252,OK,Il sapore è saporito ed equilibrato.,Saporito ed equilibrato,Saporito ed equilibratorato,2020,C0G,Q_10
253,OK,Il sapore è astringente.,Allappante,Allappante,2020,C0M,TG_19
254,OK,C'è un equilibrio tra i gusti.,Equilibrio travi gusti,equilibratorio travi gusti,2020,C0A,TG_24
255,CONFORME,"Il Grana Trentino DOP offre un sapore medio, conforme alle aspettative di un formaggio di alta qualità.",Medio!,Medio!,2020,C0B,TG_24
256,OK,C'è un contrasto tra amaro e dolce.,Contrasto tra amaro e dolce,Contrasto tra amaro e dolce,2020,C0P,TG_24
257,OK,Il sapore è anonimo e non espressivo.,Anonimo non espressivo,Anonimo non espressivo,2020,C0C,TG_24
258,CONFORME,"Nel complesso, il Grana Trentino DOP si distingue per un equilibrio gustativo che rispetta gli standard di qualità.",Nel complesso  equilibrato,Nel complesso  equilibratorato,2020,C0A,TG_24
259,OK,Il sapore è leggermente saporito.,Leggermente  saporito,Leggermente  saporito,2020,C0H,TG_24
260,OK,"Due dei quattro campioni si discostano notevolmente per sapore: sono molto più salati, acidi e umami.","2 dei 4 campioni a livello di sapore si discostano in modo evidente: molto più  sale, acido e umami.","2 dei 4 campioni a livello di sapore si discostano in modo evidente: molto più  sale, acido e umami.",2020,C0C,TG_35
261,OK,"Non è saporito, manca di sale e umami.","Non è  ""saporito"" manca sale e umami","Non è  ""saporito"" manca sale e umami",2020,C0E,TG_35
262,OK,Il sapore è saporito tendente all'acido.,Saporito tendente all'acido,Saporito tendente all'acido,2020,C0G,Q_10
263,CONFORME,"Il Grana Trentino DOP presenta un'intensità di sapore moderata, risultando piacevole ma non eccessivamente marcata.",Poco intenso...,Poco intenso...,2020,C0H,Q_02
264,OK,Il sapore è molto amaro.,Molto amaro,Molto amaro,2020,C0F,TG_12
265,OK,Il sapore è pungente in bocca.,Pungente in bocca,Pungente in bocca,2020,C0C,TG_04
266,OK,L'equilibrio è strano e ha poco carattere.,"Equilibrio strano, poco carattere","equilibratorio strano, poco carattere",2020,C0L,TG_19
267,OK,Il sapore è leggermente acido.,Leggermente acido,Leggermente acido,2020,C0A,TG_14
268,OK,Il sapore presenta una leggera acidità accompagnata da una nota amarognola.,Leggermente  Acido amaro,Leggermente  Acido amaro,2020,C0C,TG_24
269,CONFORME,"Il campione di Grana Trentino DOP si distingue per un'espressività gustativa limitata, senza note particolarmente evidenti.",Poco espressivo,Poco espressivo,2020,C0E,TG_24
270,OK,Il formaggio mostra una bella persistenza in bocca.,Bella persistenza,Bella persistenza,2020,C0G,TG_24
271,OK,È anonimo e poco intenso.,Anonimo poco intenso,Anonimo poco intenso,2020,C0P,TG_24
272,OK,È scarno e non pieno.,"Scarno, non pieno","Scarno, non pieno",2020,C0A,TG_04
273,OK,Si avverte una leggera sensazione acre in gola.,Leggermente acre in gola,Leggermente acre in gola,2020,C0A,TG_13
274,CONFORME,"Il sapore del Grana Trentino DOP non soddisfa le aspettative, risultando poco incisivo e privo di carattere.",Non ci siamo,Non ci siamo,2020,C0Q,TG_24
275,OK,Il contrasto tra dolcezza e amarezza è evidente.,Contrasto dolce amaro,Contrasto dolce amaro,2020,C0G,TG_24
276,OK,Ha un leggero retrogusto amaro e l'umami è assente.,Un pochetto amaro. Umani latitante,Un pochetto amaro. Umani latitante,2020,C0N,TG_04
277,OK,"Il formaggio risulta poco saporito, ma mantiene un equilibrio.","Poco saporito, ma equilibrato","Poco saporito, ma equilibratorato",2020,C0O,TG_04
278,OK,"Saporito e deciso, presenta una nota negativa di umami. Le note salate, acide e piccanti non sono in equilibrio tra di loro.","Saporito, deciso. Nota negativa di umami. Note salate acido e piccanti non equilibrio tra di loro","Saporito, deciso. Nota negativa di umami. Note salate acido e piccantecanti non equilibratorio tra di loro",2021,C0Q,Q_10
279,OK,La sapidità è assente o debole.,Sapidità  assente o debole,Sapidità  assente o debole,2021,C0I,TG_35
280,FUORI_ATTRIBUTO,Ha una nota in più.,Ha quella nota in più,Ha quella nota in più,2021,C0M,Q_10
281,OK,È troppo salato.,Troppo salato,Troppo salato,2021,C0A,Q_10
282,CONFORME,"Il formaggio presenta caratteristiche tipiche di un prodotto giovane, con un sapore fresco e leggero.",Giovane,Giovane,2021,C0A,TG_14
283,FUORI_ATTRIBUTO,Forse ho dato un voto troppo alto.,Forse voto troppo alto,Forse voto troppo alto,2021,C0M,TG_14
284,OK,"Il sapore presenta appena una punta di amarognolo, che si integra bene con le altre note gustative.",Appena una punta di amarognolo,Appena una punta di amarognolo,2021,C0A,Q_10
285,OK,"Il sapore è bruciante, con una piccantezza che si fa sentire in modo deciso.",Bruciante,Bruciante,2021,C0A,TG_35
286,OK,"Il sapore è poco intenso, risultando leggero e poco persistente.",Poco intenso,Poco intenso,2021,C0M,TG_14
287,OK,"Il formaggio risulta pungente sulla lingua, più che piccante, con una sensazione di vivacità.",Pungente sulla lingua più  che piccante,Pungente sulla lingua più  che piccantecante,2021,C0M,TG_04
288,OK,"Il sapore è allappante, lasciando una sensazione di asciuttezza in bocca.",Allappante,Allappante,2021,C0E,TG_19
289,OK,"Il sapore è astringente, con una sensazione di secchezza al palato.",Polvere,astringente,2021,C0O,TG_19
290,OK,"La sapidità è bruciante, conferendo un carattere deciso al formaggio.",Sapidità bruciante,Sapidità bruciante,2021,C0H,TG_35
291,OK,"Il formaggio non presenta le caratteristiche tipiche del grana, risultando poco conforme.",Non sa da grana,Non sa da grana,2021,C0A,TG_19
292,OK,"Il sapore è bruciante, con una piccantezza marcata.",Bruciante,Bruciante,2021,C0E,TG_35
293,OK,Il formaggio è equilibrato.,Equilibrato,equilibratorato,2021,C0R,TG_24
294,OK,"Il formaggio manca di armonia e dolcezza, risultando sbilanciato nel gusto.","Manca di armonia, di “dolcezza”","Manca di armonia, di “dolcezza”",2021,C0Q,TG_19
295,OK,"Il formaggio non presenta le caratteristiche del grana, risultando poco conforme.",Non grana,Non grana,2021,C0L,TG_19
296,OK,"Il sapore è poco umami, con un gusto poco pieno e poco soddisfacente.","Poco umani, Gusto poco pieno","Poco umani, Gusto poco pieno",2021,C0A,TG_04
297,OK,"Il sapore è neutro, privo di caratteristiche distintive.",Neutro,Neutro,2021,C0P,TG_19
298,OK,"Il formaggio presenta un off-flavor balsamico, che ne compromette la qualità.",Mentolato!,off-flavor balsamico,2021,C0B,TG_19
299,OK,"Il sapore è equilibrato, con una leggera intensità.","Equilibrato, lieve","equilibratorato, lieve",2021,C0M,TG_04
300,OK,"Il sapore è astringente, con una sensazione di secchezza al palato.",Astringente,Astringente,2021,C0O,TG_19
301,OK,Il sapore è leggermente contrastante.,Leggermente contrastante,Leggermente contrastante,2021,C0D,TG_24
302,OK,Il formaggio risulta molto squilibrato.,"Molto squilibrato,","Molto squilibrato,",2021,C0C,TG_24
303,OK,Non sembra un formaggio grana.,Non sembra grana,Non sembra grana,2021,C0P,TG_19
304,OK,È un formaggio nostrano.,NOSTRANO,NOSTRANO,2021,C0H,Q_10
305,OK,"È sapido, ma risulta molto interessante.",È sapido ma molto interessante,È sapido ma molto interessante,2021,C0N,TG_24
306,OK,Il formaggio non è equilibrato.,Non equilibrato,Non equilibratorato,2021,C0I,TG_24
307,OK,"Saporito e equilibrato, ma un po’ troppo asciutto.","Saporito equilibrato, un po’ troppo asciutto","Saporito equilibratorato, un po’ troppo asciutto",2021,C0Q,Q_10
308,OK,Il sapore è bruciante.,Bruciante,Bruciante,2021,C0A,TG_13
309,OK,C'è un leggero contrasto tra dolce e amaro.,Leggermente contrasto dolce/amaro,Leggermente contrasto dolce/amaro,2021,C0G,TG_24
310,OK,"Molto saporito e deciso, con una leggera tendenza al piccante e una punta di acidità che non disturba.","Molto saporito, deciso, Leggermente tendente al piccante con una punta di acido che non da fastidio","Molto saporito, deciso, Leggermente tendente al piccantecante con una punta di acido che non da fastidio",2021,C0E,Q_10
311,OK,Non è un formaggio grana.,Non grana,Non grana,2021,C0M,TG_19
312,OK,Le sensazioni sul sapore sono molto leggere.,Molto leggere le sensazioni segnate sul sapore,Molto leggere le sensazioni segnate sul sapore,2021,C0M,TG_24
313,OK,È amaro ma insipido.,Amaro ma insipido,Amaro ma insipido,2021,C0B,TG_24
314,OK,Il sapore è equilibrato e complesso.,Equilibrato e complesso,equilibratorato e complesso,2021,C0L,TG_24
315,FUORI_ATTRIBUTO,Ci sono leggere imperfezioni.,Imperfezioni leggere,Imperfezioni leggere,2021,C0N,TG_24
316,OK,Perde in equilibrio.,Perde in equilibrio,Perde in equilibratorio,2021,C0G,TG_24
317,OK,È solo leggermente piccante.,Solo leggermente piccante,Solo leggermente piccantecante,2021,C0A,TG_24
318,OK,È insipido!,Insipido!,Insipido!,2021,C0A,TG_24
319,OK,Il sapore è piatto.,Piatto,Piatto,2021,C0M,TG_19
320,FUORI_ATTRIBUTO,Un po' disturba.,"Un po’ disturba…,","Un po’ disturba…,",2021,C0E,TG_24
321,OK,Il sapore è medio ma non intenso.,Medio ma non intenso il sapore,Medio ma non intenso il sapore,2021,C0A,TG_24
322,CONFORME,"Il sapore è sapido ma piacevole, in linea con le aspettative.",Sapido ma piacevole!,Sapido ma piacevole!,2021,C0L,TG_24
323,OK,"Il sapore del Grana Trentino DOP si caratterizza per una sapidità elevata con umami marcato e una buona piccantezza, risultando comunque equilibrato.","sapidità elevata con umami marcato, buona piccantezza comunque equilibrato","sapidità elevata con umami marcato, buona piccantecantezza comunque equilibratorato",2018,C0A,TG_20
324,OK,Il formaggio è piccante.,piccante,piccantecante,2018,C0A,TG_13
325,OK,Il sapore presenta una leggera acidità.,leggermente acido,leggermente acido,2018,C0A,Q_09
326,OK,Il sapore del Grana Trentino DOP è caratterizzato da una piccantezza e una sapidità ben definite.,piccante e salato,piccantecante e salato,2018,C0A,Q_02
327,OK,"Il sapore del Grana Trentino DOP presenta salato e umami prevalenti, sebbene non disarmonico.",salato&umami prevalenti anche se non disequilibrato,salato&umami prevalenti anche se non disequilibratorato,2018,C0A,TG_24
328,OK,"Il Grana Trentino DOP si presenta con un sapore equilibrato, armonico e ben bilanciato tra dolcezza e sapidità.","equilibrato,","equilibratorato,",2018,C0A,TG_08
329,OK,"Il sapore del Grana Trentino DOP è appena un pochetto salato, mantenendo un buon equilibrio.",appena un pochetto salato,appena un pochetto salato,2018,C0A,TG_04
330,OK,"Il sapore del Grana Trentino DOP è salato, con una buona sapidità.",salato,salato,2018,C0A,TG_11
331,OK,"Il sapore del Grana Trentino DOP è salato, con una prevalenza di sapidità.",salato legg prevalente,salato legg prevalente,2018,C0A,TG_12
332,OK,Il sapore del Grana Trentino DOP presenta una leggera sensazione di piccantezza.,leggera senzazione piccante,leggera senzazione piccantecante,2018,C0A,TG_35
333,OK,Il sapore del Grana Trentino DOP è caratterizzato da piccantezza e una leggera amarezza finale.,"piccante, amaro finali","piccantecante, amaro finali",2018,C0A,TG_19
334,OK,"Il sapore del Grana Trentino DOP si distingue per una dolcezza marcata, sapidità e umami ben bilanciati, con una leggera piccantezza.","dolcezza marcata, sapido e umami ok, poco piccante, poco equilibrato","dolcezza marcata, sapido e umami ok, poco piccantecante, poco equilibratorato",2018,C0C,TG_20
335,OK,"Il sapore del Grana Trentino DOP presenta una punta di amaro, accompagnata da una leggera piccantezza.","punta di amaro, leggermente piccante","punta di amaro, leggermente piccantecante",2018,C0C,TG_13
336,OK,Ha una leggera nota acida e salata.,leg acido e sal,leg acido e sal,2018,C0C,Q_09
337,OK,"Nel complesso, il sapore del Grana Trentino DOP è leggermente acido e amaro.",nel complesso leggermente acido e amaro,nel complesso leggermente acido e amaro,2018,C0C,Q_02
338,OK,"Il sapore del Grana Trentino DOP è equilibrato con note dolci, sebbene presenti una leggera piccantezza.",equilibrato con note anche dolci sebbene leggero piccante,equilibratorato con note anche dolci sebbene leggero piccantecante,2018,C0C,TG_24
339,OK,"Il sapore del Grana Trentino DOP risulta poco complesso, con una predominanza di piccantezza.","poco complesso, piccante, e poco altro","poco complesso, piccantecante, e poco altro",2018,C0C,TG_08
340,OK,"Il sapore del Grana Trentino DOP è equilibrato, ma sembra mancare di umami, risultando poco pieno.","equilibrato lo e', ma sembra manchevole di umami, poco pieno","equilibratorato lo e', ma sembra manchevole di umami, poco pieno",2018,C0C,TG_04
341,OK,Il formaggio è salato.,salato,salato,2018,C0C,TG_12
342,CONFORME,"Il campione risulta poco sapido e privo di un carattere distintivo, con un gusto che non colpisce.",poco sapido e senza carattere,poco sapido e senza carattere,2018,C0C,TG_19
343,OK,"Il sapore è dolce e sapido, con una buona sapidità e un umami equilibrato, mentre la piccantezza risulta leggermente marcata.","dolce sapido con buona sapidit', umami equilibrato, piccantezza ok un po marcata","dolce sapido con buona sapidit', umami equilibratorato, piccantecantezza ok un po marcata",2018,C0D,TG_20
344,OK,"Il sapore presenta note di amaro, salato e dolciastro, creando un equilibrio interessante.",amaro salato e dolciastro,amaro salato e dolciastro,2018,C0D,Q_09
345,OK,"Il sapore è leggermente acido, contribuendo a una complessità gustativa.",leggermente acido,leggermente acido,2018,C0D,Q_02
346,OK,"Il sapore è abbastanza equilibrato, sapido e presenta poca o nulla piccantezza.","abbastanza equilibrato, sapido e poco o nulla piccante","abbastanza equilibratorato, sapido e poco o nulla piccantecante",2018,C0D,TG_24
347,OK,"Il sapore mostra un buon equilibrio tra salato e piccante, con una nota di umami non eccedente.",buon equilibrio tra salato e piccante con una nota da umami non eccedente,buon equilibratorio tra salato e piccantecante con una nota da umami non eccedente,2018,C0D,TG_08
348,OK,"Il sapore è caratterizzato da un amaro netto, che si fa notare.",Amaro netto,Amaro netto,2018,C0D,TG_04
349,OK,"La dolcezza è marcata, la sapidità è presente, mentre l'umami è scarso e la piccantezza è poco evidente, con un lievissimo amaro.","dolcezza marcata, sapidità ok, scarso umami, poco piccante, lievissimo amaro","dolcezza marcata, sapidità ok, scarso umami, poco piccantecante, lievissimo amaro",2018,C0I,TG_20
350,OK,"Il sapore è leggermente piccante, quasi bruciante sulla lingua, con una nota sapida.","leggermente piccante, quasi bruciante sulla lingua. Sapido","leggermente piccantecante, quasi bruciante sulla lingua. Sapido",2018,C0I,TG_13
351,OK,Ha una leggera nota acida e salata.,leg acido salato,leg acido salato,2018,C0I,Q_09
352,OK,"Il sapore tende all'amaro, creando una sensazione di complessità.",tendente all-amaro,tendente all-amaro,2018,C0I,Q_02
353,OK,Il sapore è caratterizzato da un salato troppo prevalente.,salato troppo prevalente,salato troppo prevalente,2018,C0I,TG_24
354,OK,"Il sapore risulta un po' troppo salato, ma mantiene un equilibrio in bocca.","un po tropposalato, m aequi;librio in bocca","un po tropposalato, m aequi;librio in bocca",2018,C0I,TG_08
355,OK,"Il sapore sembra quello di un formaggio più vecchio, con note scarne e pungenti.",Sembra un formaggio piu' vecchio. Scarno e pungente.,Sembra un formaggio piu' vecchio. Scarno e pungente.,2018,C0I,TG_04
356,OK,Il sapore è salato con una leggera piccantezza.,salato legg piccante,salato legg piccantecante,2018,C0I,TG_12
357,OK,Il sapore presenta una forte nota di umami.,tanto umami,tanto umami,2018,C0I,TG_35
358,OK,Il sapore è salato e presenta una leggera piccantezza alla fine.,salato e un po piccante alla fine,salato e un po piccantecante alla fine,2018,C0I,TG_19
359,OK,"Il sapore è piccante, quasi bruciante.","piccante, quasi bruciante","piccantecante, quasi bruciante",2018,C0M,TG_20
360,OK,"Il sapore è un po' astringente, creando una sensazione di secchezza.",un po' astringente,un po' astringente,2018,C0M,TG_13
361,OK,Piccante e acre in gola.,piccante acre in gola,piccantecante acre in gola,2018,C0M,Q_09
362,OK,Tendente al piccante e all'amaro.,tentende piccante e amaro,tentende piccantecante e amaro,2018,C0M,Q_02
363,OK,Il sale e l'umami sono prevalenti.,sale e umami prevalenti,sale e umami prevalenti,2018,C0M,TG_24
364,CONFORME,"Il Grana Trentino DOP si presenta scarso in termini di sapore e complessità, risultando poco interessante.",scarso in tutto,scarso in tutto,2018,C0M,TG_08
365,OK,Sapore di sale.,sale,sale,2018,C0M,TG_04
366,OK,Il formaggio risulta salato e grasso.,salato e grasso,salato e grasso,2018,C0M,TG_11
367,OK,"Si percepisce una leggera sapidità, con l'umami in evidenza.","legg salato, umami in evidenza","legg salato, umami in evidenza",2018,C0M,TG_12
368,OK,"Leggermente acido, nel complesso equilibrato, con poca piccantezza.","leggermente acido nel complesso equilibrato, poco picccante","leggermente acido nel complesso equilibratorato, poco piccanteccante",2018,C0M,TG_35
369,OK,"Si avverte un piccantino finale, con note di umami.","piccantino finale, umami","piccantecantino finale, umami",2018,C0M,TG_19
370,OK,"Il sapore è dolce e sapido, con un umami marcato e poca piccantezza.","dolce sapido, umami marcato, poca piccantezza","dolce sapido, umami marcato, poca piccantecantezza",2018,C0Q,TG_20
371,OK,"Pizzica in gola, leggermente amaro e sapido.","pizzica in gola, leggermente amaro, sapido","pizzica in gola, leggermente amaro, sapido",2018,C0Q,TG_13
372,OK,Leggermente salato.,leg salato,leg salato,2018,C0Q,Q_09
373,OK,Piccante.,piccante,piccantecante,2018,C0Q,Q_02
374,OK,Troppo salato!,troppo salata!!,troppo salata!!,2018,C0Q,TG_24
375,OK,Il sapore del Grana Trentino DOP si presenta con una leggera piccantezza e una nota di acidità.,un po piccante e acido,un po piccantecante e acido,2018,C0Q,TG_08
376,OK,"Presenti tutti i gusti, con una discreta armonia. Si percepisce una leggera amarognolo.","Presenti tutti i gusti, discreta armonia. io lo sento un pochetto amaro","Presenti tutti i gusti, discreta armonia. io lo sento un pochetto amaro",2018,C0Q,TG_04
377,OK,Piccante.,piccante,piccantecante,2018,C0Q,TG_12
378,OK,"Il sapore è leggermente piccante e salato, con una nota di umami.","leggermente piccante e salato, umami","leggermente piccantecante e salato, umami",2018,C0Q,TG_19
379,OK,Salato.,salato,salato,2018,C0B,Q_09
380,OK,Acido e amaro.,acido amaro,acido amaro,2018,C0B,Q_02
381,OK,"Amaro percepibile, con bocconi disomogenei nella salatura; alcuni sono poco salati e c'è poco umami.","Amaro percepibile. bocconi disomogenei per quel che riguarda la salatura, alcuni addirittura poco salati. poco umami. Gusto non omogeneo","Amaro percepibile. bocconi disomogenei per quel che riguarda la salatura, alcuni addirittura poco salati. poco umami. Gusto non omogeneo",2018,C0B,TG_04
382,OK,"L'acidità è elevata, con una sapidità e umami di media alta intensità.","acidita' (pungenza) elevata, sapiditita e umami media alta,","acidita' (pungenza) elevata, sapiditita e umami media alta,",2018,C0B,TG_35
383,OK,L'amaro è percepibile fin da subito e presenta una persistenza in bocca.,amaro appena messo in bocca e persistente,amaro appena messo in bocca e persistente,2018,C0B,TG_19
384,OK,È presente una punta di acidità.,punta di acido,punta di acido,2018,C0D,TG_13
385,OK,"Il sapore del Grana Trentino DOP è caratterizzato da una salinità ben presente, che arricchisce l'esperienza gustativa.",salato,salato,2018,C0D,Q_09
386,OK,L'acidità è piccante e persistente.,acido piccante persistente,acido piccantecante persistente,2018,C0D,Q_02
387,OK,Si percepisce poco umami e una nota acidula.,"poco umami, acidulo","poco umami, acidulo",2018,C0D,TG_04
388,OK,"Il sapore è equilibrato, con una spiccata nota dolce finale.","Equilibrato, spicca una nota dolce finale","equilibratorato, spiccanteca una nota dolce finale",2018,C0D,TG_35
389,OK,Manca la sapidità.,manca il salato,manca il salato,2018,C0D,TG_11
390,OK,"L'amaro è presente fin da subito, accompagnato da sapidità e umami.","amarognolo da quasi subito, salato e umami","amarognolo da quasi subito, salato e umami",2018,C0D,TG_19
391,OK,"Il formaggio mostra una salinità marcata, che contribuisce a un profilo gustativo deciso e apprezzabile.",salato,salato,2018,C0F,TG_13
392,OK,Leggermente salato e umami.,leg salato umami,leg salato umami,2018,C0F,Q_09
393,OK,È molto amaro e acido.,molto amaro;acido,molto amaro;acido,2018,C0F,Q_02
394,OK,"Manca rotondità e pienezza, con poco umami.","manca rotondita' e pienezza, poco umami","manca rotondita' e pienezza, poco umami",2018,C0F,TG_04
395,OK,La sapidità e l'acidità (pungente) sono di media alta intensità.,sapidit' e acidita (pungente) medi alta,sapidit' e acidita (pungente) medi alta,2018,C0F,TG_35
396,OK,"Il Grana Trentino DOP presenta una leggera salinità, che si integra bene con le altre note gustative.",legg salato,legg salato,2018,C0F,TG_12
397,OK,"È leggermente amaro alla fine, con una persistenza non positiva.","leggermente amaro alla fine, presistenza non positiva","leggermente amaro alla fine, presistenza non positiva",2018,C0F,TG_19
398,OK,Il sapore tende all'amaro.,tendente all-amaro,tendente all-amaro,2018,C0I,Q_02
399,OK,Sento una pungenza sulle mucose; sembra più sale che piccante.,"Sento pungente sulle mucose, anche se non vero piccante sembra piu' sale, forse perche' il primo campione perche' non lo sento troppo salato","Sento pungente sulle mucose, anche se non vero piccantecante sembra piu' sale, forse perche' il primo campione perche' non lo sento troppo salato",2018,C0I,TG_04
400,OK,"Prevale, ma di poco, l'acidità; nel complesso è abbastanza equilibrato.","Prevale, ma di poco l'acidita', nel complesso abbastanza equilibrato","Prevale, ma di poco l'acidita', nel complesso abbastanza equilibratorato",2018,C0I,TG_35
401,OK,Il sapore è leggermente salato e piccante.,legg salato e piccante,legg salato e piccantecante,2018,C0I,TG_12
402,OK,Il sapore presenta una leggera acidità e piccantezza.,leggermente acido e piccante,leggermente acido e piccantecante,2018,C0I,TG_19
403,OK,"Il sapore è dolce, con una sapidità non troppo marcata.","dolce, non troppo salato","dolce, non troppo salato",2018,C0L,TG_13
404,OK,Il sapore è piccante con una leggera nota amarognola.,piccante leg amaro,piccantecante leg amaro,2018,C0L,Q_09
405,OK,Grasso.,grasso,grasso,2018,C0L,Q_02
406,OK,"Il sapore è amaro, piccante e salato.","Amaro, piccante, salato","Amaro, piccantecante, salato",2018,C0L,TG_04
407,OK,"Il sapore è leggermente pungente, poco piccante e equilibrato nel complesso.","leggermente pungente, poco piccante equilibrato nel complesso","leggermente pungente, poco piccantecante equilibratorato nel complesso",2018,C0L,TG_35
408,OK,Il sapore è un po' acido e piccante.,un po acido e piccante,un po acido e piccantecante,2018,C0L,TG_19
409,OK,"Il sapore è leggermente piccante, bruciante sulla lingua, e sembra troppo maturo.","leggermente piccante, bruciante sulla lingua. sembra troppo maturo, passato","leggermente piccantecante, bruciante sulla lingua. sembra troppo maturo, passato",2018,C0O,TG_13
410,OK,Leggermente amaro.,leg amaro,leg amaro,2018,C0O,Q_09
411,OK,Il sapore è pungente e presenta una piccantezza eccessiva.,"Pungente, piccante eccessivo","Pungente, piccantecante eccessivo",2018,C0O,TG_04
412,OK,"Il sapore è piccante, presente e persistente, con una sapidità più pronunciata, equilibrato con gli altri sapori.","piccante presente e persistente, emerge anche una sapidita' piu' pronnciata, equilibrato gli altri sapori","piccantecante presente e persistente, emerge anche una sapidita' piu' pronnciata, equilibratorato gli altri sapori",2018,C0O,TG_35
413,OK,Il sapore ha un finale amarognolo e una nota di umami.,"amarognolo finale, umami","amarognolo finale, umami",2018,C0O,TG_19
414,OK,"Il sapore è dolce e sapido, con un buon umami e piccantezza contenuta, equilibrato.","dolce sapido, buon umami, piccantezza contenuta, equilibrato","dolce sapido, buon umami, piccantecantezza contenuta, equilibratorato",2018,C0A,TG_20
415,OK,Il sapore è caratterizzato da una piccantezza fastidiosa.,piccante fastidioso,piccantecante fastidioso,2018,C0A,TG_15
416,OK,Il sapore è piccante e salato.,piccante salato,piccantecante salato,2018,C0A,Q_09
417,OK,Il sapore è sapido e dolce.,"sapido, dolce.","sapido, dolce.",2018,C0A,TG_13
418,OK,Il sapore è molto salato.,molto salato,molto salato,2018,C0A,TG_24
419,OK,Acido e amaro.,acido ;amaro,acido ;amaro,2018,C0A,TG_05
420,OK,"Il sapore è piccante, abbastanza persistente, con note di amaro.",al palato piccante abbastanza persistente con note di amaro,al palato piccantecante abbastanza persistente con note di amaro,2018,C0A,TG_14
421,OK,Piccante e salato.,"piccante, salato","piccantecante, salato",2018,C0A,TG_19
422,OK,"Il sapore del Grana Trentino DOP si presenta dolce e sapido, con una piccantezza contenuta e una nota di umami ben presente.","dolce sapido, contenuta piccantezza, umami ok","dolce sapido, contenuta piccantecantezza, umami ok",2018,C0C,TG_20
423,OK,Troppo salato.,troppo sale,troppo sale,2018,C0C,TG_15
424,OK,"Il sapore del Grana Trentino DOP è salato, conferendo una piacevole intensità al palato.",salato,salato,2018,C0C,Q_09
425,OK,"Il sapore presenta una leggera piccantezza che pizzica la lingua, accompagnata da una nota astringente.","pizzica la lingua, un po astringente","pizzica la lingua, un po astringente",2018,C0C,TG_13
426,OK,"Il sapore è equilibrato, ma presenta anche note amare.",equilibrato ma note anche amare...,equilibratorato ma note anche amare...,2018,C0C,TG_24
427,OK,Piccante percepito.,piccante percepito;,piccantecante percepito;,2018,C0C,TG_05
428,OK,"Il sapore è salato e leggermente piccante, con una nota amara.",salato e leggermente piccante con nota amara,salato e leggermente piccantecante con nota amara,2018,C0C,TG_14
429,OK,"Il sapore è leggermente piccante ma persistente e un po' salato, senza risultare penalizzante.","piccante leggero ma persistente e un po salato, ma non troppo penalizzanti","piccantecante leggero ma persistente e un po salato, ma non troppo penalizzanti",2018,C0C,TG_19
430,OK,"Il sapore è sapido e umami, con una piccantezza media e abbastanza equilibrato.","sapido/umami, piccantezza media, abbastanza equilibrato","sapido/umami, piccantecantezza media, abbastanza equilibratorato",2018,C0E,TG_20
431,OK,"Il formaggio si distingue per un sapore equilibrato, in cui le note di salato si armonizzano con la dolcezza.",equilibrato,equilibratorato,2018,C0E,TG_15
432,OK,Umami.,umami,umami,2018,C0E,Q_09
433,OK,Il sapore è equilibrato con leggere note amare e salate.,equilibrio medio con leggere note amare e salate,equilibratorio medio con leggere note amare e salate,2018,C0E,TG_24
434,OK,"Il Grana Trentino DOP presenta un sapore leggermente salato, che arricchisce la sua complessità gustativa.",un po salato,un po salato,2018,C0E,TG_05
435,OK,"Il sapore non è piccante, presenta una leggera acidità, un salato ottimale e una dolcezza percepibile.","non piccante, leggermente acido, salato ottimale, dolce percepibile","non piccantecante, leggermente acido, salato ottimale, dolce percepibile",2018,C0E,TG_14
436,OK,Piccante e salato.,"piccante, salato","piccantecante, salato",2018,C0E,TG_19
437,OK,"Il sapore è equilibrato, ma presenta un retrogusto amaro.","equilibrato, ma retrogusto amaro","equilibratorato, ma retrogusto amaro",2018,C0G,TG_20
438,OK,Il sapore è un po' salato e piccante.,un po- salato e piccante,un po- salato e piccantecante,2018,C0G,TG_15
439,OK,Leggermente salato.,leg salato,leg salato,2018,C0G,Q_09
440,OK,"Il sapore è leggermente piccante, dolce e con una sapidità piacevole.","leggermente piccante, dolce, sapidita piacevole","leggermente piccantecante, dolce, sapidita piacevole",2018,C0G,TG_13
441,OK,"Il sapore del Grana Trentino DOP si presenta equilibrato, con note dolci che arricchiscono l'esperienza gustativa.",equilibrato con note anche dolci,equilibratorato con note anche dolci,2018,C0G,TG_24
442,OK,Il sapore è caratterizzato da una piccantezza marcata e una sapidità ben presente.,piccante e salato,piccantecante e salato,2018,C0G,TG_05
443,OK,Il formaggio mostra un leggero amaro e una piccantezza che si fa sentire.,leggero amaro e piccante,leggero amaro e piccantecante,2018,C0G,TG_14
444,OK,"Il sapore è amarognolo all'inizio, salato e con una piccantezza leggera nel finale.","amarognolo fin dall inizio, salato, piccante  finale leggero","amarognolo fin dall inizio, salato, piccantecante  finale leggero",2018,C0G,TG_19
445,OK,"La sapidità e l'umami sono elevati, con una piccantezza piuttosto intensa e un leggero retrogusto amaro.","sapidit' e umami elevati, piuttosto piccante e quasi bruciante in chiusura, leggero retrogusto amaro","sapidit' e umami elevati, piuttosto piccantecante e quasi bruciante in chiusura, leggero retrogusto amaro",2018,C0N,TG_20
446,OK,Molto sbilanciato sull'umami.,molto sbilanciato sull-umami,molto sbilanciato sull-umami,2018,C0N,TG_15
447,OK,Il sapore è salato e presenta una piccantezza.,leg salato e pic,leg salato e piccante,2018,C0N,Q_09
448,OK,Il formaggio risulta salato e non equilibrato.,"salato, non equilibrato","salato, non equilibratorato",2018,C0N,TG_13
449,OK,"Il sapore è equilibrato, ma presenta un finale amarognolo.","equlibrato, ma finale amarognolo","equlibrato, ma finale amarognolo",2018,C0N,TG_24
450,OK,Il formaggio ha una leggera nota amara.,leggermete amaro,leggermete amaro,2018,C0N,TG_14
451,OK,"Il sapore del Grana Trentino DOP è salato, contribuendo a un'esperienza gustativa intensa e soddisfacente.",salato,salato,2018,C0N,TG_19
452,OK,"Il sapore è dolce e sapido, con una piccantezza media e un umami moderato.","dolce sapido, mediamente piccante, umami moderato","dolce sapido, mediamente piccantecante, umami moderato",2018,C0R,TG_20
453,OK,"Il formaggio si presenta con un sapore equilibrato, dove la salinità è ben bilanciata da altre note gustative.",equilibrato,equilibratorato,2018,C0R,TG_15
454,OK,Il formaggio ha un sapore amaro.,amaro,amaro,2018,C0R,Q_09
455,OK,Il sapore è dolce e poco salato.,dolce e poco salato,dolce e poco salato,2018,C0R,TG_13
456,OK,Il sapore è equilibrato e presenta anche note dolci e burrose.,equlibrato ed anche dolce&burroso,equlibrato ed anche dolce&burroso,2018,C0R,TG_24
457,OK,"L'amaro è piuttosto evidente, con una leggera piccantezza.","amaro piuttosto evidente, piccante leggero","amaro piuttosto evidente, piccantecante leggero",2018,C0R,TG_14
458,OK,"Il formaggio presenta una bella sapidità, un umami accettabile, una piccantezza media e una leggera acidità, con un retrogusto metallico.","bella sapidit', umami ok, piccantezza media, forse leggera acidit', metallico","bella sapidit', umami ok, piccantecantezza media, forse leggera acidit', metallico",2018,C0A,TG_20
459,OK,La piccantezza è percepita ma non sovrasta il resto del sapore.,PICCANTE PERCEPITO MA NON SOVRASTA IL RESTO,piccanteCANTE PERCEPITO MA NON SOVRASTA IL RESTO,2018,C0A,TG_15
460,OK,Il sapore è sapido e dolce.,sapido e dolce,sapido e dolce,2018,C0A,TG_13
461,OK,Amaro.,amaro,amaro,2018,C0A,Q_09
462,OK,Amaro e acido.,amaro ;acido,amaro ;acido,2018,C0A,TG_05
463,OK,"Il sapore del Grana Trentino DOP si presenta pieno, con una nota piccante e umami presente.","Pieno, non dolce. piccante. umami ghe ne'","Pieno, non dolce. piccantecante. umami presente",2018,C0A,TG_04
464,OK,Il sapore è salato e presenta una piccantezza che si avverte alla fine.,salato e piccante alla fine,salato e piccantecante alla fine,2018,C0A,TG_19
465,OK,Il formaggio si distingue per un sapore molto sapido e una nota umami marcata.,molto sapido e umami....,molto sapido e umami....,2018,C0A,TG_24
466,OK,"Il Grana Trentino DOP offre un sapore salato, che si integra armoniosamente con le sue caratteristiche aromatiche.",salato,salato,2018,C0A,TG_12
467,OK,Equilibrato.,equilibrato,equilibratorato,2018,C0C,TG_20
468,OK,Generalmente equilibrato.,GENERALMENTE  EQUILIBRATO,GENERALMENTE  equilibratoRATO,2018,C0C,TG_15
469,OK,Abbastanza neutro e piatto.,"abbastanza neutro, piatto","abbastanza neutro, piatto",2018,C0C,Q_10
470,OK,Il sapore è leggermente salato e presenta una nota amarognola.,leggermente salato e amaro,leggermente salato e amaro,2018,C0C,Q_09
471,OK,Acido.,acido,acido,2018,C0C,TG_05
472,OK,"La piccantezza è presente, ma risulta tollerabile.","Piccante, ma tollerabile","piccantecante, ma tollerabile",2018,C0C,TG_04
473,OK,"Il formaggio è forse troppo sapido, ma presenta anche note dolci.",forse troppo sapido....ma anche note dolci,forse troppo sapido....ma anche note dolci,2018,C0C,TG_24
474,OK,"Il sapore è dolce e sapido, con una piccantezza contenuta e una leggera nota umami.","dolce sapido poco piccante, umami contenuto","dolce sapido poco piccantecante, umami contenuto",2018,C0D,TG_20
475,OK,"Il sapore è dominato dal sale, che sovrasta gli altri gusti.",SALE SOVRASTA IL RESTO DEI SAPORI,SALE SOVRASTA IL RESTO DEI SAPORI,2018,C0D,TG_15
476,OK,Punta di acido.,punta di acido,punta di acido,2018,C0D,TG_13
477,OK,Il sapore tende al salato.,tendente al salato,tendente al salato,2018,C0D,Q_10
478,OK,Abbastanza equilibrato.,abb equilib,abb equilibrato,2018,C0D,TG_26
479,OK,"Il sapore del Grana Trentino DOP è decisamente salato, conferendo una nota distintiva al formaggio.",salato,salato,2018,C0D,Q_09
480,OK,"Non c'è prevalenza di sapori; non è proprio dolce, ma si presenta equilibrato, non piccante e non salato.","Nessuna prevalenza, non proprio dolce ma equilibrato. non piccante, non salato","Nessuna prevalenza, non proprio dolce ma equilibratorato. non piccantecante, non salato",2018,C0D,TG_04
481,OK,"Il sapore del Grana Trentino DOP si presenta leggermente amaro fin da subito, con una sapidità marcata.",leggermente amaro fin da subito e salato,leggermente amaro fin da subito e salato,2018,C0D,TG_19
482,OK,"Il Grana Trentino DOP si presenta con un sapore abbastanza equilibrato, con una leggera predominanza di salato.",abbastanza equilibrato...,abbastanza equilibratorato...,2018,C0D,TG_24
483,OK,"Il formaggio mostra un sapore salato, che arricchisce la sua complessità e piacevolezza al palato.",salato,salato,2018,C0D,TG_12
484,OK,"Il sapore del Grana Trentino DOP è dolce e sapido, con lieve piccantezza e un tocco di umami, equilibrato.","dolce sapido con lieve piccantezza, umami equilibrato","dolce sapido con lieve piccantecantezza, umami equilibratorato",2018,C0G,TG_20
485,OK,"Il sapore del Grana Trentino DOP è caratterizzato da una prevalenza di salato, con una leggera punta di piccantezza.","PREVALE UN PO- IL SALATO, LEGGERA PUNTA DI PICCANTE","PREVALE UN PO- IL SALATO, LEGGERA PUNTA DI piccanteCANTE",2018,C0G,TG_15
486,OK,"Il sapore del Grana Trentino DOP è dolce, giustamente salato, con una punta di amaro.","dolce, giustamente salato, punta di amaro","dolce, giustamente salato, punta di amaro",2018,C0G,TG_13
487,OK,Sbilanciato sul salato.,sbilanciato salato,sbilanciato salato,2018,C0G,TG_26
488,OK,Acido e salato.,acido;salato,acido;salato,2018,C0G,TG_05
489,OK,"Il sapore del Grana Trentino DOP è anche dolce, ma risulta pungente sulla lingua per via della piccantezza, con una sensibile amarezza che non è eccessiva.","Anche dolce, ma pungente sulla lingua per via del piccante. Amaro sensibile ma non eccessivo","Anche dolce, ma pungente sulla lingua per via del piccantecante. Amaro sensibile ma non eccessivo",2018,C0G,TG_04
490,OK,Il sapore del Grana Trentino DOP presenta un finale umami e una leggera piccantezza.,umami finale e un po piccante,umami finale e un po piccantecante,2018,C0G,TG_19
491,OK,"Il sapore del Grana Trentino DOP è equilibrato, con una leggera amarezza nel finale.","equilibrato, leggermente amaro il finale","equilibratorato, leggermente amaro il finale",2018,C0G,TG_24
492,OK,Leggermente acido.,legg acido,legg acido,2018,C0G,TG_12
493,OK,"Il sapore del Grana Trentino DOP è sapido e umami, ma manca un po' di dolcezza.","sapido/umami, manca un po di dolcezza","sapido/umami, manca un po di dolcezza",2018,C0H,TG_20
494,OK,Il sapore del Grana Trentino DOP è molto piccante e dolciastro.,MOLTO PICCANTE E DOLCIASTRO,MOLTO piccanteCANTE E DOLCIASTRO,2018,C0H,TG_15
495,OK,Il sapore del Grana Trentino DOP presenta una punta di piccantezza.,punta di piccante,punta di piccantecante,2018,C0H,TG_13
496,OK,Il sapore del Grana Trentino DOP è piccante.,piccante,piccantecante,2018,C0H,Q_10
497,OK,Il sapore del Grana Trentino DOP è piccante e salato.,piccante salato,piccantecante salato,2018,C0H,TG_26
498,OK,Il sapore del Grana Trentino DOP è leggermente piccante.,leg piccante,leg piccantecante,2018,C0H,Q_09
499,OK,Acido.,acido,acido,2018,C0H,TG_05
500,OK,"Il sapore del Grana Trentino DOP è piccante, amaro e salato.","piccante, amaro, salato","piccantecante, amaro, salato",2018,C0H,TG_04
501,OK,"Sapori un po' slegati e un po' piccanti, ma non persistenti.","sapori un po slegati e un po piccante, ma non persistente","sapori un po slegati e un po piccantecante, ma non persistente",2018,C0H,TG_19
502,OK,Salato e amaro.,salato e amaro...,salato e amaro...,2018,C0H,TG_24
503,OK,Bruciato.,bruciato,bruciato,2018,C0H,TG_11
504,OK,"Il Grana Trentino DOP è caratterizzato da un sapore salato, che contribuisce a un'esperienza gustativa intensa.",salato,salato,2018,C0H,TG_12
505,OK,"Sapidità medio-alta, poco umami e poco piccante.","sapidit' medio/alta, poco umami, poco piccante","sapidit' medio/alta, poco umami, poco piccantecante",2018,C0Q,TG_20
506,OK,Un po' acidino e piccante.,"UN PO- ACIDINO, E PICCANTE","UN PO- ACIDINO, E piccanteCANTE",2018,C0Q,TG_15
507,FUORI_ATTRIBUTO,"Difforme, positivo a zone e meno in altre.","difforme, positivo a zone meno in altre","difforme, positivo a zone meno in altre",2018,C0Q,TG_13
508,OK,"Il sapore è saporito, con una tendenza al piccante.","saporito, tendente al piccante","saporito, tendente al piccantecante",2018,C0Q,Q_10
509,FUORI_ATTRIBUTO,Non equilibrato.,non equilib,non equilibrato,2018,C0Q,TG_26
510,OK,Leggermente amaro.,legg amaro,legg amaro,2018,C0Q,Q_09
511,OK,"La piccantezza è percepibile, insieme a una sapidità che non è giudicata eccessiva; l'insieme tende al pungente.",piccante percepibile siccome ilsalato che non giudico eccessivo. l-insieme spinge al pungente,piccantecante percepibile siccome ilsalato che non giudico eccessivo. l-insieme spinge al pungente,2018,C0Q,TG_04
512,OK,"Il Grana Trentino DOP presenta una sapidità leggermente accentuata, conferendo una nota salata che arricchisce l'esperienza gustativa.",un po salato,un po salato,2018,C0Q,TG_19
513,OK,"La sapidità è quasi elevata, con note di amaro in finale.",sapidit' quasi elevata e note di amaro in finale,sapidit' quasi elevata e note di amaro in finale,2018,C0Q,TG_24
514,OK,Bruciato.,bruciato,bruciato,2018,C0Q,TG_11
515,OK,Il sapore presenta umami e una nota salata.,"umami, salato","umami, salato",2018,C0Q,TG_12
516,CONFORME,"Il sapore del Grana Trentino DOP si presenta equilibrato, con una dolcezza delicata e una sapidità marcata, accompagnata da una leggera piccantezza che persiste piacevolmente in bocca.","buon equilibrio tra dolce, sapido ed umami, lieve tendenza rinfrescante","buon equilibratorio tra dolce, sapido ed umami, lieve tendenza rinfrescante",2018,C0A,TG_20
517,OK,"Il finale è amarognolo, con un pezzo che risulta anche un po' piccante.","amarognolo finale, un pezzo anche un po piccante","amarognolo finale, un pezzo anche un po piccantecante",2018,C0A,TG_19
518,OK,Piccante.,piccante,piccantecante,2018,C0A,Q_09
519,OK,Il sapore è leggermente piccante e salato.,"leggermente piccante, salato.","leggermente piccantecante, salato.",2018,C0A,TG_13
520,OK,Piccante e salato.,piccante;salato;,piccantecante;salato;,2018,C0A,TG_05
521,OK,"Il sapore è dolce ma equilibrato, con una nota piccante.",dolce ma equilibrato con una nota piccante,dolce ma equilibratorato con una nota piccantecante,2018,C0A,TG_15
522,OK,"Il sapore del Grana Trentino DOP si distingue per un equilibrio armonico, con note dolci che si integrano perfettamente con la sapidità.",equilibrato con note dolci ...,equilibratorato con note dolci ...,2018,C0A,TG_24
523,OK,Acido.,acido,acido,2018,C0A,Q_02
524,OK,"Il sapore del Grana Trentino DOP è caratterizzato da una marcata piccantezza, con una dolcezza assente.","piccante, non docle","piccantecante, non docle",2018,C0A,TG_04
525,OK,Il sapore del Grana Trentino DOP presenta una leggera piccantezza.,un po' piccante,un po' piccantecante,2018,C0A,TG_14
526,OK,"Il sapore del Grana Trentino DOP è dolce e sapido, con una leggera acidità e un umami presente, risultando abbastanza equilibrato.","dolce sapido, leggera acidit', umami presente abbastanza intenso, abbastanza equilibrato","dolce sapido, leggera acidit', umami presente abbastanza intenso, abbastanza equilibratorato",2018,C0C,TG_20
527,OK,"Il sapore del Grana Trentino DOP è caratterizzato da una nota umami, con una leggera pungentezza finale.","umami, leggermente pungente alla fine","umami, leggermente pungente alla fine",2018,C0C,TG_19
528,OK,Il sapore del Grana Trentino DOP è piccante e leggermente salato.,piccante e po salato,piccantecante e po salato,2018,C0C,Q_09
529,OK,"Il sapore del Grana Trentino DOP è salato e dolce, con una leggera piccantezza.","salato, dolce, un po- piccante","salato, dolce, un po- piccantecante",2018,C0C,TG_15
530,OK,"Il sapore del Grana Trentino DOP è mediamente equilibrato, con note piccanti.",medio equilibrato con piccole note piccanti,medio equilibratorato con piccantecole note piccantecanti,2018,C0C,TG_24
531,OK,Il sapore del Grana Trentino DOP risulta abbastanza neutro.,abbastanza neutro di sapore,abbastanza neutro di sapore,2018,C0C,TG_11
532,OK,"Il sapore del Grana Trentino DOP è quasi carente di sale, ma presenta una piccantezza marcata, risultando in uno squilibrio totale.","quasi carente di sale, ma piccante. squilibrio totale","quasi carente di sale, ma piccantecante. squilibrio totale",2018,C0C,TG_04
533,OK,Il sapore del Grana Trentino DOP è piccante e presenta una nota amara.,piccante e amaro,piccantecante e amaro,2018,C0C,TG_14
534,OK,"Il sapore del Grana Trentino DOP è caratterizzato da una dolcezza prevalente, con una sapidità contenuta, poco umami e una scarsa piccantezza.","dolcezza prevalente, sapidit' contenuta, poco umami, poca piccantezza *pecca di scarsa sapidit'*","dolcezza prevalente, sapidit' contenuta, poco umami, poca piccantecantezza *pecca di scarsa sapidit'*",2018,C0M,TG_20
535,OK,"Il sapore del Grana Trentino DOP è dolce, ma con un retrogusto leggermente amaro.","dolce, ma retrogusto leggermente amaro","dolce, ma retrogusto leggermente amaro",2018,C0M,TG_19
536,OK,Il sapore del Grana Trentino DOP presenta una leggera nota amara.,leg amaro,leg amaro,2018,C0M,Q_09
537,OK,Il sapore del Grana Trentino DOP è salato.,salato,salato,2018,C0M,TG_13
538,OK,Piccante e acido.,piccante;acido;,piccantecante;acido;,2018,C0M,TG_05
539,OK,"Il sapore del Grana Trentino DOP è dolciastro, con una nota di umami.","dolciastro, umami,","dolciastro, umami,",2018,C0M,TG_15
540,OK,Il sapore del Grana Trentino DOP presenta un finale amaro.,amaro il finale...,amaro il finale...,2018,C0M,TG_24
541,OK,Piccante.,piccante,piccantecante,2018,C0M,TG_11
542,OK,Dolce amara e grassa.,dolce amara GRASSA,dolce amara GRASSA,2018,C0M,Q_02
543,OK,"Il sapore del Grana Trentino DOP presenta una leggera amarezza, con una salatura eccessiva che compromette la pienezza e la dolcezza.",un pochetto amaro. salatura eccessiva.  non pieno. non dolce,un pochetto amaro. salatura eccessiva.  non pieno. non dolce,2018,C0M,TG_04
544,OK,Il sapore è caratterizzato da una marcata amarezza.,amaro,amaro,2018,C0M,TG_14
545,OK,"Il sapore è equilibrato, ma presenta una leggera nota amara e una sapidità forse insufficiente.","equilibrato, forse poco sapido, lieve nota amara","equilibratorato, forse poco sapido, lieve nota amara",2018,C0N,TG_20
546,OK,Il formaggio risulta leggermente troppo salato.,un po- troppo salata,un po- troppo salata,2018,C0N,TG_15
547,CONFORME,"Il Grana Trentino DOP si caratterizza per un equilibrio medio, con un sapore che risulta piacevole e ben bilanciato.",medio equilibrio,medio equilibratorio,2018,C0N,TG_24
548,OK,Una porzione del formaggio tende a presentare note amare e acide.,una porzione tende all amaro acido,una porzione tende all amaro acido,2018,C0N,Q_02
549,OK,Il sapore presenta una leggera salinità.,un pochetto salato,un pochetto salato,2018,C0N,TG_04
550,OK,"Il sapore è salato e dolce, con un umami debole e una piccantezza leggera.",salato/dolce con umami debole e debole piccantezza,salato/dolce con umami debole e debole piccantecantezza,2018,C0O,TG_20
551,OK,Si percepisce un leggero amaro finale.,leggero amaro finale,leggero amaro finale,2018,C0O,TG_19
552,OK,Il sapore è caratterizzato da piccantezza e dolcezza.,piccante e dolce,piccantecante e dolce,2018,C0O,Q_09
553,OK,Il formaggio presenta una piccantezza che pizzica in gola.,pizzica in gola,pizzica in gola,2018,C0O,TG_13
554,OK,Acido e piccante.,ACIDO;piccante,ACIDO;piccantecante,2018,C0O,TG_05
555,OK,Il sapore è dolciastro con una leggera amarezza.,"dolciastro, leggero amaro","dolciastro, leggero amaro",2018,C0O,TG_15
556,OK,"Il Grana Trentino DOP si presenta con una sapidità marcata, che contribuisce a un profilo gustativo ricco e soddisfacente.",sapido...,sapido...,2018,C0O,TG_24
557,OK,Il sapore è caratterizzato da una marcata amarezza.,AMARA,AMARA,2018,C0O,Q_02
558,OK,Il formaggio presenta un sapore amaro e non dolce.,amaro. non dolce,amaro. non dolce,2018,C0O,TG_04
559,OK,"Il sapore è piccante, con una piccantezza accentuata e persistente, accompagnata da una salinità.","piccante un po' accentuato e persistente, salato","piccantecante un po' accentuato e persistente, salato",2018,C0O,TG_14
560,OK,"Il sapore è dolce e sapido, con una nota acida, umami contenuto e una piccantezza abbastanza marcata.","dolce sapido con nota acida, umami contenuto, e piccantezza abbastanza marcata","dolce sapido con nota acida, umami contenuto, e piccantecantezza abbastanza marcata",2018,C0Q,TG_20
561,FUORI_ATTRIBUTO,"Non male, ma poco caratteristico.","Non male, ma poco caratteristico","Non male, ma poco caratteristico",2018,C0Q,TG_19
562,OK,Piccante.,piccante,piccantecante,2018,C0Q,Q_09
563,OK,"Il sapore del Grana Trentino DOP si presenta equilibrato, con una sapidità marcata e una leggera piccantezza.",salato e un po- piccante,salato e un po- piccantecante,2018,C0Q,TG_13
564,OK,"Il sapore del Grana Trentino DOP si caratterizza per una dolcezza delicata, accompagnata da una leggera piccantezza.","dolciastro , un po- piccante","dolciastro , un po- piccantecante",2018,C0Q,TG_15
565,OK,Equilibrato e anche dolce.,equilibrato e anche dolce..,equilibratorato e anche dolce..,2018,C0Q,TG_24
566,OK,Acido e amaro.,acido amaro,acido amaro,2018,C0Q,Q_02
567,OK,"Il sapore è pungente, con una sapidità marcata e una leggera piccantezza.",pungente> salato e piccante,pungente> salato e piccantecante,2018,C0Q,TG_04
568,OK,Molto umami.,motlo umami,motlo umami,2018,C0Q,TG_14
569,OK,Peccato per la evidente nota amara e lievemente acida che compromette l'equilibrio del sapore.,peccato per la evidente nota amara e lievemente acida,peccato per la evidente nota amara e lievemente acida,2018,C0A,TG_20
570,OK,Leggermente amaro.,leg amaro,leg amaro,2018,C0A,Q_09
571,OK,Leggermente salato.,legg salato,legg salato,2018,C0A,TG_12
572,OK,"Il sapore è amaro, ma presenta anche note dolciastre, rendendo il giudizio controverso.","amaro, amaro anche se con presenti note dolciastre... controverso il giudizio.","amaro, amaro anche se con presenti note dolciastre... controverso il giudizio.",2018,C0A,TG_24
573,OK,Salato e acido.,salato;acido,salato;acido,2018,C0A,TG_05
574,CONFORME,"Il Grana Trentino DOP è conforme agli standard, con un sapore equilibrato che si esprime anche nel profumo.","Conforme, equilibrato come il profumo","Conforme, equilibratorato come il profumo",2018,C0A,TG_35
575,OK,"Il sapore è pieno e completo, con note dolci e una leggera amarezza.","sapore pieno, completo, forse anche dolce. nota amara","sapore pieno, completo, forse anche dolce. nota amara",2018,C0A,TG_04
576,OK,"Il sapore è amaro e umami, soprattutto in alcuni pezzi.","amaro, umami, soprattutto in un paio di pezzi","amaro, umami, soprattutto in un paio di pezzi",2018,C0A,TG_19
577,OK,La nota dolce è accompagnata da una leggera piccantezza.,nota dolce leggerissimo piccante,nota dolce leggerissimo piccantecante,2018,C0A,TG_14
578,OK,"Il sapore è dolce e sapido, con una nota umami e una piccantezza che risulta gradevole.","dolce sapido, umami e piccantezza ok, sensazione quasi rinfrescante","dolce sapido, umami e piccantecantezza ok, sensazione quasi rinfrescante",2018,C0E,TG_20
579,OK,Piccante.,piccante,piccantecante,2018,C0E,TG_11
580,OK,"Il sapore è equilibrato, con una leggera sapidità.",equilibrato con forse leggera sapidit',equilibratorato con forse leggera sapidit',2018,C0E,TG_24
581,OK,Piccante e acido.,piccante;acido,piccantecante;acido,2018,C0E,TG_05
582,OK,"Il sapore del Grana Trentino DOP presenta una marcata amarezza, con una dolcezza assente.","amaro, non dolce","amaro, non dolce",2018,C0E,TG_04
583,OK,Due porzioni di Grana Trentino DOP mostrano una leggera amarezza.,2 porzioni leggermente amare,2 porzioni leggermente amare,2018,C0E,Q_02
584,OK,"Il formaggio si presenta leggermente salato e piccante, senza risultare disturbante.","leggermente salato e piccante, ma senza disturbare","leggermente salato e piccantecante, ma senza disturbare",2018,C0E,TG_19
585,OK,"La piccantezza è evidente, accompagnata da una scarsa dolcezza.","piccantezza evidente, scarsa dolcezza","piccantecantezza evidente, scarsa dolcezza",2018,C0F,TG_20
586,OK,Il Grana Trentino DOP risulta un po' salato e piccante.,un po salato e piccante,un po salato e piccantecante,2018,C0F,TG_08
587,OK,Il sapore è salato con note di umami.,salato umami,salato umami,2018,C0F,Q_09
588,OK,"Il formaggio è salato, con note di umami e una leggera piccantezza.","salato, umami, legg piccante","salato, umami, legg piccantecante",2018,C0F,TG_12
589,OK,Il finale presenta una leggera amarezza e note tostate.,finale leggermente amaro&tostato,finale leggermente amaro&tostato,2018,C0F,TG_24
590,OK,Il sapore è caratterizzato da un'amarezza marcata e una dolcezza assente.,"amaro, non dolce.","amaro, non dolce.",2018,C0F,TG_04
591,OK,Il formaggio presenta una marcata amarezza e piccantezza.,amaro piccante,amaro piccantecante,2018,C0F,Q_02
592,OK,Il sapore è caratterizzato da amarezza e piccantezza.,"amaro, piccante","amaro, piccantecante",2018,C0F,TG_19
593,OK,"L'amarezza è persistente, accompagnata da una sapidità marcata.","amaro persistente, salato","amaro persistente, salato",2018,C0F,TG_14
594,OK,"Il sapore è sapido e umami, con un buon equilibrio complessivo.",sapido e umami piu evidenti ma nel complesso buon equilibrio,sapido e umami piu evidenti ma nel complesso buon equilibratorio,2018,C0H,TG_20
595,OK,Buon equilibrio tra le diverse note.,equilibrio tra le diverse nte,equilibratorio tra le diverse nte,2018,C0H,TG_08
596,OK,Il sapore presenta note di amarezza e piccantezza.,leg amaro e pic,leg amaro e piccante,2018,C0H,Q_09
597,OK,Il formaggio è leggermente salato e piccante.,legg salato e piccante,legg salato e piccantecante,2018,C0H,TG_12
598,OK,Il sapore è equilibrato e piacevole.,"equilibrato, piacevole","equilibratorato, piacevole",2018,C0H,TG_24
599,OK,"Il Grana Trentino DOP è lievemente salato, non dolce, con un'amarezza sensibile.",lievemente salato. non dolce.Amaro sensibile,lievemente salato. non dolce.Amaro sensibile,2018,C0H,TG_04
600,OK,"Si nota una punta di amarezza nel finale, che è un peccato.",peccato per la punta di amaro finale,peccato per la punta di amaro finale,2018,C0H,TG_19
601,OK,Piccante e acido.,piccante e acido,piccantecante e acido,2018,C0H,TG_14
602,OK,"Il sapore del Grana Trentino DOP presenta una dolcezza percepita elevata, con una leggera piccantezza e un buon umami, accompagnato da una sapidità soddisfacente.","dolcezza percepita elevata, poco piccante, bell-umami e sapidit' ok","dolcezza percepita elevata, poco piccantecante, bell-umami e sapidit' ok",2018,C0M,TG_20
603,OK,Manca la componente salata.,manca la componente salata,manca la componente salata,2018,C0M,TG_11
604,OK,"Il Grana Trentino DOP offre un sapore molto equilibrato, con una piacevole armonia di dolcezza e sapidità.",molto equilibrata,molto equilibratorata,2018,C0M,TG_08
605,OK,Il sapore del Grana Trentino DOP mostra una dolcezza percepibile.,dolce percepibile,dolce percepibile,2018,C0M,TG_12
606,OK,È sciapo e amaro.,@sciapo.... e amaro....,@sciapo.... e amaro....,2018,C0M,TG_24
607,OK,Bassa sapidità e poca persistenza.,bassa sapidita' poca persistenza,bassa sapidita' poca persistenza,2018,C0M,TG_35
608,OK,Il sapore del Grana Trentino DOP presenta anche una nota dolce.,trovo anche del dolce,trovo anche del dolce,2018,C0M,TG_04
609,OK,"Il Grana Trentino DOP mostra un buon equilibrio, con una nota umami che si fa sentire in modo leggero.","abbastanza equilibrio, umami un po di piu","abbastanza equilibratorio, umami un po di piu",2018,C0M,TG_19
610,OK,"Il sapore del Grana Trentino DOP mostra un umami deciso, con una leggera salinità e una dolcezza percepibile.",umami un po' carico ma dolce percepibile,umami un po' carico ma dolce percepibile,2018,C0M,TG_14
611,OK,È equilibrato.,equilibrato,equilibratorato,2018,C0Q,TG_20
612,OK,È piccante.,piccante,piccantecante,2018,C0Q,TG_11
613,OK,Il sapore del Grana Trentino DOP è caratterizzato da una forte piccantezza e una leggera acidità.,"piccante forte,leggermente acida","piccantecante forte,leggermente acida",2018,C0Q,TG_08
614,OK,Leggermente piccante.,leg piccante,leg piccantecante,2018,C0Q,Q_09
615,OK,"Il sapore del Grana Trentino DOP è sapido, con note amare e una componente lattica.","sapido, amaro, unto","sapido, amaro, unto",2018,C0Q,TG_24
616,OK,Il sapore del Grana Trentino DOP presenta una nota amara.,amaro,amaro,2018,C0Q,TG_05
617,OK,Il sapore del Grana Trentino DOP ha una sapidità leggermente elevata.,sapidita' un po elevata,sapidita' un po elevata,2018,C0Q,TG_35
618,OK,"Il sapore del Grana Trentino DOP è pieno, con una leggera acidità e senza piccantezza predominante.","sapore pieno, senza picchi se nno un pochetto acididt'","sapore pieno, senza piccantechi se nno un pochetto acididt'",2018,C0Q,TG_04
619,OK,"Il sapore del Grana Trentino DOP tende a essere amaro, con note acide e piccanti.",tendente all'amaro acido piccante,tendente all'amaro acido piccantecante,2018,C0Q,Q_02
620,OK,"Il sapore del Grana Trentino DOP presenta un umami deciso, con una leggera salinità e un finale piccante.","deciso umami, un po salato e leggero piccantino finale","deciso umami, un po salato e leggero piccantecantino finale",2018,C0Q,TG_19
621,OK,"Il sapore del Grana Trentino DOP si presenta salato, con una marcata piccantezza che arricchisce l'esperienza gustativa.",molto salato e un po' piccante,molto salato e un po' piccantecante,2018,C0Q,TG_14
622,OK,Il sapore del Grana Trentino DOP presenta una nota amara che si fa sentire in bocca.,amaro,amaro,2018,C0B,TG_14
623,OK,"Il Grana Trentino DOP presenta un buon equilibrio, con una leggera piccantezza che arricchisce il profilo gustativo.","buon equilibrio, un p; piccante","buon equilibratorio, un p; piccantecante",2018,C0B,TG_08
624,OK,"Il sapore del Grana Trentino DOP è caratterizzato da una nota amara e acidula, che si intrecciano nel profilo gustativo.","amaro, amaro....acidulo pure","amaro, amaro....acidulo pure",2018,C0B,TG_24
625,OK,Il sapore del Grana Trentino DOP presenta una dolcezza percepibile che arricchisce l'esperienza gustativa.,dolce percepibile,dolce percepibile,2018,C0B,TG_12
626,OK,"Il sapore del Grana Trentino DOP è complesso, con note di grasso, dolcezza e una leggera amarezza, suggerendo una maturazione avanzata.",formaggio maturo tendente alla sovramaturazione;grasso/dolce/amaro,formaggio maturo tendente alla sovramaturazione;grasso/dolce/amaro,2018,C0B,Q_02
627,OK,Il sapore del Grana Trentino DOP è caratterizzato da una combinazione di acidità e amarezza.,acido;amaro,acido;amaro,2018,C0B,TG_05
628,OK,"È amaro, acido e salatino, con uno squilibrio.","ammmmmaro, acido e salatino. squilibrio","ammmmmaro, acido e salatino. squilibrio",2018,C0B,TG_04
629,OK,Il sapore del Grana Trentino DOP è piccante e presenta una pungenza che stimola il palato.,piccante pungente,piccantecante pungente,2018,C0B,TG_11
630,OK,"Il sapore del Grana Trentino DOP è piccante, con note dolciastre e una leggera acidità.","piccante, dolciastra, acida","piccantecante, dolciastra, acida",2018,C0B,TG_15
631,OK,Il sapore del Grana Trentino DOP è caratterizzato da una predominante piccantezza.,piccante predonderante,piccantecante predonderante,2018,C0D,TG_08
632,OK,"Il sapore del Grana Trentino DOP è equilibrato, con note dolci e un finale amarognolo che lascia un'impressione duratura.",equilibrio e note dolci...sebene finale amorognolo .. peccato,equilibratorio e note dolci...sebene finale amorognolo .. peccato,2018,C0D,TG_24
633,OK,Il sapore del Grana Trentino DOP presenta una leggera amarezza.,leg amaro,leg amaro,2018,C0D,Q_09
634,OK,"Il sapore del Grana Trentino DOP è leggermente salato, contribuendo all'equilibrio gustativo.",legg salato,legg salato,2018,C0D,TG_12
635,OK,Il sapore del Grana Trentino DOP è caratterizzato da note di amarezza e acidità.,amaro acido,amaro acido,2018,C0D,Q_02
636,OK,"Il sapore del Grana Trentino DOP è acido, contribuendo a un profilo gustativo vivace.",acido,acido,2018,C0D,TG_05
637,OK,Il sapore del Grana Trentino DOP presenta una dolcezza che arricchisce l'esperienza gustativa.,dolce,dolce,2018,C0D,TG_26
638,OK,"Il sapore del Grana Trentino DOP è delicato, quasi scarno, con una percezione limitata di umami e dolcezza.","delicato in tutto. quasi scarno, pochissimo umami.l non percepisco dolce","delicato in tutto. quasi scarno, pochissimo umami.l non percepisco dolce",2018,C0D,TG_04
639,OK,Il sapore del Grana Trentino DOP presenta note di umami che arricchiscono l'esperienza gustativa.,umami,umami,2018,C0D,TG_19
640,OK,Il sapore del Grana Trentino DOP è caratterizzato da note di umami.,brodo,umami,2018,C0D,TG_11
641,OK,Il sapore del Grana Trentino DOP presenta una leggera nota amara che si integra armoniosamente con le altre caratteristiche gustative.,leggera nota amara,leggera nota amara,2018,C0D,TG_15
642,OK,"Il formaggio ha un sapore molto umami, che contribuisce a una complessità gustativa interessante.",molto umami,molto umami,2018,C0I,TG_14
643,OK,"Il Grana Trentino DOP si distingue per una sapidità marcata, con un salato che non risulta eccessivamente piccante.","salato, non troppo piccante","salato, non troppo piccantecante",2018,C0I,TG_08
644,OK,"Il sapore è piuttosto saporito, con una sapidità che potrebbe risultare eccessiva per alcuni palati.","piuttosto saporito, forse troppo","piuttosto saporito, forse troppo",2018,C0I,TG_24
645,OK,Il formaggio presenta un sapore salato con una leggera acidità che si percepisce in gola.,salato leg acre in gola,salato leg acre in gola,2018,C0I,Q_09
646,OK,Leggermente piccante.,legg piccante,legg piccantecante,2018,C0I,TG_12
647,OK,È amaro e piccante.,amaro piccante,amaro piccantecante,2018,C0I,Q_02
648,OK,"Il Grana Trentino DOP mostra un equilibrio di sapori, con una dolcezza presente e un leggero salato, accompagnato da una crosta ben sviluppata.","crosta, abb equilib, dolce presente un po' salato","crosta, abb equilibrato, dolce presente un po' salato",2018,C0I,TG_26
649,OK,C'è troppo sale.,troppppppo sale,troppppppo sale,2018,C0I,TG_04
650,OK,"La piccantezza è eccessiva, con troppo umami.","piccantezza , troppo umami","piccantecantezza , troppo umami",2018,C0I,TG_15
651,OK,Si percepisce una punta di amaro che arricchisce la complessità del sapore.,punta di amaro,punta di amaro,2018,C0M,TG_14
652,OK,È un po' acido e amaro.,un p; acido  e amaro,un p; acido  e amaro,2018,C0M,TG_08
653,OK,Il finale del sapore presenta note amare che si fanno notare.,note amare in finale...,note amare in finale...,2018,C0M,TG_24
654,OK,"Il Grana Trentino DOP risulta un po' salato e leggermente piccante, creando un equilibrio interessante.",un po salato e leggermente piccante,un po salato e leggermente piccantecante,2018,C0M,TG_05
655,OK,Il sapore è caratterizzato da una sapidità salata e una leggera pungentezza.,salato pungente,salato pungente,2018,C0M,TG_26
656,OK,Il formaggio presenta una pungentezza con una leggera nota amara che arricchisce il profilo gustativo.,"pungente con levita', amaro","pungente con levita', amaro",2018,C0M,TG_04
657,OK,"Si avverte una leggera piccantezza in finale, che contribuisce alla persistenza del sapore.",leggermente piccante in finale,leggermente piccantecante in finale,2018,C0M,TG_19
658,OK,È piccante ma equilibrata.,piccantina ma equilibrata,piccantecantina ma equilibratorata,2018,C0M,TG_15
659,OK,"Leggermente amaro, manca di struttura; salato e piccante ma non legati.","leggermente amaro, manca come di struttura, salato ,piccante ma non legati","leggermente amaro, manca come di struttura, salato ,piccantecante ma non legati",2018,C0O,TG_08
660,OK,"Il sapore è medio equilibrato, con un finale amarognolo che completa l'esperienza gustativa.",medio equilibrio con amarognolo finale...,medio equilibratorio con amarognolo finale...,2018,C0O,TG_24
661,OK,Il sapore presenta una leggera dolcezza.,legg dolce,legg dolce,2018,C0O,TG_12
662,OK,È acido e amaro.,acido;amaro;,acido;amaro;,2018,C0O,TG_05
663,OK,"Il sapore del Grana Trentino DOP si presenta equilibrato, con una sapidità marcata.",legg salato,legg salato,2018,C0O,TG_26
664,OK,"Il sapore del Grana Trentino DOP è piccante sulla lingua, con una certa amarezza.","piccante sulla lingua, moderatamente. certamente amaro","piccantecante sulla lingua, moderatamente. certamente amaro",2018,C0O,TG_04
665,OK,Il sapore del Grana Trentino DOP presenta una leggera predominanza di umami.,umami leggermente preponderante,umami leggermente preponderante,2018,C0O,TG_19
666,OK,"Il sapore del Grana Trentino DOP è leggermente piccante e presenta una nota amara, ma non fastidiosa.",leggermente piccante e nota amara ma non fastidiosi,leggermente piccantecante e nota amara ma non fastidiosi,2018,C0O,TG_15
667,OK,"Il sapore del Grana Trentino DOP è quasi astringente, lasciando una sensazione di asciutto in bocca.","quasi astringente, asciug atroppo in bocca","quasi astringente, asciug atroppo in bocca",2018,C0R,TG_08
668,OK,Il sapore del Grana Trentino DOP è equilibrato e presenta anche note dolci.,equilibrato e con note anche dolci,equilibratorato e con note anche dolci,2018,C0R,TG_24
669,OK,È amaro.,amaro,amaro,2018,C0R,Q_02
670,OK,È acido e amaro.,acido;amaro,acido;amaro,2018,C0R,TG_05
671,OK,Il sapore del Grana Trentino DOP presenta una pungenza.,punge,punge,2018,C0R,TG_26
672,OK,"Il sapore del Grana Trentino DOP è un po' salato, con percezioni di amaro e acidità.",un po salato. percepisco amaro e acidit',un po salato. percepisco amaro e acidit',2018,C0R,TG_04
673,OK,Il sapore del Grana Trentino DOP è intenso e presenta una forte nota di umami.,umami intenso,umami intenso,2018,C0R,TG_19
674,OK,"Il sapore del Grana Trentino DOP è abbastanza equilibrato, con una leggera nota di amaro.",abbastanza equilibrato anche se percepisco una leggera nota di amaro,abbastanza equilibratorato anche se percepisco una leggera nota di amaro,2018,C0R,TG_15
675,OK,"Il sapore del Grana Trentino DOP ha una sapidità medio alta, umami marcato e piccantezza medio alta, risultando non così armonico.","sapidit' medio alta, umami marcato, piccantezza medio alta, non cosi armonico","sapidit' medio alta, umami marcato, piccantecantezza medio alta, non cosi armonico",2018,C0A,TG_20
676,OK,"Il sapore del Grana Trentino DOP è molto piccante, quasi da gorgonzola.","molto piccante, quasi da gorgonzola","molto piccantecante, quasi da gorgonzola",2018,C0A,TG_08
677,OK,È amaro.,amaro,amaro,2018,C0A,Q_09
678,OK,Il sapore del Grana Trentino DOP è piccante.,piccante,piccantecante,2018,C0A,TG_11
679,OK,Il sapore del Grana Trentino DOP presenta una punta di piccantezza e una nota salata.,"punta di piccante, SALATO","punta di piccantecante, SALATO",2018,C0A,TG_13
680,OK,Il sapore del Grana Trentino DOP è dolce e presenta una nota di umami.,dolce e umami,dolce e umami,2018,C0A,TG_19
681,OK,"Piccante e salato, non equilibrati.",piccante salato non equilibrati,piccantecante salato non equilibratorati,2018,C0A,TG_26
682,OK,Il sapore del Grana Trentino DOP presenta una leggera tendenza salata e un intenso umami.,leggera tendenza salata e umami intenso,leggera tendenza salata e umami intenso,2018,C0A,TG_14
683,OK,"L'acido spicca, ma è anche dolce, con salato basso.","acido che spicca, ma anche dolce, salato basso","acido che spiccanteca, ma anche dolce, salato basso",2018,C0A,TG_04
684,OK,"Il sapore è medio equilibrato, con un finale amarognolo e una persistenza piacevole.","medio equilibrio, finale amarognolo...persistente","medio equilibratorio, finale amarognolo...persistente",2018,C0A,TG_24
685,OK,"Il formaggio tende all'amaro, con note acide e piccanti.",tendente all'amaro acido piccante,tendente all'amaro acido piccantecante,2018,C0A,Q_02
686,CONFORME,"Il Grana Trentino DOP offre una sensazione gustativa nella media, con una freschezza che rende l'assaggio piacevole.","nella media, sensazione rinfrescante","nella media, sensazione rinfrescante",2018,C0C,TG_20
687,OK,Il formaggio presenta una leggera piccantezza.,leggermente piccante,leggermente piccantecante,2018,C0C,TG_08
688,OK,Il sapore è caratterizzato da una marcata piccantezza.,piccante,piccantecante,2018,C0C,Q_09
689,OK,Il formaggio ha un sapore piccante e tostato.,piccante e cotto,piccantecante e cotto,2018,C0C,TG_11
690,OK,"Il sapore è salato, con una leggera piccantezza, ma non troppo persistente.","salato, un po' piccante però non troppo persistente","salato, un po' piccantecante però non troppo persistente",2018,C0C,TG_19
691,OK,Non c'è equilibrio tra il piccante e il salato.,non equilib picc e salato,non equilibrato piccantec e salato,2018,C0C,TG_26
692,OK,Il formaggio presenta una leggera piccantezza.,un po' piccante,un po' piccantecante,2018,C0C,TG_14
693,OK,"È poco rotondo e forse manca di umami, ma nel complesso è equilibrato.","poco rotondo, forse manca umami, nel complesso equilibrato","poco rotondo, forse manca umami, nel complesso equilibratorato",2018,C0C,TG_04
694,OK,"Il sapore è leggermente saporito e piccante, ma nel complesso equilibrato.","leggermente saporito e piccante, ma nel complesso equilibrio...","leggermente saporito e piccantecante, ma nel complesso equilibratorio...",2018,C0C,TG_24
695,OK,L'umami è troppo evidente.,umami troppo evidente,umami troppo evidente,2018,C0D,TG_20
696,OK,Il sapore è equilibrato tra le diverse note.,"equilibrato tra le diverse note,","equilibratorato tra le diverse note,",2018,C0D,TG_08
697,OK,Ha un sapore di latte fresco.,latte fresco,latte fresco,2018,C0D,TG_11
698,OK,"Il sapore è salato, con una leggera piccantezza sulla lingua.","salato, leggermente piccante sulla lingua","salato, leggermente piccantecante sulla lingua",2018,C0D,TG_13
699,OK,Il formaggio presenta una nota amarognola.,amaro,amaro,2018,C0D,TG_19
700,OK,"Il sapore non è piccante, con una percezione dolce.","non piccante, con percezione dolce","non piccantecante, con percezione dolce",2018,C0D,TG_14
701,OK,Il Grana Trentino DOP si distingue per una nota dolce che si integra bene con le altre caratteristiche gustative.,anche dolce,anche dolce,2018,C0D,TG_04
702,OK,Il sapore è anonimo con una nota amara.,anonimo con amaro...,anonimo con amaro...,2018,C0D,TG_24
703,OK,"Il sapore del Grana Trentino DOP è caratterizzato da una dolcezza sapida, con una nota quasi rinfrescante e una lieve acidità.","dolce sapido con nota quasi rinfrescante, lieve acidita","dolce sapido con nota quasi rinfrescante, lieve acidita",2018,C0G,TG_20
704,ILLEGGIBILE,,un p; troppo piccante,un p; troppo piccantecante,2018,C0G,TG_08
705,OK,Il sapore presenta una leggera amarognolosità accompagnata da un umami ben definito.,"amarognolo, umami","amarognolo, umami",2018,C0G,TG_19
706,OK,"Il Grana Trentino DOP presenta una dolcezza che si fa apprezzare, contribuendo a un sapore complessivo gradevole.",dolce,dolce,2018,C0G,TG_26
707,OK,"L'umami è accentuato ma non risulta fastidioso, contribuendo a un sapore complessivamente equilibrato.",umami accentuato ma non fastidioso,umami accentuato ma non fastidioso,2018,C0G,TG_14
708,OK,"Il sapore è caratterizzato da un'assenza di piccantezza, non presenta amarognolosità né dolcezza, risultando in un equilibrio complessivo.","assenza di piccante, non amaro , non dolce. buon equilibrio","assenza di piccantecante, non amaro , non dolce. buon equilibratorio",2018,C0G,TG_04
709,OK,"La sapidità è leggermente forte, ma nel complesso il sapore è molto buono.",peccato per la sapidit' leggermente forte. Nel complesso molto bene,peccato per la sapidit' leggermente forte. Nel complesso molto bene,2018,C0G,TG_24
710,OK,Il sapore presenta una combinazione di amarognolosità e piccantezza.,amaro piccante,amaro piccantecante,2018,C0G,Q_02
711,OK,"La dolcezza è evidente, la sapidità è conforme, l'umami è marcato e la piccantezza è presente, risultando in un sapore complessivamente equilibrato.","dolcezza evidente, sapidit' ok, umami marcato, piccante ok, nel complesso abbastanza equilibrato","dolcezza evidente, sapidit' ok, umami marcato, piccantecante ok, nel complesso abbastanza equilibratorato",2018,C0N,TG_20
712,OK,"Il Grana Trentino DOP ha un sapore neutro, che può risultare poco incisivo per alcuni palati.",neutro...,neutro...,2018,C0N,TG_13
713,OK,Il sapore è caratterizzato da umami e dolcezza.,"umami, dolce","umami, dolce",2018,C0N,TG_19
714,OK,Il sapore è equilibrato e presenta una dolcezza ben definita.,equilib dolce,equilibrato dolce,2018,C0N,TG_26
715,OK,Il sapore è equilibrato ma tende verso il basso.,equilibrato verso il basso,equilibratorato verso il basso,2018,C0N,TG_04
716,OK,Il sapore è medio e presenta note dolciastre.,medio equilibrio con note anche dolciastre,medio equilibratorio con note anche dolciastre,2018,C0N,TG_24
717,OK,Il sapore è caratterizzato da una nota amarognola.,amaro,amaro,2018,C0N,Q_02
718,OK,"Il sapore è dolce e sapido, con una sapidità contenuta e carente di piccantezza, mentre l'umami è conforme.","dolce sapido, sapidit' contenuta, carente di piccantezza, umami ok","dolce sapido, sapidit' contenuta, carente di piccantecantezza, umami ok",2018,C0Q,TG_20
719,OK,C'è un eccesso di umami e una mancanza di equilibrio.,"eccesso di umami, e salto","eccesso di umami, e salto",2018,C0Q,TG_08
720,OK,Il sapore presenta una leggera nota amarognola e salata.,leg amaro salato,leg amaro salato,2018,C0Q,Q_09
721,OK,"Il sapore del Grana Trentino DOP si presenta salato, con una leggera piccantezza che si avverte alla fine.","salato, leggermente piccante alla fine","salato, leggermente piccantecante alla fine",2018,C0Q,TG_19
722,OK,Non c'è equilibrio tra il salato e l'amaro.,non equi salato amaro,non equi salato amaro,2018,C0Q,TG_26
723,OK,Il sapore è caratterizzato da una piccantezza marcata e una leggera amarognolosità.,piccante e amarognolo,piccantecante e amarognolo,2018,C0Q,TG_14
724,OK,"Il Grana Trentino DOP si caratterizza per una sapidità che emerge in modo chiaro, rendendo l'assaggio interessante.",salato,salato,2018,C0Q,TG_04
725,OK,Presenta un equilibrio medio.,medio equilibrio,medio equilibratorio,2018,C0Q,TG_24
726,OK,"Il Grana Trentino DOP presenta una sapidità ben definita, che arricchisce il suo profilo gustativo.",salato,salato,2018,C0B,Q_09
727,OK,Il sapore è caratterizzato da una piccantezza marcata e una leggera acidità.,piccante;acido;,piccantecante;acido;,2018,C0B,TG_05
728,OK,Il sapore è caratterizzato da una piccantezza marcata.,piccante,piccantecante,2018,C0B,TG_11
729,OK,"Il sapore del Grana Trentino DOP è salato, con una leggera piccantezza.",salato e leggermente piccante,salato e leggermente piccantecante,2018,C0B,TG_13
730,OK,"Il sapore è molto salato, con una nota di umami.","molto salato, umami","molto salato, umami",2018,C0B,TG_19
731,OK,"Il sapore è dolce e sapido, con una lieve piccantezza e un buon umami.","dolce sapido con lieve piccantezza, buon umami","dolce sapido con lieve piccantecantezza, buon umami",2018,C0B,TG_20
732,OK,Il salato pizzica.,pizzica salato,pizzica salato,2018,C0B,TG_26
733,OK,Il sapore presenta una leggera amarognolosità.,leg amaro,leg amaro,2018,C0C,Q_09
734,OK,"Il Grana Trentino DOP ha una sapidità marcata, che contribuisce a un sapore deciso e caratteristico.",salato,salato,2018,C0C,TG_12
735,OK,"Il sapore è piccante, con una leggera sensazione bruciante e una salinità marcata.","piccante, un po bruciante. salato","piccantecante, un po bruciante. salato",2018,C0C,TG_13
736,OK,Il sapore è dolce e presenta una leggera piccantezza alla fine.,dolce e leggermente piccante alla fine,dolce e leggermente piccantecante alla fine,2018,C0C,TG_19
737,OK,"Il sapore è dolce e sapido, con un umami abbastanza marcato e una piccantezza lieve, risultando equilibrato.","dolce sapido con umami abbastanza marcato, poco piccante ma equilibrato","dolce sapido con umami abbastanza marcato, poco piccantecante ma equilibratorato",2018,C0C,TG_20
738,OK,"Il Grana Trentino DOP si distingue per una sapidità intensa, che gioca un ruolo fondamentale nel suo profilo gustativo.",salato,salato,2018,C0C,TG_26
739,OK,Il sapore presenta note di amarezza e acidità.,amaro acido,amaro acido,2018,C0D,Q_09
740,OK,Ha un sapore salatino.,salatino...,salatino...,2018,C0D,TG_13
741,OK,"È un po' amaro, salato e con umami.","un po' amaro, salato, umami -","un po' amaro, salato, umami -",2018,C0D,TG_19
742,OK,"Il sapore è dolce e sapido, con un buon umami e lieve piccantezza, risultando equilibrato.","dolce sapido con buon umami e lieve piccantezza, equilibrato","dolce sapido con buon umami e lieve piccantecantezza, equilibratorato",2018,C0D,TG_20
743,OK,Il sapore del Grana Trentino DOP risulta salato e presenta una piccantezza eccessiva.,salato e pizzica troppo,salato e pizzica troppo,2018,C0D,TG_26
744,OK,"Il sapore è caratterizzato da una piccantezza acre che irrita in gola, accompagnata da note di umami.",piccante acre in gola umami,piccantecante acre in gola umami,2018,C0F,Q_09
745,OK,Ha note di umami e acidità.,umami;acido,umami;acido,2018,C0F,TG_05
746,OK,"Il Grana Trentino DOP presenta una leggera salinità, che arricchisce il suo sapore complessivo.",legg salato,legg salato,2018,C0F,TG_12
747,OK,Il sapore è leggermente acido e presenta una piccantezza moderata.,leggermente acido e piccante,leggermente acido e piccantecante,2018,C0F,TG_13
748,OK,Il sapore è caratterizzato da note di umami e una leggera sapidità.,"umami, un po' salato","umami, un po' salato",2018,C0F,TG_19
749,OK,"Il sapore del Grana Trentino DOP è dolce e sapido, con un umami marcato e una piccantezza media, sebbene l'umami possa risultare troppo evidente.","dolce sapido con umami marcato e piccantezza media, forse umami troppo evidente","dolce sapido con umami marcato e piccantecantezza media, forse umami troppo evidente",2018,C0F,TG_20
750,OK,Pizzica.,pizzica,pizzica,2018,C0F,TG_26
751,OK,Il sapore è leggermente salato e presenta una piccantezza moderata.,legg salato e piccante,legg salato e piccantecante,2018,C0N,TG_12
752,OK,"Il Grana Trentino DOP offre un sapore umami equilibrato, che si integra armoniosamente con le altre note gustative.",umami. equilibrato.,umami. equilibratorato.,2018,C0N,TG_13
753,OK,Il sapore presenta un leggero amaro che si avverte immediatamente.,leggero amaro da subito,leggero amaro da subito,2018,C0N,TG_19
754,OK,"La sapidità è elevata, con un umami ben presente e una piccantezza marcata.","sapidit' elevata, umami ok, piccantezza marcata","sapidit' elevata, umami ok, piccantecantezza marcata",2018,C0N,TG_20
755,OK,"Il Grana Trentino DOP si caratterizza per una sapidità ben presente, che arricchisce l'esperienza gustativa.",salato,salato,2018,C0N,TG_26
756,OK,Il sapore è caratterizzato da un leggero amaro.,leg amaro,leg amaro,2018,C0R,Q_09
757,OK,Il sapore è leggermente acido.,leggermente acido,leggermente acido,2018,C0R,TG_05
758,OK,Il sapore risulta squilibrato e salato.,"squilibrato, salato.","squilibrato, salato.",2018,C0R,TG_13
759,OK,"Il sapore è salato e presenta note di umami, con gusti non armonici e una leggera piccantezza finale.","salato, umami, gusti non armonici, leggera piccantezza finale","salato, umami, gusti non armonici, leggera piccantecantezza finale",2018,C0R,TG_19
760,OK,"Il Grana Trentino DOP mostra un equilibrio abbastanza bilanciato, con una sapidità ridotta che lo rende interessante.","abbastanza bilanciato, sapidit' ridotta","abbastanza bilanciato, sapidit' ridotta",2018,C0R,TG_20
761,OK,È pungente.,pungente,pungente,2018,C0R,TG_26
762,OK,Il sapore presenta una leggera acidità.,leggermente acido,leggermente acido,2018,C0E,TG_11
763,OK,"È salato, leggermente acido e leggermente umami.",salato;leggermente acido;leggermente umami,salato;leggermente acido;leggermente umami,2018,C0E,TG_05
764,OK,Si percepisce una nota dolce e un leggerissimo acidulo.,nota dolce e leggerissimo acidulo,nota dolce e leggerissimo acidulo,2018,C0E,TG_14
765,OK,Il sapore è troppo salato.,troppo sale,troppo sale,2018,C0E,TG_04
766,OK,Il sapore risulta un po' amaro.,un po' amaro,un po' amaro,2018,C0E,TG_19
767,OK,La piccantezza è elevata.,piccantezza elevata,piccantecantezza elevata,2018,C0E,TG_35
768,OK,L'umami è importante.,umami importante,umami importante,2018,C0E,TG_15
769,OK,È leggermente acido.,leggermento acido,leggermento acido,2018,C0G,TG_05
770,OK,"Il Grana Trentino DOP presenta una sapidità marcata, con un profilo gustativo salato ben definito.",salato,salato,2018,C0G,Q_09
771,OK,Presenta una punta di acidità e salato.,punta di acido;salato,punta di acido;salato,2018,C0G,TG_13
772,OK,Ha un sapore amaro e acido.,amaro acido,amaro acido,2018,C0G,Q_02
773,OK,"Il formaggio è amaro e acido, con un leggero sapore dolce, ma il sale è l'unico elemento che spicca.","amaro, acido. nulla spicca se non il sale, un pochetto dolce","amaro, acido. nulla spiccanteca se non il sale, un pochetto dolce",2018,C0G,TG_04
774,OK,"Il formaggio si distingue per una sapidità intensa, conferendo un gusto salato che caratterizza il palato.",salato,salato,2018,C0G,TG_26
775,OK,C'è una lieve piccantezza finale.,lieve piccantezza finale,lieve piccantecantezza finale,2018,C0G,TG_19
776,OK,Il formaggio risulta leggermente squilibrato sull'acido.,leggermente squilibrato sull'acido,leggermente squilibrato sull'acido,2018,C0G,TG_35
777,OK,Si percepisce un umami spiccato.,umami spiccato,umami spiccantecato,2018,C0G,TG_15
778,OK,È piccante e ha un sapore che ricorda la stalla.,piccante e credo sappia di stalla,piccantecante e credo sappia di stalla,2018,C0I,TG_11
779,OK,"Il formaggio presenta note di acido, salato e umami.",acido;salato;umami;,acido;salato;umami;,2018,C0I,TG_05
780,OK,"Si avverte un leggero sapore salato, umami e piccante.",leg salato umami piccante,leg salato umami piccantecante,2018,C0I,Q_09
781,OK,Il formaggio ha un sapore amaro.,amaro,amaro,2018,C0I,TG_14
782,OK,Il sapore del Grana Trentino DOP presenta una leggera piccantezza accompagnata da una sapidità marcata.,"punta di piccante, salato","punta di piccantecante, salato",2018,C0I,TG_13
783,OK,"Il formaggio mostra una tendenza al piccante, con un sapore complessivo di formaggio pronto.",tendente al piccante;formaggio pronto,tendente al piccantecante;formaggio pronto,2018,C0I,Q_02
784,OK,"Il sapore è caratterizzato da una sapidità eccessiva, con una carenza di umami, risultando non dolce e con una leggera amarezza.",salato eccessivo. vuoto di umami. non dolce. pure amaro,salato eccessivo. vuoto di umami. non dolce. pure amaro,2018,C0I,TG_04
785,OK,Il Grana Trentino DOP si presenta con una marcata piccantezza e sapidità.,piccante salato molto,piccantecante salato molto,2018,C0I,TG_26
786,OK,Il sapore è salato e presenta una leggera piccantezza.,"salato, piccante","salato, piccantecante",2018,C0I,TG_19
787,OK,"Il formaggio ha un sapore sapido, con una leggera piccantezza.","sapido, leggermente piccante","sapido, leggermente piccantecante",2018,C0I,TG_15
788,OK,Si percepisce un leggero amaro.,leg amaro,leg amaro,2018,C0L,Q_09
789,ILLEGGIBILE,,equilibrato,equilibratorato,2018,C0L,TG_13
790,OK,Nessun sapore domina.,nulla domina,nulla domina,2018,C0L,TG_04
791,OK,"Il sapore è salato e equilibrato, ma alla fine emerge una leggera amarezza.",salato equilibrato ma alla fine esce l-amaro,salato equilibratorato ma alla fine esce l-amaro,2018,C0L,TG_26
792,OK,"Il sapore è dolce, ma presenta una leggera carenza di sapidità.","dolce, quasi poco sapido","dolce, quasi poco sapido",2018,C0L,TG_19
793,OK,L'amarezza è prevalente nel sapore del formaggio.,amaro prevalente,amaro prevalente,2018,C0L,TG_35
794,ILLEGGIBILE,,equilibrato,equilibratorato,2018,C0L,TG_15
795,OK,Il formaggio presenta una leggera piccantezza.,leg piccante,leg piccantecante,2018,C0M,Q_09
796,OK,Il sapore tende all'acido e all'amaro.,tendente all'acido amaro,tendente all'acido amaro,2018,C0M,Q_02
797,OK,"Il sapore è caratterizzato da una leggera amarezza, con salato e piccante bassi, risultando povero e poco pieno, non dolce.","Amaro. salato e piccante bassi, ma povero , poco pieno, non dolce","Amaro. salato e piccantecante bassi, ma povero , poco pieno, non dolce",2018,C0M,TG_04
798,OK,Il sapore è eccessivamente salato.,salato troppo,salato troppo,2018,C0M,TG_26
799,OK,"Il sapore presenta umami, con una leggera piccantezza, ma scarsa persistenza.","umami, leggera piccantezza ma poco persistente","umami, leggera piccantecantezza ma poco persistente",2018,C0M,TG_19
800,OK,Il sapore è dominato dall'acido e dal salato.,predomina l-acido e il salato,predomina l-acido e il salato,2018,C0M,TG_35
801,ILLEGGIBILE,,equilibrato,equilibratorato,2018,C0M,TG_15
802,OK,Il formaggio è acido.,acida,acida,2018,C0O,TG_05
803,OK,"Il sapore del Grana Trentino DOP si presenta equilibrato, con una piccantezza evidente, accompagnata da una nota amarognola e una sapidità marcata.","piccante e amarognolo,  salato","piccantecante e amarognolo,  salato",2018,C0O,TG_14
804,OK,"Il sapore del Grana Trentino DOP si presenta lievemente astringente, contribuendo a un equilibrio gustativo interessante.",lievemente astringente;,lievemente astringente;,2018,C0O,TG_13
805,OK,"Il sapore è caratterizzato da una leggera piccantezza e amarezza, ma nel complesso risulta pieno e complesso.",un poco punente. Amaro. comunque sapore pieno,un poco punente. Amaro. comunque sapore pieno,2018,C0O,TG_04
806,OK,"Il sapore è salato e presenta una piccantezza marcata, con una leggera nota amarognola.",salato amaro piccante,salato amaro piccantecante,2018,C0O,TG_26
807,OK,"Il sapore del Grana Trentino DOP si presenta amaro e dolce, creando un'interessante armonia gustativa.","amaro, dolce","amaro, dolce",2018,C0O,TG_19
808,OK,"Il sapore è troppo piccante, risultando eccessivamente dominante.",troppo piccante,troppo piccantecante,2018,C0O,TG_35
809,OK,"Il sapore è un po' troppo sapido, ma mantiene una certa complessità.",un po- troppo sapido,un po- troppo sapido,2018,C0O,TG_15
810,OK,"Il Grana Trentino DOP offre un sapore salato, che si integra armoniosamente con le altre note gustative.",salato,salato,2018,C0A,TG_05
811,OK,"Il sapore è leggermente piccante, ma nel complesso risulta equilibrato.",leggermente piccante ma nel complesso equilibrato,leggermente piccantecante ma nel complesso equilibratorato,2018,C0A,TG_24
812,OK,"Il sapore è molto acido, contribuendo a una nota di freschezza.",molto acido,molto acido,2018,C0A,TG_14
813,OK,La piccantezza è evidente nel sapore del formaggio.,piccante evidente,piccantecante evidente,2018,C0A,TG_12
814,OK,"Il sapore è piccante e bruciante, con una salinità marcata.","piccante e bruciante, salato","piccantecante e bruciante, salato",2018,C0A,TG_13
815,OK,"Il sapore tende all'acido, creando un'interessante nota di freschezza.",tendente all'acido,tendente all'acido,2018,C0A,Q_02
816,OK,"Il sapore pizzica molto, evidenziando una piccantezza intensa.",pizzica tantissimo,pizzica tantissimo,2018,C0A,TG_26
817,OK,"La piccantezza è persistente, lasciando una nota duratura in bocca.",piccante persistente,piccantecante persistente,2018,C0A,TG_15
818,OK,"Il sapore è dolce, salato e presenta una piccantezza marcata.","dolce, salato, piccante","dolce, salato, piccantecante",2018,C0A,TG_19
819,OK,"Il sapore è leggermente acido e piccante, contribuendo a un equilibrio interessante.",leggermente acido e piccante,leggermente acido e piccantecante,2018,C0C,TG_05
820,OK,"Il sapore è unto e troppo sapido, risultando poco equilibrato.","unto, troppo sapido...","unto, troppo sapido...",2018,C0C,TG_24
821,OK,Si avverte un sapore acido.,acido,acido,2018,C0C,TG_14
822,OK,Il formaggio è piccante e salato.,"piccante, salato","piccantecante, salato",2018,C0C,TG_12
823,OK,Tende all'acido.,tendente all'acido,tendente all'acido,2018,C0C,Q_02
824,OK,È salatissimo.,salatissimo,salatissimo,2018,C0C,TG_26
825,OK,C'è un eccesso di sale e un sapore piccante.,"sale eccessivo, piccante","sale eccessivo, piccantecante",2018,C0C,TG_15
826,OK,"Il sapore è salato, con una nota di umami.","salato, umami","salato, umami",2018,C0C,TG_19
827,OK,È leggermente acido.,leggermente acido,leggermente acido,2018,C0D,TG_05
828,OK,"Si avverte una leggera piccantezza, salato e amarognolo.","leggermenete piccante, salato e amarognolo","leggermenete piccantecante, salato e amarognolo",2018,C0D,TG_24
829,OK,Il formaggio è acido.,acido,acido,2018,C0D,TG_13
830,OK,"Il sapore pizzica leggermente; nel complesso tende al positivo, anche se lascia una sensazione molto salata.","pizzica leggermente, nel complesso tende al positivo anche se lascia molto salato","pizzica leggermente, nel complesso tende al positivo anche se lascia molto salato",2018,C0D,TG_26
831,OK,Il sapore è molto sapido.,molto sapido,molto sapido,2018,C0D,TG_15
832,OK,Si percepiscono sapori salato e amaro.,"salato, amaro,","salato, amaro,",2018,C0D,TG_19
833,OK,Cotto.,cotto,cotto,2018,C0D,TG_11
834,OK,Amaro e umami.,amaro;umami,amaro;umami,2018,C0I,TG_05
835,CONFORME,"Il campione di Grana Trentino DOP presenta un equilibrio gustativo adeguato, senza predominanza di sapori.",medio equilibrio...,medio equilibratorio...,2018,C0I,TG_24
836,OK,"Umami leggermente accentuato, piccante praticamente nullo.",umami leggermente accentuato piccante praticamente nullo,umami leggermente accentuato piccantecante praticamente nullo,2018,C0I,TG_14
837,OK,Il sapore è salato.,salato,salato,2018,C0I,TG_12
838,OK,Tendente all'amaro.,tendente all'amaro,tendente all'amaro,2018,C0I,Q_02
839,OK,"Salato con un forte retrogusto di glutammato, molto negativo.",salato glutammato molto negativo,salato glutammato molto negativo,2018,C0I,TG_26
840,OK,"Il sapore del Grana Trentino DOP si presenta molto sapido, con una sapidità marcata che caratterizza il profilo gustativo.",molto sapida,molto sapida,2018,C0I,TG_15
841,OK,"Il Grana Trentino DOP presenta un sapore salato, con note di umami e una piccantezza marcata.","salato, umami, piccante","salato, umami, piccantecante",2018,C0I,TG_19
842,OK,Il sapore del Grana Trentino DOP si caratterizza per una leggera amarezza.,amaro,amaro,2018,C0M,TG_05
843,OK,"Il sapore è equilibrato, ma presenta un finale amarognolo e una sapidità forte.",equilibrato ma con finale amarognolo e sapidit' forte,equilibratorato ma con finale amarognolo e sapidit' forte,2018,C0M,TG_24
844,OK,"Il formaggio risulta un po' salato, con un accento di umami e una leggera acidità.",un po' salato con accento di umami e acido.,un po' salato con accento di umami e acido.,2018,C0M,TG_14
845,OK,Il Grana Trentino DOP si distingue per una dolcezza marcata.,dolce marcato,dolce marcato,2018,C0M,TG_12
846,OK,"Il sapore è acido, con una leggera piccantezza.","acido, leggermente piccante","acido, leggermente piccantecante",2018,C0M,TG_13
847,OK,Il formaggio tende al dolce.,tendente al dolce,tendente al dolce,2018,C0M,Q_02
848,OK,"Inizia molto dolce, per poi diventare salato con una leggera nota amarognola.",inizia molto dolce poi diventa salato leggermente amarognolo,inizia molto dolce poi diventa salato leggermente amarognolo,2018,C0M,TG_26
849,OK,"Presenta una dolcezza leggera con una nota piccante, ma è abbastanza equilibrato.",un po- dolce e nota piccante ma abbastanza equilibrato,un po- dolce e nota piccantecante ma abbastanza equilibratorato,2018,C0M,TG_15
850,OK,Il sapore è particolarmente dolce.,particolarmente dolce,particolarmente dolce,2018,C0M,TG_19
851,OK,Il Grana Trentino DOP ha un sapore umami.,brodo,umami,2018,C0M,TG_11
852,OK,"Il sapore è salato, con una piccantezza marcata.",salato;piccante,salato;piccantecante,2018,C0N,TG_05
853,OK,Il sapore è equilibrato con una leggera sapidità.,equilibrato con leggera sapidit',equilibratorato con leggera sapidit',2018,C0N,TG_24
854,OK,"La sapidità del Grana Trentino DOP è ben pronunciata, conferendo un gusto salato che arricchisce l'esperienza sensoriale.",salato,salato,2018,C0N,TG_12
855,OK,"Il sapore è sapido, coprendo altri sapori, con una nota amara finale.","sapido che copre altri sapori, nota amara finale","sapido che copre altri sapori, nota amara finale",2018,C0N,TG_15
856,OK,Il formaggio risulta leggermente salato.,leggermente salato,leggermente salato,2018,C0N,TG_19
857,OK,Molto cotto.,molto cotto,molto cotto,2018,C0N,TG_11
858,OK,Il sapore è piccante.,piccante,piccantecante,2018,C0A,Q_09
859,OK,Il sapore è salato e irrita le gengive.,"salato, irrita le gengive","salato, irrita le gengive",2018,C0A,TG_04
860,OK,"Il sapore è acido, con una piccantezza marcata.",acido;piccante,acido;piccantecante,2018,C0A,TG_05
861,OK,Acido.,acido,acido,2018,C0A,TG_11
862,OK,"Il sapore del Grana Trentino DOP si presenta leggermente piccante, con una piccantezza che si integra armoniosamente nel profilo gustativo.",leggermente piccante,leggermente piccantecante,2018,C0A,TG_13
863,OK,"Il sapore presenta piccantezza, sapidità e una nota amara.","piccante, salato, amaro","piccantecante, salato, amaro",2018,C0A,TG_19
864,OK,"Il sapore del Grana Trentino DOP si presenta sbilanciato, con una sapidità e un'amarezza predominanti.",salatissimo e amaro,salatissimo e amaro,2018,C0A,TG_26
865,OK,Il sapore del Grana Trentino DOP si presenta con una sapidità marcata.,salato,salato,2018,C0C,TG_04
866,OK,Il sapore del Grana Trentino DOP si presenta con una leggera piccantezza e una sapidità ben presente.,piccante leggermente;salato,piccantecante leggermente;salato,2018,C0C,TG_05
867,OK,Il sapore del Grana Trentino DOP si presenta con una sapidità intensa e una leggera acidità.,"molto salato, un po' acido","molto salato, un po' acido",2018,C0C,TG_19
868,OK,"Il sapore del Grana Trentino DOP si presenta poco equilibrato, con una dolcezza che non bilancia adeguatamente la sapidità.",dolce poco equilibrato il salato,dolce poco equilibratorato il salato,2018,C0C,TG_26
869,OK,Leggermente salato.,leg salato,leg salato,2018,C0G,Q_09
870,OK,"Il sapore del Grana Trentino DOP risulta scarno, privo di umami e di pienezza.","nessun sapore domina, ma  scarno, manca umami e pienezza","nessun sapore domina, ma  scarno, manca umami e pienezza",2018,C0G,TG_04
871,OK,Il sapore del Grana Trentino DOP si presenta con una leggera acidità.,acido leggermente,acido leggermente,2018,C0G,TG_05
872,OK,Il sapore del Grana Trentino DOP si presenta con una sapidità marcata.,salato,salato,2018,C0G,TG_11
873,OK,Il sapore del Grana Trentino DOP si presenta con note di umami e una sapidità ben definita.,"umami, salato","umami, salato",2018,C0G,TG_19
874,OK,"Il formaggio si caratterizza per una dolcezza delicata, che si sposa bene con le altre note gustative.",delicato,delicato,2018,C0M,Q_10
875,OK,"Il sapore del Grana Trentino DOP si presenta con un'amarezza predominante, priva di piccantezza e sapidità.","tanto amaro, non piccante non salato","tanto amaro, non piccantecante non salato",2018,C0M,TG_04
876,OK,Il sapore del Grana Trentino DOP si presenta con una leggera acidità e note di umami.,acido;umami,acido;umami,2018,C0M,TG_05
877,OK,Il sapore del Grana Trentino DOP si presenta con note di umami e una sapidità ben definita.,"umami, salato","umami, salato",2018,C0M,TG_19
878,OK,"Il sapore del Grana Trentino DOP inizia molto dolce, ma la sapidità e la piccantezza risultano sbilanciate.",inizia molto dolce ma salato e piccante sbilanciati,inizia molto dolce ma salato e piccantecante sbilanciati,2018,C0M,TG_26
879,OK,"Il sapore del Grana Trentino DOP presenta un certo equilibrio, con note dolci nel finale e una presenza di amarezza.","un certo equilibrio regna, anche dolce nel finale. amaro presente","un certo equilibratorio regna, anche dolce nel finale. amaro presente",2018,C0O,TG_04
880,OK,"Il sapore del Grana Trentino DOP risulta insipido, nonostante al naso sembrasse salato.","non ha sapore, anche se al naso sembrava salato","non ha sapore, anche se al naso sembrava salato",2018,C0O,TG_11
881,OK,Amaro fin da subito.,amaro da subito,amaro da subito,2018,C0O,TG_19
882,OK,Umami e salato molto forti.,umami e salato molto forte,umami e salato molto forte,2018,C0O,TG_26
883,OK,"Piccante, acido, salato e umami, soprattutto in una porzione.","piccante, acido , salto, umami;soprattutto in una porzione","piccantecante, acido , salto, umami;soprattutto in una porzione",2018,C0Q,Q_02
884,OK,Piccante.,piccante,piccantecante,2018,C0Q,Q_09
885,OK,"Il sapore del Grana Trentino DOP risulta eccessivamente salato, compromettendo la percezione degli altri sapori del formaggio.","troppo salato,  rovina la percezione del resto del formaggio","troppo salato,  rovina la percezione del resto del formaggio",2018,C0Q,Q_10
886,OK,"Sale, sale, sale. Acidità elevata, squilibrato.","sale, sale, sale. acidita' elevata. Squilibrato","sale, sale, sale. acidita' elevata. Squilibrato",2018,C0Q,TG_04
887,OK,Acido.,acido,acido,2018,C0Q,TG_05
888,OK,Salato e umami.,"salato, umami,","salato, umami,",2018,C0Q,TG_19
889,OK,"Salato, immangiabile.",salato immangiabile,salato immangiabile,2018,C0Q,TG_26
890,OK,Salato.,salato,salato,2018,C0A,Q_09
891,OK,Salato.,salato,salato,2018,C0A,TG_04
892,OK,"Il sapore presenta note di tostato, richiamando un retrogusto di formaggio vecchio.",sa di @vecchio@,sa di @vecchio@,2018,C0A,TG_11
893,OK,Leggermente acidulo.,legermente acidulo,legermente acidulo,2018,C0A,TG_14
894,OK,"Umami, salato e piccante.","umami, salato, piccante","umami, salato, piccantecante",2018,C0A,TG_19
895,OK,"Il Grana Trentino DOP offre un sapore dolce e sapido, con un retrogusto amaro che arricchisce l'esperienza gustativa.",dolce sapido con retrogusto amaro,dolce sapido con retrogusto amaro,2018,C0A,TG_20
896,CONFORME,"Il campione di Grana Trentino DOP mostra un equilibrio gustativo soddisfacente, senza eccessi.",medio equilibrio,medio equilibratorio,2018,C0A,TG_24
897,OK,"Il formaggio ha un sapore dolce che pizzica, non tipico del grana.",dolce pizzica unpo- non tipico del grana,dolce pizzica unpo- non tipiccanteo del grana,2018,C0A,TG_26
898,OK,"Percepisco un sapore dolce, ma è anche pungente; non è chiaro se sia piccante o salato, penso sia piccante.","percepisco anche il dolce, peccato sia pungente, non chiaro se piccante o di sale. penso piccante","percepisco anche il dolce, peccato sia pungente, non chiaro se piccantecante o di sale. penso piccantecante",2018,C0C,TG_04
899,OK,"Non è piccante, ma ha un leggero retrogusto amaro.",non piccante leggermente amaro,non piccantecante leggermente amaro,2018,C0C,TG_14
900,OK,"La dolcezza del Grana Trentino DOP è buona, con una sapidità contenuta e un buon equilibrio, risultando poco piccante.","dolcezza buona con contenuta sapidfit', buon equilibrio, poco piccante","dolcezza buona con contenuta sapidfit', buon equilibratorio, poco piccantecante",2018,C0C,TG_20
901,OK,"Il sapore del Grana Trentino DOP si presenta equilibrato, con note dolci piacevoli.",equilibrio medio con note anche dolci piacevoli,equilibratorio medio con note anche dolci piacevoli,2018,C0C,TG_24
902,OK,"Il sapore non è equilibrato, è troppo salato.",non equilibrato troppo salato,non equilibratorato troppo salato,2018,C0C,TG_26
903,OK,Il sapore presenta una leggera nota amara.,leggero amaro,leggero amaro,2018,C0D,Q_09
904,OK,"Il sapore è privo di eccessi, con una leggera amarezza e senza dolcezza netta.",nessun eccesso. amaro ma leggero. non dolce netto,nessun eccesso. amaro ma leggero. non dolce netto,2018,C0D,TG_04
905,OK,Il sapore è caratterizzato da umami e una dolcezza contenuta.,"umami, poco dolce","umami, poco dolce",2018,C0D,TG_19
906,OK,"La dolcezza è importante, con sapidità e umami contenuti, accompagnati da una lieve nota rinfrescante e poca piccantezza.","dolcezza importante, sapidit' e umami contenuti, lieve nota rinfrescante, poco piccante","dolcezza importante, sapidit' e umami contenuti, lieve nota rinfrescante, poco piccantecante",2018,C0D,TG_20
907,OK,Il formaggio è equilibrato e presenta note di umami.,"equilibrato, umami...","equilibratorato, umami...",2018,C0D,TG_24
908,OK,Il sapore tende all'acido.,TENDENTE ALL'ACIDO,TENDENTE ALL'ACIDO,2018,C0H,Q_02
909,OK,Non si percepisce un sapore prevalente.,nessun sapore prevalente,nessun sapore prevalente,2018,C0H,TG_04
910,OK,Manca la sapidità.,manca il salato,manca il salato,2018,C0H,TG_11
911,OK,Il sapore presenta una leggera piccantezza.,legg piccante,legg piccantecante,2018,C0H,TG_12
912,OK,Il sapore è caratterizzato da una nota amara.,amaro,amaro,2018,C0H,TG_14
913,OK,"Il sapore è dolce e sapido, con una lieve nota amara e astringente.","dolce sapido con lieve nota amara, lieve astringenza","dolce sapido con lieve nota amara, lieve astringenza",2018,C0H,TG_20
914,OK,"Il Grana Trentino DOP si presenta con un profilo equilibrato, in cui le diverse note gustative si armonizzano.",equuilibrato....,equuilibrato....,2018,C0H,TG_24
915,OK,Il sapore salato e piccante non sono equilibrati.,salato e piccante non equilibrati,salato e piccantecante non equilibratorati,2018,C0H,TG_26
916,OK,Il sapore presenta una nota amara.,amaro,amaro,2018,C0N,Q_09
917,OK,"Il sapore è pieno e complesso, con una leggera salinità.","sapore pieno, complesso, appena un po' salato","sapore pieno, complesso, appena un po' salato",2018,C0N,TG_04
918,OK,Si tratta di un formaggio cotto.,formaggio cotto,formaggio cotto,2018,C0N,TG_11
919,OK,Il sapore presenta una leggera dolcezza.,legg dolce,legg dolce,2018,C0N,TG_12
920,OK,Il formaggio è equilibrato.,equilibrato,equilibratorato,2018,C0N,TG_13
921,OK,Sono percepibili note di amaro e umami.,amaro e umami percepibili,amaro e umami percepibili,2018,C0N,TG_14
922,OK,Il sapore è amaro e dolce.,"amaro, dolce","amaro, dolce",2018,C0N,TG_19
923,OK,"La sapidità e l'umami sono accentuati, con una lieve nota acida e una piccantezza quasi bruciante.","sapidit' e umami accentuati, lieve nota acida, piccante quasi bruciante","sapidit' e umami accentuati, lieve nota acida, piccantecante quasi bruciante",2018,C0N,TG_20
924,OK,Il formaggio presenta una leggera piccantezza e un finale amaro.,leggermente piccante e amaro nel finale,leggermente piccantecante e amaro nel finale,2018,C0N,TG_24
925,OK,"Il formaggio ha una dolcezza molto pronunciata, che si fa apprezzare nel complesso del suo sapore.",molto dolce,molto dolce,2018,C0N,TG_26
926,OK,Tende all'amaro e all'acido.,TENDENTE ALL'AMARO ACIDO,TENDENTE ALL'AMARO ACIDO,2018,C0Q,Q_02
927,OK,Il formaggio è salato.,salato,salato,2018,C0Q,Q_09
928,OK,"È salato, ma il dolce è assente.","salato, dolce assente","salato, dolce assente",2018,C0Q,TG_04
929,OK,Il formaggio è salato.,salato,salato,2018,C0Q,TG_11
930,OK,Il formaggio è salato.,salato,salato,2018,C0Q,TG_12
931,OK,Ha un leggero sapore acido e piccante.,legg acido e piccante,legg acido e piccantecante,2018,C0Q,TG_13
932,OK,Il formaggio risulta leggermente troppo salato.,leggermente troppo salato,leggermente troppo salato,2018,C0Q,TG_14
933,OK,"Il formaggio è salato, con una leggera piccantezza.","salato, leggermente piccante","salato, leggermente piccantecante",2018,C0Q,TG_19
934,OK,"Il sapore è abbastanza equilibrato, con un buon umami e una sapidità contenuta.","abbastanza equilibrato, buon umami con sapidit' contenuta","abbastanza equilibratorato, buon umami con sapidit' contenuta",2018,C0Q,TG_20
935,OK,Il formaggio è leggermente piccante e salato.,leggermente piccante e salato,leggermente piccantecante e salato,2018,C0Q,TG_24
936,OK,Il formaggio presenta una piccantezza marcata.,piccante,piccantecante,2018,C0H,Q_09
937,OK,"Il sapore è pieno, con una dolcezza presente, un sale leggermente eccessivo e una piccantezza contenuta, senza note amare.",sapore pieno . Anche dolce. Sale un pochetto eccesivo. poco piccante. niente amaro,sapore pieno . Anche dolce. Sale un pochetto eccesivo. poco piccantecante. niente amaro,2018,C0H,TG_04
938,OK,Il formaggio è leggermente salato e piccante.,leggermente salato e piccante,leggermente salato e piccantecante,2018,C0H,TG_13
939,OK,"Il sapore è dolce e sapido, con un umami medio e una piccantezza contenuta, risultando abbastanza equilibrato.","dolce sapido, umami medio, poco piccante, abbastanza equilibrato","dolce sapido, umami medio, poco piccantecante, abbastanza equilibratorato",2018,C0H,TG_20
940,OK,"Il sapore è dolce e equilibrato, con una piccantezza che pizzica nel giusto modo.",dolce equilibrato pizzica il giusto,dolce equilibratorato pizzica il giusto,2018,C0H,TG_26
941,ILLEGGIBILE,,equilibrato,equilibratorato,2018,C0H,TG_35
942,OK,"Il sapore del Grana Trentino DOP si presenta equilibrato, con una leggera acidità.",leggermente acido,leggermente acido,2018,C0N,Q_02
943,OK,"Presenta un leggero sapore amaro, acido e piccante, lasciando un retrogusto acre in gola.",leg amaro leg acido e piccante (lascia leggero acre in gola),leg amaro leg acido e piccantecante (lascia leggero acre in gola),2018,C0N,Q_09
944,OK,"Il sapore è pungente, con una marcata sapidità e una leggera piccantezza, mentre la dolcezza non è percepita.","pungente di sale e o piccantino, l-insieme eccede. dolce non percepito","pungente di sale e o piccantecantino, l-insieme eccede. dolce non percepito",2018,C0N,TG_04
945,OK,Il formaggio è insapore.,insapore,insapore,2018,C0N,TG_13
946,OK,"La dolcezza è evidente, con una sapidità moderata e una piccantezza contenuta, accompagnata da un umami marcato.","dolcezza evidente, poco salato, poco piccante, umami marcato","dolcezza evidente, poco salato, poco piccantecante, umami marcato",2018,C0N,TG_20
947,OK,Il sapore si presenta equilibrato e dolce.,equilibrato dolce,equilibratorato dolce,2018,C0N,TG_26
948,OK,"Il sapore è equilibrato, con una dolcezza spiccata.",equilibrato spicca la dolcezza,equilibratorato spiccanteca la dolcezza,2018,C0N,TG_35
949,OK,Il sapore è piccante.,piccante,piccantecante,2018,C0Q,Q_09
950,OK,"La sapidità è oltremodo marcata, con una sensazione di bruciore nelle mucose.","salato oltremodo, irrita le mucose","salato oltremodo, irrita le mucose",2018,C0Q,TG_04
951,OK,"Il sapore è salato, con una nota quasi bruciante.","salato, quasi bruciante","salato, quasi bruciante",2018,C0Q,TG_13
952,OK,Il sapore è salato e presenta una leggera piccantezza.,salato e piccante,salato e piccantecante,2018,C0Q,TG_14
953,OK,"Il sapore è caratterizzato da umami, salato e una leggera piccantezza.","umami, salato, leggero piccante","umami, salato, leggero piccantecante",2018,C0Q,TG_19
954,OK,"Il sapore è dolce e sapido, con un buon umami e una piccantezza contenuta.","dolce sapido, buon umami, piccantezza contenuta","dolce sapido, buon umami, piccantecantezza contenuta",2018,C0Q,TG_20
955,OK,Il sapore è dolce ma la piccantezza non è equilibrata.,dolce ma piccante non equilibrato,dolce ma piccantecante non equilibratorato,2018,C0Q,TG_26
956,OK,La sapidità è eccessiva.,sapidit' eccessiva,sapidit' eccessiva,2018,C0Q,TG_35
957,OK,"Il sapore è amaro e piccante, con una persistenza marcata.",amaro piccante persistente,amaro piccantecante persistente,2018,C0D,Q_02
958,OK,"Il sapore non è dolce, presenta amarezza e risulta poco complesso e rotondo, senza eccessi.","non dolce. Amaro. Poco complesso e rotondo, ma senza eccessi","non dolce. Amaro. Poco complesso e rotondo, ma senza eccessi",2018,C0D,TG_04
959,OK,"Il sapore è salato, umami e piccante, ben equilibrato.",salato umami e piccante ben equilibrato,salato umami e piccantecante ben equilibratorato,2018,C0D,TG_08
960,OK,Si nota la crosta di formaggio.,crosta di formaggio,crosta di formaggio,2018,C0D,TG_11
961,ILLEGGIBILE,,equilibrato,equilibratorato,2018,C0D,TG_15
962,OK,"Il sapore del Grana Trentino DOP si presenta tendenzialmente dolce con sapidità media, umami contenuto e poco piccante.","tendenzialmente dolce con sapadit' media, umami contenuto, poco piccante","tendenzialmente dolce con sapadit' media, umami contenuto, poco piccantecante",2018,C0D,TG_20
963,OK,Ha un'eccessiva sapidità e un sapore acidulo.,sapidit' eccessiva e acidulo,sapidit' eccessiva e acidulo,2018,C0D,TG_24
964,OK,Il formaggio ha un sapore acido e amaro.,acido amaro,acido amaro,2018,C0D,TG_26
965,OK,Il sapore tende all'amaro piccante.,tendente all'amaro piccante,tendente all'amaro piccantecante,2018,C0E,Q_02
966,OK,Si percepisce un leggero amaro e un'acidità in gola.,leggermente amaro e acre in gola,leggermente amaro e acre in gola,2018,C0E,Q_09
967,OK,"Il sapore del Grana Trentino DOP si presenta pungente per sale più che per piccante, non amaro, non dolce e con poco umami.","pungente per sale piu' che per piccante. non amaro, non dolce, poco umami. scarno","pungente per sale piu' che per piccantecante. non amaro, non dolce, poco umami. scarno",2018,C0E,TG_04
968,OK,Il sapore del Grana Trentino DOP si percepisce con acidità e leggermente piccante alla fine.,si percepisce acidita-;leggermente piccante alla fine,si percepisce acidita-;leggermente piccantecante alla fine,2018,C0E,TG_05
969,OK,"Il sapore del Grana Trentino DOP si presenta salato, umami e piccante.",SALATO  UMAMI  PICCANTE,SALATO  UMAMI  piccanteCANTE,2018,C0E,TG_08
970,OK,Presenta una crosta di formaggio.,crosta di formaggio,crosta di formaggio,2018,C0E,TG_11
971,OK,L'umami è troppo forte e il sale è poco.,"umami troppo forte, poco sale","umami troppo forte, poco sale",2018,C0E,TG_15
972,OK,"Il sapore del Grana Trentino DOP è dolce e sapido con piccantezza media e una nota amara, forse lieve acidità.","dolce sapido con piccantezza media e nota amara, forse lieve acidit'","dolce sapido con piccantecantezza media e nota amara, forse lieve acidit'",2018,C0E,TG_20
973,OK,Il sapore del Grana Trentino DOP è equilibrato con note dolci piacevoli all'inizio e finale un po' acidulo.,equilibrato con note anche dolci piacevoli all-inizio e finale un po- acidulo...,equilibratorato con note anche dolci piacevoli all-inizio e finale un po- acidulo...,2018,C0E,TG_24
974,OK,Il sapore del Grana Trentino DOP si presenta salato e piccante.,salato e piccante,salato e piccantecante,2018,C0E,TG_26
975,OK,Tende all'acido.,tendende all'acido,tendende all'acido,2018,C0G,Q_02
976,OK,Il sapore del Grana Trentino DOP è caratterizzato da un leggerissimo amaro.,leggerissimo amaro,leggerissimo amaro,2018,C0G,Q_09
977,OK,"Il sapore del Grana Trentino DOP presenta un amaro leggermente percepito, nel complesso equilibrato e appena un po' salato.","amaro leggerm. percepito. nel complesso equilibrato, appena un po' salato","amaro leggerm. percepito. nel complesso equilibratorato, appena un po' salato",2018,C0G,TG_04
978,OK,È salato e acido.,salato;acido,salato;acido,2018,C0G,TG_05
979,OK,"Manca di salinità e piccantezza, con un po' di umami.","senza salinit' e piccante, un p; di umami","senza salinit' e piccantecante, un p; di umami",2018,C0G,TG_08
980,OK,Si avvertono note di latte e burro.,latte e burro,latte e burro,2018,C0G,TG_11
981,OK,"Il sapore del Grana Trentino DOP si presenta equilibrato, con una dolcezza leggermente prevalente, gradevole e armonica.",dolce prevale leggermente comunque gradevole ed equilibrato,dolce prevale leggermente comunque gradevole ed equilibratorato,2018,C0G,TG_15
982,OK,"Ha una sapidità spiccata con buon umami e piccantezza evidente, ma non è molto bilanciato.","sapidit' spiccata con buon umami e piccantezza evidente, non molto bilanciato","sapidit' spiccantecata con buon umami e piccantecantezza evidente, non molto bilanciato",2018,C0G,TG_20
983,OK,"Il Grana Trentino DOP è equilibrato e pieno, con una complessità gustativa che arricchisce ogni assaggio.","equilibrato, pieno..","equilibratorato, pieno..",2018,C0G,TG_24
984,OK,"È dolce, con un leggero sbilanciamento tra umami e salato.","dolce, legg sbilanciato umami e salato","dolce, legg sbilanciato umami e salato",2018,C0G,TG_26
985,OK,"Il sapore del Grana Trentino DOP mostra una sapidità media, con una piccantezza marcata e un buon umami.","sapidit' media, piccantezza marcata, buon umami","sapidit' media, piccantecantezza marcata, buon umami",2018,C0D,TG_20
986,OK,"Il formaggio si distingue per un equilibrio gustativo, con una combinazione di sapori ben bilanciata.",equilibrato,equilibratorato,2018,C0D,TG_35
987,OK,"È saporito, con salato e umami adeguati, mentre la piccantezza è praticamente assente.","saporito, salato e uamai adeguati, piccante praticamente assente","saporito, salato e uamai adeguati, piccantecante praticamente assente",2018,C0D,TG_14
988,OK,È salato.,salato,salato,2018,C0D,Q_09
989,OK,"Il sapore del Grana Trentino DOP si presenta equilibrato, con una dolcezza assente e una leggera sapidità.","non direi dolce, ma il resto  equilibrato, senza umami","non direi dolce, ma il resto  equilibratorato, senza umami",2018,C0D,TG_04
990,OK,Il sapore del Grana Trentino DOP mostra una leggera prevalenza di sapidità e umami.,leggermente prevalenti salato e umami,leggermente prevalenti salato e umami,2018,C0D,TG_19
991,OK,È molto amaro.,molto amaro,molto amaro,2018,C0D,TG_26
992,OK,"Il sapore del Grana Trentino DOP è ben bilanciato, con un sentore di formaggio cotto.","buon bilanciamento, sentore di formaggio cotto","buon bilanciamento, sentore di formaggio cotto",2018,C0D,TG_11
993,OK,È dolce.,dolce;,dolce;,2018,C0D,TG_05
994,OK,"Il sapore del Grana Trentino DOP presenta una sapidità bassa, una dolcezza elevata e una piccantezza bassa, risultando nel complesso un po' scarico.","sapidit' bassa, dolcezza elevata, piccantezza bassa, umami basso, nel complesso un po scarico","sapidit' bassa, dolcezza elevata, piccantecantezza bassa, umami basso, nel complesso un po scarico",2018,C0H,TG_20
995,OK,È un po' troppo acido con un leggero piccante.,un po troppo acido con leggero piccante,un po troppo acido con leggero piccantecante,2018,C0H,TG_35
996,OK,"Il sapore del Grana Trentino DOP mostra un buon equilibrio di sapori, con una piccantezza leggera.","buon equilibrio di sapori, piccante leggero","buon equilibratorio di sapori, piccantecante leggero",2018,C0H,TG_14
997,OK,È leggermente salato.,leg salato,leg salato,2018,C0H,Q_09
998,OK,È leggermente salato.,legg salato,legg salato,2018,C0H,TG_12
999,OK,"Il sapore del Grana Trentino DOP si presenta equilibrato, con una leggera sapidità.","equilibrato, poco salato","equilibratorato, poco salato",2018,C0H,TG_13
1000,OK,"Il sapore del Grana Trentino DOP non presenta note prevalenti, con tutte le caratteristiche gustative, inclusa una leggera dolcezza.","nessuna nota prevalente, tutte presenti. anche dolce","nessuna nota prevalente, tutte presenti. anche dolce",2018,C0H,TG_04
1001,OK,Il sapore del Grana Trentino DOP è un po' salato.,un po' salato,un po' salato,2018,C0H,TG_19
1002,OK,Il sapore del Grana Trentino DOP è dolce e pizzica leggermente.,dolce pizzica leggermente,dolce pizzica leggermente,2018,C0H,TG_26
1003,OK,È scarso di sale e ha un sapore di formaggio cotto.,"scarso di sale, formaggio cotto","scarso di sale, formaggio cotto",2018,C0H,TG_11
1004,OK,"Il sapore del Grana Trentino DOP presenta umami, leggermente piccante e acido.",umami;leggermente piccante;acido;,umami;leggermente piccantecante;acido;,2018,C0H,TG_05
1005,OK,"Il sapore del Grana Trentino DOP è dolce, sapido, con buon umami e piccantezza contenuta.","dolce sapido, buon umami, piccantezza contenuta","dolce sapido, buon umami, piccantecantezza contenuta",2018,C0L,TG_20
1006,OK,"Il sapore del Grana Trentino DOP è equilibrato, ma con una nota acida iniziale.","ecquilibrato, ma con una nota acida iniziale","equilibrato, ma con una nota acida iniziale",2018,C0L,TG_35
1007,OK,Il sapore del Grana Trentino DOP presenta umami accentuato e leggermente piccante.,"umami accenutato, e leggermete piccante","umami accenutato, e leggermete piccantecante",2018,C0L,TG_14
1008,OK,Il Grana Trentino DOP presenta una dolcezza che si integra perfettamente con le sue note salate.,dolce,dolce,2018,C0L,TG_13
1009,OK,"Il sapore del Grana Trentino DOP non è dolce, non è amaro, il resto è bene presente, con poco umami.",non dolce. non amaro. il resto bene presente. poco umami. f,non dolce. non amaro. il resto bene presente. poco umami. f,2018,C0L,TG_04
1010,OK,"Il sapore del Grana Trentino DOP presenta un po' di acido iniziale, poi dolciastro, alla fine esce anche un po' di amaro.","un po' di acido iniziale, poi dolciastro, alla fine esce anche un po' di amaro","un po' di acido iniziale, poi dolciastro, alla fine esce anche un po' di amaro",2018,C0L,TG_19
1011,OK,Il sapore del Grana Trentino DOP è piccante.,piccante,piccantecante,2018,C0L,TG_26
1012,OK,Il sapore del Grana Trentino DOP si presenta piccante.,piccante,piccantecante,2018,C0L,TG_11
1013,OK,Il sapore del Grana Trentino DOP è piccante e salato.,piccante;salato;,piccantecante;salato;,2018,C0L,TG_05
1014,OK,"Il sapore presenta una sapidità contenuta, un umami marcato, poca piccantezza e poco equilibrio.","sapidit' contenuta, umami marcato, poco piccante, poco equilibrio","sapidit' contenuta, umami marcato, poco piccantecante, poco equilibratorio",2018,C0M,TG_20
1015,OK,Il sapore è equilibrato con una leggera nota piccante.,Equilibrato con leggera nota piccante,equilibratorato con leggera nota piccantecante,2018,C0M,TG_35
1016,OK,"I sapori sono in equilibrio, con solo una piccola punta di amaro in coda, sembra poco stagionato.","sapori in equilibrio, con solo una piccola punta di amaro in coda, sembra poco stagionato","sapori in equilibratorio, con solo una piccantecola punta di amaro in coda, sembra poco stagionato",2018,C0M,TG_14
1017,OK,Il sapore è caratterizzato da una leggera nota amara e salata.,leg amaro e salato,leg amaro e salato,2018,C0M,Q_09
1018,OK,Il sapore è leggermente salato.,legg salato,legg salato,2018,C0M,TG_12
1019,OK,Il sapore è dolce con poco sale.,"dolce, poco sale","dolce, poco sale",2018,C0M,TG_13
1020,OK,"Il sapore è piccante, con gusto pieno. La consistenza facilita l'adesione al palato e esalta i gusti.",Piccante. gusto pieno. la consistenza facilita l-adesione al palato e esalta i gusti,piccantecante. gusto pieno. la consistenza facilita l-adesione al palato e esalta i gusti,2018,C0M,TG_04
1021,OK,"Il sapore del Grana Trentino DOP presenta un umami marcato, accompagnato da una leggera amarezza finale.",umami e leggero amaro finale,umami e leggero amaro finale,2018,C0M,TG_19
1022,OK,È piccante.,piccante,piccantecante,2018,C0M,TG_26
1023,OK,"Il formaggio offre un buon bilanciamento di sale, che contribuisce a un'esperienza gustativa piacevole.",buon bilanciamento di sale,buon bilanciamento di sale,2018,C0M,TG_11
1024,OK,Il formaggio ha un sapore acido.,acido,acido,2018,C0M,TG_05
1025,OK,"Il sapore è dolce, ma presenta una scarsa sapidità, una bassa piccantezza e un umami poco pronunciato.","dolce, scarsa sapidit', scarsa piccantezza, basso umami","dolce, scarsa sapidit', scarsa piccantecantezza, basso umami",2018,C0Q,TG_20
1026,OK,"Il sapore è equilibrato, con una leggera piccantezza.",Equilibrato con leggera picantezza,equilibratorato con leggera piccanteantezza,2018,C0Q,TG_35
1027,OK,"Il sapore è acido e piccante, con una sapidità e un umami nella norma.","acido e piccante, salato e umami nella norma","acido e piccantecante, salato e umami nella norma",2018,C0Q,TG_14
1028,OK,"La sapidità del Grana Trentino DOP è ben evidente, conferendo un gusto salato che arricchisce il palato.",salato,salato,2018,C0Q,Q_09
1029,OK,"Il sapore è salato, con una leggera piccantezza.","salato, leggermente piccante","salato, leggermente piccantecante",2018,C0Q,TG_13
1030,OK,"Il sapore non è dolce, risulta essenziale e non squilibrato, con poco umami.","non dolce. essenziale non squilibrato, poco umami","non dolce. essenziale non squilibrato, poco umami",2018,C0Q,TG_04
1031,OK,Prevalgono un po' il salato e l'acido nel sapore.,prevalgono un po' il salato e l'acido,prevalgono un po' il salato e l'acido,2018,C0Q,TG_19
1032,OK,"Il sapore non è equilibrato, con una predominanza di salato e piccante.",non equilibrato salato e piccante,non equilibratorato salato e piccantecante,2018,C0Q,TG_26
1033,OK,Il sapore presenta note di panna e burro.,panna e burro,panna e burro,2018,C0Q,TG_11
1034,OK,"Il sapore è acido, umami e leggermente piccante.",acido;umami;leggermente piccante,acido;umami;leggermente piccantecante,2018,C0Q,TG_05
1035,OK,"Il sapore presenta un umami marcato, ma risulta poco equilibrato.","umami marcato, poco equilibrato","umami marcato, poco equilibratorato",2018,C0R,TG_20
1036,OK,Il Grana Trentino DOP si presenta con un equilibrio gustativo che rende ogni assaggio armonioso.,Equilibrato,equilibratorato,2018,C0R,TG_35
1037,OK,"I gusti sono poco accentuati, risultando nell'insieme blandi.","gusti poco accentuati, nell'insieme blando","gusti poco accentuati, nell'insieme blando",2018,C0R,TG_14
1038,OK,Il sapore è leggermente salato.,leg salato,leg salato,2018,C0R,Q_09
1039,OK,"Il sapore è pungente, con una leggera nota amara.","pungente, anche amaro","pungente, anche amaro",2018,C0R,TG_04
1040,OK,Il sapore presenta note di panna.,panna,panna,2018,C0R,TG_11
1041,OK,"Il sapore è dolce, leggermente piccante, con una nota umami.",dolce;leggermente piccante;umami;,dolce;leggermente piccantecante;umami;,2018,C0R,TG_05
1042,OK,"Il sapore del Grana Trentino DOP è caratterizzato da una dolcezza sapida, un umami medio e una piccantezza poco marcata.","dolce sapido, umami medio, poco piccante","dolce sapido, umami medio, poco piccantecante",2018,C0A,TG_20
1043,OK,Il sapore è solo leggermente piccante.,solo legermente piccante,solo legermente piccantecante,2018,C0A,TG_14
1044,OK,"Il sapore è inizialmente dolce, ma successivamente risulta sbilanciato tra salato e piccante.",inizialmente dolce ma dopo non equilibrato il salato e il piccante,inizialmente dolce ma dopo non equilibratorato il salato e il piccantecante,2018,C0A,TG_26
1045,OK,"Il sapore è equilibrato, con una dolcezza evidente e una punta di piccantezza.","equilibrato, dolce. punta di piccante","equilibratorato, dolce. punta di piccantecante",2018,C0A,TG_13
1046,OK,Il sapore presenta una piccantezza forte.,piccante FORTE,piccantecante FORTE,2018,C0A,Q_02
1047,OK,"Si avverte un leggero amaro, ma non persistente.",leggero amaro non persistente,leggero amaro non persistente,2018,C0A,TG_19
1048,OK,"Il sapore è acido, amaro e leggermente piccante.",acido;amaro;leggermente piccante;,acido;amaro;leggermente piccantecante;,2018,C0A,TG_05
1049,OK,Il sapore è pungente a causa del sale.,pungente per sale,pungente per sale,2018,C0A,TG_04
1050,OK,Il sapore è piccante.,piccante,piccantecante,2018,C0A,TG_11
1051,OK,Si percepisce una lieve nota amara.,lieve nota amara,lieve nota amara,2018,C0C,TG_20
1052,OK,"Il sapore è molto salato e acido, con una punta di piccantezza.",molto salato e acido con una punta di piccante,molto salato e acido con una punta di piccantecante,2018,C0C,TG_14
1053,OK,"Il formaggio ha una sapidità ben definita, che contribuisce a un gusto salato e apprezzabile.",salato,salato,2018,C0C,Q_09
1054,OK,Il sapore non è equilibrato e risulta salato.,non equilibrato salato,non equilibratorato salato,2018,C0C,TG_26
1055,OK,"Il sapore è acido, con una intensità moderata o forte, e una piccantezza forte.",acido MODERATO/FORTE;piccante FORTE,acido MODERATO/FORTE;piccantecante FORTE,2018,C0C,Q_02
1056,OK,"Il sapore è salato, con una leggera prevalenza di umami.",salato e umami leggermente prevalenti,salato e umami leggermente prevalenti,2018,C0C,TG_19
1057,OK,Si avverte una leggera acidità e salinità.,leggermente acido;salato;,leggermente acido;salato;,2018,C0C,TG_05
1058,OK,"C'è troppo sale, peccato perché il gusto sarebbe molto pieno.",troppo sale. peccato perch[ il gusto sarebbe molto pieno,troppo sale. peccato perch[ il gusto sarebbe molto pieno,2018,C0C,TG_04
1059,OK,Il sapore è piuttosto neutro.,piuttosto neutro,piuttosto neutro,2018,C0C,TG_11
1060,OK,Il sapore è eccessivamente sapido.,eccessivamente sapido,eccessivamente sapido,2018,C0F,TG_20
1061,OK,Ha un leggero sapore salato.,leg salato,leg salato,2018,C0F,Q_09
1062,OK,"Il sapore non è equilibrato, è troppo salato.",non equilibrato salato,non equilibratorato salato,2018,C0F,TG_26
1063,OK,Il sapore è leggermente piccante e salato.,"leggermente piccante, salato","leggermente piccantecante, salato",2018,C0F,TG_13
1064,OK,Il sapore è piccante FORTE.,Piccante FORTE,piccantecante FORTE,2018,C0F,Q_02
1065,OK,"Il sapore è salato, acido e alla fine anche un po' amaro.","salato, acido e alla fine anche un po' amaro","salato, acido e alla fine anche un po' amaro",2018,C0F,TG_19
1066,OK,Presenta note di acidità e umami.,acido;umami;,acido;umami;,2018,C0F,TG_05
1067,OK,"Il piccante è assente, l'umami è poco presente e il complesso non è equilibrato, non è dolce.",piccante assente. pococ umami. nele complesso equilibrato. non dolce,piccantecante assente. pococ umami. nele complesso equilibratorato. non dolce,2018,C0F,TG_04
1068,OK,Il formaggio ha un sapore acido.,acido,acido,2018,C0F,TG_11
1069,OK,"Il sapore è dolce, sapido ed equilibrato, con umami e piccantezza ok, lieve acidità.","dolce sapido equilibrato, umami ok, piccantezza ok, lieve acidit'","dolce sapido equilibratorato, umami ok, piccantecantezza ok, lieve acidit'",2018,C0G,TG_20
1070,OK,"Il sapore è salato, un po' acido e leggermente piccante.","salato, un po- acido, e leggermete piccante","salato, un po- acido, e leggermete piccantecante",2018,C0G,TG_14
1071,OK,C'è un leggero retrogusto amaro.,leg amaro,leg amaro,2018,C0G,Q_09
1072,OK,Il sapore è salato forte.,salato forte,salato forte,2018,C0G,TG_26
1073,OK,"Il sapore è piccante, acido, salato e astringente!","piccante, acido, salato. astringente!","piccantecante, acido, salato. astringente!",2018,C0G,TG_13
1074,OK,Il sapore è piccante e amaro MODERATO.,piccante e amaro MODERATO,piccantecante e amaro MODERATO,2018,C0G,Q_02
1075,OK,È leggermente acido.,leggermente acido;,leggermente acido;,2018,C0G,TG_05
1076,OK,"Seppur amaro, nessuna nota prevale. Anche dolce, con intensità leggera.","seppur amaro, nessuna nota prevale. anche dolce . intensita' leggera","seppur amaro, nessuna nota prevale. anche dolce . intensita' leggera",2018,C0G,TG_04
1077,OK,Manca di sale.,manca di sale,manca di sale,2018,C0G,TG_11
1078,OK,"Il sapore è dolce, sapido, con umami moderato e piccantezza moderata.","dolce sapido, umami moderato, piccantezza moderata","dolce sapido, umami moderato, piccantecantezza moderata",2018,C0M,TG_20
1079,OK,"L'umami è un po' carico, il piccante è inesistente.","umami un po- carico, piccante inesistente","umami un po- carico, piccantecante inesistente",2018,C0M,TG_14
1080,OK,C'è un leggero retrogusto amaro.,leg amaro,leg amaro,2018,C0M,Q_09
1081,OK,"Il sapore del Grana Trentino DOP si presenta con una dolcezza evidente, accompagnata da una leggera sapidità e una punta di acidità.","dolce, poco salato. punta di acido","dolce, poco salato. punta di acido",2018,C0M,TG_13
1082,OK,"Il sapore è caratterizzato da una dolcezza forte, una sapidità salata e un'acidità moderata, con una leggera amarezza che si fa sentire.","dolce forte salato e acido MODERATO/FORTE (adeguato alla stagionatura), amaro MODERATO","dolce forte salato e acido MODERATO/FORTE (adeguato alla stagionatura), amaro MODERATO",2018,C0M,Q_02
1083,OK,"Il sapore è dolce, con una punta di amaro finale che arricchisce l'esperienza gustativa.","dolce, punta di amaro finale","dolce, punta di amaro finale",2018,C0M,TG_19
1084,OK,"Il sapore presenta una nota amara nel finale di bocca, che completa l'armonia gustativa.",amaro nel finale di bocca,amaro nel finale di bocca,2018,C0M,TG_04
1085,OK,Sento la crosta di formaggio e il pane tostato.,"crosta di formaggio, pane tostato","crosta di formaggio, pane tostato",2018,C0M,TG_11
1086,OK,"Il sapore è dolce, con una sapidità bassa, una media presenza di umami e una leggera piccantezza.","dolce, poco sapido, medio umami, poco piccante","dolce, poco sapido, medio umami, poco piccantecante",2018,C0N,TG_20
1087,OK,"I gusti sono abbastanza equilibrati, con un leggero accento di umami che arricchisce il profilo gustativo.","gusti abbastanza equilibrati, con un elggero accento di umami","gusti abbastanza equilibratorati, con un elggero accento di umami",2018,C0N,TG_14
1088,OK,"Il Grana Trentino DOP è caratterizzato da una sapidità marcata, che arricchisce il profilo gustativo.",salato,salato,2018,C0N,Q_09
1089,OK,"Il sapore non è troppo salato, con una leggera nota di acidità.","non troppo salato, legg acido","non troppo salato, legg acido",2018,C0N,TG_13
1090,OK,Il sapore è caratterizzato da una piccantezza forte che si fa notare.,piccande FORTE,piccantecande FORTE,2018,C0N,Q_02
1091,OK,Il sapore presenta una buona sapidità accompagnata da una nota di umami.,"salato, umami","salato, umami",2018,C0N,TG_19
1092,OK,Ci sono note di acidità e amaro.,acido;amaro;,acido;amaro;,2018,C0N,TG_05
1093,OK,"Non c'è una prevalenza di sapori, con assenza di piccantezza e una buona armonia generale.",nessuna prevalenza. non piccante. buona armonia,nessuna prevalenza. non piccantecante. buona armonia,2018,C0N,TG_04
1094,OK,"Il sapore è caratterizzato da poco sale, con note di amaro e piccantezza.","poco sale, amaro e piccante","poco sale, amaro e piccantecante",2018,C0N,TG_11
1095,OK,Il sapore presenta una leggera nota amara.,leg amaro,leg amaro,2018,C0A,Q_09
1096,OK,Il sapore è leggermente salato.,legg salato,legg salato,2018,C0A,TG_12
1097,OK,"Il formaggio si distingue per un equilibrio gustativo, in cui le diverse note si integrano perfettamente.",equilibrato,equilibratorato,2018,C0A,TG_13
1098,OK,"Nel complesso, il sapore è equilibrato, con assenza di piccantezza e una sapidità inizialmente spiccata seguita dalla dolcezza.","nel complesso ecuilibrato, assenza del piccante, inizialmente spicca la sapidita seguita della dolcezza","nel complesso ecuilibrato, assenza del piccantecante, inizialmente spiccanteca la sapidita seguita della dolcezza",2018,C0A,TG_35
1099,OK,"Il sapore presenta un equilibrio tra amaro e salato, con eccessi che possono risultare disarmonici.","amaro e salato, eccessi","amaro e salato, eccessi",2018,C0A,TG_04
1100,OK,"Il sapore è leggermente salato, dolce e presenta note di umami.",leggermente salato;dolce;umami,leggermente salato;dolce;umami,2018,C0A,TG_05
1101,OK,"Il sapore del Grana Trentino DOP si presenta salato, con una leggera piccantezza.","salato, legggermente piccante","salato, legggermente piccantecante",2018,C0A,TG_11
1102,OK,Il sapore del Grana Trentino DOP presenta una leggera nota amara.,leggera nota amara,leggera nota amara,2018,C0A,TG_15
1103,OK,Il sapore del Grana Trentino DOP è caratterizzato da una leggera amarezza.,leg amaro,leg amaro,2018,C0B,Q_09
1104,OK,"La sapidità del Grana Trentino DOP è ben presente, conferendo un gusto salato che caratterizza il formaggio.",salato,salato,2018,C0B,TG_12
1105,OK,"Il Grana Trentino DOP offre un sapore salato, che si integra armoniosamente con le altre note gustative.",salato,salato,2018,C0B,TG_13
1106,OK,"Il sapore del Grana Trentino DOP è equilibrato, con assenza di piccantezza.",ecuilibrato assenza del picante,ecuilibrato assenza del piccanteante,2018,C0B,TG_35
1107,OK,"Il sapore del Grana Trentino DOP è caratterizzato da un amaro prevalente, con un equilibrio generale e una leggera nota umami.",Amaro prevalente. il resto equilibrato. poco umami,Amaro prevalente. il resto equilibratorato. poco umami,2018,C0B,TG_04
1108,OK,Il sapore del Grana Trentino DOP presenta una nota acida.,acido,acido,2018,C0B,TG_05
1109,OK,Il sapore del Grana Trentino DOP è abbastanza piatto.,abbastanza piatto,abbastanza piatto,2018,C0B,TG_11
1110,OK,Il sapore del Grana Trentino DOP presenta una piccantezza ben percepibile.,piccante ben percepibile,piccantecante ben percepibile,2018,C0B,TG_15
1111,OK,Il sapore del Grana Trentino DOP è caratterizzato da una leggera piccantezza e una nota acre in gola.,leg piccante e acre in gola,leg piccantecante e acre in gola,2018,C0C,Q_09
1112,OK,Il sapore del Grana Trentino DOP è leggermente salato.,legg salato,legg salato,2018,C0C,TG_12
1113,OK,"Il sapore del Grana Trentino DOP è dolciastro, con una nota acida.","dolciastro, acido","dolciastro, acido",2018,C0C,TG_13
1114,OK,"Il sapore del Grana Trentino DOP presenta una sapidità elevata, seguita da una leggera nota amara e piccante.",sapidita alevata seguita da una leggera nota amara e piccante,sapidita alevata seguita da una leggera nota amara e piccantecante,2018,C0C,TG_35
1115,OK,Il sapore del Grana Trentino DOP è caratterizzato da un eccesso di sale.,sale eccessivo,sale eccessivo,2018,C0C,TG_04
1116,OK,"Il sapore del Grana Trentino DOP è acido, salato e piccante.",acido;salato;piccante,acido;salato;piccantecante,2018,C0C,TG_05
1117,OK,"Il sapore del Grana Trentino DOP è poco salato, dolce, lievemente piccante, con qualche nota acida.","poco salato, dolce, lievemente piccante , qualche nota acida","poco salato, dolce, lievemente piccantecante , qualche nota acida",2018,C0C,TG_11
1118,OK,Il sapore del Grana Trentino DOP è un po' salato ma abbastanza equilibrato.,un po- salato ma abbastanza equilibrato,un po- salato ma abbastanza equilibratorato,2018,C0C,TG_15
1119,OK,"Il sapore del Grana Trentino DOP è caratterizzato da una dolcezza prevalente, con piccantezza percepita.","dolce prevalente, piccante percepito","dolce prevalente, piccantecante percepito",2018,C0E,TG_15
1120,OK,Il formaggio è piccante.,piccante,piccantecante,2018,C0E,Q_09
1121,OK,Il formaggio è piccante.,piccante,piccantecante,2018,C0E,TG_12
1122,OK,C'è una punta di piccante e un sapore salato.,"punta di piccante, salato","punta di piccantecante, salato",2018,C0E,TG_13
1123,OK,Il sapore è dolce ed equilibrato con una nota piccante percettibile.,dolce ed ecquilibrato con una nota piccante percettibile,dolce ed equilibrato con una nota piccantecante percettibile,2018,C0E,TG_35
1124,OK,"È pungente sulla lingua, con note di amaro e acidità.",pungente sulla lingua. Amaro e acido presenti,pungente sulla lingua. Amaro e acido presenti,2018,C0E,TG_04
1125,OK,Ci sono note di amaro e acidità.,amaro;acido;,amaro;acido;,2018,C0E,TG_05
1126,OK,Il formaggio ha un sapore acido.,acido,acido,2018,C0E,TG_11
1127,OK,"Il sapore del Grana Trentino DOP si presenta molto sapido, con una leggera piccantezza, ma altri sapori si percepiscono.","molto sapido, un po- piccante ma altri sapori si percepiscono","molto sapido, un po- piccantecante ma altri sapori si percepiscono",2018,C0H,TG_15
1128,OK,Leggermente amaro.,leg amaro,leg amaro,2018,C0H,Q_09
1129,OK,Leggermente salato.,legg salato,legg salato,2018,C0H,TG_12
1130,OK,Leggera punta di acidità.,leggera punta di acido,leggera punta di acido,2018,C0H,TG_13
1131,OK,Troppo acido.,troppo acido acidita,troppo acido acidita,2018,C0H,TG_35
1132,OK,"Amaro percepibile, senza sapori sovrastanti e non dolce.",Amaro percepibile. Nessun sapore sovrastante. non dolce,Amaro percepibile. Nessun sapore sovrastante. non dolce,2018,C0H,TG_04
1133,OK,Acido.,acido;,acido;,2018,C0H,TG_05
1134,CONFORME,"Il sapore del Grana Trentino DOP si presenta equilibrato, con una dolcezza delicata e una sapidità marcata, accompagnata da una leggera piccantezza che persiste piacevolmente in bocca.",leggermente salato,leggermente salato,2018,C0H,TG_11
1135,OK,Dolce poco percepito.,dolce poco percepito,dolce poco percepito,2018,C0Q,TG_15
1136,OK,"Il Grana Trentino DOP presenta una sapidità marcata, con un profilo gustativo salato che caratterizza il suo sapore.",salato,salato,2018,C0Q,TG_12
1137,OK,"Il sapore del Grana Trentino DOP si presenta salato, con una leggera piccantezza.","salato, legg. piccante","salato, leggermente piccantecante",2018,C0Q,TG_13
1138,OK,"Sapido prevalente, seguito da dolce e piccante persistente.","sapido prevalente, segue il dolce e il piccante persistente (non sembra grana)","sapido prevalente, segue il dolce e il piccantecante persistente (non sembra grana)",2018,C0Q,TG_35
1139,OK,"Pungente per eccesso di sale, con acidità e amarezza equilibrate.","pungente per eccesso salino. acido, amaro presenti ed equilibrati.","pungente per eccesso salino. acido, amaro presenti ed equilibratorati.",2018,C0Q,TG_04
1140,OK,"Il sapore del Grana Trentino DOP si presenta dolce, con una leggera piccantezza.",dolce;leggermente piccante,dolce;leggermente piccantecante,2018,C0Q,TG_05
1141,OK,Salato.,salato,salato,2018,C0Q,TG_11
1142,OK,"Il sapore del Grana Trentino DOP si presenta saporito, ma non piccante.","saporito, non piccante","saporito, non piccantecante",2018,C0A,TG_13
1143,OK,"Il sapore del Grana Trentino DOP è dolce, con una leggera sapidità e piccantezza, ma risulta poco equilibrato.",dolce  poco equil il salato legg piccante,dolce  poco equil il salato legg piccantecante,2018,C0A,TG_26
1144,OK,Il sapore del Grana Trentino DOP è leggermente salato e poco piccante.,leggermete salato poco piccante,leggermete salato poco piccantecante,2018,C0A,TG_14
1145,OK,"Il sapore del Grana Trentino DOP è salato, con una leggera piccantezza.","salato, leggermente piccante","salato, leggermente piccantecante",2018,C0A,TG_11
1146,OK,"Il sapore del Grana Trentino DOP presenta un umami molto presente, ma risulta non equilibrato.","umami molto presente, non equilibrato","umami molto presente, non equilibratorato",2018,C0A,TG_15
1147,OK,"Il sapore del Grana Trentino DOP ha una piccantezza presente, con una sapidità elevata e una dolcezza finale.","piccante presente, sapidità elevata, con dolcezza finale","piccantecante presente, sapidità elevata, con dolcezza finale",2018,C0A,TG_35
1148,OK,"Il sapore del Grana Trentino DOP è dolce con intensità medio-alta, mentre la piccantezza ha un'intensità bassa.",dolce intensità  medio alta;piccante intensità bassa,dolce intensità  medio alta;piccantecante intensità bassa,2018,C0A,Q_02
1149,OK,"Il sapore del Grana Trentino DOP presenta un po' di amaro fin da subito, seguito da una leggera piccantezza.","un po' di amaro fin da subito, poi leggera piccantezza","un po' di amaro fin da subito, poi leggera piccantecantezza",2018,C0A,TG_19
1150,OK,"Dominanza di sale, con poco altro.","sale, sale ,sale. dietro poco","sale, sale ,sale. dietro poco",2018,C0A,TG_04
1151,OK,"Il sapore del Grana Trentino DOP è equilibrato con una presenza anche di dolcezza, ma presenta un finale amarognolo.",euilibrato con presenza anche di dolce! peccato per un finale amarognolo...,euilibrato con presenza anche di dolce! peccato per un finale amarognolo...,2018,C0A,TG_24
1152,OK,"Il sapore del Grana Trentino DOP è dolce, salato e leggermente piccante in finale.",dolce;salato;leggermente piccante in finale,dolce;salato;leggermente piccantecante in finale,2018,C0A,TG_05
1153,OK,Il sapore del Grana Trentino DOP è salato e leggermente piccante.,salato e legg piccante.,salato e legg piccantecante.,2018,C0C,TG_13
1154,OK,"Il sapore del Grana Trentino DOP è salato e non equilibrato, con una piccantezza presente.",salato non equi piccante,salato non equi piccantecante,2018,C0C,TG_26
1155,OK,Il sapore del Grana Trentino DOP è salato e piccante.,salato e piccante,salato e piccantecante,2018,C0C,TG_14
1156,OK,Il sapore del Grana Trentino DOP presenta una nota amara.,amaro,amaro,2018,C0C,Q_09
1157,OK,Il sapore del Grana Trentino DOP è piccante.,piccante,piccantecante,2018,C0C,TG_11
1158,OK,"Il sapore del Grana Trentino DOP è equilibrato, con una leggera piccantezza.","equilibrato, leggero piccante","equilibratorato, leggero piccantecante",2018,C0C,TG_15
1159,OK,Il sapore del Grana Trentino DOP presenta una sapidità e piccantezza elevate.,sapidità e piccantezza elevata,sapidità e piccantecantezza elevata,2018,C0C,TG_35
1160,OK,Il sapore del Grana Trentino DOP è leggermente piccante e un po' salato.,"leggermente piccante, un po' salato","leggermente piccantecante, un po' salato",2018,C0C,TG_19
1161,OK,Pungente per il sale.,pungente per sale,pungente per sale,2018,C0C,TG_04
1162,OK,"Il sapore del Grana Trentino DOP si presenta equilibrato, con punte dolciastre che arricchiscono l'esperienza gustativa.",equilibrato con punte anche dolciastre,equilibratorato con punte anche dolciastre,2018,C0C,TG_24
1163,OK,"Acido, leggermente piccante e salato.",acido;leggermente piccante;salato,acido;leggermente piccantecante;salato,2018,C0C,TG_05
1164,OK,"Il formaggio si distingue per una sapidità intensa, conferendo un sapore salato ben definito.",salato,salato,2018,C0D,TG_13
1165,OK,"Il sapore è dolce e ben equilibrato, con una nota positiva che arricchisce l'esperienza gustativa.",dolce equlibrato postivo,dolce equlibrato postivo,2018,C0D,TG_26
1166,OK,"I gusti sono abbastanza equilibrati, con una piccantezza praticamente non percepibile.","gusti abbastanza equilibrati, piccante praticamente non percepibile.","gusti abbastanza equilibratorati, piccantecante praticamente non percepibile.",2018,C0D,TG_14
1167,OK,Leggermente salato.,leg salato,leg salato,2018,C0D,Q_09
1168,OK,Acidulo e carente di sale.,"acidulo, carente di sale","acidulo, carente di sale",2018,C0D,TG_11
1169,OK,Il sapore dolce è ben percepito e risulta abbastanza equilibrato.,"dolce ben percepito, abbastanza equilibrato","dolce ben percepito, abbastanza equilibratorato",2018,C0D,TG_15
1170,OK,Il sapore è equilibrato con una nota piccante finale che arricchisce l'esperienza.,ecquilibrato con nota piccante finale,equilibrato con nota piccantecante finale,2018,C0D,TG_35
1171,OK,"La piccantezza si presenta con un'intensità medio alta, contribuendo al profilo gustativo.",piccante intensità medio alta,piccantecante intensità medio alta,2018,C0D,Q_02
1172,OK,"Il Grana Trentino DOP si presenta con un sapore abbastanza equilibrato, che bilancia dolcezza e sapidità.",abbastanza equilibrato,abbastanza equilibratorato,2018,C0D,TG_19
1173,OK,Non c'è una prevalenza di gusto; il sapore è delicato e equilibrato.,"nessuna prevalenza di gusto. delicato, equilibrato","nessuna prevalenza di gusto. delicato, equilibratorato",2018,C0D,TG_04
1174,OK,"Il sapore è equilibrato, con dolcezza e amarezza che si manifestano contemporaneamente.",equilibrato con dolce e amaro in contemporanea...,equilibratorato con dolce e amaro in contemporanea...,2018,C0D,TG_24
1175,OK,"Il sapore è dolce, leggermente salato e con una leggera piccantezza in finale.",dolce;leggermente salato;legermente piccante in finale;,dolce;leggermente salato;legermente piccantecante in finale;,2018,C0D,TG_05
1176,OK,"Il sapore è leggermente piccante e salato, con una sensazione quasi bruciante.","legg piccante, salato. quasi bruciante","legg piccantecante, salato. quasi bruciante",2018,C0I,TG_13
1177,OK,Salato con leggera amarezza.,salato legg amaro,salato legg amaro,2018,C0I,TG_26
1178,OK,"Il sapore è molto salato e piccante, contribuendo a un profilo gustativo deciso.","molto salato, piccante","molto salato, piccantecante",2018,C0I,TG_14
1179,OK,Leggermente amaro.,leg amaro,leg amaro,2018,C0I,Q_09
1180,OK,Il sapore è caratterizzato da una piccantezza marcata.,piccante,piccantecante,2018,C0I,TG_11
1181,OK,"Il sapore del Grana Trentino DOP presenta una nota piccante, con salato e umami che prevalgono.","nota piccante, salato e umami prevalgono","nota piccantecante, salato e umami prevalgono",2018,C0I,TG_15
1182,OK,La sapidità e la piccantezza del Grana Trentino DOP sono elevate.,sapidità e piccantezza elevati,sapidità e piccantecantezza elevati,2018,C0I,TG_35
1183,OK,"L'amaro, l'umami e la piccantezza si presentano con intensità media nel Grana Trentino DOP.",amaro intensità media;umami intensità media;piccante intensità media,amaro intensità media;umami intensità media;piccantecante intensità media,2018,C0I,Q_02
1184,OK,"C'è una leggera piccantezza, ma si riscontra un discreto equilibrio fra i sapori nel Grana Trentino DOP.","un po' di piccantezza, ma discreto equilibrio fra i sapori","un po' di piccantecantezza, ma discreto equilibratorio fra i sapori",2018,C0I,TG_19
1185,OK,Un po' troppo salato.,un po' troppo salato,un po' troppo salato,2018,C0I,TG_04
1186,OK,Equilibrato e leggermente sapido.,"equilibrato, leggerm. sapido","equilibratorato, leggerm. sapido",2018,C0I,TG_24
1187,OK,Acido.,acido,acido,2018,C0I,TG_05
1188,OK,Poco salato.,"poco salato,","poco salato,",2018,C0N,TG_13
1189,OK,Abbastanza salato.,abb equi un po salato,abb equi un po salato,2018,C0N,TG_26
1190,OK,L'umami è intenso nel Grana Trentino DOP.,umami intenso,umami intenso,2018,C0N,TG_14
1191,OK,Leggermente salato.,leg salato,leg salato,2018,C0N,Q_09
1192,OK,Il sapore del Grana Trentino DOP è piuttosto neutro e manca di sale.,"piuttosto neutro, manca sale","piuttosto neutro, manca sale",2018,C0N,TG_11
1193,OK,Un po' troppo salato.,un po- troppo sale,un po- troppo sale,2018,C0N,TG_15
1194,OK,La piccantezza è presente nel Grana Trentino DOP.,piccante presente,piccantecante presente,2018,C0N,TG_35
1195,OK,L'acidità si presenta con intensità media nel Grana Trentino DOP.,acidità intensità media,acidità intensità media,2018,C0N,Q_02
1196,OK,"Il Grana Trentino DOP ha un sapore di umami, con un po' di salato e leggermente piccante, ma non ben armonico.","umami, un po' salato, leggermente piccante, niente di esagerato, ma non ben armonico","umami, un po' salato, leggermente piccantecante, niente di esagerato, ma non ben armonico",2018,C0N,TG_19
1197,OK,"Il Grana Trentino DOP risulta scarno e povero, manca quasi di sale.","scarno, povero, manca quasi di sale!","scarno, povero, manca quasi di sale!",2018,C0N,TG_04
1198,OK,Il Grana Trentino DOP è leggermente piccante.,leggermente piccante,leggermente piccantecante,2018,C0N,TG_24
1199,OK,"Il sapore del Grana Trentino DOP è acido, leggermente salato e dolce.",acido;legggermente salato;dolce;,acido;legggermente salato;dolce;,2018,C0N,TG_05
1200,OK,Il Grana Trentino DOP non è del tutto equilibrato.,non del tutto equilibrato,non del tutto equilibratorato,2018,C0O,TG_26
1201,OK,Il sapore del Grana Trentino DOP si presenta salato e con una leggera piccantezza.,salato e piccante,salato e piccantecante,2018,C0O,TG_14
1202,OK,Insapore.,insapore,insapore,2018,C0O,TG_11
1203,OK,"Il sapore del Grana Trentino DOP risulta un po' troppo dolce, ma mantiene un equilibrio generale.",un po- troppo dolce,un po- troppo dolce,2018,C0O,TG_15
1204,CONFORME,"Il Grana Trentino DOP offre un sapore armonico, con una dolcezza leggera e una sapidità ben integrata.",ecquilibrato,equilibrato,2018,C0O,TG_35
1205,OK,Il sapore è dolce con intensità alta e presenta un'amarezza di intensità media.,dolce intensità alta;amaro intensità media,dolce intensità alta;amaro intensità media,2018,C0O,Q_02
1206,OK,Il sapore del Grana Trentino DOP è leggermente salato.,un po' salato,un po' salato,2018,C0O,TG_19
1207,OK,"Nessun sapore prevale, risultando non dolce.",nulla prevale. non dolce,nulla prevale. non dolce,2018,C0O,TG_04
1208,OK,"Il sapore è abbastanza equilibrato, ma con note amarognole anche prevalenti.",abbstanza equilibrato ma con note amarognole anche prevalenti,abbstanza equilibratorato ma con note amarognole anche prevalenti,2018,C0O,TG_24
1209,OK,"Il sapore presenta note acide, umami e una leggera piccantezza.",acido;umami;leggermente piccante,acido;umami;leggermente piccantecante,2018,C0O,TG_05
1210,OK,Il sapore è acido e salato con intensità media.,acido e salato intensità media,acido e salato intensità media,2018,C0A,Q_02
1211,OK,Il sapore del Grana Trentino DOP è salato.,salato,salato,2018,C0A,Q_09
1212,OK,"Il sapore è pieno, senza eccessi, e non risulta dolce.","sapore pieno, nulla eccede. non dolce","sapore pieno, nulla eccede. non dolce",2018,C0A,TG_04
1213,OK,Il sapore è leggermente acido e dolce.,leggermente acido;dolce,leggermente acido;dolce,2018,C0A,TG_05
1214,OK,Il sapore presenta note di crosta e di formaggio cotto.,"crosta, formaggio cotto","crosta, formaggio cotto",2018,C0A,TG_11
1215,OK,"Il formaggio ha un sapore equilibrato, con una dolcezza delicata e una sapidità che non risulta piccante.","equilibrato, non piccante. buono","equilibratorato, non piccantecante. buono",2018,C0A,TG_13
1216,OK,Il sapore umami è piuttosto carico.,umami piuttosto carico,umami piuttosto carico,2018,C0A,TG_14
1217,OK,"Il sapore di umami e amaro è leggermente prevalente, ma non molto intenso.","umami e amaro leggermente prevalenti, ma non molto intensi","umami e amaro leggermente prevalenti, ma non molto intensi",2018,C0A,TG_19
1218,OK,"Il sapore è dolce, equilibrato e leggermente piccante.",dolce equilibrato legg piccante,dolce equilibratorato legg piccantecante,2018,C0A,TG_26
1219,OK,Il sapore è equilibrato con una nota leggermente pungente.,equilibrato con nota leggermente pungente,equilibratorato con nota leggermente pungente,2018,C0A,TG_35
1220,OK,Il sapore è dolce con intensità alta e piccantezza di intensità media.,dolce intensità alta;piccante intensità media,dolce intensità alta;piccantecante intensità media,2018,C0C,Q_02
1221,OK,Salato.,salato,salato,2018,C0C,Q_09
1222,OK,"Manca di pienezza, forse manca umami.",manca di pienezza. forse manca umami,manca di pienezza. forse manca umami,2018,C0C,TG_04
1223,ILLEGGIBILE,,un p; insapore,un p; insapore,2018,C0C,TG_11
1224,OK,Nostrano.,nostrano,nostrano,2018,C0C,TG_13
1225,ILLEGGIBILE,,gusti abbasrtana equilibrati e piccante praticamente assente,gusti abbasrtana equilibratorati e piccantecante praticamente assente,2018,C0C,TG_14
1226,OK,"Il sapore del Grana Trentino DOP si presenta non squilibrato, con un'intensità media.","non squilibrato, medio intenso,","non squilibrato, medio intenso,",2018,C0C,TG_19
1227,OK,Salato.,salato,salato,2018,C0C,TG_26
1228,OK,"Il sapore del Grana Trentino DOP si presenta inizialmente sapido e leggermente piccante, seguito da una dolcezza che si sviluppa in bocca.","inizialmente sapido e leggermente piccante, poi segue il dolce","inizialmente sapido e leggermente piccantecante, poi segue il dolce",2018,C0C,TG_35
1229,OK,Il sapore del Grana Trentino DOP è caratterizzato da un'intensità alta di dolcezza e un'intensità media di sapidità.,dolce intensità alta;salato intensità media,dolce intensità alta;salato intensità media,2018,C0E,Q_02
1230,OK,Amaro.,amaro,amaro,2018,C0E,Q_09
1231,OK,Amaro tossico e piccante.,amaro tossico  e piccante,amaro tossico  e piccantecante,2018,C0E,TG_04
1232,OK,"Acidi, piccante, umami.",acidi;piccante;umami,acidi;piccantecante;umami,2018,C0E,TG_05
1233,OK,Il sapore del Grana Trentino DOP si distingue per una dolcezza ben presente.,dolce,dolce,2018,C0E,TG_11
1234,ILLEGGIBILE,,equilibrato,equilibratorato,2018,C0E,TG_13
1235,OK,"Il sapore del Grana Trentino DOP è leggermente salato, con note piccanti e una presenza di umami.","leggermente salato, piccante e umami","leggermente salato, piccantecante e umami",2018,C0E,TG_14
1236,OK,Amaro deciso e penalizzante.,amaro deciso e penalizzante,amaro deciso e penalizzante,2018,C0E,TG_19
1237,OK,Salato.,salato,salato,2018,C0E,TG_26
1238,OK,"Il sapore del Grana Trentino DOP presenta una nota piccante prevalente, con gli altri gusti equilibrati.","nota piccante prevalente, equilibrati gli altri gusti","nota piccantecante prevalente, equilibratorati gli altri gusti",2018,C0E,TG_35
1239,OK,"Il sapore del Grana Trentino DOP mostra un'acidità e sapidità di intensità medio alta, con una piccantezza di intensità media.",acidità e sapidità intensità medio alta;piccante intensità media,acidità e sapidità intensità medio alta;piccantecante intensità media,2018,C0G,Q_02
1240,OK,Salato.,salato,salato,2018,C0G,Q_09
1241,OK,"C'è tutto, anche un accenno di piccante.",c'è tutto anche il piccantino,c'è tutto anche il piccantecantino,2018,C0G,TG_04
1242,OK,Acido e leggermente salato.,acido;leggermente salato;,acido;leggermente salato;,2018,C0G,TG_05
1243,OK,Acidulo.,acidulo,acidulo,2018,C0G,TG_11
1244,OK,"Il sapore del Grana Trentino DOP è poco marcato, risultando in un profilo gustativo più sottile.",poco marcato,poco marcato,2018,C0G,TG_13
1245,OK,"Solo un accento di umami, non piccante.","solo un accento di umami, non piccante","solo un accento di umami, non piccantecante",2018,C0G,TG_14
1246,OK,"Il sapore presenta un leggero predominio del salato, con un'intensità media che rende l'esperienza gustativa equilibrata.","prevale leggermente il salato, intensità media","prevale leggermente il salato, intensità media",2018,C0G,TG_19
1247,OK,"Il piccante si presenta in modo pronunciato, mentre la sapidità e l'acidità coprono la dolcezza, creando un sapore complesso.","piccante pronunciato, la sapidita e la acidita coprono la dolcezza","piccantecante pronunciato, la sapidita e la acidita coprono la dolcezza",2018,C0G,TG_35
1248,OK,"Il piccante è di alta intensità, accompagnato da un amaro di intensità media che arricchisce il profilo gustativo.",piccante intensità alto;amaro intensità media,piccantecante intensità alto;amaro intensità media,2018,C0N,Q_02
1249,OK,Leggermente piccante.,leg piccante,leg piccantecante,2018,C0N,Q_09
1250,OK,"Il sapore è non amaro, equilibrato, con una dolcezza leggera che contribuisce a un'esperienza gustativa armonica.",non amaro. equilibrato. dolce leggero,non amaro. equilibratorato. dolce leggero,2018,C0N,TG_04
1251,OK,"Leggermente acido, salato e umami.",leggermetne acido;salato ;umami;,leggermetne acido;salato ;umami;,2018,C0N,TG_05
1252,OK,"Salato, acidulo e amaro.","salato, aciduloe amaro","salato, aciduloe amaro",2018,C0N,TG_11
1253,OK,"Il sapore si presenta dolciastro, contribuendo a un profilo gustativo interessante.",dolciastro.,dolciastro.,2018,C0N,TG_13
1254,OK,"Il sapore è caratterizzato da una combinazione di salato e amaro, creando un equilibrio interessante.",salato e amaro,salato e amaro,2018,C0N,TG_14
1255,OK,"Il sapore presenta una dualità di amaro e dolce, arricchendo l'esperienza gustativa.",amaro e dolce,amaro e dolce,2018,C0N,TG_19
1256,OK,"Il sapore è salato e piccante, con una piccantezza che si fa sentire.",salato piccante,salato piccantecante,2018,C0N,TG_26
1257,OK,"Il sapore è abbastanza equilibrato, con un finale leggermente acido che aggiunge complessità.","abbastanza equilibrato, il finale leggermente acido","abbastanza equilibratorato, il finale leggermente acido",2018,C0N,TG_35
1258,OK,"Il sapore presenta un amaro di intensità media e un piccante di intensità media, creando un profilo gustativo ricco.",negativo amaro intensità media;piccante intensità media,negativo amaro intensità media;piccantecante intensità media,2018,C0Q,Q_02
1259,OK,"Il Grana Trentino DOP si distingue per una sapidità intensa, conferendo un sapore salato ben definito.",salato,salato,2018,C0Q,Q_09
1260,OK,"Il piccante è percepibile, accompagnato da un amaro che arricchisce il profilo gustativo.",piccante percepibile. amaro,piccantecante percepibile. amaro,2018,C0Q,TG_04
1261,OK,Acido.,acido;,acido;,2018,C0Q,TG_05
1262,OK,Il sapore del Grana Trentino DOP si presenta leggermente acido e salato.,"leggermente acido, salato","leggermente acido, salato",2018,C0Q,TG_11
1263,OK,Il sapore del Grana Trentino DOP si presenta molto salato e piccante.,molto salato e piccante,molto salato e piccantecante,2018,C0Q,TG_14
1264,OK,Il sapore del Grana Trentino DOP si presenta con una leggera piccantezza e un leggero amarognolo.,"leggera piccantezza, leggero amarognolo","leggera piccantecantezza, leggero amarognolo",2018,C0Q,TG_19
1265,OK,"Il sapore del Grana Trentino DOP si presenta salato e piccante, non equilibrato, con una leggera acidità.",salato piccante non equilibrato legg acido,salato piccantecante non equilibratorato legg acido,2018,C0Q,TG_26
1266,OK,Il sapore del Grana Trentino DOP si presenta con sapidità e leggera piccantezza prevalenti.,sapidita e leggera piccantezza prevaleti,sapidita e leggera piccantecantezza prevaleti,2018,C0Q,TG_35
1267,OK,"Il formaggio presenta una sapidità marcata, rendendo il suo sapore salato molto evidente.",salato,salato,2018,C0F,Q_09
1268,OK,"Il sapore del Grana Trentino DOP si presenta non piccante, poco umami, salino e acido.",non piccante. poco umami . salino e acido,non piccantecante. poco umami . salino e acido,2018,C0F,TG_04
1269,OK,Acidulo.,acidulo,acidulo,2018,C0F,TG_11
1270,OK,Il sapore del Grana Trentino DOP si presenta salato e piccante.,"salato, piccante","salato, piccantecante",2018,C0F,TG_12
1271,OK,Il sapore del Grana Trentino DOP si presenta leggermente acido e raschia in gola.,"legg acido, raschia in gola","legg acido, raschia in gola",2018,C0F,TG_13
1272,OK,"Il sapore del Grana Trentino DOP si presenta salato e umami, con una nota acida e senza amarezza.","salato e umami ok, niente amaro ma piuttosto acido","salato e umami ok, niente amaro ma piuttosto acido",2018,C0F,TG_14
1273,OK,"Il sapore del Grana Trentino DOP si presenta con dolcezza medio bassa, sapidità medio alta, umami medio alto, piccantezza media, non molto equilibrato.","dolcezza medio bassa, sapidit' medio alta, umami medio alto, piccantezza media, non molto equilibrato","dolcezza medio bassa, sapidit' medio alta, umami medio alto, piccantecantezza media, non molto equilibratorato",2018,C0F,TG_20
1274,OK,"Il sapore del Grana Trentino DOP si presenta con persistenza bassa, equilibrato, con piccantezza appena percettibile.","persistenza bassa, ecquilibrato, piccante appena percettibile","persistenza bassa, equilibrato, piccantecante appena percettibile",2018,C0F,TG_35
1275,OK,Il sapore del Grana Trentino DOP si presenta piccante e acre in gola.,piccante acre in gola,piccantecante acre in gola,2018,C0H,Q_09
1276,OK,"Il sapore del Grana Trentino DOP si presenta acido, non dolce e manchevole di pienezza.",acido. non dolce. manchevole di pienezza,acido. non dolce. manchevole di pienezza,2018,C0H,TG_04
1277,OK,Acido.,acido;,acido;,2018,C0H,TG_05
1278,OK,Il sapore del Grana Trentino DOP si presenta leggermente acido.,leggermente acido,leggermente acido,2018,C0H,TG_11
1279,OK,Il sapore del Grana Trentino DOP si presenta leggermente acido.,leggermente acido,leggermente acido,2018,C0H,TG_13
1280,OK,Il sapore del Grana Trentino DOP è molto umami e leggermente piccante.,molto umami e leggermente piccante,molto umami e leggermente piccantecante,2018,C0H,TG_14
1281,OK,"Il sapore del Grana Trentino DOP si presenta con una dolcezza marcata, una sapidità equilibrata e un umami medio, accompagnato da una piccantezza poco pronunciata.","dolce sapido, umami medio, piccantezza poco marcata","dolce sapido, umami medio, piccantecantezza poco marcata",2018,C0H,TG_20
1282,OK,Non equilibrato e amaro.,non equilibrato amaro,non equilibratorato amaro,2018,C0H,TG_26
1283,OK,L'acidità iniziale del Grana Trentino DOP risulta leggermente pungente.,acidità iniziale unn po pungente,acidità iniziale unn po pungente,2018,C0H,TG_35
1284,OK,Il formaggio presenta una leggera piccantezza.,leg piccante,leg piccantecante,2018,C0I,Q_09
1285,OK,"Il sapore del Grana Trentino DOP evidenzia amaro, piccantezza e acidità, ma risulta carente di equilibrio e dolcezza.","amaro, piccante, acido sono i più evidenti manca di equilibrio e dolcezza","amaro, piccantecante, acido sono i più evidenti manca di equilibratorio e dolcezza",2018,C0I,TG_04
1286,OK,Il formaggio ha un'acidità marcata e una leggera piccantezza.,acido;leggermente piccante;,acido;leggermente piccantecante;,2018,C0I,TG_05
1287,OK,Il Grana Trentino DOP si distingue per una sapidità e piccantezza ben presenti.,salato e piccante,salato e piccantecante,2018,C0I,TG_11
1288,OK,Il formaggio presenta una leggera sapidità.,legg salato,legg salato,2018,C0I,TG_12
1289,OK,Si percepisce una punta di piccantezza nel sapore.,punta di piccante,punta di piccantecante,2018,C0I,TG_13
1290,OK,Il Grana Trentino DOP ha un sapore molto umami e una piccantezza ben definita.,motlo umami e piccante,motlo umami e piccantecante,2018,C0I,TG_14
1291,OK,"La dolcezza è media, la sapidità è medio-bassa, l'umami è presente a un livello medio e la piccantezza è medio-bassa, risultando abbastanza equilibrato.","dolcezza media, sapidit' medio bassa, umami medio, piccantezza medio bassa, abbastanza equilibrato","dolcezza media, sapidit' medio bassa, umami medio, piccantecantezza medio bassa, abbastanza equilibratorato",2018,C0I,TG_20
1292,OK,"Il formaggio presenta una nota iniziale acida, ma nel complesso risulta abbastanza equilibrato, con assenza di piccantezza.","nota iniziale acida, nel complesso abastanza ecquilibrato assenza del piccante","nota iniziale acida, nel complesso abastanza equilibrato assenza del piccantecante",2018,C0I,TG_35
1293,OK,Il Grana Trentino DOP è leggermente salato.,leggermente salato,leggermente salato,2018,C0O,Q_09
1294,OK,Il sapore del formaggio è caratterizzato da una nota amara.,Amaro,Amaro,2018,C0O,TG_04
1295,OK,"Il Grana Trentino DOP presenta un sapore acido, umami e salato.",acido;umami;salato,acido;umami;salato,2018,C0O,TG_05
1296,OK,Si percepisce una leggera amarezza nel sapore.,leggermente amaro,leggermente amaro,2018,C0O,TG_11
1297,OK,Il formaggio ha una sapidità ben definita.,salato,salato,2018,C0O,TG_12
1298,OK,Il Grana Trentino DOP si distingue per un equilibrio tra sapidità e dolcezza.,salato e dolce,salato e dolce,2018,C0O,TG_13
1299,OK,"La piccantezza è appena percepibile, mentre l'umami risulta leggermente accentuato.",piccante appena percepibile e umami leggermente accentuato,piccantecante appena percepibile e umami leggermente accentuato,2018,C0O,TG_14
1300,OK,"La sapidità è pronunciata, l'umami è medio-alto e si avverte un lieve retrogusto amaro, con una mancanza di equilibrio.","sapidit' pronunciata, umami medio alto, lieve retrogusto amaro, non molto equilibrio","sapidit' pronunciata, umami medio alto, lieve retrogusto amaro, non molto equilibratorio",2018,C0O,TG_20
1301,OK,Un po' sbilanciato sul salato.,un po- sbilanciato il salato,un po- sbilanciato il salato,2018,C0O,TG_26
1302,OK,"Il sapore è sapido e leggermente piccante, nel complesso abbastanza equilibrato.","sapido e leggermente piccante, nel complesso abbastanza ecquilibreto","sapido e leggermente piccantecante, nel complesso abbastanza ecquilibreto",2018,C0O,TG_35
1303,OK,"Il Grana Trentino DOP ha un profilo gustativo salato, che ne caratterizza il sapore in modo deciso.",salato,salato,2018,C0Q,Q_09
1304,OK,"Nulla prevale, non dolce.",nulla prevale. non dolce,nulla prevale. non dolce,2018,C0Q,TG_04
1305,OK,"Il sapore del formaggio è neutro, con una mancanza di intensità che lo rende poco distintivo.",neutro,neutro,2018,C0Q,TG_11
1306,OK,"Il Grana Trentino DOP presenta una sapidità marcata, conferendo un sapore salato ben definito.",salato,salato,2018,C0Q,TG_12
1307,OK,Il sapore del Grana Trentino DOP presenta una leggera acidità che contribuisce all'equilibrio gustativo.,legg acido,legg acido,2018,C0Q,TG_13
1308,OK,"Il sapore del Grana Trentino DOP è caratterizzato da un umami e una sapidità accentuati, con una punta di acidità che arricchisce l'esperienza gustativa.","umami e salato accentuati, con una punta di acido","umami e salato accentuati, con una punta di acido",2018,C0Q,TG_14
1309,OK,"Il sapore del Grana Trentino DOP si presenta con una dolcezza media, sapidità medio alta, umami medio e piccantezza media, risultando abbastanza equilibrato.","dolcezza media, sapidit' medio alta, umami medio, piccantezza media, abbastanza equilibrato, forse un po sapido","dolcezza media, sapidit' medio alta, umami medio, piccantecantezza media, abbastanza equilibratorato, forse un po sapido",2018,C0Q,TG_20
1310,OK,"Il formaggio ha un sapore salato, che si esprime in modo netto e deciso.",salato,salato,2018,C0Q,TG_26
1311,OK,"Il sapore del Grana Trentino DOP mostra una nota acida iniziale che segue il salato e il dolce, contribuendo a un profilo gustativo complesso.","nota acida iniziale segue il salato, e il dolce","nota acida iniziale segue il salato, e il dolce",2018,C0Q,TG_35
1312,OK,"Il sapore del Grana Trentino DOP è piccante, ma non persiste a lungo, risultando in un'esperienza gustativa leggera.",piccante non persistente,piccantecante non persistente,2018,C0R,TG_04
1313,OK,"Il sapore del Grana Trentino DOP è poco salato e abbastanza neutro, con una mancanza di pienezza.","poco salato, abbastanza neutro","poco salato, abbastanza neutro",2018,C0R,TG_11
1314,OK,"Il Grana Trentino DOP si distingue per un sapore equilibrato, con una dolcezza e una sapidità ben bilanciate.",equilibrato,equilibratorato,2018,C0R,TG_13
1315,OK,"Il sapore del Grana Trentino DOP è quasi insapore, risultando scarno e privo di carattere.",quasi insapore,quasi insapore,2018,C0R,TG_14
1316,OK,"Il sapore del Grana Trentino DOP presenta una dolcezza media, sapidità media, umami medio alto e piccantezza medio bassa, risultando equilibrato.","dolce medio, sapidit' media, umami medio alto, piccantezza medio bassa, equilibrato","dolce medio, sapidit' media, umami medio alto, piccantecantezza medio bassa, equilibratorato",2018,C0R,TG_20
1317,OK,Leggermente sbilanciato sul salato.,legg sbilanciato il salato,legg sbilanciato il salato,2018,C0R,TG_26
1318,OK,"Il sapore del Grana Trentino DOP è equilibrato, ma poco persistente, con una leggera mancanza di intensità.",escuilibrato poco persistente,escuilibrato poco persistente,2018,C0R,TG_35
1319,OK,"Il sapore del Grana Trentino DOP presenta un'acidità di intensità medio alta, contribuendo a un profilo gustativo interessante.",acido intensità medio alta,acido intensità medio alta,2018,C0A,Q_02
1320,OK,Il sapore del Grana Trentino DOP mostra una leggera acidità che arricchisce l'esperienza gustativa.,leg acido,leg acido,2018,C0A,Q_09
1321,OK,"Acido, amaro leggero e non dolce.",Acido. Amaro leggero. non dolce.,Acido. Amaro leggero. non dolce.,2018,C0A,TG_04
1322,OK,Insapore.,insapore,insapore,2018,C0A,TG_13
1323,OK,Salato e umami.,"salato, umami","salato, umami",2018,C0A,TG_19
1324,OK,"Il sapore del Grana Trentino DOP si presenta equilibrato, con una dolcezza medio alta e una sapidità medio alta, accompagnata da una leggera piccantezza e un umami marcato, con un lieve retrogusto amaro.","dolcezza medio alta, sapidit' medio alta, poco piccante, umami marcato, non molto equilibrato, forse lieve retrogusto amaro","dolcezza medio alta, sapidit' medio alta, poco piccantecante, umami marcato, non molto equilibratorato, forse lieve retrogusto amaro",2018,C0A,TG_20
1325,OK,"La sapidità del Grana Trentino DOP è persistente ma non elevata, contribuendo a un equilibrio gustativo.",sapidità pesistente ma non elevata,sapidità pesistente ma non elevata,2018,C0A,TG_35
1326,OK,Leggermente salato.,leg salato,leg salato,2018,C0C,Q_09
1327,OK,"Il sapore è scarno e poco salato, il che fa emergere una dolcezza delicata.","scarno. addirittura poco salato, fa emergere dolcezza","scarno. addirittura poco salato, fa emergere dolcezza",2018,C0C,TG_04
1328,OK,Il formaggio presenta una leggera acidità e un accenno di umami.,leggermente acido;leggermente umami,leggermente acido;leggermente umami,2018,C0C,TG_05
1329,OK,"Intenso, ma non del tutto positivo.","intenso, ma non del tutto positivo","intenso, ma non del tutto positivo",2018,C0C,TG_19
1330,OK,"Il sapore è caratterizzato da una lieve acidità, un umami eccessivo, una piccantezza evidente e un equilibrio non del tutto soddisfacente.","lieve acidit', umami eccessivo, poco equilibrato, piccante evidente","lieve acidit', umami eccessivo, poco equilibratorato, piccantecante evidente",2018,C0C,TG_20
1331,OK,"La nota acida iniziale è presente, ma nel complesso il sapore risulta abbastanza equilibrato.","nota acida iniziale, nel complesso abbastanza equilibrato","nota acida iniziale, nel complesso abbastanza equilibratorato",2018,C0C,TG_35
1332,OK,Il formaggio ha un'intensità piccante alta e un amaro di intensità elevata.,piccante intenistà alta;amaro intesità alta,piccantecante intenistà alta;amaro intesità alta,2018,C0E,Q_02
1333,OK,Il sapore presenta un amaro e una piccantezza acre che si avvertono in gola.,amaro e piccante acre in gola,amaro e piccantecante acre in gola,2018,C0E,Q_09
1334,OK,"Il sapore è salato e amaro, con una dolcezza assente e poco umami.","salato. Amaro. non dolce, poco umami","salato. Amaro. non dolce, poco umami",2018,C0E,TG_04
1335,OK,Acido e amaro.,acido;amaro,acido;amaro,2018,C0E,TG_05
1336,OK,Si avverte una punta di piccantezza e salato nel sapore.,punta di piccante e salato,punta di piccantecante e salato,2018,C0E,TG_13
1337,OK,Il sapore presenta umami con un finale amaro.,"umami, amaro finale","umami, amaro finale",2018,C0E,TG_19
1338,OK,"Presenza di acidità, quasi rinfrescante, difettoso.","presenza di acidit', quasi rinfrescante, difettoso","presenza di acidit', quasi rinfrescante, difettoso",2018,C0E,TG_20
1339,OK,"Il sapore è principalmente acido, seguito da salato e piccante, con una nota dolce quasi assente.","pricipalmente acido, segue il salato e piccante, la nota dolce è quasi assente","pricipalmente acido, segue il salato e piccantecante, la nota dolce è quasi assente",2018,C0E,TG_35
1340,OK,La piccantezza ha un'intensità medio bassa.,piccante intensità medio bassa,piccantecante intensità medio bassa,2018,C0L,Q_02
1341,OK,"Salato, umami e leggermente amaro.",salato umami leg amaro,salato umami leg amaro,2018,C0L,Q_09
1342,OK,"Il sapore presenta una nota amara e piccante, con una dolcezza assente e una leggera acidità.",amaro e piccante. non dolce. poco acido,amaro e piccantecante. non dolce. poco acido,2018,C0L,TG_04
1343,OK,Il sapore è leggermente acido.,leggermente acido,leggermente acido,2018,C0L,TG_05
1344,OK,"Il sapore è leggermente piccante e salato, con una sensazione di bruciore sulla lingua.",leggermente piccante e salato. brucia la lingua,leggermente piccantecante e salato. brucia la lingua,2018,C0L,TG_13
1345,OK,"Il sapore è caratterizzato da umami, con un leggero amaro finale.","umami, leggero amaro finale","umami, leggero amaro finale",2018,C0L,TG_19
1346,OK,"La sapidità è medio bassa, la dolcezza è media, l'umami è medio basso e la piccantezza è bassa, risultando abbastanza equilibrato.","sapidit' medio bassa, dolcezza media, umami medio basso, piccantezza bassa, abbastanza equilibrato","sapidit' medio bassa, dolcezza media, umami medio basso, piccantecantezza bassa, abbastanza equilibratorato",2018,C0L,TG_20
1347,OK,"Una nota amara iniziale persiste, seguita da un leggero piccante e una dolcezza.",nota amara iniziale persistenate segue un leggero piccate e la docezza,nota amara iniziale persistenate segue un leggero piccantecate e la docezza,2018,C0L,TG_35
1348,OK,Il sapore è equilibrato con una dolcezza di alta intensità.,equilibrato con dolce intensità alta,equilibratorato con dolce intensità alta,2018,C0M,Q_02
1349,OK,Il sapore è salato e amaro.,salato e amaro,salato e amaro,2018,C0M,Q_09
1350,OK,"Il sapore è amaro, mentre gli altri attributi sono presenti e tutto risulta equilibrato.",amaro. il resto presente e tutto equilibrato,amaro. il resto presente e tutto equilibratorato,2018,C0M,TG_04
1351,OK,Il sapore è salato e leggermente piccante.,salato e leggermente piccante,salato e leggermente piccantecante,2018,C0M,TG_13
1352,OK,"Il sapore è salato, con una leggera acidità e una punta di amaro finale.","salato, anche un po' acido, punta di amaro finale","salato, anche un po' acido, punta di amaro finale",2018,C0M,TG_19
1353,OK,"Il formaggio presenta un sapore equilibrato, con una dolcezza leggera che si armonizza con la sapidità.",equilibrato,equilibratorato,2018,C0M,TG_20
1354,OK,"Il sapore è equilibrato, con una nota finale leggermente amarognola.","ecquilibrato, con una nota finale leggermente amarognola","equilibrato, con una nota finale leggermente amarognola",2018,C0M,TG_35
1355,OK,Il sapore ha una piccantezza di intensità medio bassa.,piccante intensità medio bassa,piccantecante intensità medio bassa,2018,C0N,Q_02
1356,OK,"Il sapore è piccante, ma non persiste, risultando pieno.","piccantino, non persiste. pieno","piccantecantino, non persiste. pieno",2018,C0N,TG_04
1357,OK,Dolce.,dolce;,dolce;,2018,C0N,TG_05
1358,OK,"Il sapore è equilibrato, ma non piccante.","equilibrato, non piccante","equilibratorato, non piccantecante",2018,C0N,TG_13
1359,OK,Un po' salato.,"un po' salato,","un po' salato,",2018,C0N,TG_19
1360,OK,"La dolcezza è medio alta, la sapidità è media, l'umami è medio e la piccantezza è media, risultando abbastanza equilibrato.","dolcezza medio alta, sapidit' media, umami medio, piccantezza media, abbastanza equilibrato","dolcezza medio alta, sapidit' media, umami medio, piccantecantezza media, abbastanza equilibratorato",2018,C0N,TG_20
1361,OK,"Il sapore presenta una sapidità prevalente seguita dalla dolcezza, risultando nel complesso abbastanza equilibrato.","sapidita prevalente seguita subito dalla docezza, nel complesso abbastanza ecquilibrato","sapidita prevalente seguita subito dalla docezza, nel complesso abbastanza equilibrato",2018,C0N,TG_35
1362,OK,Piccante leggero e acido moderato.,piccante leggero;acido moderato,piccantecante leggero;acido moderato,2018,C0A,Q_02
1363,OK,Il formaggio ha un sapore salato.,leg salato,leg salato,2018,C0A,Q_09
1364,OK,"Il Grana Trentino DOP ha un profilo gustativo salato, che ne caratterizza il sapore in modo deciso.",salato,salato,2018,C0A,TG_04
1365,OK,Il formaggio è leggermente acido e presenta note di umami.,leggermente acido;umami,leggermente acido;umami,2018,C0A,TG_05
1366,OK,Il sapore si presenta leggermente salato e con una nota dolce.,leggermente salato e dolce,leggermente salato e dolce,2018,C0A,TG_11
1367,OK,L'equilibrio dei sapori non è tipico del grana.,equilibrio di sapori non tipico del grana,equilibratorio di sapori non tipiccanteo del grana,2018,C0A,TG_13
1368,OK,Il sapore presenta una componente umami leggermente intensa.,umami leggermente intenso,umami leggermente intenso,2018,C0A,TG_14
1369,OK,Il sapore del Grana Trentino DOP è caratterizzato da una sapidità marcata e note umami.,"salato, umami","salato, umami",2018,C0A,TG_19
1370,OK,"Il sapore del Grana Trentino DOP è equilibrato, con note dolciastre e sapide ben amalgamate.","equilibrato, con note dolciastre e sapide ben amalgamate","equilibratorato, con note dolciastre e sapide ben amalgamate",2018,C0A,TG_24
1371,OK,Il formaggio è molto salato.,salatissimo,salatissimo,2018,C0A,TG_26
1372,OK,Il sapore è fortemente piccante.,piccante forte,piccantecante forte,2018,C0C,Q_02
1373,OK,"Il sapore del Grana Trentino DOP presenta una leggera amarezza e una piccantezza tollerabile, risultando pieno.","amaro. pungente sulla lingua, tollerabile. non nettamente dolce, ma pieno","amaro. pungente sulla lingua, tollerabile. non nettamente dolce, ma pieno",2018,C0C,TG_04
1374,OK,Il formaggio è dolce e ha un sapore di vecchio.,dolce e sa di vecchio,dolce e sa di vecchio,2018,C0C,TG_11
1375,OK,"Il sapore del Grana Trentino DOP è salato, con una leggera piccantezza.","salato, leggermente piccante","salato, leggermente piccantecante",2018,C0C,TG_13
1376,OK,Il sapore del Grana Trentino DOP è caratterizzato da un umami intenso e una leggera punta piccante.,umami intenso e leggera punta piccante,umami intenso e leggera punta piccantecante,2018,C0C,TG_14
1377,OK,Il sapore del Grana Trentino DOP è un po' salato e leggermente piccante alla fine.,"un po' salato e leggermente piccante alla fine, ma non esagerati","un po' salato e leggermente piccantecante alla fine, ma non esagerati",2018,C0C,TG_19
1378,OK,"Il sapore è equilibrato, ma con poco sale.","equilibrato ma con poco sale!!! ""Sciapotto""","equilibratorato ma con poco sale!!! ""sciapo""",2018,C0C,TG_24
1379,OK,Il formaggio è piccante e amaro.,piccante e amaro,piccantecante e amaro,2018,C0C,TG_26
1380,OK,"Il sapore del Grana Trentino DOP è equilibrato, con una piccantezza moderata.",gusti equilibrati;piccante moderato,gusti equilibratorati;piccantecante moderato,2018,C0G,Q_02
1381,OK,Il sapore è amaro e non dolce.,Amaro. non dolce,Amaro. non dolce,2018,C0G,TG_04
1382,OK,Il formaggio è acido e amaro.,acido;amaro,acido;amaro,2018,C0G,TG_05
1383,OK,Il sapore è salato e amaro.,salato e amaro,salato e amaro,2018,C0G,TG_11
1384,OK,"Il formaggio si presenta con una sapidità marcata, conferendo un sapore salato ben definito.",salato,salato,2018,C0G,TG_13
1385,OK,È molto salato con una punta di amaro.,molto salato con punta di amaro,molto salato con punta di amaro,2018,C0G,TG_14
1386,OK,"Il Grana Trentino DOP si presenta con una sapidità bilanciata, accompagnata da una leggera piccantezza che non risulta sgradevole.","un po' salato e lievemente piccante, ma non sgradevoli","un po' salato e lievemente piccantecante, ma non sgradevoli",2018,C0G,TG_19
1387,OK,"Il sapore è sapido e presenta note di umami, rendendolo complesso e piacevole.",sapido e umami,sapido e umami,2018,C0G,TG_24
1388,OK,"Inizialmente è molto buono, ma alla fine risulta molto salato.",inizialmente molto buono ma alla fine  molto salato,inizialmente molto buono ma alla fine  molto salato,2018,C0G,TG_26
1389,OK,Il sapore è fortemente piccante.,piccante forte,piccantecante forte,2018,C0H,Q_02
1390,OK,"Il Grana Trentino DOP ha un sapore salato, che si esprime in modo netto e deciso.",salato,salato,2018,C0H,Q_09
1391,OK,È piccantino e non dolce.,piccantino. non dolce,piccantecantino. non dolce,2018,C0H,TG_04
1392,OK,"Il formaggio è acido, amaro e piccante.",acido;amaro;piccante,acido;amaro;piccantecante,2018,C0H,TG_05
1393,OK,Il sapore è amaro.,amaro,amaro,2018,C0H,TG_11
1394,OK,"È leggermente acido e piccante, con un sapore salato.",legg acido e piccante. salato,legg acido e piccantecante. salato,2018,C0H,TG_13
1395,OK,Il formaggio è amaro e piccante.,amara e piccante,amara e piccantecante,2018,C0H,TG_14
1396,OK,"Il Grana Trentino DOP presenta un sapore sapido, con note piccanti e un accenno di umami, rendendolo complesso.","salato, piccante, umami","salato, piccantecante, umami",2018,C0H,TG_19
1397,OK,C'è un'eccessiva sapidità.,sapidità eccessiva,sapidità eccessiva,2018,C0H,TG_24
1398,OK,Pizzica troppo.,pizzica troppo,pizzica troppo,2018,C0H,TG_26
1399,OK,"I gusti sono equilibrati, con una dolcezza forte che si integra armoniosamente con le altre note.",gusti equilibrati con dolce forte,gusti equilibratorati con dolce forte,2018,C0M,Q_02
1400,OK,"Nessuna nota prevalente, poco umami o nulla.",nessuna nota prevalente. poco umami o nulla,nessuna nota prevalente. poco umami o nulla,2018,C0M,TG_04
1401,OK,Acido e amaro.,acido;amaro;,acido;amaro;,2018,C0M,TG_05
1402,OK,"Il sapore del Grana Trentino DOP presenta una leggera nota di tostato, con un retrogusto che ricorda il formaggio vecchio.","crosta, sa di vecchio","crosta, sa di vecchio",2018,C0M,TG_11
1403,OK,Il Grana Trentino DOP si distingue per una sapidità marcata e una leggera piccantezza.,salato e leggermente piccante,salato e leggermente piccantecante,2018,C0M,TG_13
1404,OK,"Il sapore è molto salato, con una tendenza acida che si fa sentire.",moltoo salato e con tendenza acida,moltoo salato e con tendenza acida,2018,C0M,TG_14
1405,OK,"Il sapore si presenta equilibrato, con note dolciastre piacevoli.",bello equilibrato e anche note dolciastre piacevoli,bello equilibratorato e anche note dolciastre piacevoli,2018,C0M,TG_24
1406,OK,"Il formaggio ha un sapore salato, che si esprime in modo netto e deciso.",salato,salato,2018,C0M,TG_26
1407,OK,"Il Grana Trentino DOP ha un sapore dolce forte, con una sapidità moderata e una piccantezza intensa.",dolce forte;salato moderato;piccante forte,dolce forte;salato moderato;piccantecante forte,2018,C0N,Q_02
1408,OK,Amaro.,amaro,amaro,2018,C0N,Q_09
1409,OK,"Il Grana Trentino DOP è appena salato, con una leggera nota amara percepibile.","Appena un po' salato, ma nella norma. Amaro percepibile","Appena un po' salato, ma nella norma. Amaro percepibile",2018,C0N,TG_04
1410,OK,Umami.,umami,umami,2018,C0N,TG_05
1411,OK,Neutro.,neutro,neutro,2018,C0N,TG_11
1412,OK,"Il sapore è equilibrato, non troppo salato e non piccante, con una punta di umami.",equilibrato. non troppo salato. non piccante. punta di umami,equilibratorato. non troppo salato. non piccantecante. punta di umami,2018,C0N,TG_13
1413,OK,"Il sapore è acido, salato e umami, abbastanza equilibrato, con una leggera nota amara in coda.","acido, salato e umami abbastanza equilibrati, non piccante , solo una leggerissima nota amara in coda","acido, salato e umami abbastanza equilibratorati, non piccantecante , solo una leggerissima nota amara in coda",2018,C0N,TG_14
1414,OK,Il Grana Trentino DOP è salato e presenta una piccantezza marcata.,salato  e piccante,salato  e piccantecante,2018,C0N,TG_19
1415,OK,"Il sapore è abbastanza equilibrato, con un finale leggermente sapido.","abbastanza equilibrato, con finale leggermente sapido...","abbastanza equilibratorato, con finale leggermente sapido...",2018,C0N,TG_24
1416,OK,"Il sapore è leggermente amaro, salato e abbastanza equilibrato.",legg amaro salato abb equlibrato,legg amaro salato abb equlibrato,2018,C0N,TG_26
1417,OK,Il Grana Trentino DOP ha una leggera piccantezza.,leggero piccante,leggero piccantecante,2018,C0A,Q_09
1418,OK,"Il gusto è pieno, con una marcata salinità.","il gusto è pieno, ma Salato","il gusto è pieno, ma Salato",2018,C0A,TG_04
1419,OK,Il Grana Trentino DOP presenta una piccantezza evidente.,ddpiccante,piccantecante,2018,C0A,TG_05
1420,OK,Il sapore è leggermente acidulo.,leggermente acidulo,leggermente acidulo,2018,C0A,TG_11
1421,OK,"Il sapore del Grana Trentino DOP si presenta salato, con una leggera piccantezza.",salato e legg piccante,salato e legg piccantecante,2018,C0A,TG_12
1422,OK,"Il formaggio mostra una leggera piccantezza, accompagnata da una sensazione bruciante.","leggermente piccante, bruciante","leggermente piccantecante, bruciante",2018,C0A,TG_13
1423,OK,"La piccantezza è lieve e non spiacevole, con una sapidità quasi poco salata.","piccantezza lieve e non spiacevole, quasi poco salato","piccantecantezza lieve e non spiacevole, quasi poco salato",2018,C0A,TG_19
1424,OK,"Il sapore si caratterizza per una dolcezza marcata, sapidità contenuta e una leggera piccantezza, risultando abbastanza equilibrato.","dolcezza marcata, sapidit' contenuta, poco piccante, poco umami, abbastanza equilibrato","dolcezza marcata, sapidit' contenuta, poco piccantecante, poco umami, abbastanza equilibratorato",2018,C0A,TG_20
1425,OK,"Il formaggio è leggermente saporito e piccante, risultando armonico nel complesso.",leggermente saporito e piccante.... nel complesso armonico però,leggermente saporito e piccantecante.... nel complesso armonico però,2018,C0A,TG_24
1426,OK,"Il sapore risulta sbilanciato, con una nota salata e una leggera amarezza.",sbilanciato il salato legg amaro,sbilanciato il salato legg amaro,2018,C0A,TG_26
1427,OK,"Si percepisce un'iniziale nota acida e piccante, con una pungenza nel complesso abbastanza equilibrata.",iniziale nota acida e piccante (pungenza) nel complesso abbastanza equilibrato,iniziale nota acida e piccantecante (pungenza) nel complesso abbastanza equilibratorato,2018,C0A,TG_35
1428,OK,"Il Grana Trentino DOP presenta una sapidità marcata, conferendo un sapore salato ben definito.",salato,salato,2018,C0D,Q_09
1429,OK,La piccantezza è presente e anche persistente.,"piccante, anche persistente","piccantecante, anche persistente",2018,C0D,TG_04
1430,OK,"Il formaggio è leggermente piccante, acido e amaro.",ddleggermente piccante;acido;amaro,ddleggermente piccantecante;acido;amaro,2018,C0D,TG_05
1431,OK,"Si percepisce una leggera amarezza, con una sapidità contenuta.","leggermente amaro, poco salato","leggermente amaro, poco salato",2018,C0D,TG_11
1432,OK,Il sapore è leggermente salato.,legg salato,legg salato,2018,C0D,TG_12
1433,OK,"Il formaggio è salato, con una leggera piccantezza e una nota acida.","salato, leggermente piccante, forse un po acido","salato, leggermente piccantecante, forse un po acido",2018,C0D,TG_13
1434,OK,Il sapore è lievemente piccante.,Lievemente piccante,Lievemente piccantecante,2018,C0D,TG_19
1435,OK,"Il formaggio presenta una dolcezza sapida con umami poco marcato e una piccantezza evidente sul finale, risultando poco bilanciato.","dolce sapido con umami poco marcato e piccantezza evidente sul finale, poco bilanciato","dolce sapido con umami poco marcato e piccantecantezza evidente sul finale, poco bilanciato",2018,C0D,TG_20
1436,OK,"Il sapore è neutro, con una sapidità prevalente.",neutro con sapidità anche prevalente,neutro con sapidità anche prevalente,2018,C0D,TG_24
1437,OK,Il sapore è acido.,acido,acido,2018,C0D,TG_26
1438,OK,Prevale la pungenza e la sapidità.,prevale la pungenza e la sapidità,prevale la pungenza e la sapidità,2018,C0D,TG_35
1439,OK,Il formaggio presenta una nota amara.,amaro,amaro,2018,C0E,Q_09
1440,OK,"Si percepisce dell'amaro, con una piccantezza leggerissima, assente dolcezza e poco umami, risultando scarno.",c'è dell'amaro. piccante leggerissimo. non dolce. poco umami o nulla. scarno,c'è dell'amaro. piccantecante leggerissimo. non dolce. poco umami o nulla. scarno,2018,C0E,TG_04
1441,ILLEGGIBILE,,leggermente acidoe amaro;leggermente piccante;dddddddd,leggermente acidoe amaro;leggermente piccantecante;dddddddd,2018,C0E,TG_05
1442,OK,"Il sapore manca di sale, si percepisce il dolce.","manca di sale,  si percepisce il dolce","manca di sale,  si percepisce il dolce",2018,C0E,TG_11
1443,OK,"Il Grana Trentino DOP presenta una leggera salinità, che contribuisce a un profilo gustativo equilibrato e gradevole.",legg salato,legg salato,2018,C0E,TG_12
1444,OK,"Il sapore del Grana Trentino DOP è caratterizzato da una dolcezza evidente, accompagnata da una leggera sapidità.","dolce, un po salato","dolce, un po salato",2018,C0E,TG_13
1445,OK,Il sapore del Grana Trentino DOP risulta poco sapido e poco intenso.,"quasi poco sapido, poco intenso","quasi poco sapido, poco intenso",2018,C0E,TG_19
1446,OK,"Il sapore è dolce e sapido, con una lieve acidità e una piccantezza evidente nel finale.","dolce sapido, poco salato, con lieve acidit', umami medio/basso e piccantezza evidente nel finale","dolce sapido, poco salato, con lieve acidit', umami medio/basso e piccantecantezza evidente nel finale",2018,C0E,TG_20
1447,OK,"Il sapore è equilibrato con buona sapidità, ma non eccessiva.",equuilibrato con buona sapidità ma noon eccessiva,equuilibrato con buona sapidità ma noon eccessiva,2018,C0E,TG_24
1448,OK,Il sapore è caratterizzato da una dolcezza marcata.,dolce,dolce,2018,C0E,TG_26
1449,OK,"Il sapore presenta una dolcezza iniziale, con assenza di piccantezza.",dolcezza iniziale assenza del picante,dolcezza iniziale assenza del piccanteante,2018,C0E,TG_35
1450,OK,Il sapore è leggermente amaro.,leggero amaro,leggero amaro,2018,C0H,Q_09
1451,OK,"Il sapore è caratterizzato da amarezza e piccantezza percepibili, ma non persistenti, con assenza di dolcezza e una nota acida.","Amamro e piccante percepibili, non persistenti. non dolce. acido","Amamro e piccantecante percepibili, non persistenti. non dolce. acido",2018,C0H,TG_04
1452,OK,"Il sapore è dolce, ma manca completamente di sapidità.","dolce, manca completamente di sale","dolce, manca completamente di sale",2018,C0H,TG_11
1453,OK,"Il sapore è dolce e poco salato, con assenza di piccantezza.","dolce, poco salato. non piccante","dolce, poco salato. non piccantecante",2018,C0H,TG_13
1454,OK,Il sapore è equilibrato e abbastanza intenso.,equilibrato e abbastanza intenso,equilibratorato e abbastanza intenso,2018,C0H,TG_19
1455,OK,"Il sapore è dolce e sapido, con buon umami e piccantezza media, risultando equilibrato.","dolce sapido con buon umami, piccantezza media, equilibrato","dolce sapido con buon umami, piccantecantezza media, equilibratorato",2018,C0H,TG_20
1456,OK,"Il sapore è equilibrato con note dolciastre, peccato per il finale amarognolo.",equilibrato con note anche dolciastre. Peccato per finale amrognolo,equilibratorato con note anche dolciastre. Peccato per finale amrognolo,2018,C0H,TG_24
1457,OK,"Il sapore è leggermente amaro, ma molto dolce e ben equilibrato.",legg amaro per il resto molto dolce e ben equilibrato,legg amaro per il resto molto dolce e ben equilibratorato,2018,C0H,TG_26
1458,CONFORME,"Il Grana Trentino DOP si distingue per un sapore equilibrato, senza eccessi di dolcezza o piccantezza.",ecqulibrato,ecqulibrato,2018,C0H,TG_35
1459,OK,"Il sapore è pieno, con tutti i descrittori presenti, senza che nulla sovrasti, ma non dolce.",Pieno. tutti  idescrittori presenti. Niente sovrasta. non dolce,Pieno. tutti  idescrittori presenti. Niente sovrasta. non dolce,2018,C0M,TG_04
1460,ILLEGGIBILE,,amaro;acido;,amaro;acido;,2018,C0M,TG_05
1461,OK,Il Grana Trentino DOP presenta una leggera piccantezza.,qualche punta piccante,qualche punta piccantecante,2018,C0M,TG_11
1462,OK,"Il sapore del Grana Trentino DOP è caratterizzato da una piccantezza e una sapidità marcata, con una leggera acidità.","piccante e salato, acido","piccantecante e salato, acido",2018,C0M,TG_13
1463,OK,"Il sapore del Grana Trentino DOP è abbastanza equilibrato, con una buona armonia tra dolcezza e sapidità.",Abbastanza equilibrato,Abbastanza equilibratorato,2018,C0M,TG_19
1464,OK,"Il Grana Trentino DOP si distingue per un sapore equilibrato, con dolcezza, sapidità e una piccantezza contenuta.","abbastanza equilibrato, dolce sapido con umami medio basso e piccantezza contenuta","abbastanza equilibratorato, dolce sapido con umami medio basso e piccantecantezza contenuta",2018,C0M,TG_20
1465,OK,Il sapore del Grana Trentino DOP è molto amaro e presenta note di bruciato.,molto amaro e bruciato....,molto amaro e bruciato....,2018,C0M,TG_24
1466,OK,"Il Grana Trentino DOP si presenta con un equilibrio tra dolcezza e sapidità, risultando gradevole al palato.",abb equilibrato dolce,abb equilibratorato dolce,2018,C0M,TG_26
1467,OK,"La piccantezza è leggera, mentre il resto del sapore è equilibrato.",leggera piccantezza  e il resto è ecquilivrato,leggera piccantecantezza  e il resto è ecquilivrato,2018,C0M,TG_35
1468,OK,"Il Grana Trentino DOP ha un sapore acido, poco amaro, con un giusto livello di sale e una piccantezza evanescente, accompagnata da una dolcezza percepita.","Acido,  poco amaro, giusto sale. piccante evanescente. dolce percepito","Acido,  poco amaro, giusto sale. piccantecante evanescente. dolce percepito",2018,C0Q,TG_04
1469,OK,Amaro e umami.,amaro;umami;,amaro;umami;,2018,C0Q,TG_05
1470,OK,Sapore di latte e alla fine crosta.,latte e alla fine crosta,latte e alla fine crosta,2018,C0Q,TG_11
1471,OK,"Il Grana Trentino DOP presenta una dolcezza e una sapidità equilibrate, con note di umami.","dolce, poco salato. umami","dolce, poco salato. umami",2018,C0Q,TG_13
1472,OK,"Il sapore del Grana Trentino DOP è caratterizzato da dolcezza e sapidità equilibrate, con umami debole e piccantezza media.","dolcezza e sapidit' equilibrate, umami debole, piccantezza media, abbastanza equilibrato","dolcezza e sapidit' equilibratorate, umami debole, piccantecantezza media, abbastanza equilibratorato",2018,C0Q,TG_20
1473,OK,"Il Grana Trentino DOP è sapido, con un finale amarognolo, ma equilibrato.","sapido, finale amarognolo, non esagerato però in quanto anche equilibrato...","sapido, finale amarognolo, non esagerato però in quanto anche equilibratorato...",2018,C0Q,TG_24
1474,OK,Leggermente sbilanciato il salato.,legg sbilanciato il salato,legg sbilanciato il salato,2018,C0Q,TG_26
1475,CONFORME,"Il Grana Trentino DOP offre un sapore equilibrato, con una piacevole interazione tra le diverse note gustative.",ecquilibrato,equilibrato,2018,C0Q,TG_35
1476,OK,Salato.,salato,salato,2018,C0A,Q_09
1477,OK,Piccante e acido.,piccante;acido;,piccantecante;acido;,2018,C0A,TG_04
1478,OK,Piccante.,piccante,piccantecante,2018,C0A,TG_05
1479,OK,Il Grana Trentino DOP è salato e presenta una leggera piccantezza.,salato e leggermente piccante,salato e leggermente piccantecante,2018,C0A,TG_13
1480,OK,Il sapore del Grana Trentino DOP è molto salato e presenta note di umami.,"molto salato, umami","molto salato, umami",2018,C0A,TG_14
1481,OK,"Il sapore del Grana Trentino DOP si presenta dolce e sapido, con una lieve piccantezza e un buon umami.","dolce sapido con lieve piccantezza, buon umami","dolce sapido con lieve piccantecantezza, buon umami",2018,C0A,TG_19
1482,OK,Pizzica salato.,pizzica salato,pizzica salato,2018,C0A,TG_20
1483,OK,Leggermente amaro.,leg amaro,leg amaro,2018,C0B,Q_09
1484,OK,"Il formaggio ha una salinità ben presente, che arricchisce il suo profilo gustativo senza sovrastare le altre note.",salato,salato,2018,C0B,TG_11
1485,OK,"Il sapore è piccante, con una leggera bruciantezza e una sapidità marcata.","piccante, un po bruciante. salato","piccantecante, un po bruciante. salato",2018,C0B,TG_13
1486,OK,Il sapore è dolce e leggermente piccante alla fine.,dolce e leggermente piccante alla fine,dolce e leggermente piccantecante alla fine,2018,C0B,TG_14
1487,OK,"Il sapore del Grana Trentino DOP è dolce e sapido, con umami abbastanza marcato e una piccantezza leggera, risultando equilibrato.","dolce sapido con umami abbastanza marcato, poco piccante ma equilibrato","dolce sapido con umami abbastanza marcato, poco piccantecante ma equilibratorato",2018,C0B,TG_19
1488,OK,"Il Grana Trentino DOP si caratterizza per una salinità marcata, che contribuisce a un sapore complessivo interessante.",salato,salato,2018,C0B,TG_20
1489,OK,Amaro e acido.,amaro acido,amaro acido,2018,C0C,Q_09
1490,OK,Salatino.,salatino...,salatino...,2018,C0C,TG_13
1491,OK,"Un po' amaro, salato e umami.","un po' amaro, salato, umami -","un po' amaro, salato, umami -",2018,C0C,TG_14
1492,OK,"Il sapore del Grana Trentino DOP è dolce e sapido, con un buon umami e una lieve piccantezza, risultando equilibrato.","dolce sapido con buon umami e lieve piccantezza, equilibrato","dolce sapido con buon umami e lieve piccantecantezza, equilibratorato",2018,C0C,TG_19
1493,OK,Il sapore è salato e presenta una piccantezza eccessiva.,salato e pizzica troppo,salato e pizzica troppo,2018,C0C,TG_20
1494,OK,"Il sapore è piccante, con una sensazione acre in gola e un buon umami.",piccante acre in gola umami,piccantecante acre in gola umami,2018,C0G,Q_09
1495,OK,Umami e acido.,umami;acido,umami;acido,2018,C0G,TG_04
1496,OK,Leggermente salato.,legg salato,legg salato,2018,C0G,TG_11
1497,OK,Il sapore è leggermente acido e piccante.,leggermente acido e piccante,leggermente acido e piccantecante,2018,C0G,TG_13
1498,OK,Il sapore presenta umami e una leggera sapidità.,"umami, un po' salato","umami, un po' salato",2018,C0G,TG_14
1499,OK,"Il sapore del Grana Trentino DOP è dolce e sapido, con umami marcato e una piccantezza media, risultando forse troppo evidente.","dolce sapido con umami marcato e piccantezza media, forse umami troppo evidente","dolce sapido con umami marcato e piccantecantezza media, forse umami troppo evidente",2018,C0G,TG_19
1500,OK,Pizzica.,pizzica,pizzica,2018,C0G,TG_20
1501,OK,"Il sapore del Grana Trentino DOP si presenta salato, con una leggera piccantezza.",legg salato e piccante,legg salato e piccantecante,2018,C0L,TG_11
1502,OK,Il sapore del Grana Trentino DOP è caratterizzato da un umami equilibrato.,umami. equilibrato.,umami. equilibratorato.,2018,C0L,TG_13
1503,OK,Il sapore del Grana Trentino DOP presenta un leggero amaro iniziale.,leggero amaro da subito,leggero amaro da subito,2018,C0L,TG_14
1504,OK,"Il Grana Trentino DOP ha una sapidità elevata, un umami presente e una piccantezza marcata.","sapidit' elevata, umami ok, piccantezza marcata","sapidit' elevata, umami ok, piccantecantezza marcata",2018,C0L,TG_19
1505,OK,"La nota salata del Grana Trentino DOP è ben definita, conferendo al formaggio una personalità distintiva.",salato,salato,2018,C0L,TG_20
1506,OK,Il sapore del Grana Trentino DOP è caratterizzato da un leggero amaro.,leg amaro,leg amaro,2018,C0N,Q_09
1507,OK,Il sapore del Grana Trentino DOP è leggermente acido.,leggermente acido,leggermente acido,2018,C0N,TG_04
1508,OK,Il formaggio è squilibrato e salato.,"squilibrato, salato.","squilibrato, salato.",2018,C0N,TG_13
1509,OK,"Il sapore del Grana Trentino DOP è salato, con un umami presente e gusti non armonici, accompagnato da una leggera piccantezza finale.","salato, umami, gusti non armonici, leggera piccantezza finale","salato, umami, gusti non armonici, leggera piccantecantezza finale",2018,C0N,TG_14
1510,OK,"Il sapore del Grana Trentino DOP è abbastanza bilanciato, con una sapidità ridotta.","abbastanza bilanciato, sapidit' ridotta","abbastanza bilanciato, sapidit' ridotta",2018,C0N,TG_19
1511,OK,Il sapore del Grana Trentino DOP è pungente.,pungente,pungente,2018,C0N,TG_20
1512,OK,"L'acidità del Grana Trentino DOP è percepita in modo negativo, con un'intensità leggera.",acidità (in negativo) intensità leggera,acidità (in negativo) intensità leggera,2018,C0A,Q_02
1513,OK,"Il Grana Trentino DOP presenta una salinità evidente, che si integra armoniosamente con le altre caratteristiche gustative.",salato,salato,2018,C0A,Q_09
1514,OK,"Il sapore del Grana Trentino DOP è pungente e amaro, ma non in eccesso.",pungente. amaro. il tutto non in eccesso,pungente. amaro. il tutto non in eccesso,2018,C0A,TG_04
1515,OK,Il sapore del Grana Trentino DOP è caratterizzato da un amaro.,amaro,amaro,2018,C0A,TG_11
1516,OK,Il Grana Trentino DOP è molto salato e leggermente piccante.,molto salato e leggemrente piccante,molto salato e leggemrente piccantecante,2018,C0A,TG_14
1517,OK,"Il sapore del Grana Trentino DOP è dolce e sapido, con un umami medio e una piccantezza contenuta, risultando abbastanza equilibrato.","dolce sapido con umami medio, piccantezza contenuta, abbastanza equilibrato","dolce sapido con umami medio, piccantecantezza contenuta, abbastanza equilibratorato",2018,C0A,TG_20
1518,OK,"Il sapore del Grana Trentino DOP è sbilanciato, con una piccantezza eccessiva e un sapore salato predominante.",piccante sbilanciato e salato troppo,piccantecante sbilanciato e salato troppo,2018,C0A,TG_26
1519,OK,"Il sapore del Grana Trentino DOP è inizialmente acido e sovrastante, ma poi si presenta equilibrato.","acido inizialmente sovrastante, poi equilibrato","acido inizialmente sovrastante, poi equilibratorato",2018,C0C,Q_02
1520,OK,Il Grana Trentino DOP ha un sapore leggermente salato e piccante.,leggero salato e piccante,leggero salato e piccantecante,2018,C0C,Q_09
1521,OK,"Il sapore presenta una nota pungente di sale, con una leggera percezione umami e una dolcezza accennata.",pungente di sale. umami. fors'anche dolce,pungente di sale. umami. fors'anche dolce,2018,C0C,TG_04
1522,OK,Il sapore è caratterizzato da una leggera mancanza di sale e una nota amarognola.,"manca sale, leggermente amaro","manca sale, leggermente amaro",2018,C0C,TG_11
1523,OK,"I gusti risultano abbastanza equilibrati, con una leggera piccantezza.",gusti abbastanza equilibrati e piccante leggero,gusti abbastanza equilibratorati e piccantecante leggero,2018,C0C,TG_14
1524,OK,"Il sapore è equilibrato, con una dolcezza sapida e un umami medio, accompagnato da una piccantezza contenuta e una lieve nota rinfrescante.","equilibrato, dolce sapido con umami medio, piccantezza contenuta, lieve nota rinfrescante","equilibratorato, dolce sapido con umami medio, piccantecantezza contenuta, lieve nota rinfrescante",2018,C0C,TG_20
1525,OK,Il sapore è caratterizzato da una nota amara e una piccantezza.,amaro e piccante,amaro e piccantecante,2018,C0C,TG_26
1526,OK,"Il sapore è equilibrato, ma tende a una piccantezza da formaggio pronto.",equilibrato;ma tendente al piccante da formaggio pronto,equilibratorato;ma tendente al piccantecante da formaggio pronto,2018,C0E,Q_02
1527,OK,Il sapore è acido con una leggera piccantezza.,acido e leg piccante,acido e leg piccantecante,2018,C0E,Q_09
1528,OK,"Il sapore è salato, con una leggera nota amara e piccante.","salato, amaro, piccante leggero","salato, amaro, piccantecante leggero",2018,C0E,TG_04
1529,OK,"Il sapore del Grana Trentino DOP è dolce, con una delicatezza che lo rende particolarmente apprezzabile.","dolce,","dolce,",2018,C0E,TG_11
1530,OK,"La piccantezza è assente, ma l'umami tende a coprire, con una punta di amaro.","piccante assente ma umami tende a coprire, punta di amaro","piccantecante assente ma umami tende a coprire, punta di amaro",2018,C0E,TG_14
1531,OK,"Il sapore è marcatamente sapido, con una nota piccante eccessiva e una lieve acidità.","marcatamente sapido con nota piccante eccessiva, lieve acidit'","marcatamente sapido con nota piccantecante eccessiva, lieve acidit'",2018,C0E,TG_20
1532,OK,"Il sapore presenta un'acidità e un'amarezza di intensità leggera, che risultano negative.",acido amaro intensità leggera (in negativo),acido amaro intensità leggera (in negativo),2018,C0G,Q_02
1533,OK,Il sapore è leggermente salato.,leg salato,leg salato,2018,C0G,Q_09
1534,OK,"Il sapore è amaro, ma tollerabile.",amaro. tollerabile,amaro. tollerabile,2018,C0G,TG_04
1535,OK,Il sapore è caratterizzato da una piccantezza.,piccante,piccantecante,2018,C0G,TG_11
1536,OK,"La sapidità è elevata, con una piccantezza marcata e un umami pronunciato, ma non molto equilibrato.","sapidit' elevata, piccantezza marcata, umami marcato, non molto equilibrato","sapidit' elevata, piccantecantezza marcata, umami marcato, non molto equilibratorato",2018,C0G,TG_20
1537,OK,Il sapore è salato e presenta una piccantezza.,salato e piccante,salato e piccantecante,2018,C0G,TG_26
1538,OK,"Il sapore è acido e amaro, con un'intensità leggera/moderata.",acido amaro intensità leggera/moderata,acido amaro intensità leggera/moderata,2018,C0Q,Q_02
1539,OK,Il sapore è salato con una leggera piccantezza.,salato leg piccante,salato leg piccantecante,2018,C0Q,Q_09
1540,OK,"Il sapore è delicato, senza note predominanti.",niente sovrasta. delicato,niente sovrasta. delicato,2018,C0Q,TG_04
1541,OK,Il formaggio è piuttosto insapore.,piuttosto insapore,piuttosto insapore,2018,C0Q,TG_11
1542,OK,I gusti sono equilibrati e non piccanti.,gusti equilibrati e no piccante,gusti equilibratorati e no piccantecante,2018,C0Q,TG_14
1543,OK,"Il sapore presenta una sapidità medio elevata, piccantezza marcata e lieve nota rinfrescante.","sapidit' medio elevata, piccantezza marcata, lieve nota rinfrescante","sapidit' medio elevata, piccantecantezza marcata, lieve nota rinfrescante",2018,C0Q,TG_20
1544,OK,Il formaggio ha un sapore acido.,acido,acido,2018,C0Q,TG_26
1545,OK,"Il Grana Trentino DOP si distingue per un sapore equilibrato, con una perfetta armonia tra dolcezza e sapidità.",equilibrato,equilibratorato,2018,C0R,Q_02
1546,FUORI_ATTRIBUTO,"Non è sgradevole, ma non lo riconosco come grana; ha odori e consistenze troppo forti.","Non sgradevole, ma non lo riconosco come grana. troppo forti odori e consistenze","Non sgradevole, ma non lo riconosco come grana. troppo forti odori e consistenze",2018,C0R,TG_04
1547,OK,Il sapore si presenta poco salato.,poco salato,poco salato,2018,C0R,TG_11
1548,OK,Il sapore ha una leggera predominanza umami.,leggera predominanza umami,leggera predominanza umami,2018,C0R,TG_14
1549,OK,"Il sapore è dolce, con sapidità medio bassa e una nota amara.","dolce, sapidit' medio bassa, con nota amara","dolce, sapidit' medio bassa, con nota amara",2018,C0R,TG_20
1550,OK,Il sapore presenta una nota amara.,amaro,amaro,2018,C0R,TG_26
1551,OK,Il formaggio ha un'acidità leggera e una piccantezza leggera.,acido intensità leggera;piccante intensità leggera,acido intensità leggera;piccantecante intensità leggera,2018,C0C,Q_02
1552,OK,"Il formaggio presenta una nota leggera, che contribuisce a un'esperienza gustativa complessiva piacevole.",leggero,leggero,2018,C0C,Q_09
1553,OK,"Il Grana Trentino DOP offre un buon equilibrio, con una leggera dolcezza che si fonde con le note salate.","buon equilibrio, fors'anche dolce","buon equilibratorio, fors'anche dolce",2018,C0C,TG_04
1554,OK,Il formaggio è acido e piccante.,acido;piccante,acido;piccantecante,2018,C0C,TG_05
1555,OK,Il sapore è salato e leggermente pungente.,salato e leggermente pungente,salato e leggermente pungente,2018,C0C,TG_11
1556,OK,Il sapore è molto piccante.,molto piccante,molto piccantecante,2018,C0C,TG_12
1557,OK,"Il sapore è acido, salato e piccante.","acido, salato e piccante","acido, salato e piccantecante",2018,C0C,TG_13
1558,OK,"Il sapore è piccante e acido, non molto salato, con umami ben presente.","piccante e acido, non molto salato, umami ben presente","piccantecante e acido, non molto salato, umami ben presente",2018,C0C,TG_14
1559,OK,"Il sapore del Grana Trentino DOP è abbastanza equilibrato, con una buona interazione tra le diverse note gustative.",abbastanza equilibrato,abbastanza equilibratorato,2018,C0C,TG_15
1560,OK,"Il sapore è leggermente salato e acido, ma non tanto da essere spiacevole.","Leggermente salato e acido, ma non tanto da essere spiacevole","Leggermente salato e acido, ma non tanto da essere spiacevole",2018,C0C,TG_19
1561,OK,"Il sapore del Grana Trentino DOP si presenta equilibrato, con una leggera piccantezza percettibile.",abbastanza ecqulibrato piccante leggermente percettibile,abbastanza ecqulibrato piccantecante leggermente percettibile,2018,C0C,TG_35
1562,OK,"Il Grana Trentino DOP presenta note amare e acide, senza eccessi, risultando complessivamente ben bilanciato.","amaro, acido. non eccede in nulla. non dolce. non piccante","amaro, acido. non eccede in nulla. non dolce. non piccantecante",2018,C0I,TG_04
1563,OK,Il formaggio è acido e amaro.,acido;damaro,acido;damaro,2018,C0I,TG_05
1564,OK,Il formaggio è dolce e amaro.,"dolce, amaro","dolce, amaro",2018,C0I,TG_11
1565,OK,"Il sapore del Grana Trentino DOP è caratterizzato da una marcata piccantezza, accompagnata da un intenso umami e una sapidità evidente.","piccante, umami carico, salato","piccantecante, umami carico, salato",2018,C0I,TG_14
1566,OK,Il sapore del Grana Trentino DOP presenta un'acidità e una sapidità prevalenti.,acido e salato prevalenti,acido e salato prevalenti,2018,C0I,TG_15
1567,OK,"Il sapore del Grana Trentino DOP è dolce e leggermente salato, con una piccantezza che si avverte alla fine, accompagnata da una certa untuosità.","dolce e un po' salato, leggermente piccante alla fine, untuosità","dolce e un po' salato, leggermente piccantecante alla fine, untuosità",2018,C0I,TG_19
1568,OK,"Il sapore del Grana Trentino DOP è caratterizzato da un glutammato prevalente che segue una nota dolce, con assenza di piccantezza.","glutammato prevalente segue la nota dolce, assenza del piccante","glutammato prevalente segue la nota dolce, assenza del piccantecante",2018,C0I,TG_35
1569,OK,"Il formaggio ha una leggera salinità, che si integra bene con le altre caratteristiche gustative.",leggero salato,leggero salato,2018,C0M,Q_09
1570,OK,"Il Grana Trentino DOP mostra note amare e acide, mantenendo un buon equilibrio senza eccessi.","amaro, acido. non in eccesso.","amaro, acido. non in eccesso.",2018,C0M,TG_04
1571,OK,"Il sapore del Grana Trentino DOP è leggermente acido, contribuendo a un profilo gustativo interessante.",leggermente acdido,leggermente acdido,2018,C0M,TG_05
1572,OK,"Il sapore del Grana Trentino DOP è caratterizzato da un amaro leggero, mentre il resto è bilanciato.","amaro leggero, il resto bilanciato","amaro leggero, il resto bilanciato",2018,C0M,TG_11
1573,OK,"Il Grana Trentino DOP presenta una salinità ben definita, che arricchisce il suo profilo gustativo.",salato,salato,2018,C0M,TG_12
1574,OK,"Il formaggio ha un sapore delicato, che si esprime in un equilibrio armonioso tra le diverse note.",delicato,delicato,2018,C0M,TG_13
1575,OK,Il sapore del Grana Trentino DOP è caratterizzato da una piccantezza marcata e una sapidità evidente.,piccante e salato,piccantecante e salato,2018,C0M,TG_14
1576,OK,"Il sapore del Grana Trentino DOP presenta un'acidità prevalente, ma è comunque abbastanza equilibrato.",acido prevalente ma abbastanza equilibrato,acido prevalente ma abbastanza equilibratorato,2018,C0M,TG_15
1577,OK,"Il sapore del Grana Trentino DOP è salato, con note di umami e una certa untuosità, sebbene presenti alcune disarmonie.","Salato, umami, untuoso, leggermente disarticolati, ma non del tutto negativi","Salato, umami, untuoso, leggermente disarticolati, ma non del tutto negativi",2018,C0M,TG_19
1578,OK,"Il sapore del Grana Trentino DOP è equilibrato, con assenza di piccantezza.","ecquilibrato, assenza del picante","equilibrato, assenza del piccanteante",2018,C0M,TG_35
1579,OK,Il sapore del Grana Trentino DOP presenta una leggera intensità di piccantezza e amaro.,piccante intensità leggera;amaro intensità leggera,piccantecante intensità leggera;amaro intensità leggera,2018,C0N,Q_02
1580,OK,"Il sapore del Grana Trentino DOP è salato, con una leggera piccantezza.",salato e leggero piccante,salato e leggero piccantecante,2018,C0N,Q_09
1581,OK,"Il sapore è leggermente salato, pieno e non dolce.",leggermente salato. pieno. non dolce,leggermente salato. pieno. non dolce,2018,C0N,TG_04
1582,OK,Il sapore è leggermente acido.,leggermente acido;,leggermente acido;,2018,C0N,TG_05
1583,OK,Il formaggio ha un'acidità pungente.,"acido pungente,","acido pungente,",2018,C0N,TG_11
1584,OK,"Il Grana Trentino DOP presenta una sapidità marcata, con un profilo gustativo salato che arricchisce l'esperienza complessiva.",salato,salato,2018,C0N,TG_12
1585,OK,Il sapore è acido e piccante.,"acido, piccante","acido, piccantecante",2018,C0N,TG_13
1586,OK,"Il sapore è abbastanza salato, con forte componente acida e piccante.","abbastanza salato, forte componente acida, piccante","abbastanza salato, forte componente acida, piccantecante",2018,C0N,TG_14
1587,OK,Il sapore presenta piccante ben percepibile e nota leggermente amara.,"piccante ben percepibile, nota leggermente amara","piccantecante ben percepibile, nota leggermente amara",2018,C0N,TG_15
1588,OK,"Il sapore è acido e lievemente piccante, con umami.","Acido e lievemente piccante, umami","Acido e lievemente piccantecante, umami",2018,C0N,TG_19
1589,OK,Il sapore è leggermente pungente ma equilibrato nei gusti.,leggermente pungente ma ecquiglibreto nei gusti,leggermente pungente ma ecquiglibreto nei gusti,2018,C0N,TG_35
1590,OK,Il sapore ha un'amaro di intensità leggera.,amaro intensità leggera,amaro intensità leggera,2018,C0O,Q_02
1591,OK,"Il sapore del Grana Trentino DOP è caratterizzato da una forte salinità, che contribuisce a un equilibrio gustativo interessante.",salato,salato,2018,C0O,Q_09
1592,OK,"Il sapore del Grana Trentino DOP presenta una salinità eccessiva, accompagnata da una nota amara.","sale, troppo. amaro","sale, troppo. amaro",2018,C0O,TG_04
1593,OK,Il formaggio è neutro e insapore.,"neutro, insapore","neutro, insapore",2018,C0O,TG_11
1594,OK,Il sapore è caratterizzato da una marcata sapidità e una leggera piccantezza.,"salato, piccante","salato, piccantecante",2018,C0O,TG_12
1595,OK,"Il formaggio ha un sapore dolciastro, con una leggera acidità.","dolciastro, leggermente acido","dolciastro, leggermente acido",2018,C0O,TG_13
1596,OK,Il sapore è leggermente piccante e presenta un umami carico.,leggermente piccante e umami carico,leggermente piccantecante e umami carico,2018,C0O,TG_14
1597,OK,Il sapore è dominato da un'acidità prevalente.,acido prevalente,acido prevalente,2018,C0O,TG_15
1598,OK,"Il Grana Trentino DOP si distingue per la sua sapidità intensa, conferendo un gusto salato che si fa notare al palato.","Salato,","Salato,",2018,C0O,TG_19
1599,OK,"Il sapore è sapido e dolce, con assenza di piccantezza.","sapido e dolce, assenza del piccante","sapido e dolce, assenza del piccantecante",2018,C0O,TG_35
