id,classe,caption,commento_raw,commento_prenorm,anno,prodotto,panelista
1,FUORI_ATTRIBUTO,Il formaggio presenta una consistenza disomogenea.,Disomogeneo,Disomogeneo,2019,C0L,TG_19
2,OK,La crosta si presenta di colore chiaro.,Pulita,Pulita,2019,C0D,TG_26
3,FUORI_ATTRIBUTO,Ci sono delle rosure sulla superficie.,Rosure,Rosure,2019,C0L,TG_26
4,ILLEGGIBILE,,Sotto,Sotto,2019,C0Q,Q_09
5,OK,La crosta si presenta di colore chiaro.,Pulita,Pulita,2019,C0I,TG_26
6,FUORI_ATTRIBUTO,Un piatto è il doppio dell'altro.,Un piatto è il doppio dell' altro,Un piatto è il doppio dell' altro,2019,C0M,TG_28
7,FUORI_ATTRIBUTO,C'è poco contrasto a causa del colore scuro della pasta.,Poco contrasto per colore scuro della pasta,Poco contrasto per colore scuro della pasta,2019,C0A,Q_09
8,FUORI_ATTRIBUTO,Il colore sottocrosta è rosa.,Colore rosa sottocrosta,Colore rosa sottocrostarosta,2019,C0D,Q_09
9,FUORI_ATTRIBUTO,Il colore sottocrosta è rosato.,Colore rosato sottocrosta,Colore rosato sottocrostarosta,2019,C0N,Q_09
10,FUORI_ATTRIBUTO,Il campione presenta microocchiatura e un colore arancio carico sotto un piatto.,Microocchiatura e colore arancio carico sotto un piatto,Microocchiatura e colore arancio carico sotto un piatto,2019,C0M,Q_09
11,FUORI_ATTRIBUTO,Il colore sfuma su una base molto carica.,Colore che sfuma su base di colore molto carico,Colore che sfuma su base di colore molto carico,2019,C0N,Q_09
12,OK,La crosta si presenta di colore chiaro.,Chiaro,Chiaro,2019,C0M,TG_19
13,FUORI_ATTRIBUTO,"Il formaggio è molto sottile, ma su un piatto appare più spesso al centro.",Molto sottile ma su un piatto risulta concessa verso il centro,Molto sottile ma su un piatto risulta concessa verso il centro,2019,C0M,TG_28
14,OK,La crosta si presenta di colore molto chiaro.,Molto chiaro,Molto chiaro,2019,C0M,TG_19
15,FUORI_ATTRIBUTO,La sottocrosta è fortemente disidratata.,Sottocrosta disidratato fortemente,sottocrostarosta disidratato fortemente,2019,C0M,TG_26
16,FUORI_ATTRIBUTO,La sottocrosta presenta un colore rosa.,Sottocrosta rosa,sottocrostarosta rosa,2019,C0Q,TG_26
17,FUORI_ATTRIBUTO,Il colore di fondo molto carico rende meno netta la percezione della crosta.,Colore di fondo molto carico rende meno netta la percezione della crosta,Colore di fondo molto carico rende meno netta la percezione della crosta,2019,C0L,Q_09
18,FUORI_ATTRIBUTO,"C'è una correzione che entra di 1,5 cm.","Con correzione che entra di 1,5 cm","Con correzione che entra di 1,5 cm",2019,C0M,Q_09
19,FUORI_ATTRIBUTO,I due scalzi presentano differenze.,Diverso tra i due scalzi,Diverso tra i due scalzi,2019,C0N,TG_19
20,FUORI_ATTRIBUTO,Il formaggio è carolato.,Carolata,screpolata,2019,C0M,TG_19
21,FUORI_ATTRIBUTO,La sottocrosta è secca e presenta occhi.,Sotto crosta secco e occhi,Sotto crosta secco e occhi,2019,C0M,TG_26
22,FUORI_ATTRIBUTO,Sotto scalzo c'è una zona disidratata e ammuffita.,Sotto scalzo zona disidratata e ammuffita,Sotto scalzo zona disidratata e ammuffita,2019,C0M,Q_09
23,FUORI_ATTRIBUTO,Costa e sottocrosta sono fusi e sfumati.,Costa e sottocrosta fusi e sfumati,Costa e sottocrostarosta fusi e sfumati,2019,C0M,TG_04
24,FUORI_ATTRIBUTO,Non considero la muffa.,Non considero la muffa,Non considero la muffa,2019,C0M,TG_19
25,FUORI_ATTRIBUTO,Il colore è rossastro da un lato e grigio dall'altro.,Colore rossastra da un lato e grigio dall'altro,Colore rossastra da un lato e grigio dall'altro,2019,C0A,Q_09
26,FUORI_ATTRIBUTO,Il colore sottocrosta è diverso tra i piatti.,Colore sottocrosta di colore diverso tra piatti,Colore sottocrostarosta di colore diverso tra piatti,2019,C0I,Q_09
27,OK,"La crosta del campione presenta uno spessore netto, con una sottocrosta non presente, conforme alle attese per la stagionatura del Grana Trentino DOP.",Crosta netta. Non presente sottocrosta,Crosta netta. Non presente sottocrostarosta,2019,C0P,TG_04
28,OK,"La crosta del campione è molto fine nei piatti, conforme alle attese per la stagionatura del Grana Trentino DOP.",Molto fine nei piatti!,Molto fine nei piatti!,2019,C0C,TG_24
29,OK,"Gli angoli della crosta sono molto belli e ben definiti, conforme alle attese per la stagionatura del Grana Trentino DOP.",Angoli molto belli,Angoli molto belli,2020,C0G,TG_04
30,CONFORME,"La crosta del campione presenta uno spessore regolare, conforme alle attese per la stagionatura del Grana Trentino DOP.",Regolare,Regolare,2020,C0G,TG_19
31,OK,"Il piatto presenta un aspetto molto bello, conforme alle attese per la stagionatura del Grana Trentino DOP.",1 piatto molto bello,1 piatto molto bello,2020,C0C,TG_04
32,ILLEGGIBILE,,"Non sono riuscito a inserire il dato comp!Messico , dare7,5","Non sono riuscito a inserire il dato comp!Messico , dare7,5",2020,C0D,TG_08
33,CONFORME,"La crosta del campione si presenta con uno spessore regolare, in linea con le specifiche del Grana Trentino DOP.",Regolare,Regolare,2020,C0D,TG_19
34,OK,"Gli angoli della crosta sono buoni e ben definiti, conforme alle attese per la stagionatura del Grana Trentino DOP.",Buoni angoli,Buoni angoli,2020,C0F,TG_04
35,OK,"Gli angoli della crosta sono buoni e ben definiti, conforme alle attese per la stagionatura del Grana Trentino DOP.",Buoni angoli,Buoni angoli,2020,C0L,TG_04
36,OK,"Il colore della crosta è tenue e pulito, conforme alle attese per la stagionatura del Grana Trentino DOP.",Colore tenue della crosta,Colore tenue della crosta,2020,C0A,TG_04
37,OK,"Un piatto è molto bello, mentre l'altro è più spesso; gli angoli sono ottimi e conformi alle attese per la stagionatura del Grana Trentino DOP.",1 piatto molto bello. L'altro più spesso. Ottimo angoli,1 piatto molto bello. L'altro più spesso. Ottimo angoli,2020,C0E,TG_04
38,FUORI_ATTRIBUTO,La sottocrosta è leggera e carica.,Leggero sottocrosta carico,Leggero sottocrostarosta carico,2020,C0A,TG_24
39,FUORI_ATTRIBUTO,"Un lato presenta un colore rossastro, mentre l'altro tende al grigio.",Su un lato colore rossastra sull'altro più tendente al grigio,Su un lato colore rossastra sull'altro più tendente al grigio,2020,C0M,Q_09
40,OK,"Gli angoli della crosta sono belli e ben definiti, conforme alle attese per la stagionatura del Grana Trentino DOP.",Belli gli angoli,Belli gli angoli,2020,C0G,TG_04
41,FUORI_ATTRIBUTO,Il formaggio è fine sui piatti.,Fine sui piatti,Fine sui piatti,2020,C0G,TG_24
42,OK,"La crosta del campione ha un colore chiaro, che denota una buona qualità e conformità alle attese.",Chiaro,Chiaro,2020,C0C,TG_19
43,FUORI_ATTRIBUTO,"Si osservano microocchiature, disidratazione e un colore quasi verde sotto un piatto.","Microocchiatura, occhio, disidratazione, colore quasi verde sotto un piatto","Microocchiatura, occhio, disidratazione, colore quasi verde sotto un piatto",2020,C0M,TG_19
44,FUORI_ATTRIBUTO,Il colore è carico solo su un piatto.,Colore carico solo su un piatto,Colore carico solo su un piatto,2020,C0G,TG_28
45,OK,Gli angoli della crosta sono molto belli e ben definiti.,Angoli molto belli,Angoli molto belli,2020,C0G,TG_04
46,OK,Due angoli presentano un aspetto brutto e poco definito.,2 brutti angoli,2 brutti angoli,2020,C0Q,TG_04
47,OK,La crosta presenta un eccesso di materiale negli angoli.,Troppo negli angoli,Troppo negli angoli,2020,C0Q,TG_24
48,OK,Si osservano colori diversi fra le varie aree della crosta.,Colori diversi fra i piatti,Colori diversi fra i piatti,2020,C0Q,TG_19
49,OK,Gli angoli della crosta sono belli e ben definiti.,Belli gli angoli,Belli gli angoli,2020,C0D,TG_04
50,OK,"Gli angoli della crosta sono ben definiti, contribuendo a un aspetto complessivamente positivo del campione.",Buoni gli angoli,Buoni gli angoli,2020,C0Q,TG_04
51,OK,"La crosta si presenta di un colore chiaro, segno di freschezza e qualità del Grana Trentino DOP.",Chiara,Chiara,2020,C0Q,TG_19
52,OK,"Il campione mostra una crosta di colore chiaro, conforme alle aspettative per il Grana Trentino DOP.",Chiaro,Chiaro,2020,C0I,TG_19
53,OK,"La crosta è fine, evidenziando una buona stagionatura e qualità del formaggio.",Comunque fine!,Comunque fine!,2020,C0C,TG_24
54,OK,Gli angoli della crosta presentano un aspetto brutto e poco definito.,Brutti angoli,Brutti angoli,2020,C0A,TG_04
55,OK,Gli angoli e i bordi scalzi della crosta sono buoni.,Buoni angoli e scalzi,Buoni angoli e scalzi,2020,C0M,TG_04
56,OK,I piatti della crosta presentano un aspetto bello e ben definito.,Bei piatti,Bei piatti,2020,C0C,TG_04
57,FUORI_ATTRIBUTO,Si trovano negli scalzi.,Negli scalzi,Negli scalzi,2020,C0P,TG_04
58,OK,"La crosta del campione è fine, conforme alle attese per la stagionatura del Grana Trentino DOP.",Fine!,Fine!,2020,C0M,TG_24
59,OK,"I piatti sono belli, ma ci sono meno ali scalzi.","Belli piatti, meno ali scalzi","Belli piatti, meno ali scalzi",2020,C0G,TG_04
60,FUORI_ATTRIBUTO,Un scalzo è più brutto e presenta problemi di sottocrosta.,1 scalzo più  brutto. Problemi di sottocrosta,1 scalzo più  brutto. Problemi di sottocrostarosta,2020,C0Q,TG_04
61,FUORI_ATTRIBUTO,L'unghia è molto ampia.,Unghia molto ampia,Unghia molto ampia,2020,C0E,TG_13
62,FUORI_ATTRIBUTO,Un sottopiatto tende al verde.,Un sottopiatto tende al verde,Un sottopiatto tende al verde,2020,C0I,TG_19
63,FUORI_ATTRIBUTO,La dimensione supera 1 cm.,>1cm,>1cm,2020,C0A,TG_19
64,FUORI_ATTRIBUTO,Un sottocrosta tende al verde.,Un sottocrosta tendente al verde,Un sottocrostarosta tendente al verde,2020,C0M,TG_19
65,OK,Gli angoli del campione sono ben definiti e presentano una buona estetica.,Belli angoli,Belli angoli,2020,C0F,TG_04
66,FUORI_ATTRIBUTO,L'unghia è importante.,Unghia importante,Unghia importante,2020,C0Q,TG_13
67,FUORI_ATTRIBUTO,"L'unghia è evidente, soprattutto confrontando il colore con la pasta molto pallida.",Unghia soprattutto confrontando il colore con la pasta molto pallida,Unghia soprattutto confrontando il colore con la pasta molto pallida,2020,C0E,TG_13
68,FUORI_ATTRIBUTO,"Il colore della sottocrosta è diverso dal resto, di un rosellino.","Colore sottocrosta diverso da tutto il resto, rosellino","Colore sottocrostarosta diverso da tutto il resto, rosellino",2020,C0E,TG_28
69,FUORI_ATTRIBUTO,Un piatto è nettamente più spesso.,1 piatto nettamente  più  spesso,1 piatto nettamente  più  spesso,2020,C0G,TG_04
70,OK,"La sottocrosta presenta microocchiature, conforme alle attese per la stagionatura.",Sottocrosta con microcchiatura,sottocrostarosta con microcchiatura,2020,C0N,TG_28
71,ILLEGGIBILE,,Difficile da misurare...Comunque c e crosts,differenzaicile da misurare...Comunque c e crosts,2020,C0E,Q_02
72,FUORI_ATTRIBUTO,Un scalzo e un piatto sono brutti.,1 scalzo e 1 piatto brutti,1 scalzo e 1 piatto brutti,2020,C0D,TG_04
73,FUORI_ATTRIBUTO,Un scalzo è brutto.,1 scalzo brutto,1 scalzo brutto,2020,C0N,TG_04
74,OK,"La sottocrosta del campione è ampia, conforme alle attese per la stagionatura.",Sottoscritta ampio,sottocrosta ampio,2020,C0D,TG_24
75,FUORI_ATTRIBUTO,Il sottocrosta è molto sottile.,Te poi sottocrosta,Te poi sottocrostarosta,2020,C0E,TG_24
76,OK,"I piatti del campione risultano più spessi, in linea con le aspettative.",Più  spessi i piatti,Più  spessi i piatti,2020,C0R,TG_04
77,FUORI_ATTRIBUTO,L'unghia è enorme.,Enorme unghia,Enorme unghia,2020,C0L,TG_13
78,OK,"Il campione presenta una struttura disomogenea, non conforme alle attese.",Disomogeneo,Disomogeneo,2020,C0L,TG_19
79,OK,"Il campione non presenta omogeneità, risultando poco conforme.",Non omogeneo,Non omogeneo,2020,C0M,TG_19
80,OK,"La sottocrosta presenta un colore grigiastro, non conforme alle attese.",Colore Sottocrosta grigiastro,Colore sottocrostarosta grigiastro,2020,C0M,Q_09
81,FUORI_ATTRIBUTO,Si nota una modellatura nella sottocrosta.,Modellatura nel sotto crosta,Modellatura nel sotto crosta,2020,C0M,TG_28
82,FUORI_ATTRIBUTO,Il colore sotto la crosta è rossastro.,Colore sotto crosta rossastro,Colore sotto crosta rossastro,2020,C0P,Q_09
83,FUORI_ATTRIBUTO,La crosta e il sottocrosta non sono distinguibili.,Crosta e sottoc non distinguibili,Crosta e sottocrosta non distinguibili,2020,C0A,TG_04
84,OK,Gli angoli della crosta sono ben definiti e presentano un aspetto bello.,Belli gli angoli,Belli gli angoli,2020,C0C,TG_04
85,FUORI_ATTRIBUTO,C'è troppa crosta.,Troppa crosta,Troppa crosta,2020,C0P,TG_24
86,OK,"La crosta appare disomogenea, con differenze evidenti anche sullo stesso piatto, suggerendo un'appoggio su un piano ondulato.","Disomogenea anche sullo stesso piatto, sembra sia stata appoggiata su un piano ondulato","Disomogenea anche sullo stesso piatto, sembra sia stata appoggiata su un piano ondulato",2020,C0P,TG_28
87,FUORI_ATTRIBUTO,Il colore del sottocrosta è diverso: rossastro sotto il scalzo e grigio sotto i piatti.,Colore sottoscritta diverso rossastro sotto scalzo e grigio sotto i piatti,Colore sottocrosta diverso rossastro sotto scalzo e grigio sotto i piatti,2020,C0R,Q_09
88,OK,"Lo spessore della crosta non è eccessivo sotto i piatti, ma il colore è molto carico, tendente al marrone rossiccio.",Spessore non eccessivo sotto i piatti ma Colore molto carico tendente al marrone rossiccio,Spessore non eccessivo sotto i piatti ma Colore molto carico tendente al marrone rossiccio,2020,C0F,Q_09
89,OK,Il colore della sottocrosta è meno carico su un piatto.,Colore sotto crosta meno carico su un piatto,Colore sotto crosta meno carico su un piatto,2020,C0C,TG_35
90,OK,"Il colore di fondo è carico, rendendo meno evidente la sottocrosta.",Colore di fondo carico si nota meno il sottocrosta,Colore di fondo carico si nota meno il sottocrostarosta,2020,C0C,Q_09
91,FUORI_ATTRIBUTO,L'alone disidratato sotto la crosta è confondente.,Alone disidratato Sotto crosta confonde,Alone disidratato Sotto crosta confonde,2020,C0M,Q_09
92,OK,"La crosta presenta una struttura omogenea, segno di una buona lavorazione e stagionatura.",Omogeneo,Omogeneo,2020,C0G,TG_19
93,OK,Lo spessore della crosta è alto.,Alto spessore,Alto spessore,2020,C0C,TG_24
94,OK,La crosta è fine.,Però  crosta fine,Però  crosta fine,2020,C0G,TG_24
95,FUORI_ATTRIBUTO,Ci sono differenze tra i due scalzi.,Diverso tra i due scalzi,Diverso tra i due scalzi,2020,C0E,TG_35
96,OK,La crosta è spessa.,Spesso,Spesso,2020,C0A,TG_19
97,OK,La crosta è spessa.,Spesso,Spesso,2020,C0E,TG_19
98,FUORI_ATTRIBUTO,I colori sono diversi.,Colori diversi,Colori diversi,2021,C0Q,TG_19
99,FUORI_ATTRIBUTO,Il colore del sottocrosta è grigiastro.,Colore sottocrosta grigiastro,Colore sottocrostarosta grigiastro,2021,C0I,Q_09
100,FUORI_ATTRIBUTO,"Sotto la crosta, da un lato è grigiastro e dall'altro di colore diverso.",Sotto crosta da un lato grigiastro di colore divero,Sotto crosta da un lato grigiastro di colore divero,2021,C0M,Q_09
101,FUORI_ATTRIBUTO,Il sottocrosta misura 2 cm su entrambi gli scalzi.,Sottocrosta di 2cm su entrambi gli scalzi,sottocrostarosta di 2cm su entrambi gli scalzi,2021,C0E,TG_35
102,FUORI_ATTRIBUTO,Il colore del sottocrosta è grigio da un lato e rossastro dall'altro.,Colore sotto crosta grigio da un lato rossastra dall'altro,Colore sotto crosta grigio da un lato rossastra dall'altro,2021,C0D,Q_09
103,OK,"Il campione presenta uno spessore della crosta molto fine, conforme alle attese per la stagionatura del Grana Trentino DOP.",1 piatto molto fine,1 piatto molto fine,2021,C0G,TG_04
104,FUORI_ATTRIBUTO,Il colore del sottocrosta è grigiastro.,Colore sottocrosta grigiastro,Colore sottocrostarosta grigiastro,2021,C0H,Q_09
105,FUORI_ATTRIBUTO,Il colore di fondo è carico.,Colore di fondo carico,Colore di fondo carico,2021,C0A,Q_09
106,FUORI_ATTRIBUTO,Il colore di fondo carico contrasta meno con il colore dello spessore.,Colore di fondo carico contrasta meno il colore dello spessore,Colore di fondo carico contrasta meno il colore dello spessore,2021,C0C,Q_09
107,FUORI_ATTRIBUTO,Il colore del sottocrosta è grigio da un lato e rossastro dall'altro.,Colore Sottocrosta da un lato grigio dall' altro rossastro,Colore sottocrostarosta da un lato grigio dall' altro rossastro,2021,C0I,Q_09
108,OK,"Il campione presenta angoli ben definiti e spigoli più pronunciati sui piatti, conforme alle attese per la stagionatura del Grana Trentino DOP.",Più pronunciato sui piatti,Più pronunciato sui piatti,2021,C0M,Q_09
109,FUORI_ATTRIBUTO,C'è una tara che entra nel sottocrosta sullo scalzo.,Una tara che entra nel sottocrosta sullo scalzo,Una tara che entra nel sottocrostarosta sullo scalzo,2021,C0Q,TG_19
110,FUORI_ATTRIBUTO,Il colore del sottocrosta è grigiastro.,Colore sottocrosta grigiastro,Colore sottocrostarosta grigiastro,2021,C0M,Q_09
111,FUORI_ATTRIBUTO,Il colore del sottocrosta è molto sfumato.,Colore sottocrosta molto sfumato,Colore sottocrostarosta molto sfumato,2021,C0E,Q_09
112,FUORI_ATTRIBUTO,Il colore del sottocrosta è grigiastro su uno sfondo molto carico.,Colore sottocrosta grigiastro su sfondo molto carico,Colore sottocrostarosta grigiastro su sfondo molto carico,2021,C0A,Q_09
113,FUORI_ATTRIBUTO,Il colore è molto sfumato.,Colore moltosfumato,Colore moltosfumato,2021,C0E,Q_09
114,FUORI_ATTRIBUTO,"Lo scalzo è bruttissimo, mentre il resto è buono.",Uno scalzo bruttissimo. Il resto buona,Uno scalzo bruttissimo. Il resto buona,2021,C0G,TG_04
115,OK,"Uno degli scalzi presenta uno spessore più pronunciato, mentre il resto del campione è conforme alle attese per la stagionatura del Grana Trentino DOP.",Uno scalzo più pronunciato,Uno scalzo più pronunciato,2021,C0G,TG_35
116,FUORI_ATTRIBUTO,Il colore della sottocrosta è grigiastro.,Colore sottocrosta grigiastro,Colore sottocrostarosta grigiastro,2021,C0P,Q_09
117,FUORI_ATTRIBUTO,Il colore della sottocrosta è grigiastro.,Colore sottocrosta grigiastro,Colore sottocrostarosta grigiastro,2021,C0M,Q_09
118,FUORI_ATTRIBUTO,"Il colore è strano e diverso nei due piatti, tendente al verde.",Colore strano è diverso nei due piatti tendente al verde,Colore strano è diverso nei due piatti tendente al verde,2021,C0M,TG_19
119,OK,"Il campione presenta angoli ben definiti, conformi alle attese per la stagionatura del Grana Trentino DOP.",Begli angoli,Begli angoli,2021,C0G,TG_04
120,FUORI_ATTRIBUTO,"Il colore è sfumato su una base scura, difficile vedere dove finisce.",Colore sfumato su base scura difficile vedere dove finisce,Colore sfumato su base scura differenzaicile vedere dove finisce,2021,C0N,Q_09
121,FUORI_ATTRIBUTO,È difficile vedere lo spessore a causa della disidratazione della pasta.,Difficile vedere lo spessore a causa della disidratazione della pasta,differenzaicile vedere lo spessore a causa della disidratazione della pasta,2021,C0C,Q_09
122,FUORI_ATTRIBUTO,C'è un colore diverso fra i due scalzi.,Divero colore fra i due scalzi,Divero colore fra i due scalzi,2021,C0G,TG_19
123,FUORI_ATTRIBUTO,Sullo scalzo il colore della sottocrosta è rosato.,Sullo scalzo colore sottocrosta rosato,Sullo scalzo colore sottocrostarosta rosato,2021,C0O,Q_09
124,CONFORME,"La crosta del campione è ben formata e presenta un aspetto piacevole, conforme alle attese per il Grana Trentino DOP.",Un piatto molto bello,Un piatto molto bello,2021,C0O,TG_04
125,FUORI_ATTRIBUTO,È carico ma sottile.,Carico ma sottile,Carico ma sottile,2021,C0F,TG_19
126,FUORI_ATTRIBUTO,È chiara ma spessa.,Chiara ma spessa,Chiara ma spessa,2021,C0Q,TG_19
127,FUORI_ATTRIBUTO,Il colore della pasta è carico.,Colore carico della pasta,Colore carico della pasta,2021,C0R,Q_09
128,FUORI_ATTRIBUTO,"Un piatto è orrendo, mentre gli scalzi sono belli.","1 piatto orrendo, scalzi belli","1 piatto irregolare, scalzi belli",2021,C0Q,TG_04
129,FUORI_ATTRIBUTO,Il colore di fondo è carico.,Colore di fondo carico,Colore di fondo carico,2021,C0A,Q_09
130,FUORI_ATTRIBUTO,Il colore della pasta è molto carico e lo stacco tra crosta e pasta si vede poco.,Colore pasta molto carico lo stacco tra crosta e pasta si vede poco,Colore pasta molto carico lo stacco tra crosta e pasta si vede poco,2021,C0C,Q_09
131,FUORI_ATTRIBUTO,"Sotto la crosta c'è una macchia nera sullo scalzo, potrebbe essere marciume?","Sotto crosta macchiato di nero sullo scalzo, marciume?","Sotto crosta macchiato di nero sullo scalzo, marciume?",2021,C0Q,TG_28
132,FUORI_ATTRIBUTO,Ci sono tare nella crosta e nella sottocrosta.,Tare nella crosta e Sottocrosta,Tare nella crosta e sottocrostarosta,2021,C0Q,TG_19
133,OK,"La crosta è di un colore chiaro, che suggerisce una buona qualità del formaggio.",Chiaro,Chiaro,2021,C0A,TG_19
134,FUORI_ATTRIBUTO,È piuttosto grossa.,Piuttosto grossa,Piuttosto grossa,2021,C0H,TG_24
135,FUORI_ATTRIBUTO,Il colore di fondo è scuro.,Colore di fondo scuro,Colore di fondo scuro,2021,C0A,Q_09
136,FUORI_ATTRIBUTO,Il colore di fondo è carico.,Colore di fondo carico,Colore di fondo carico,2021,C0A,Q_09
137,FUORI_ATTRIBUTO,Il colore di fondo è carico.,Colore fondo carico,Colore fondo carico,2021,C0C,Q_09
138,OK,"La crosta del campione è chiara, indicando una buona qualità e conformità alle attese.",Chiaro,Chiaro,2021,C0A,TG_19
139,FUORI_ATTRIBUTO,"Spigoli sopra 20 mm e piatto di circa 10 mm, media 12 mm.",Spigoli sopra 20mm Piatto 10mm circa  Media 12mm,Spigoli sopra 20mm Piatto 10mm circa  Media 12mm,2018,C0A,Q_02
140,FUORI_ATTRIBUTO,"Qui i piatti misurano 0,8 cm e sugli scalzi 1,4 cm.","0,8 cm qui piatti e 1,4 sugli scalzi","molto sottile qui piatti e 1,4 sugli scalzi",2018,C0A,Q_09
141,FUORI_ATTRIBUTO,"Disomogenea, con zone anche inferiori a 7 mm e altre fino a 14 mm.",Disomogenea. In zone anche inferiore  a 7 km. In altre fino a 14 mm,Disomogenea. In zone anche inferiore  a 7 mm. In altre fino a 14 mm,2018,C0A,TG_04
142,FUORI_ATTRIBUTO,"Non è omogenea lateralmente, risulta più grossa.",Non è omogenea lateralmente più  grossa,Non è omogenea lateralmente più  grossa,2018,C0A,TG_08
143,FUORI_ATTRIBUTO,Piatti senza crosta.,Piatti senza crosta,Piatti senza crosta,2018,C0A,TG_11
144,OK,"La crosta del campione presenta uno spessore molto sottile, non conforme alle attese per la stagionatura del Grana Trentino DOP.",1cm,molto sottile,2018,C0A,TG_19
145,OK,"La crosta è bella e presenta uno spessore di poco inferiore a 10mm, conforme alle aspettative.","Bella, poco meno di 10mm","Bella, poco meno di 10mm",2018,C0A,TG_20
146,OK,"La crosta presenta uno spessore maggiore negli angoli, mediamente 1 cm, conforme alle attese per la stagionatura del Grana Trentino DOP.",Maggiormente negli angoli ma mediamente 1 cm,Maggiormente negli angoli ma mediamente 1 cm,2018,C0A,TG_24
147,OK,"La crosta del campione è molto sottile sui piatti, non conforme alle attese per la stagionatura del Grana Trentino DOP.",Molto sottile su i piatti,Molto sottile su i piatti,2018,C0A,TG_35
148,OK,"La crosta presenta spigoli dai 15 ai 20 mm e un piatto di circa 9 mm, con una media di 10 mm, conforme alle attese per la stagionatura del Grana Trentino DOP.",Spigoli dai 15 ai 20mm  Piatto 9mm circa  Media 10mm,Spigoli dai 15 ai 20mm  Piatto 9mm circa  Media 10mm,2018,C0C,Q_02
149,FUORI_ATTRIBUTO,"Misura 0,7 cm per i piatti e 1,5 cm per gli angoli.","0,7  piatti 1,5 angoli","0,7  piatti 1,5 angoli",2018,C0C,Q_09
150,OK,"La crosta ha uno spessore medio di 1cm, in linea con le attese per il Grana Trentino DOP.",Media  1cm,Media  1cm,2018,C0C,TG_08
151,CONFORME,"Il campione presenta una crosta abbastanza regolare, conforme alle specifiche del Grana Trentino DOP.",Abbastanza regolare,Abbastanza regolare,2018,C0C,TG_11
152,OK,"La crosta ha uno spessore compreso tra 9 e 10mm, conforme alle attese per la stagionatura.",9 10 mm,nella norma 10 mm,2018,C0C,TG_19
153,OK,"La crosta presenta una marcatura piuttosto evidente, soprattutto su un lato, fino a 12 mm, non conforme alle attese per la stagionatura del Grana Trentino DOP.","Piuttosto marcata soprattutto  su un lato, fino a 12mm","Piuttosto marcata soprattutto  su un lato, fino a 12mm",2018,C0C,TG_20
154,FUORI_ATTRIBUTO,"Su due lati è piatta, ma sugli altri e negli angoli è elevata, con media pari a 1.",Su due lati ella ma sugli altri e negli angoli elevata media pari a 1,Su due lati ella ma sugli altri e negli angoli elevata media pari a 1,2018,C0C,TG_24
155,OK,"La crosta presenta uno spessore abbastanza omogeneo su entrambi gli sbalzi e piatti, conforme alle attese per la stagionatura del Grana Trentino DOP.",Spessore abbastanza omogeneo su entrambi gli sbalzi e piatti,Spessore abbastanza omogeneo su entrambi gli sbalzi e piatti,2018,C0C,TG_35
156,OK,"La crosta presenta spigoli accentuati da circa 2 cm e uno spessore medio di 1 cm, conforme alle attese per la stagionatura del Grana Trentino DOP.",Spigoli accentuati da circa 2cm spessore medio 1cm,Spigoli accentuati da circa 2cm spessore medio 1cm,2018,C0D,Q_02
157,FUORI_ATTRIBUTO,"1,2 cm su un lato e 1,4 cm sull'altro, con netto colore sottocrosta.","1,2 su 1 lato 1,4 sull'altro netto colore sottocrosta","1,2 su 1 lato 1,4 sull'altro netto colore sottocrostarosta",2018,C0D,Q_09
158,OK,"La crosta del campione è superiore ai 14 mm, non conforme alle attese per la stagionatura del Grana Trentino DOP.","Superiore ai 14 km, sempre","Superiore ai 14 mm, sempre",2018,C0D,TG_04
159,OK,"La crosta è disomogenea e superiore a 10 mm, non conforme alle attese per la stagionatura del Grana Trentino DOP.",Disomogeneo e superiore a 10 mm,Disomogeneo e superiore a 10 mm,2018,C0D,TG_08
160,OK,"La crosta presenta uno spessore sottile, non conforme alle attese per la stagionatura del Grana Trentino DOP.",Piatti sottili,Piatti sottili,2018,C0D,TG_11
161,OK,"La crosta del campione misura 12mm, conforme alle attese per il Grana Trentino DOP.",12mm,nella normamm,2018,C0D,TG_13
162,OK,"La crosta presenta uno spessore di 10-11mm, in linea con le specifiche di qualità.",10 11 mm,nella norma 11 mm,2018,C0D,TG_19
163,OK,"La crosta è sottile, con uno spessore di 10 mm e presenta un colore evidente.","Crosta evidente  per colore, ma sottile, 10mm","Crosta evidente  per colore, ma sottile, 10mm",2018,C0D,TG_20
164,FUORI_ATTRIBUTO,"Non omogenea sui lati, con media maggiore di 1,2 cm.",Non omogenea suk lati media maggiore di 1.2 cm,Non omogenea suk lati media maggiore di 1.2 cm,2018,C0D,TG_24
165,FUORI_ATTRIBUTO,"Spigoli dai 15 ai 22 mm, piatti dai 8 agli 11 mm, crosta di spessore non omogeneo, media 12 mm, colore della crosta evidente con note verdi.",Spigoli dai 15 ai 22mm  Piatti dai 8 ai 11mm   Crosta di spessore non omogeneo  Media 12mm  Il colore della crosta è evidente e con note verdi,Spigoli dai 15 ai 22mm  Piatti dai 8 ai 11mm   Crosta di spessore non omogeneo  Media 12mm  Il colore della crosta è evidente e con note verdi,2018,C0I,Q_02
166,ILLEGGIBILE,,"1,2","1,2",2018,C0I,Q_09
167,OK,Tre lati su quattro presentano una crosta molto spessa.,3 lati su 4 molto spessa.,3 lati su 4 molto spessa.,2018,C0I,TG_04
168,OK,"La crosta ha uno spessore di 0,5 mm.","Crosta di 0,5","Crosta di 0,5",2018,C0I,TG_08
169,OK,I piatti presentano uno spessore molto sottile.,Piatti molto sottili,Piatti molto sottili,2018,C0I,TG_11
170,OK,La crosta è molto sottile.,"1,1cm",molto sottile,2018,C0I,TG_13
171,OK,"La crosta ha uno spessore di 12mm, conforme alle attese per la stagionatura del Grana Trentino DOP.",12,nella norma,2018,C0I,TG_19
172,OK,"La crosta è leggermente spessa, con uno spessore di 11 mm.","Un Po spessa, 11mm","leggermente spessa, 11mm",2018,C0I,TG_20
173,OK,"La crosta è abbastanza irregolare, con uno spessore medio maggiore di 1,1 cm.",Abbastanza irregolare con media maggiore di 1.1 cm,Abbastanza irregolare con media maggiore di 1.1 cm,2018,C0I,TG_24
174,OK,La crosta è molto sottile.,Molto sottile,Molto sottile,2018,C0I,TG_35
175,OK,"La crosta è grossomodo omogenea, con uno spessore di 10 mm.",Grossomodo omogenea sui 10mm,Grossomodo omogenea sui 10mm,2018,C0M,Q_02
176,ILLEGGIBILE,,"1,2","1,2",2018,C0M,Q_09
177,OK,"La crosta presenta microocchiature nella zona centrale, con una dimensione di 2,3 mm, e una frattura discreta con grana presente.","Micro occhiatura  nella zona centrale, anche grossa, 2,3 km. Frattura discreta, grana presente","Micro occhiatura  nella zona centrale, anche grossa, 2,3 mm. Frattura discreta, grana presente",2018,C0M,TG_04
178,OK,"La crosta è regolare, con uno spessore di 10 mm.",Regolare 10 mm,Regolare 10 mm,2018,C0M,TG_08
179,OK,La crosta presenta uno spessore irregolare.,Spessore irregolare,Spessore irregolare,2018,C0M,TG_11
180,ILLEGGIBILE,,"Media 0,8","Media 0,8",2018,C0M,TG_13
181,FUORI_ATTRIBUTO,"Spessore della crosta di 9-10 mm, di colore chiaro.",9 10 mm chiaro,nella norma 10 mm chiaro,2018,C0M,TG_19
182,FUORI_ATTRIBUTO,Spessore della crosta di 10 mm.,10mm,nella normamm,2018,C0M,TG_20
183,FUORI_ATTRIBUTO,"Spessore della crosta molto omogenea, media di 0,9 cm.","Molto omogenea media 0,9 cm","Molto omogenea media 0,9 cm",2018,C0M,TG_24
184,FUORI_ATTRIBUTO,"Spigoli da 15 mm, piatto da 8-9 mm, media di 9 mm.",Spigoli da 15kmm Piatto da 8   9mm  Media 9mm,Spigoli da 15mmm Piatto da 8   9mm  Media 9mm,2018,C0Q,Q_02
185,FUORI_ATTRIBUTO,"Spessore variabile, 1 lato a 1 mm e l'altro a 0,8 mm.","Più su 1 lato1 sull'altro 0,8","Più su 1 lato1 sull'altro 0,8",2018,C0Q,Q_09
186,FUORI_ATTRIBUTO,Spessore della crosta intorno ai 10 mm.,Intorno ai 10 km,Intorno ai 10 mm,2018,C0Q,TG_04
187,FUORI_ATTRIBUTO,Spessore della crosta di 8 mm.,8 km,nella norma mm,2018,C0Q,TG_08
188,FUORI_ATTRIBUTO,Spessore della crosta di 1 cm.,1cm,molto sottile,2018,C0Q,TG_13
189,FUORI_ATTRIBUTO,Spessore della crosta tra 8 e 9 mm.,8 9 km,nella norma 9 mm,2018,C0Q,TG_19
190,OK,La crosta è bella e presenta uno spessore di 10 mm.,"Bella, 10mm","Bella, 10mm",2018,C0Q,TG_20
191,FUORI_ATTRIBUTO,Spessore della crosta molto basso e omogeneo.,Molto basso omogeneo..,Molto basso omogeneo..,2018,C0Q,TG_24
192,OK,La crosta è più spessa sullo scalzo.,Più spessa sullo scalzo,Più spessa sullo scalzo,2018,C0Q,TG_35
193,FUORI_ATTRIBUTO,"Scalzo e piatti circa 10 mm, spigoli circa 18 mm, media di 10 mm.",Scalzo e piatti circa 10mm   Spigoli circa 18mm  Media 10mm,Scalzo e piatti circa 10mm   Spigoli circa 18mm  Media 10mm,2018,C0B,Q_02
194,FUORI_ATTRIBUTO,Spessore della crosta di 12 mm.,12 mm,nella norma mm,2018,C0B,Q_09
195,FUORI_ATTRIBUTO,Spessore della crosta sempre superiore a 1 cm.,Sempre superiore al cm,Sempre superiore al cm,2018,C0B,TG_04
196,FUORI_ATTRIBUTO,"Spessore della crosta di 0,8 cm.","0,8 cm",molto sottile,2018,C0B,TG_13
197,OK,La crosta è molto chiara e spessa 8 mm o meno.,8 o meno molto chiara,nella norma o meno molto chiara,2018,C0B,TG_19
198,OK,La crosta è piuttosto spessa.,Piuttosto spessa,Piuttosto spessa,2018,C0B,TG_35
199,CONFORME,"La crosta del campione presenta uno spessore regolare e scalzo, con angoli ben definiti e una sottocrosta leggermente rugosa, conforme alle attese per la stagionatura del Grana Trentino DOP.",Crosta definisca e pressoché omogenea in tutto il perimetro  Media 9mm,Crosta definisca e pressoché omogenea in tutto il perimetro  Media 9mm,2018,C0D,Q_02
200,FUORI_ATTRIBUTO,"Spessore della crosta di 12 mm, maggiore negli angoli.",12 maggiore negli angoli,nella norma maggiore negli angoli,2018,C0D,Q_09
201,FUORI_ATTRIBUTO,"1,1 cm con colore sottocrosta scuro ed evidente.","1,1 cm colore sottocrosta scuro ed evidente",molto sottile colore sottocrostarosta scuro ed evidente,2018,C0D,TG_13
202,OK,"La crosta presenta uno spessore deciso di 9-10mm, conforme alle attese per il Grana Trentino DOP.",9 10 mm decisi,nella norma 10 mm decisi,2018,C0D,TG_19
203,OK,"La crosta del campione è omogenea, conforme alle attese per la stagionatura del Grana Trentino DOP.",Omogenea,Omogenea,2018,C0D,TG_35
204,OK,"La crosta presenta uno spessore di circa 10 mm, con spigoli di circa 15 mm e scalzi di circa 10 mm, risultando nella media.",Piatto circa 10mm Spigoli circa 15km Scalzo circa 10km  Media 10mm,Piatto circa 10mm Spigoli circa 15mm Scalzo circa 10mm  Media 10mm,2018,C0F,Q_02
205,OK,Lo spessore della crosta e nella norma (12 mm).,12 mm,nella norma mm,2018,C0F,Q_09
206,OK,La crosta presenta uno spessore sottile in alcune aree sugli scalzi.,A tratti sottile sugli scalzi,A tratti sottile sugli scalzi,2018,C0F,TG_04
207,OK,"La crosta è molto sottile con spigoli accentuati, conforme alle attese per la stagionatura del Grana Trentino DOP.",1cm spigoli accentuati,molto sottile spigoli accentuati,2018,C0F,TG_13
208,OK,"Lo spessore della crosta è di 10 mm, considerato scarso rispetto agli standard attesi.",10 scarso,nella norma scarso,2018,C0F,TG_19
209,OK,"La crosta è abbastanza omogenea, con una faccia che presenta uno spessore più sottile.","Abbastanza omogenea, una faccia la crosta piú sottile","Abbastanza omogenea, una faccia la crosta piú sottile",2018,C0F,TG_35
210,FUORI_ATTRIBUTO,"Indefinita, con media di 13 mm.",Indefinita!!!!  Media 13mm,Indefinita!!!!  Media 13mm,2018,C0I,Q_02
211,OK,"La crosta presenta uno spessore di 12 mm, con particolare riferimento agli angoli.",12 mm soprattutto angoli,nella norma mm soprattutto angoli,2018,C0I,Q_09
212,OK,"La crosta è ovunque spessa, conforme alle attese per la stagionatura del Grana Trentino DOP.",Ovunque spessa,Ovunque spessa,2018,C0I,TG_04
213,OK,"La crosta è molto sottile, conforme alle attese per la stagionatura del Grana Trentino DOP.","0,8 cm",molto sottile,2018,C0I,TG_13
214,OK,"Lo spessore della crosta è di 10 mm, conforme alle attese per la stagionatura.",10 mm,nella norma mm,2018,C0I,TG_19
215,OK,"La crosta presenta spigoli di 20 mm, scalzo di 15 mm e un minimo di 10 mm, risultando nella media.",Spigoli 20mm Scalzo 15mm Minimo 10mm  Media 12mm,Spigoli 20mm Scalzo 15mm Minimo 10mm  Media 12mm,2018,C0L,Q_02
216,OK,"Il colore della sottocrosta è evidente fino a 15 mm, soprattutto negli angoli.",Colore sottoscritta fino a 15 mm soprattutto negli angoli,Colore sottocrosta fino a 15 mm soprattutto negli angoli,2018,C0L,Q_09
217,OK,"La crosta è sempre superiore al cm, risultando molto spessa su uno scalzo.",Crosta sempre superiore al cm. Su uno scalzi molto spessa,Crosta sempre superiore al cm. Su uno scalzi molto spessa,2018,C0L,TG_04
218,OK,"La crosta è molto sottile, conforme alle attese per la stagionatura del Grana Trentino DOP.","1,1 cm",molto sottile,2018,C0L,TG_13
219,OK,"Lo spessore della crosta varia tra 11 e 12 mm, in linea con le aspettative.",11 12,nella norma 12,2018,C0L,TG_19
220,OK,"La crosta è piuttosto spessa, ma omogenea su tutta la superficie, conforme alle attese per la stagionatura del Grana Trentino DOP.","Piuttosto spessa, ma omogenea su tutta la superficie","Piuttosto spessa, ma omogenea su tutta la superficie",2018,C0L,TG_35
221,FUORI_ATTRIBUTO,Media di 10 mm.,Media 10mm,Media 10mm,2018,C0O,Q_02
222,FUORI_ATTRIBUTO,14 mm.,14,spessa,2018,C0O,Q_09
223,FUORI_ATTRIBUTO,"1 cm, ma è disomogenea, più marcata su un piatto con sottocrosta evidente.",1 cm ma è disomogenea. Più marcata su un piatto con sottocrosta evidente,molto sottile ma è disomogenea. Più marcata su un piatto con sottocrostarosta evidente,2018,C0O,TG_13
224,OK,"Lo spessore della crosta è compreso tra 9 e 10 mm, con una definizione poco decisa.",9 10 mm poco  deciso,nella norma 10 mm poco  deciso,2018,C0O,TG_19
225,FUORI_ATTRIBUTO,"Piatto circa 10 mm, scalzo e spigoli circa 15 mm, colorazione mattoncino sfumata, per un piatto va verso i 20 mm, media 11 mm.",Piatto circa 10mm Scalzo e spigoli circa 15mm  La colorazione mattoncino imputabile alla crosta è molto sfumata e per un Piatto va verso i 20mm  Media 11mm,Piatto circa 10mm Scalzo e spigoli circa 15mm  La colorazione mattoncino imputabile alla crosta è molto sfumata e per un Piatto va verso i 20mm  Media 11mm,2018,C0A,Q_02
226,FUORI_ATTRIBUTO,10 mm.,10 mm,nella norma mm,2018,C0A,Q_09
227,FUORI_ATTRIBUTO,"Mediamente 0,9 cm.","Mediamente 0,9","Mediamente 0,9",2018,C0A,TG_05
228,FUORI_ATTRIBUTO,"1,1 cm con sottocrosta marcata.","1,1 con sottocrosta  marcato","1,1 con sottocrostarosta  marcato",2018,C0A,TG_13
229,FUORI_ATTRIBUTO,12 mm.,12 mm,nella norma mm,2018,C0A,TG_15
230,FUORI_ATTRIBUTO,Dieci millimetri,10 mm,nella norma mm,2018,C0A,TG_19
231,CONFORME,Il campione presenta caratteristiche conformi alle attese per il Grana Trentino DOP.,Ok,Ok,2018,C0A,TG_20
232,FUORI_ATTRIBUTO,"Mediamente 0,9","Mediamente  0,9","Mediamente  0,9",2018,C0A,TG_24
233,OK,La crosta presenta una colorazione molto sfumata e uno spessore medio di 12 mm.,Crosta molto sfumata Media 12mm,Crosta molto sfumata Media 12mm,2018,C0C,Q_02
234,FUORI_ATTRIBUTO,Zero punto otto,0.8,0.8,2018,C0C,Q_09
235,FUORI_ATTRIBUTO,Poco regolare,Poco regolare,Poco regolare,2018,C0C,TG_05
236,FUORI_ATTRIBUTO,Uno punto uno centimetri,"1,1 cm",molto sottile,2018,C0C,TG_13
237,OK,"Lo spessore della crosta non è uniforme, risultando maggiore negli scalzi, con una media di 10 mm e vistosi ingrossamenti nella giunzione tra scalzo e piatto.","Spessore non uniforme, maggiore degli scalzi, nella media 10 con vistosi ingrossamento nella giunzione tra scalzo e piatto","Spessore non uniforme, maggiore degli scalzi, nella media 10 con vistosi ingrossamento nella giunzione tra scalzo e piatto",2018,C0C,TG_14
238,FUORI_ATTRIBUTO,Dieci chilometri,10 km,nella norma mm,2018,C0C,TG_15
239,FUORI_ATTRIBUTO,Dieci millimetri,10 mm,nella norma mm,2018,C0C,TG_19
240,CONFORME,Il campione rispetta gli standard di qualità previsti per il Grana Trentino DOP.,Nella media,Nella media,2018,C0C,TG_20
241,OK,"Lo spessore della crosta è di 10 mm, conforme alle attese per la stagionatura.",10 mm..,nella norma mm..,2018,C0C,TG_24
242,OK,"La crosta presenta uno spessore piatto di circa 9 mm, scalzo di circa 11 mm e spigoli di circa 15 mm, con una media di 10 mm.",Piatti circa 9mm Scalzo circa 11mm Spigoli circa 15mm  Media 10mm,Piatti circa 9mm Scalzo circa 11mm Spigoli circa 15mm  Media 10mm,2018,C0E,Q_02
243,OK,"La crosta presenta uno spessore di 10 mm, in linea con le aspettative.",10 mm,nella norma mm,2018,C0E,Q_09
244,FUORI_ATTRIBUTO,Molto fine con poca unghia,Molto fine con poca unghia,Molto fine con poca unghia,2018,C0E,TG_13
245,OK,"Lo spessore della crosta è di 12 mm, conforme agli standard di qualità.",12 mm,nella norma mm,2018,C0E,TG_15
246,OK,"La crosta ha uno spessore di 9 mm, conforme alle attese per la stagionatura.",9 mm,nella norma mm,2018,C0E,TG_19
247,OK,La crosta presenta uno spessore più marcato su un lato.,Più marcata su un lato,Più marcata su un lato,2018,C0E,TG_20
248,OK,"Lo spessore è mediamente di 12 mm, ma in alcuni punti risulta anche maggiore.",Mediamente 12 ma in alcuni punti anche di più,Mediamente 12 ma in alcuni punti anche di più,2018,C0E,TG_24
249,OK,"La crosta presenta spessore piatto di circa 9 mm, scalzo di circa 15 mm e una media di 9 mm.",Piatti e scalzo circa 9mm Spigoli circa 15mm  Media 9mm,Piatti e scalzo circa 9mm Spigoli circa 15mm  Media 9mm,2018,C0G,Q_02
250,OK,"La crosta è nella norma, con uno spessore più netto su un lato piatto.",12 km più netta su 1 piatto,nella norma mm più netta su 1 piatto,2018,C0G,Q_09
251,FUORI_ATTRIBUTO,Lineare,Lineare,Lineare,2018,C0G,TG_05
252,OK,"La crosta è fine, ma presenta una sottocrosta dal colore marcato.",La crosta é fine ma con sottocrosta dal colore marcato,La crosta é fine ma con sottocrostarosta dal colore marcato,2018,C0G,TG_13
253,CONFORME,"Il campione presenta uno spessore uniforme, conforme agli standard del Grana Trentino DOP.",Spessore uniforme e nella media,Spessore uniforme e nella media,2018,C0G,TG_14
254,ILLEGGIBILE,,10km,nella normamm,2018,C0G,TG_15
255,OK,"Lo spessore della crosta varia tra 9 e 10 mm, conforme alle attese.",9 10 mm,nella norma 10 mm,2018,C0G,TG_19
256,CONFORME,Il campione rispetta le norme previste per il Grana Trentino DOP.,Nella norma,Nella norma,2018,C0G,TG_20
257,OK,"Lo spessore è di 0,8 mm in media.",0.8 in media,0.8 in media,2018,C0G,TG_24
258,OK,"La crosta presenta spessore piatto di circa 10 mm, scalzo di circa 12 mm e spigoli di circa 20 mm, con un dato medio di 11 mm.",Piatti circa 10mm Scalzo circa 12mm Spigoli circa 20mm  Dato medio 11mm,Piatti circa 10mm Scalzo circa 12mm Spigoli circa 20mm  Dato medio 11mm,2018,C0N,Q_02
259,OK,"La crosta è spessa, con maggiore spessore su un lato e angoli ben definiti.",15 più su 1 lato  angoli,spessa più su 1 lato  angoli,2018,C0N,Q_09
260,OK,La crosta presenta uno spessore irregolare.,Irregolare,Irregolare,2018,C0N,TG_05
261,FUORI_ATTRIBUTO,Uno punto uno centimetri,"1,1 cm",molto sottile,2018,C0N,TG_13
262,FUORI_ATTRIBUTO,Grossa,Grossa,Grossa,2018,C0N,TG_14
263,OK,"Lo spessore della crosta è di 6 mm, considerato al di sotto delle attese.",6km,nella normamm,2018,C0N,TG_15
264,RIFERIMENTO,,11 12,nella norma 12,2018,C0N,TG_19
265,CONFORME,Il campione presenta caratteristiche conformi alle attese per il Grana Trentino DOP.,Nella media,Nella media,2018,C0N,TG_20
266,OK,"Lo spessore della crosta è mediamente di 10 mm, con punte maggiori negli angoli.",Mediamente 10 mm con punte maggiori negli angoli,Mediamente 10 mm con punte maggiori negli angoli,2018,C0N,TG_24
267,OK,"La crosta è piatta con uno spessore di circa 12 mm, scalza di circa 15 mm e spigoli di circa 22 mm, con una media di 13 mm.",Piatto circa 12mm Scalzo circa 15mm Spigoli circa 22mm  Media 13mm,Piatto circa 12mm Scalzo circa 15mm Spigoli circa 22mm  Media 13mm,2018,C0R,Q_02
268,RIFERIMENTO,,12 mm,nella norma mm,2018,C0R,Q_09
269,OK,"La crosta presenta uno spessore regolare, conforme alle attese per la stagionatura.",Regolare,Regolare,2018,C0R,TG_05
270,OK,La crosta del campione è piuttosto spessa.,Crosta piuttosto spessa,Crosta piuttosto spessa,2018,C0R,TG_14
271,RIFERIMENTO,,10 km,nella norma mm,2018,C0R,TG_15
272,RIFERIMENTO,,11 12 mm,nella norma 12 mm,2018,C0R,TG_19
273,FUORI_ATTRIBUTO,Piuttosto marcata,Piuttosto  marcata,Piuttosto  marcata,2018,C0R,TG_20
274,RIFERIMENTO,,11 valore medio,nella norma valore medio,2018,C0R,TG_24
275,RIFERIMENTO,,12 mm,nella norma mm,2018,C0A,Q_09
276,FUORI_ATTRIBUTO,Anche molto sottile in certi punti,Anche molto sottile in certi punti,Anche molto sottile in certi punti,2018,C0A,TG_04
277,RIFERIMENTO,,12 mm,nella norma mm,2018,C0A,TG_15
278,FUORI_ATTRIBUTO,Nove chiaro,9  chiaro,nella norma  chiaro,2018,C0A,TG_19
279,ILLEGGIBILE,,Mediamente 10..,Mediamente 10..,2018,C0A,TG_24
280,ILLEGGIBILE,,Media 1,Media 1,2018,C0A,TG_26
281,OK,"Lo spessore della crosta è di 10-12 mm, con particolare riferimento agli angoli.",10 12km soprattutto negli angoli,nella norma 12mm soprattutto negli angoli,2018,C0C,Q_09
282,FUORI_ATTRIBUTO,Irregolare,Irregolare,Irregolare,2018,C0C,TG_05
283,OK,Lo spessore della crosta e nella norma (10 mm).,1cm,molto sottile,2018,C0C,TG_13
284,FUORI_ATTRIBUTO,Dodici millimetri,12 mm,nella norma mm,2018,C0C,TG_15
285,OK,"Lo spessore della crosta è di 10 mm, con una colorazione chiara.",10 ma chiaro,nella norma ma chiaro,2018,C0C,TG_19
286,FUORI_ATTRIBUTO,Mediamente attorno a undici,Mediamente attorno a 11,Mediamente attorno a 11,2018,C0C,TG_24
287,OK,"La crosta presenta spigoli grossolani e uno spessore elevato, non conforme alle attese per la stagionatura del Grana Trentino DOP.",Spigoli  grossolani  grossa,Spigoli  grossolani  grossa,2018,C0C,TG_26
288,FUORI_ATTRIBUTO,"Più evidente su un lato, colore 0,8 rispetto a 1,2","Più evidente su 1  lato come colore 0,8 vs 1,2","Più evidente su 1  lato come colore 0,8 vs 1,2",2018,C0D,Q_09
289,FUORI_ATTRIBUTO,Dieci millimetri sui piatti,10 mm su i piatti,nella norma mm su i piatti,2018,C0D,TG_04
290,CONFORME,"Il campione presenta uno spessore della crosta nella media, conforme alle attese per la stagionatura del Grana Trentino DOP.",Medio,Medio,2018,C0D,TG_05
291,OK,"La sottocrosta è marcata su un piatto e sugli angoli, indicando una possibile irregolarità nella stagionatura.",Sottocrosta marcato su un piatto e sugli angoli,sottocrostarosta marcato su un piatto e sugli angoli,2018,C0D,TG_13
292,FUORI_ATTRIBUTO,Dodici millimetri,12 mm,nella norma mm,2018,C0D,TG_15
293,OK,"La crosta presenta uno spessore regolare, con un piatto più deciso, conforme alle attese per la stagionatura del Grana Trentino DOP.",10 un piatto più deciso,nella norma un piatto più deciso,2018,C0D,TG_19
294,FUORI_ATTRIBUTO,Superiore a 11 mm.,Superiore a 11,Superiore a 11,2018,C0D,TG_24
295,OK,"La crosta è fine e presenta spigoli ben definiti, conforme alle attese per la stagionatura del Grana Trentino DOP.",Fine anche spigoli,Fine anche spigoli,2018,C0D,TG_26
296,OK,"La crosta presenta uno spessore regolare, con sottocrosta aranciato, conforme alle attese per la stagionatura del Grana Trentino DOP.",12 km sottoscritta aranciato,nella norma mm sottocrosta aranciato,2018,C0G,Q_09
297,OK,"La crosta è fine ma presenta un'unghia evidente di colore bruno, non conforme alle attese per la stagionatura del Grana Trentino DOP.",Crosta fine ma con unghia evidente di colore bruno,Crosta fine ma con unghia evidente di colore bruno,2018,C0G,TG_13
298,FUORI_ATTRIBUTO,Spessore di 10 mm.,10 mm,nella norma mm,2018,C0G,TG_15
299,FUORI_ATTRIBUTO,Spessore di 9-10 mm.,9 10 mm,nella norma 10 mm,2018,C0G,TG_19
300,FUORI_ATTRIBUTO,Mediamente 11 mm.,Mediamente 11,Mediamente 11,2018,C0G,TG_24
301,OK,La crosta presenta spigoli fini e ben definiti.,Fine ok spigoli,Fine ok spigoli,2018,C0G,TG_26
302,OK,"Lo spessore della crosta è più evidente negli angoli, misurando 0,8 mm.","0,8 più evidente negli angoli","0,8 più evidente negli angoli",2018,C0H,Q_09
303,OK,"In alcune aree, lo spessore della crosta è inferiore ai 10 mm.",A tratti inferiore ai 10 mm,A tratti inferiore ai 10 mm,2018,C0H,TG_04
304,OK,"La crosta è marcata sugli angoli, con angoli ben definiti.",Crosta marcata sugli angoli,Crosta marcata sugli angoli,2018,C0H,TG_13
305,OK,Lo spessore della crosta è poco più di 10 mm.,Poco più di 10 mm,Poco più di 10 mm,2018,C0H,TG_15
306,OK,"Lo spessore della crosta è di 10 mm, conforme alle aspettative per la stagionatura del Grana Trentino DOP.",10,nella norma,2018,C0H,TG_19
307,OK,"La crosta del campione è fine, conforme alle attese per la stagionatura del Grana Trentino DOP.",Fine..,Fine..,2018,C0H,TG_24
308,FUORI_ATTRIBUTO,Media di 1 mm.,Media 1,Media 1,2018,C0H,TG_26
309,OK,"Lo spessore della crosta è di 0,6 mm su un lato e 1,2 mm sull'altro.","0,6 su 1 lato 1,2 sull'altro","0,6 su 1 lato 1,2 sull'altro",2018,C0Q,Q_09
310,FUORI_ATTRIBUTO,Sempre attorno a 1 cm.,Sempre sul a 1 cm,Sempre sul a 1 cm,2018,C0Q,TG_04
311,OK,"La sottocrosta è poco evidente, con un limite sfumato.",Sottocrosta poco evidente,sottocrostarosta poco evidente,2018,C0Q,TG_12
312,OK,Lo spessore della crosta è circa 8 mm.,Circa 8 mm,Circa 8 mm,2018,C0Q,TG_15
313,OK,"Il campione presenta uno spessore di 8-9 mm, con una crosta chiara e conforme alle attese per la stagionatura.",8 9 e chiaro,nella norma 9 e chiaro,2018,C0Q,TG_19
314,OK,"La crosta non è molto spessa, conforme alle attese.",Non molto spessa,Non molto spessa,2018,C0Q,TG_20
315,CONFORME,"Il campione mostra uno spessore della crosta nella media, in linea con le aspettative per il Grana Trentino DOP.",Intorno a 8 nella media,Intorno a 8 nella media,2018,C0Q,TG_24
316,OK,La crosta è fine sui piatti e più grossa sugli scalzi.,Fine su i piatti più grossa scalzi,Fine su i piatti più grossa scalzi,2018,C0Q,TG_26
317,OK,"La crosta presenta uno spessore medio di 9 mm, con spigoli sfumati di circa 20 mm.",Piatti e scalzo media 9mm  Spigoli sfumati 20mm circa,Piatti e scalzo media 9mm  Spigoli sfumati 20mm circa,2018,C0A,Q_02
318,OK,"La crosta è nella norma, con uno spessore di 13 mm, più pronunciato sul piatto e sugli angoli.",10 13 più su i1 piatto e angoli,nella norma 13 più su i1 piatto e angoli,2018,C0A,Q_09
319,OK,"La crosta è spessa sugli scalzi, mentre sui piatti presenta tratti anche sottili, rendendo difficile calcolare una media.",Scalzo spessi. Piatti a tratti anche sottili. Difficile fare media,Scalzo spessi. Piatti a tratti anche sottili. differenzaicile fare media,2018,C0A,TG_04
320,OK,"La crosta presenta un'unghia evidente, con una marcatura abbastanza pronunciata sugli angoli.","Un Po di unghia, crosta abbastanza marcata sugli angoli","leggermente di unghia, crosta abbastanza marcata sugli angoli",2018,C0A,TG_13
321,FUORI_ATTRIBUTO,"Sottile sui piatti e spessa sugli scalzi, media.","Sottile ai piatti spessa sugli scalzi, media","Sottile ai piatti spessa sugli scalzi, media",2018,C0A,TG_14
322,OK,Lo spessore della crosta e nella norma (10 mm).,10 mm,nella norma mm,2018,C0A,TG_15
323,OK,"La crosta presenta uno spessore di 9 mm ed è di colore chiaro, conforme alle attese per la stagionatura.",9 mm chiara,nella norma mm chiara,2018,C0A,TG_19
324,FUORI_ATTRIBUTO,Molto diverso tra piatti più fini e scalzi più grossi.,Molto diverso tra piatti più  fine e scalzi più  grossi.,Molto diverso tra piatti più  fine e scalzi più  grossi.,2018,C0A,TG_24
325,OK,"Lo spessore della crosta è di circa 10 mm sui piatti e sugli scalzi, con spigoli di circa 20 mm.",Piatti e scalzo circa 10mm Spigoli circa 20mm,Piatti e scalzo circa 10mm Spigoli circa 20mm,2018,C0C,Q_02
326,ILLEGGIBILE,,Egli angoli,Egli angoli,2018,C0C,Q_09
327,OK,L'unghia è evidente sugli scalzi.,Unghia marcata sugli scalzi,Unghia marcata sugli scalzi,2018,C0C,TG_13
328,OK,"Il campione ha uno spessore della crosta di 10 mm, conforme alle aspettative per il Grana Trentino DOP.",10 mm,nella norma mm,2018,C0C,TG_15
329,OK,"La crosta del campione è di 9 mm e di colore chiaro, conforme alle attese per la stagionatura.",9 mm chiaro,nella norma mm chiaro,2018,C0C,TG_19
330,OK,Lo spessore della crosta è mediamente di 9 mm.,Mediamente  9 mm,Mediamente  9 mm,2018,C0C,TG_24
331,OK,"Lo spessore della crosta è di media 11 mm sui piatti e sugli scalzi, con spigoli di media 20 mm.",Piatti e scalzo media 11mm Spigoli media 20mm,Piatti e scalzo media 11mm Spigoli media 20mm,2018,C0M,Q_02
332,FUORI_ATTRIBUTO,Colore della sottocrosta.,Colore sottocrosta,Colore sottocrostarosta,2018,C0M,Q_09
333,FUORI_ATTRIBUTO,Spessore di oltre 1 cm.,Spessa inoltre il cm,Spessa inoltre il cm,2018,C0M,TG_04
334,OK,La crosta presenta uno spessore omogeneo.,Omogenea,Omogenea,2018,C0M,TG_05
335,OK,La crosta è fine e presenta un'unghia evidente.,Crosta fine con unghia,Crosta fine con unghia,2018,C0M,TG_13
336,OK,Lo spessore della crosta e nella norma (10 mm).,10 mm,nella norma mm,2018,C0M,TG_15
337,OK,La crosta è nella norma con uno spessore di 10 mm.,9 10 mm,nella norma 10 mm,2018,C0M,TG_19
338,OK,La crosta è più spessa su un lato.,Più spessa su un lato,Più spessa su un lato,2018,C0M,TG_20
339,OK,Lo spessore della crosta è complessivamente minore di 8 mm.,Complessivamente  minore di 8 mm,Complessivamente  minore di 8 mm,2018,C0M,TG_24
340,OK,"Lo spessore della crosta è di media 12 mm sui piatti e sugli scalzi, con spigoli di circa 15 mm.",Piatti e scalzo media 12mm Spigoli circa 15mm,Piatti e scalzo media 12mm Spigoli circa 15mm,2018,C0N,Q_02
341,OK,"Il campione presenta uno spessore della crosta di 12-14 mm, con angoli evidenti, conforme alle attese per la stagionatura.",12 14 mm evidente negli angoli,nella norma 14 mm evidente negli angoli,2018,C0N,Q_09
342,FUORI_ATTRIBUTO,Sottocrosta marcata.,Sottocrosta marcato,sottocrostarosta marcato,2018,C0N,TG_13
343,FUORI_ATTRIBUTO,Spessore superiore a 10 mm.,Più di 10 mm,Più di 10 mm,2018,C0N,TG_15
344,OK,"Lo spessore della crosta è di 10-11 mm, conforme alle aspettative per la stagionatura del Grana Trentino DOP.",10 11,nella norma 11,2018,C0N,TG_19
345,FUORI_ATTRIBUTO,Spessore su un piatto.,Su un piatto spessa,Su un piatto spessa,2018,C0N,TG_20
346,FUORI_ATTRIBUTO,Mediamente 12 mm con punte elevate negli angoli.,12 mm mediamente  con punte elevate negli angoli,nella norma mm mediamente  con punte elevate negli angoli,2018,C0N,TG_24
347,OK,"La crosta presenta spigoli ben definiti con uno spessore di circa 15 mm, piatti e scalzi di 7 mm, conforme alle attese per la stagionatura del Grana Trentino DOP.",Ben definita Spigoli 15mm circa Piatti e scalzo 7mm,Ben definita Spigoli 15mm circa Piatti e scalzo 7mm,2018,C0O,Q_02
348,OK,"La crosta è più evidente sullo scalzo e negli angoli, conforme alle attese per la stagionatura del Grana Trentino DOP.",Più evidente sullo scalzo e angoli,Più evidente sullo scalzo e angoli,2018,C0O,Q_09
349,CONFORME,"La crosta del campione appare in buone condizioni, conforme alle attese per la stagionatura del Grana Trentino DOP.",Almeno la crosta non é male,Almeno la crosta non é male,2018,C0O,TG_04
350,FUORI_ATTRIBUTO,Minore di 10 mm.,Minore di 10 mm,Minore di 10 mm,2018,C0O,TG_15
351,OK,"Il campione presenta uno spessore della crosta di 8-9 mm, conforme alle attese per la stagionatura.",8 9 mm,nella norma 9 mm,2018,C0O,TG_19
352,OK,"La crosta presenta uno spessore sottile, conforme alle attese per la stagionatura del Grana Trentino DOP.",Sottile,Sottile,2018,C0O,TG_20
353,OK,"La crosta è molto fine nel complesso, conforme alle attese per la stagionatura del Grana Trentino DOP.",Molto fine nel complesso,Molto fine nel complesso,2018,C0O,TG_24
354,OK,"La crosta presenta piatti e scalzi ben definiti con uno spessore medio di 8 mm e spigoli di circa 11 mm, conforme alle attese per la stagionatura del Grana Trentino DOP.",Piatti e scalzo ben definiti media 8mm Spigoli 11mm circa,Piatti e scalzo ben definiti media 8mm Spigoli 11mm circa,2018,C0Q,Q_02
355,FUORI_ATTRIBUTO,Spessore di 12 mm.,12 m,nella norma m,2018,C0Q,Q_09
356,FUORI_ATTRIBUTO,Mediamente superiore a 1 cm.,Mediamente superiore al cm,Mediamente superiore al cm,2018,C0Q,TG_04
357,CONFORME,"Il campione mostra una crosta regolare, conforme alle attese per la stagionatura del Grana Trentino DOP.",Regolare,Regolare,2018,C0Q,TG_05
358,FUORI_ATTRIBUTO,Spessore di 8 mm.,8 mm,nella norma mm,2018,C0Q,TG_15
359,OK,"La crosta presenta uno spessore regolare di 10 mm e un colore chiaro, conforme alle attese per la stagionatura del Grana Trentino DOP.",9 10 chiaro,nella norma 10 chiaro,2018,C0Q,TG_19
360,OK,"La crosta presenta uno spessore sottile, conforme alle attese per la stagionatura del Grana Trentino DOP.",Sottile,Sottile,2018,C0Q,TG_20
361,OK,Lo spessore della crosta e nella norma (10 mm).,10 mm,nella norma mm,2018,C0Q,TG_24
362,OK,"La crosta presenta uno spessore sfumato, con una media di 8 mm sui piatti e 9 mm sugli scalzi, mentre gli spigoli misurano 15 mm.",Piatto sfumato con media 8mm Scalzo sui 9mm Spigoli 15mm,Piatto sfumato con media 8mm Scalzo sui 9mm Spigoli 15mm,2018,C0A,Q_02
363,OK,"La crosta del campione ha uno spessore di 10 mm, conforme alle attese per la stagionatura.",10 mm,nella norma mm,2018,C0A,Q_09
364,CONFORME,"I piatti del campione sono buoni, conforme alle attese per la stagionatura del Grana Trentino DOP.",Piatti buoni,Piatti buoni,2018,C0A,TG_04
365,CONFORME,"Il campione presenta uno spessore della crosta nella media, conforme alle attese per la stagionatura.",9 10,nella norma 10,2018,C0A,TG_19
366,OK,Lo spessore della crosta è più sottile su una faccia.,Più sottile su una faccia,Più sottile su una faccia,2018,C0A,TG_20
367,OK,"La crosta sugli scalzi è più grossa rispetto ai piatti, con una media di 8 mm.","Sugli scalzi più grossa che su i piatti,ma mediamente 8 mm","Sugli scalzi più grossa che su i piatti,ma mediamente 8 mm",2018,C0A,TG_24
368,OK,La crosta presenta uno spessore sottile sui piatti.,Sottile sui piatti,Sottile sui piatti,2018,C0A,TG_35
369,OK,"La crosta sui piatti e sugli scalzi è sfumata, con una media di 10 mm e spigoli da 22 mm.",Piatti e scalzo sfumati media 10mm Spigoli da 22mm,Piatti e scalzo sfumati media 10mm Spigoli da 22mm,2018,C0E,Q_02
370,OK,Lo spessore della crosta è più evidente su un piatto e sugli angoli.,13 più evidente su un piatto e angoli,spessa più evidente su un piatto e angoli,2018,C0E,Q_09
371,OK,Lo spessore della crosta è ovunque superiore ai 10 mm.,Ovunque superiore ai 10 mm,Ovunque superiore ai 10 mm,2018,C0E,TG_04
372,CONFORME,"Il campione mostra uno spessore della crosta nella media, conforme alle attese per la stagionatura del Grana Trentino DOP.",7,nella norma,2018,C0E,TG_08
373,OK,Lo spessore della crosta è regolare e nella media.,Spessore regolare nella media,Spessore regolare nella media,2018,C0E,TG_14
374,OK,"Lo spessore della crosta è nella norma, con un'intensità maggiore sotto uno scalzo.",11 più intenso sotto uno scalzo,nella norma più intenso sotto uno scalzo,2018,C0E,TG_19
375,OK,Lo spessore della crosta è superiore a 11 mm.,Superiore  a 11 mm,Superiore  a 11 mm,2018,C0E,TG_24
376,OK,La crosta è abbastanza spessa.,Abbastanza spesso,Abbastanza spesso,2018,C0E,TG_35
377,OK,"Un piatto presenta uno spessore sfumato, con una media di 9 mm sui piatti e sugli scalzi, e spigoli da 15 mm.",Un piatto sfumato Media piatto e scalzo 9mm Spigoli 15mm,Un piatto sfumato Media piatto e scalzo 9mm Spigoli 15mm,2018,C0F,Q_02
378,OK,"La crosta è nella norma, con 14 mm su un particolare e una sottocrosta aranciata.",12 14 su 1 particolare sittocrosta aranciato,nella norma 14 su 1 particolare sottocrosta aranciato,2018,C0F,Q_09
379,OK,La crosta è generalmente abbastanza spessa.,Tutta abbastanza spessa,Tutta abbastanza spessa,2018,C0F,TG_04
380,OK,Si osserva un'evidente differenza di spessore tra le due facce della crosta.,Evidente diff  di spessore tra le due facce,Evidente differenza  di spessore tra le due facce,2018,C0F,TG_12
381,FUORI_ATTRIBUTO,"Spessore di 9-10 mm, più deciso su un piatto.",9 10 più deciso su un piatto,nella norma 10 più deciso su un piatto,2018,C0F,TG_19
382,FUORI_ATTRIBUTO,La crosta del campione è sottile.,Media 10 mm,Media 10 mm,2018,C0F,TG_24
383,FUORI_ATTRIBUTO,"Piatto 8 mm, scalzo 9 mm, spigolo 18 mm.",Piatto 8mm  Scalzo 9mm Spigolo 18mm,Piatto 8mm  Scalzo 9mm Spigolo 18mm,2018,C0H,Q_02
384,FUORI_ATTRIBUTO,Undici angoli sono più evidenti.,11 angoli più evidente,nella norma angoli più evidente,2018,C0H,Q_09
385,CONFORME,"La crosta del campione presenta caratteristiche positive, risultando conforme agli standard di qualità del Grana Trentino DOP.",Piatti  molto buoni,Piatti  molto buoni,2018,C0H,TG_04
386,OK,"Lo spessore della crosta varia tra 9 e 10 mm, in linea con le aspettative per la stagionatura del Grana Trentino DOP.",9 10 mm,nella norma 10 mm,2018,C0H,TG_19
387,OK,"La crosta ha uno spessore compreso tra 8 e 9 mm, conforme agli standard di qualità del Grana Trentino DOP.",8 9 mm,nella norma 9 mm,2018,C0H,TG_24
388,OK,La crosta si presenta sottile.,Sottile,Sottile,2018,C0H,TG_35
389,FUORI_ATTRIBUTO,Sfumata media con scalzo e piatti di 10 mm e spigolo di 20 mm.,Sfumata  Media scalzo e piatti 10mm  Spigolo 20mm,Sfumata  Media scalzo e piatti 10mm  Spigolo 20mm,2018,C0M,Q_02
390,FUORI_ATTRIBUTO,Il campione presenta uno spessore di 12.,12,nella norma,2018,C0M,Q_09
391,OK,"La crosta del campione presenta una grana fine e regolare, con piccole occhiature al centro, conforme alle attese per la stagionatura del Grana Trentino DOP.","Grana fine, regolare, piccole occhiature al centro","Grana fine, regolare, piccole occhiature al centro",2018,C0M,TG_14
392,OK,"La crosta presenta uno spessore di 11 mm, in linea con le aspettative per il Grana Trentino DOP.",11,nella norma,2018,C0M,TG_19
393,FUORI_ATTRIBUTO,Mediamente attorno a 11-12 mm.,Mediamente attorno a 11 12 mm,Mediamente attorno a 11 12 mm,2018,C0M,TG_24
394,OK,"La crosta del campione presenta uno spessore molto sottile sui piatti, conforme alle attese per la stagionatura del Grana Trentino DOP.",Crosta molto sottile sui piatti,Crosta molto sottile sui piatti,2018,C0M,TG_35
395,FUORI_ATTRIBUTO,Piatto e scalzo di media 10 mm e spigoli di 20 mm.,Piatto e scalzo media 10mm Spigoli 20mm,Piatto e scalzo media 10mm Spigoli 20mm,2018,C0Q,Q_02
396,FUORI_ATTRIBUTO,Il campione presenta uno spessore di 10.,10,nella norma,2018,C0Q,Q_09
397,FUORI_ATTRIBUTO,"I piatti sono intorno ai 10 mm, mentre gli scalzi sono più spessi.","Intorno ai 10 mm i piatti, scalzi più  spessi","Intorno ai 10 mm i piatti, scalzi più  spessi",2018,C0Q,TG_04
398,FUORI_ATTRIBUTO,Nove mm sono leggermente più visibili su uno scalzo e un piatto.,9 mm leggermente più visibile su uno scalzo e un piatto,nella norma mm leggermente più visibile su uno scalzo e un piatto,2018,C0Q,TG_19
399,OK,"La crosta del campione presenta uno spessore mediamente bello, conforme alle attese per la stagionatura del Grana Trentino DOP.","In media 8, 9 mm bella","In media 8, 9 mm bella",2018,C0Q,TG_24
400,OK,"La crosta del campione è ben distinta dalla pasta, con uno spessore medio di 8 mm, conforme alle attese per la stagionatura del Grana Trentino DOP.",Crosta ben distinta dalla pasta Media 8mm,Crosta ben distinta dalla pasta Media 8mm,2018,C0B,Q_02
401,OK,"La crosta presenta uno spessore di 8 mm su un lato e 12 mm sull'altro, conforme agli standard di qualità del Grana Trentino DOP.",8 su 1 e 12 sullaltro,nella norma su 1 e 12 sullaltro,2018,C0B,Q_09
402,OK,"La crosta del campione è molto fine su un piatto, mentre sull'altro presenta uno spessore decisamente inferiore.","Su di un piatto molto fine, perfetta.  Sull'altro decisamente meno","Su di un piatto molto fine, perfetta.  Sull'altro decisamente meno",2018,C0B,TG_04
403,OK,La crosta del campione presenta uno spessore più elevato su un piatto.,Più spessa su un piatto,Più spessa su un piatto,2018,C0B,TG_14
404,OK,"Lo spessore della crosta è di 9 mm, conforme alle attese per la stagionatura del Grana Trentino DOP.",9 mm,nella norma mm,2018,C0B,TG_15
405,OK,"La crosta ha uno spessore di 10-11 mm, con una maggiore definizione su un piatto, conforme agli standard del Grana Trentino DOP.",10 11 più deciso su un piatto,nella norma 11 più deciso su un piatto,2018,C0B,TG_19
406,OK,"Lo spessore della crosta è variabile, ma nel complesso si attesta attorno agli 8 mm.",Variabile ma nel complesso 8 mm,Variabile ma nel complesso 8 mm,2018,C0B,TG_24
407,FUORI_ATTRIBUTO,Sotto ac1.,Sotto ac1,Sotto ac1,2018,C0B,TG_26
408,OK,"La crosta presenta uno spessore sfumato, con scalzi e piatti di media 9 mm e spigoli di 1,8 mm.","Crosta sfumata Scalzi e piatti media 9mm Spigoli 1,8","Crosta sfumata Scalzi e piatti media 9mm Spigoli 1,8",2018,C0D,Q_02
409,FUORI_ATTRIBUTO,Il campione presenta uno spessore di 12.,12,nella norma,2018,C0D,Q_09
410,OK,"La crosta presenta uno spessore di 10 mm, conforme agli standard di qualità del Grana Trentino DOP.",10 mm,nella norma mm,2018,C0D,TG_15
411,OK,"Lo spessore della crosta è di 9 mm, conforme alle attese per la stagionatura del Grana Trentino DOP.",9,nella norma,2018,C0D,TG_19
412,OK,Lo spessore della crosta è mediamente di 10 mm.,Mediamente 10 mm,Mediamente 10 mm,2018,C0D,TG_24
413,OK,"La crosta non è uniforme, con uno scalzo molto più grosso e una media di 1 mm.",Non uniforme uno scalzo molto più grosso  media 1,Non uniforme uno scalzo molto più grosso  media 1,2018,C0D,TG_26
414,OK,"La crosta ha una media di 10 mm, con spigoli da 18 mm.",Media 10mm Spigoli da 18mm,Media 10mm Spigoli da 18mm,2018,C0I,Q_02
415,OK,"La crosta presenta una pigmentazione anomala, con un colore aranciato nella sottocrosta.",Colore sottocrosta aranciato,Colore sottocrostarosta aranciato,2018,C0I,Q_09
416,OK,"La crosta ha uno spessore di 12 mm, conforme alle attese per la stagionatura del Grana Trentino DOP.",12 mm,nella norma mm,2018,C0I,TG_15
417,FUORI_ATTRIBUTO,Il campione presenta uno spessore di 10.,10,nella norma,2018,C0I,TG_19
418,OK,"La crosta non è omogenea, con uno spessore di 11 mm.",Non omogeneo.. 11 mm,Non omogeneo.. 11 mm,2018,C0I,TG_24
419,RIFERIMENTO,,Sopra 1,Sopra 1,2018,C0I,TG_26
420,OK,"La crosta presenta uno spessore sfumato, con una media di 10 mm.",Crosta sfumata Media 10mm,Crosta sfumata Media 10mm,2018,C0M,Q_02
421,OK,"La crosta presenta uno spessore di 12 mm, conforme agli standard di qualità del Grana Trentino DOP.",12,nella norma,2018,C0M,Q_09
422,FUORI_ATTRIBUTO,Sempre sopra il centimetro.,Sempre sopra il cm.,Sempre sopra il cm.,2018,C0M,TG_04
423,FUORI_ATTRIBUTO,Undici mm.,11 mm,nella norma mm,2018,C0M,TG_15
424,FUORI_ATTRIBUTO,Nove mm chiaro.,9 chiaro,nella norma chiaro,2018,C0M,TG_19
425,FUORI_ATTRIBUTO,Tra 9 e 10 mm.,9 10 mm,nella norma 10 mm,2018,C0M,TG_24
426,FUORI_ATTRIBUTO,Media di 8 mm e spigoli da 15 mm.,Media 8mm Spigoli da 15mm,Media 8mm Spigoli da 15mm,2018,C0O,Q_02
427,OK,"La crosta del campione presenta uno spessore spessa, con angoli ben definiti e una sottocrosta leggermente rugosa.",14,spessa,2018,C0O,Q_09
428,FUORI_ATTRIBUTO,Mai inferiore al centimetro.,Mai inferiore al centimetro,Mai inferiore al centimetro,2018,C0O,TG_04
429,OK,Lo spessore della crosta e nella norma (10 mm).,10 mm,nella norma mm,2018,C0O,TG_15
430,OK,"La crosta ha uno spessore di 9 mm, conforme alle attese per la stagionatura del Grana Trentino DOP.",9,nella norma,2018,C0O,TG_19
431,FUORI_ATTRIBUTO,Undici mm.,11 mm,nella norma mm,2018,C0O,TG_24
432,FUORI_ATTRIBUTO,Evidente media di 11 mm e spigoli almeno di 20 mm.,Evidente  Media 11mm Spigoli almeno 20mm,Evidente  Media 11mm Spigoli almeno 20mm,2018,C0R,Q_02
433,OK,"La crosta del campione presenta uno spessore spessa, con angoli ben definiti e una sottocrosta leggermente rugosa.",13,spessa,2018,C0R,Q_09
434,FUORI_ATTRIBUTO,Un lato della crosta è inferiore a 1.,Un lato crosta inferiore a1,Un lato crosta inferiore a1,2018,C0R,TG_08
435,OK,Lo spessore della crosta e nella norma (12 mm).,12 mm,nella norma mm,2018,C0R,TG_15
436,FUORI_ATTRIBUTO,Tra 10 e 11 mm.,10 11,nella norma 11,2018,C0R,TG_19
437,OK,"La crosta del campione presenta uno spessore molto variabile e disomogenea, con una media di 12 mm.","Molto variabile e disomogenea, media 12 mm","Molto variabile e disomogenea, media 12 mm",2018,C0R,TG_24
438,OK,"La crosta del campione presenta uno spessore molto sottile, prossima ai 5 mm.",Molto sottile prossima ai 5mm,Molto sottile prossima ai 5mm,2018,C0A,Q_02
439,OK,"La crosta presenta uno spessore di 11 mm, conforme agli standard di qualità del Grana Trentino DOP.",11,nella norma,2018,C0A,Q_09
440,FUORI_ATTRIBUTO,"Un bel piatto con spessore inferiore ai 10 mm, mentre il resto è più spesso.",1 bel piatto con spessore inferiore ai 10 mm. Più  spesso il resto,1 bel piatto con spessore inferiore ai 10 mm. Più  spesso il resto,2018,C0A,TG_04
441,CONFORME,La regolarità della crosta è conforme alle attese per la stagionatura del Grana Trentino DOP.,Buona la regolarità,Buona la regolarità,2018,C0A,TG_08
442,FUORI_ATTRIBUTO,Otto decimi di cm.,"0,8 cm",molto sottile,2018,C0A,TG_13
443,OK,"La crosta presenta un aspetto chiaro e regolare, conforme agli standard di qualità del Grana Trentino DOP.",Chiaro e regolare,Chiaro e regolare,2018,C0A,TG_19
444,FUORI_ATTRIBUTO,Più sottile verso una delle facce.,Più sottile verso una delle facce,Più sottile verso una delle facce,2018,C0A,TG_20
445,FUORI_ATTRIBUTO,"Variabile, ma nel complesso è fine!","Variabile, ma nel complesso fine!","Variabile, ma nel complesso fine!",2018,C0A,TG_24
446,FUORI_ATTRIBUTO,Non è uniforme.,Non uniforme,Non uniforme,2018,C0A,TG_26
447,OK,"La crosta presenta uno spessore scalzo e piatto, con una misura media di 8 mm e spigoli minimi di 15 mm.",Scalzo e piatto Media 8mm Spigoli minimo 15mm,Scalzo e piatto Media 8mm Spigoli minimo 15mm,2018,C0C,Q_02
448,OK,"La misura della crosta è di 10 mm, conforme alle aspettative per la stagionatura del Grana Trentino DOP.",10,nella norma,2018,C0C,Q_09
449,FUORI_ATTRIBUTO,Non è regolare.,Non regolare,Non regolare,2018,C0C,TG_08
450,FUORI_ATTRIBUTO,"Spessore di 0,8 cm.","0,8 cm",molto sottile,2018,C0C,TG_13
451,FUORI_ATTRIBUTO,Il sapore è piuttosto elevato.,Piuttosto elevato,Piuttosto elevato,2018,C0C,TG_24
452,FUORI_ATTRIBUTO,"Sottile nei piatti, circa 0,5 cm, e grossa negli scalzi con spigoli normali.","Sottile nei piatti circa 0,5 grossa negli scalzi spigoli normali","Sottile nei piatti circa 0,5 grossa negli scalzi spigoli normali",2018,C0C,TG_26
453,OK,La crosta presenta uno spessore medio di 9 mm e spigoli con una misura media di 15 mm.,Spessore medio 9mm  Spigoli media 15mm,Spessore medio 9mm  Spigoli media 15mm,2018,C0D,Q_02
454,FUORI_ATTRIBUTO,Il colore è aranciato.,11 ma colore sottoscritta aranciato,nella norma ma colore sottocrosta aranciato,2018,C0D,Q_09
455,FUORI_ATTRIBUTO,Abbondante lateralmente.,Abbondante lateralmente,Abbondante lateralmente,2018,C0D,TG_08
456,FUORI_ATTRIBUTO,"Fine nei sei piatti, più marcata sugli scalzi.",Fine sei piatti più marcata sugli scalzi,Fine sei piatti più marcata sugli scalzi,2018,C0D,TG_13
457,FUORI_ATTRIBUTO,"Intensità di 10, più marcata su un piatto.",10 più intenso su un piatto,nella norma più intenso su un piatto,2018,C0D,TG_19
458,OK,La crosta presenta uno spessore medio di 10 mm.,Mediamente 10 mm,Mediamente 10 mm,2018,C0D,TG_24
459,OK,La crosta presenta uno spessore medio di 9 mm.,Media 9mm,Media 9mm,2018,C0G,Q_02
460,OK,"La crosta ha uno spessore di 12 mm, in linea con le attese per la stagionatura del Grana Trentino DOP.",12,nella norma,2018,C0G,Q_09
461,CONFORME,"Il campione presenta caratteristiche buone, conformi agli standard del Grana Trentino DOP.",Buono,Buono,2018,C0G,TG_08
462,FUORI_ATTRIBUTO,Il campione presenta uno spessore di 1 cm.,1 cm,molto sottile,2018,C0G,TG_13
463,FUORI_ATTRIBUTO,"Variabile, mediamente 11 mm.",Vario... Mediamente 11 mm,Vario... Mediamente 11 mm,2018,C0G,TG_24
464,FUORI_ATTRIBUTO,"Uniforme, spessore di 1 cm.",Uniforme 1cm,Uniforme 1cm,2018,C0G,TG_26
465,OK,"La crosta del campione presenta uno spessore evidente minimo di 10 mm, conforme alle attese per la stagionatura del Grana Trentino DOP.",Evidente Minimo 10mm,Evidente Minimo 10mm,2018,C0N,Q_02
466,OK,"La crosta misura 12 mm, conforme agli standard di spessore per il Grana Trentino DOP.",12,nella norma,2018,C0N,Q_09
467,OK,"La crosta del campione presenta uno spessore sempre superiore ai 12 mm, conforme alle attese per la stagionatura del Grana Trentino DOP.",Sempre superiore ai 12 mm,Sempre superiore ai 12 mm,2018,C0N,TG_04
468,FUORI_ATTRIBUTO,Piatto sottile con lato abbondante.,Piatto sottile lato abbondante,Piatto sottile lato abbondante,2018,C0N,TG_08
469,FUORI_ATTRIBUTO,Il campione presenta uno spessore di 1 cm.,1 cm,molto sottile,2018,C0N,TG_13
470,FUORI_ATTRIBUTO,"Intenso, con un difetto che dall'esterno entra nell'unghia.","Intenso, difetto che dall'esterno entra nellunghia","Intenso, difetto che dall'esterno entra nellunghia",2018,C0N,TG_19
471,OK,"La crosta del campione è più spessa della media, conforme alle attese per la stagionatura del Grana Trentino DOP.",Piu spesso  della  media,Piu spesso  della  media,2018,C0N,TG_20
472,OK,"La crosta del campione presenta uno spessore molto variabile, da piatto a scalzi, con una media di 12 mm, conforme alle attese per la stagionatura del Grana Trentino DOP.",Molto variabile da piatto a scalzi. Media 12,Molto variabile da piatto a scalzi. Media 12,2018,C0N,TG_24
473,OK,"La crosta del campione presenta spigoli grossolani, conforme alle attese per la stagionatura del Grana Trentino DOP.",Spigoli grossolana,Spigoli grossolana,2018,C0N,TG_26
474,OK,"La crosta del campione presenta uno spessore medio di 7 mm, con spigoli da 10 a 15 mm, conforme alle attese per la stagionatura del Grana Trentino DOP.",Spessore medio 7mm  Spigoli da 10 a 15mm,Spessore medio 7mm  Spigoli da 10 a 15mm,2018,C0Q,Q_02
475,OK,"La misura della crosta è di 12 mm, conforme alle attese per la stagionatura del Grana Trentino DOP.",12,nella norma,2018,C0Q,Q_09
476,OK,"La crosta del campione presenta uno spessore a tratti inferiore ai 10 mm, conforme alle attese per la stagionatura del Grana Trentino DOP.",A tratti inferiore ai 10 mm,A tratti inferiore ai 10 mm,2018,C0Q,TG_04
477,FUORI_ATTRIBUTO,Lateralmente superiore a 1 cm sui piatti regolari.,Lateralmente superiore al cm  sul piatti regolare,Lateralmente superiore al cm  sul piatti regolare,2018,C0Q,TG_08
478,FUORI_ATTRIBUTO,Più intenso sotto uno scalzo e un piatto.,Più intenso sotto uno scalzo e un piatto,Più intenso sotto uno scalzo e un piatto,2018,C0Q,TG_19
479,OK,"La crosta del campione è leggermente più spessa della media, conforme alle attese per la stagionatura del Grana Trentino DOP.",Leggermente  Più spessa della media,Leggermente  Più spessa della media,2018,C0Q,TG_20
480,OK,"La crosta del campione presenta uno spessore medio di 10 mm, conforme alle attese per la stagionatura del Grana Trentino DOP.",Media 10 mm,Media 10 mm,2018,C0Q,TG_24
481,FUORI_ATTRIBUTO,"Spigoli pronunciati, sopra 1 cm.",Spigoli pronunciati sopra il cm,Spigoli pronunciati sopra il cm,2018,C0Q,TG_26
482,OK,"La crosta presenta uno spessore di 8 mm su un lato e 6 mm sull'altro, conforme alle attese per la stagionatura.",8  su 1 lato e 6 sull'altro,nella norma  su 1 lato e 6 sull'altro,2018,C0B,Q_09
483,FUORI_ATTRIBUTO,"Spessore di 0,6 cm, più spesso su un piatto.","0,6 cm più spessa su un piatto",molto sottile più spessa su un piatto,2018,C0B,TG_13
484,FUORI_ATTRIBUTO,Diverso da un piatto all'altro.,Diverso da un piatto allaltro,Diverso da un piatto allaltro,2018,C0B,TG_19
485,FUORI_ATTRIBUTO,Non è regolare.,N9n regolare,non regolare,2018,C0C,TG_05
486,OK,"La crosta del campione è molto sottile, con una marcata unghia di colore ocra.","1,1 cm crosta marcata con unghia di colore ocra",molto sottile crosta marcata con unghia di colore ocra,2018,C0C,TG_13
487,OK,"La misura della crosta è compresa tra 9 e 10 mm, conforme agli standard per il Grana Trentino DOP.",9 10,nella norma 10,2018,C0C,TG_19
488,OK,La crosta presenta uno spessore molto spessa con spigoli pronunciati.,Scalzi molto spessa spigoli pronunciati,Scalzi molto spessa spigoli pronunciati,2018,C0C,TG_26
489,OK,"La crosta ha uno spessore di 8 mm, conforme alle attese per la stagionatura del Grana Trentino DOP.",8,nella norma,2018,C0D,Q_09
490,OK,La crosta del campione è molto sottile.,1 cm,molto sottile,2018,C0D,TG_13
491,FUORI_ATTRIBUTO,"Meno di 10, più intenso sotto un piatto.","Meno di 10, più intenso sotto un piatto","Meno di 10, più intenso sotto un piatto",2018,C0D,TG_19
492,OK,La crosta presenta uno spessore regolare.,Regolare spessore,Regolare spessore,2018,C0F,TG_05
493,OK,La crosta del campione è molto sottile.,"0,8 cm",molto sottile,2018,C0F,TG_13
494,FUORI_ATTRIBUTO,Più spessa su una faccia.,Più spessa su una faccia,Più spessa su una faccia,2018,C0F,TG_20
495,FUORI_ATTRIBUTO,"1,1.","1,1","1,1",2018,C0N,Q_09
496,FUORI_ATTRIBUTO,Sottocrosta importante soprattutto su un piatto.,Sottocrosta importante soprattutto su un piatto,sottocrostarosta importante soprattutto su un piatto,2018,C0N,TG_13
497,OK,"La misura della crosta è compresa tra 11 e 12 mm, conforme agli standard di spessore per il Grana Trentino DOP.",11 12,nella norma 12,2018,C0N,TG_19
498,OK,"La crosta presenta uno spessore di 12 mm, conforme alle attese per la stagionatura del Grana Trentino DOP.",12,nella norma,2018,C0R,Q_09
499,OK,La sottocrosta è evidente e marcata.,Sottocrosta evidente e marcato,sottocrostarosta evidente e marcato,2018,C0R,TG_13
500,FUORI_ATTRIBUTO,8 su un lato e 6 sull'altro.,8  su 1 lato e 6 sull'altro,nella norma  su 1 lato e 6 sull'altro,2018,C0B,Q_09
501,FUORI_ATTRIBUTO,"0,6 cm più spessa su un piatto.","0,6 cm più spessa su un piatto",molto sottile più spessa su un piatto,2018,C0B,TG_13
502,FUORI_ATTRIBUTO,Diverso da un piatto all'altro.,Diverso da un piatto allaltro,Diverso da un piatto allaltro,2018,C0B,TG_19
503,FUORI_ATTRIBUTO,Non regolare.,Non regolare,Non regolare,2018,C0C,TG_05
504,FUORI_ATTRIBUTO,"1,1 cm di crosta marcata con unghia di colore ocra.","1,1 cm crosta marcata con unghia di colore ocra",molto sottile crosta marcata con unghia di colore ocra,2018,C0C,TG_13
505,OK,"La misura della crosta è compresa tra 9 e 10 mm, conforme agli standard per il Grana Trentino DOP.",9 10,nella norma 10,2018,C0C,TG_19
506,OK,"La crosta presenta uno spessore molto spessa sugli scalzi, con spigoli pronunciati.",Scalzi molto spessa spigoli pronunciati,Scalzi molto spessa spigoli pronunciati,2018,C0C,TG_26
507,OK,"La crosta ha uno spessore di 8 mm, conforme alle attese per la stagionatura del Grana Trentino DOP.",8,nella norma,2018,C0D,Q_09
508,FUORI_ATTRIBUTO,1 cm.,1 cm,molto sottile,2018,C0D,TG_13
509,FUORI_ATTRIBUTO,"Meno di 10, più intenso sotto un piatto.","Meno di 10, più intenso sotto un piatto","Meno di 10, più intenso sotto un piatto",2018,C0D,TG_19
510,OK,La crosta presenta uno spessore regolare.,Regolare spessore,Regolare spessore,2018,C0F,TG_05
511,FUORI_ATTRIBUTO,"0,8 cm.","0,8 cm",molto sottile,2018,C0F,TG_13
512,FUORI_ATTRIBUTO,Più spessa su una faccia.,Più spessa su una faccia,Più spessa su una faccia,2018,C0F,TG_20
513,ILLEGGIBILE,,"1,1","1,1",2018,C0N,Q_09
514,FUORI_ATTRIBUTO,Sottocrosta importante soprattutto su un piatto.,Sottocrosta importante soprattutto su un piatto,sottocrostarosta importante soprattutto su un piatto,2018,C0N,TG_13
515,OK,"La misura della crosta è compresa tra 11 e 12 mm, conforme agli standard di spessore per il Grana Trentino DOP.",11 12,nella norma 12,2018,C0N,TG_19
516,OK,"La crosta presenta uno spessore di 12 mm, conforme alle attese per la stagionatura del Grana Trentino DOP.",12,nella norma,2018,C0R,Q_09
517,FUORI_ATTRIBUTO,Sottocrosta evidente e marcata.,Sottocrosta evidente e marcato,sottocrostarosta evidente e marcato,2018,C0R,TG_13
518,FUORI_ATTRIBUTO,Media 9 mm.,Media 9mm,Media 9mm,2018,C0E,Q_02
519,FUORI_ATTRIBUTO,Più sotto un piatto.,Più sotto 1 piatto,Più sotto 1 piatto,2018,C0E,Q_09
520,OK,La crosta è spessa sugli scalzi e migliore sui piatti.,Spessa sugli scalzi. Meglio sul piatti,Spessa sugli scalzi. Meglio sul piatti,2018,C0E,TG_13
521,OK,"La crosta ha uno spessore di 8 mm, conforme agli standard di qualità per il Grana Trentino DOP.",8 mm,nella norma mm,2018,C0E,TG_15
522,OK,"La misura della crosta è compresa tra 9 e 10 mm, conforme alle attese per la stagionatura del Grana Trentino DOP.",9 10,nella norma 10,2018,C0E,TG_19
523,OK,Gli spigoli sono ben definiti e la crosta presenta uno spessore maggiore negli scalzi.,Spigoli belli più spessa negli scalzi,Spigoli belli più spessa negli scalzi,2018,C0E,TG_26
524,OK,"La misura media della crosta è di 10 mm, conforme agli standard per il Grana Trentino DOP.",Media 10 mm,Media 10 mm,2018,C0G,Q_02
525,FUORI_ATTRIBUTO,"Colore tranciato, sottocrosta più netta sotto un piatto.",Colore tranciato sottocrosta più netta sotto 1 piatto,Colore aranciato sottocrostarosta più netta sotto 1 piatto,2018,C0G,Q_09
526,FUORI_ATTRIBUTO,Anche sotto i 10 mm a lunghi tratti.,Anche sotto i 10 mm a lunghi tratti,Anche sotto i 10 mm a lunghi tratti,2018,C0G,TG_04
527,OK,"La crosta è fine, ma presenta una sottocrosta dal colore marcato.",Crosta fine ma con sottocrosta dal colore marcato,Crosta fine ma con sottocrostarosta dal colore marcato,2018,C0G,TG_13
528,OK,"La crosta presenta uno spessore di 10 mm, conforme alle attese per la stagionatura del Grana Trentino DOP.",10 mm,nella norma mm,2018,C0G,TG_15
529,FUORI_ATTRIBUTO,Decisamente più intenso su un piatto.,Decisamente più intenso su un piatto,Decisamente più intenso su un piatto,2018,C0G,TG_19
530,FUORI_ATTRIBUTO,Media di 1.,Media 1,Media 1,2018,C0G,TG_26
531,FUORI_ATTRIBUTO,Media di 10 mm.,Media 10mm,Media 10mm,2018,C0I,Q_02
532,OK,"La crosta è molto sottile, ma gli spigoli sono marcati.","0,9 cm ma gli spigoli sono marcati",molto sottile ma gli spigoli sono marcati,2018,C0I,TG_13
533,OK,"Lo spessore della crosta del campione è di 10 mm, conforme alle attese per la stagionatura del Grana Trentino DOP.",10 mm,nella norma mm,2018,C0I,TG_15
534,CONFORME,Il campione presenta caratteristiche conformi alle norme di qualità del Grana Trentino DOP.,10,nella norma,2018,C0I,TG_19
535,OK,"La crosta è molto sottile, ma presenta spigoli pronunciati.",Molto sottile peccato per gli spigoli pronunciati,Molto sottile peccato per gli spigoli pronunciati,2018,C0I,TG_26
536,FUORI_ATTRIBUTO,Media di 10 mm con crosta sfumata.,Media 10mm Crosta sfumata,Media 10mm Crosta sfumata,2018,C0L,Q_02
537,OK,La crosta è molto sottile.,"0,9 cm",molto sottile,2018,C0L,TG_13
538,OK,La crosta presenta uno spessore elevato.,13 mm,spessa mm,2018,C0L,TG_15
539,CONFORME,Il campione rispetta gli standard di qualità previsti per il Grana Trentino DOP.,10,nella norma,2018,C0L,TG_19
540,OK,"La crosta è molto spessa sopra 1.5 mm, con spigoli molto pronunciati.",Scalzi crosta molto spessa sopra 1.5 piatti 1spigoli molto pronunciati,Scalzi crosta molto spessa sopra 1.5 piatti 1spigoli molto pronunciati,2018,C0L,TG_26
541,FUORI_ATTRIBUTO,La crosta presenta uno spessore sfumato di 12 mm.,Crosta sfumata Media 12mm,Crosta sfumata Media 12mm,2018,C0M,Q_02
542,FUORI_ATTRIBUTO,"Lo spessore della crosta è di 0,8 cm.","0,8 cm",molto sottile,2018,C0M,TG_13
543,FUORI_ATTRIBUTO,Lo spessore della crosta è di 10 mm.,10 mm,nella norma mm,2018,C0M,TG_15
544,ILLEGGIBILE,,9,nella norma,2018,C0M,TG_19
545,FUORI_ATTRIBUTO,Lo spessore della crosta è di 8 mm.,Media 8mm,Media 8mm,2018,C0O,Q_02
546,ILLEGGIBILE,,"0,8","0,8",2018,C0O,Q_09
547,ILLEGGIBILE,,"0,7cm",molto sottile,2018,C0O,TG_13
548,FUORI_ATTRIBUTO,Lo spessore della crosta è di 8 mm.,8 mm,nella norma mm,2018,C0O,TG_15
549,FUORI_ATTRIBUTO,Lo spessore della crosta varia tra 8 e 9 mm.,Diversi da un piatto all'altro ma sui 8 9 mm,Diversi da un piatto all'altro ma sui 8 9 mm,2018,C0O,TG_19
550,OK,La crosta presenta tratti sottilissimi.,A tratti  sottilissima,A tratti  sottilissima,2018,C0O,TG_26
551,FUORI_ATTRIBUTO,La crosta presenta uno spessore sfumato di 8 mm.,Crosta sfumata  Media 8mm,Crosta sfumata  Media 8mm,2018,C0A,Q_02
552,CONFORME,"La crosta del campione presenta uno spessore regolare e scalzo, conforme alle attese per la stagionatura del Grana Trentino DOP.",Regolare,Regolare,2018,C0A,TG_05
553,FUORI_ATTRIBUTO,Lo spessore della crosta è di 11 mm.,11mm,nella normamm,2018,C0A,TG_15
554,FUORI_ATTRIBUTO,Il colore è più intenso sotto un piatto.,9 colore più intenso sotto un piatto,nella norma colore più intenso sotto un piatto,2018,C0A,TG_19
555,FUORI_ATTRIBUTO,Lo spessore della crosta è piuttosto variabile tra piatti e scalzi.,Piuttosto variabile tra piatti e scalzi,Piuttosto variabile tra piatti e scalzi,2018,C0A,TG_24
556,OK,La crosta è sottile sui piatti e leggermente più spessa negli scalzi.,Sottile sul piatti un Po più spessa negli scalzi,Sottile sul piatti leggermente più spessa negli scalzi,2018,C0A,TG_26
557,FUORI_ATTRIBUTO,La crosta presenta uno spessore sfumato di 9 mm.,Crosta sfumata Media 9mm,Crosta sfumata Media 9mm,2018,C0C,Q_02
558,ILLEGGIBILE,,"1,1","1,1",2018,C0C,TG_13
559,FUORI_ATTRIBUTO,Lo spessore della crosta è di 9 mm.,9 mm,nella norma mm,2018,C0C,TG_15
560,ILLEGGIBILE,,10,nella norma,2018,C0C,TG_19
561,OK,"La crosta del campione ha uno spessore di 11 mm, in linea con le aspettative per la stagionatura.",11 mm,nella norma mm,2018,C0C,TG_24
562,FUORI_ATTRIBUTO,Spogli con crosta pronunciata.,Spogli e crosta pronunciate,Spogli e crosta pronunciate,2018,C0C,TG_26
563,FUORI_ATTRIBUTO,Media di 8 mm.,Media 8mn,Media 8mn,2018,C0D,Q_02
564,OK,"La crosta presenta una finitura omogenea, conforme agli standard di qualità del Grana Trentino DOP.",Omogeneo,Omogeneo,2018,C0D,TG_05
565,OK,"Lo spessore della crosta è di 8 mm, conforme alle attese per la stagionatura del Grana Trentino DOP.",8 mm,nella norma mm,2018,C0D,TG_15
566,CONFORME,Il campione mostra caratteristiche conformi alle attese per il Grana Trentino DOP.,9,nella norma,2018,C0D,TG_19
567,FUORI_ATTRIBUTO,Fine nel complesso.,Fine nel complessoh,Fine nel complessoh,2018,C0D,TG_24
568,OK,"La crosta del campione presenta uno spessore sottile, conforme alle attese per la stagionatura del Grana Trentino DOP.",Sottile,Sottile,2018,C0D,TG_26
569,FUORI_ATTRIBUTO,"Molto sfumata, media di 10 mm.",Molto sfumata Media 10mm,Molto sfumata Media 10mm,2018,C0I,Q_02
570,OK,"La crosta del campione ha uno spessore di 12 mm, conforme alle attese per la stagionatura.",12 mm,nella norma mm,2018,C0I,TG_15
571,FUORI_ATTRIBUTO,Media di 10 e 11.,10 11,nella norma 11,2018,C0I,TG_19
572,OK,"La crosta del campione presenta uno spessore alto, conforme alle attese per la stagionatura del Grana Trentino DOP.",Alta,Alta,2018,C0I,TG_24
573,OK,"La crosta del campione presenta spigoli pronunciati e uno spessore sottile, conforme alle attese per la stagionatura del Grana Trentino DOP.",Spigoli pronunciati crosta sottil,Spigoli pronunciati crosta sottil,2018,C0I,TG_26
574,FUORI_ATTRIBUTO,"Crosta sfumata, media di 10 mm.",Crosta sfumata  Media 10mm,Crosta sfumata  Media 10mm,2018,C0M,Q_02
575,OK,"La crosta del campione presenta uno spessore sottile ai piatti, conforme alle attese per la stagionatura del Grana Trentino DOP.",Sottile ai piatti,Sottile ai piatti,2018,C0M,TG_05
576,OK,"La crosta del campione presenta uno spessore molto spessa su un piatto, conforme alle attese per la stagionatura del Grana Trentino DOP.",Molto spessa su un piatto,Molto spessa su un piatto,2018,C0M,TG_13
577,OK,"Lo spessore della crosta è di 8 mm, in linea con le aspettative per il Grana Trentino DOP.",8 mm,nella norma mm,2018,C0M,TG_15
578,FUORI_ATTRIBUTO,Media di 9 e 10.,9 10,nella norma 10,2018,C0M,TG_19
579,FUORI_ATTRIBUTO,Media di 10 mm.,10 mm in media,nella norma mm in media,2018,C0M,TG_24
580,FUORI_ATTRIBUTO,Media di 9 mm.,Media 9mm,Media 9mm,2018,C0N,Q_02
581,OK,"La crosta presenta uno spessore di 12 mm, conforme alle attese per la stagionatura del Grana Trentino DOP.",12 mm,nella norma mm,2018,C0N,TG_15
582,CONFORME,Il campione rispetta gli standard di qualità previsti per il Grana Trentino DOP.,10,nella norma,2018,C0N,TG_19
583,FUORI_ATTRIBUTO,Mediamente inferiore a 10.,Mediamente minore di 10,Mediamente minore di 10,2018,C0N,TG_24
584,OK,"La crosta del campione presenta uno spessore grossa, con angoli ben definiti e una sottocrosta leggermente rugosa.",Crosta grossa,Crosta grossa,2018,C0N,TG_26
585,ILLEGGIBILE,,Difficile da distinguere  Circa 12mm Spigoli mo!ti accentuati,differenzaicile da distinguere  Circa 12mm Spigoli mo!ti accentuati,2018,C0A,Q_02
586,CONFORME,"Il campione presenta caratteristiche di qualità ottimali, conformi alle norme del Grana Trentino DOP.",Ottimi piatti,Ottimi piatti,2018,C0A,TG_04
587,OK,"La crosta del campione presenta uno spessore molto sottile, con angoli ben definiti e una sottocrosta leggermente rugosa.","0,7 cm",molto sottile,2018,C0A,TG_13
588,OK,"La crosta del campione presenta uno spessore medio di 9mm, conforme alle attese per la stagionatura del Grana Trentino DOP.",Media 9mm,Media 9mm,2018,C0C,Q_02
589,FUORI_ATTRIBUTO,"0,6 e 0,8, più evidente negli angoli e scalzo.","O,6 0,8  più evidente negli angoli e scalzo","O,6 0,8  più evidente negli angoli e scalzo",2018,C0C,Q_09
590,OK,"La crosta del campione presenta uno spessore molto sottile di 6mm, con una media buona.",A tratti molto sottile 6 mm. La media è buona,A tratti molto sottile 6 mm. La media è buona,2018,C0C,TG_04
591,OK,"La crosta del campione presenta uno spessore molto sottile, con angoli ben definiti e una sottocrosta leggermente rugosa.","0,8 cm",molto sottile,2018,C0C,TG_13
592,OK,"Da un lato la crosta presenta spigoli più pronunciati, mantenendo uno spessore regolare.",Da un lato spigoli più pronunciate,Da un lato spigoli più pronunciate,2018,C0C,TG_26
593,OK,"La crosta del campione presenta uno spessore sfumato, con una media di 5mm per il piatto, 10mm per il scalzo e una media totale di 6mm.",Crosta sfumata  Media piatto 5mm Media scalzo 10mm Media totale 6mm,Crosta sfumata  Media piatto 5mm Media scalzo 10mm Media totale 6mm,2018,C0G,Q_02
594,OK,"La crosta del campione presenta uno spessore di 1 e 1,2mm su un lato scalzo e angoli.","1 e 1,2 su un lato scalzo e angoli","1 e 1,2 su un lato scalzo e angoli",2018,C0G,Q_09
595,OK,"La crosta del campione presenta uno spessore molto sottile, con angoli ben definiti e una sottocrosta leggermente rugosa.","1,1 cm",molto sottile,2018,C0G,TG_13
596,OK,"La sottocrosta del campione presenta un'intensità marcata, contribuendo alla qualità della crosta.",Sottoscritta intenso,sottocrosta intenso,2018,C0G,TG_19
597,OK,"La crosta del campione è molto grossa e evidente, con un colore molto scuro e spigoli pronunciati.",Molto grossa e evidente colore molto scuro  spigoli pronunciati,Molto grossa e evidente colore molto scuro  spigoli pronunciati,2018,C0G,TG_26
598,OK,"La crosta del campione presenta uno spessore sfumato, con una media di 9mm.",Sfumata  Media 9mm,Sfumata  Media 9mm,2018,C0M,Q_02
599,ILLEGGIBILE,,1,1,2018,C0M,Q_09
600,OK,"La crosta del campione è inferiore al cm in un piatto, mentre nell'altro è più spessa.","Inferiore al cm in un piatto, nell'altro più  spessa","Inferiore al cm in un piatto, nell'altro più  spessa",2018,C0M,TG_04
601,FUORI_ATTRIBUTO,"0,8 cm.","0,8cm",molto sottile,2018,C0M,TG_13
602,FUORI_ATTRIBUTO,"Ben distinta, 5 mm.",Ben distinta 5mm,Ben distinta 5mm,2018,C0O,Q_02
603,ILLEGGIBILE,,"0,8","0,8",2018,C0O,Q_09
604,FUORI_ATTRIBUTO,"0,8 cm.","0,8 cm",molto sottile,2018,C0O,TG_13
605,FUORI_ATTRIBUTO,Media di 5 mm.,Media 5mm,Media 5mm,2018,C0Q,Q_02
606,FUORI_ATTRIBUTO,1 cm.,1 cm,molto sottile,2018,C0Q,Q_09
607,FUORI_ATTRIBUTO,Un po' grossa.,Un Po grossa,leggermente grossa,2018,C0Q,TG_26
608,FUORI_ATTRIBUTO,Sfumatura media di 6 mm.,Sfumata Media 6 mm,Sfumata Media 6 mm,2018,C0A,Q_02
609,FUORI_ATTRIBUTO,Più evidente su un piatto e negli angoli.,Più evidente Su un piatto e angoli,Più evidente Su un piatto e angoli,2018,C0A,Q_09
610,ILLEGGIBILE,,"0,8","0,8",2018,C0A,TG_13
611,FUORI_ATTRIBUTO,Bassa.,Bassa,Bassa,2018,C0A,TG_24
612,FUORI_ATTRIBUTO,Sfumatura con spigoli accentuati di media 8 mm.,Sfumata  Spigoli accentuati Media 8mm,Sfumata  Spigoli accentuati Media 8mm,2018,C0C,Q_02
613,FUORI_ATTRIBUTO,Più evidente negli angoli e sotto un piatto.,Più evidente negli Angoli e sotto un piatto,Più evidente negli Angoli e sotto un piatto,2018,C0C,Q_09
614,FUORI_ATTRIBUTO,Piatti molto sottili.,Piatti molto sottili,Piatti molto sottili,2018,C0C,TG_04
615,ILLEGGIBILE,,Sottocrosta  poco evidente,sottocrostarosta  poco evidente,2018,C0C,TG_12
616,ILLEGGIBILE,,"0,6","0,6",2018,C0C,TG_13
617,CONFORME,Il campione mostra caratteristiche conformi alle attese per il Grana Trentino DOP.,8 9,nella norma 9,2018,C0C,TG_19
618,FUORI_ATTRIBUTO,Più sottile su un lato.,Più sottile  su un lato,Più sottile  su un lato,2018,C0C,TG_20
619,FUORI_ATTRIBUTO,"Diversa tra scalzi e piatti, ma mediamente 8 mm.",Diversa tra scalzi e piatti ma mediamente 8 mm,Diversa tra scalzi e piatti ma mediamente 8 mm,2018,C0C,TG_24
620,ILLEGGIBILE,,Sfumata Poco percepibile dove termina la crosta e comincia la pasta  Ne. Evidente la struttura a grana gia sottocrosta   Media 6mm,Sfumata Poco percepibile dove termina la crosta e comincia la pasta  Ne. Evidente la struttura a grana gia sottocrostarosta   Media 6mm,2018,C0D,Q_02
621,FUORI_ATTRIBUTO,1 cm.,1 cm,molto sottile,2018,C0D,Q_09
622,FUORI_ATTRIBUTO,Mutevole intorno ai 10 mm.,Mutevole intorno ai 10mm,Mutevole intorno ai 10mm,2018,C0D,TG_04
623,FUORI_ATTRIBUTO,1 cm.,1 cm,molto sottile,2018,C0D,TG_13
624,FUORI_ATTRIBUTO,Diversa da piatti a scalzi con media di 10 mm.,Diversa da piatti a scalzi con media 10 mm,Diversa da piatti a scalzi con media 10 mm,2018,C0D,TG_24
625,OK,"Lo spessore della crosta è nella media, pari a 9 mm.",Media 9mm,Media 9mm,2018,C0H,Q_02
626,FUORI_ATTRIBUTO,Colore sottocrosta sganciato che sfuma verso l'interno.,Colore sottocrosta sganciato sfuma verso linterno,Colore sottocrostarosta aranciato sfuma verso linterno,2018,C0H,Q_09
627,FUORI_ATTRIBUTO,Maggiorazione superiore a 1 cm.,More superiore al cm,More superiore al cm,2018,C0H,TG_04
628,FUORI_ATTRIBUTO,"0,9.","0,9","0,9",2018,C0H,TG_13
629,CONFORME,Il campione rispetta gli standard di qualità previsti per il Grana Trentino DOP.,10,nella norma,2018,C0H,TG_19
630,OK,Lo spessore della crosta è mediamente 11 mm.,Mediamente 11 mm,Mediamente 11 mm,2018,C0H,TG_24
631,FUORI_ATTRIBUTO,Spigoli pronunciati con media di 1.,Spigoli pronunciati media 1,Spigoli pronunciati media 1,2018,C0H,TG_26
632,FUORI_ATTRIBUTO,"Disomogenea lungo il perimetro, sfumata con media di 11 mm.",Disomogenea lungo il perimetro sfumata  Media 11mm,Disomogenea lungo il perimetro sfumata  Media 11mm,2018,C0N,Q_02
633,FUORI_ATTRIBUTO,Più evidente negli angoli e sotto un piatto.,Più evidente negli angoli e sotto 1 piatto,Più evidente negli angoli e sotto 1 piatto,2018,C0N,Q_09
634,FUORI_ATTRIBUTO,"0,9.","0,9","0,9",2018,C0N,TG_13
635,OK,"La crosta del campione ha uno spessore di 11 mm, conforme alle attese per la stagionatura.",11,nella norma,2018,C0N,TG_19
636,FUORI_ATTRIBUTO,Spessa su un lato.,Spessa su un lato,Spessa su un lato,2018,C0N,TG_20
637,FUORI_ATTRIBUTO,Spessore di 11 mm.,11 mm,nella norma mm,2018,C0N,TG_24
638,FUORI_ATTRIBUTO,"Sfumature con spigoli accentuati, spessore medio di 7 mm.",Sfumata  Spigoli accentuati  Media 7mm,Sfumata  Spigoli accentuati  Media 7mm,2018,C0Q,Q_02
639,FUORI_ATTRIBUTO,"Un piatto è molto buono, l'altro è disastroso.","1 piatto molto buono, l'altro disastroso","1 piatto molto buono, l'altro disastroso",2018,C0Q,TG_04
640,FUORI_ATTRIBUTO,"Spessore di 0,6 mm.","0,6","0,6",2018,C0Q,TG_13
641,OK,"La crosta presenta uno spessore di 7 mm, molto chiaro e conforme alle attese per la stagionatura.",7 molto chiaro,nella norma molto chiaro,2018,C0Q,TG_19
642,FUORI_ATTRIBUTO,Meno spessa su un lato.,Meno spessa su una faccia,Meno spessa su una faccia,2018,C0Q,TG_20
643,FUORI_ATTRIBUTO,Spessore medio di 10 mm.,Media 10 mm,Media 10 mm,2018,C0Q,TG_24
644,FUORI_ATTRIBUTO,"Crosta sfumata con spigoli accentuati, spessore medio di 10 mm.",Crosta sfumata  Spigoli accentuati  Media 10mm,Crosta sfumata  Spigoli accentuati  Media 10mm,2018,C0H,Q_02
645,FUORI_ATTRIBUTO,"Spessore di 6 mm su un lato, 8 mm sull'altro e 12 mm sullo scalzo.",Su un lato 6 mm sull'altro 8 sullo scalzo 12,Su un lato 6 mm sull'altro 8 sullo scalzo 12,2018,C0H,Q_09
646,FUORI_ATTRIBUTO,"Spessore di 0,8 cm.","0,8cm",molto sottile,2018,C0H,TG_13
647,FUORI_ATTRIBUTO,Spessore spesso.,Spessa,Spessa,2018,C0H,TG_35
648,FUORI_ATTRIBUTO,"Crosta sfumata con spigoli accentuati, spessore medio di 12 mm.",Crosta sfumata  Spigoli accentuati Media 12mm,Crosta sfumata  Spigoli accentuati Media 12mm,2018,C0N,Q_02
649,OK,"La crosta presenta una pigmentazione più evidente negli angoli e sullo scalzo, con angoli ben definiti e una sottocrosta leggermente rugosa.",Crosta più evidente negli angoli e sullo scalzo,Crosta più evidente negli angoli e sullo scalzo,2018,C0N,Q_09
650,FUORI_ATTRIBUTO,Spessore sempre superiore a 1 cm.,Sempre superiore al cm,Sempre superiore al cm,2018,C0N,TG_04
651,OK,"La crosta è molto sottile con unghia evidente, soprattutto agli spigoli, conforme alle attese per la stagionatura del Grana Trentino DOP.",1 cm con unghia evidente soprattutto agli spigoli.,molto sottile con unghia evidente soprattutto agli spigoli.,2018,C0N,TG_13
652,OK,"La crosta del campione è molto spessa, con angoli ben definiti e una sottocrosta leggermente rugosa.",Molto spessa,Molto spessa,2018,C0N,TG_26
653,OK,"La crosta presenta uno spessore regolare e scalzo, con angoli ben definiti e una sottocrosta leggermente rugosa.",Spessa,Spessa,2018,C0N,TG_35
654,FUORI_ATTRIBUTO,Sfumature con spessore medio di 8 mm.,Sfumata Media 8mm,Sfumata Media 8mm,2018,C0Q,Q_02
655,FUORI_ATTRIBUTO,"A tratti, spessore inferiore a 10 mm.",A tratti inferiore ai 10 mm,A tratti inferiore ai 10 mm,2018,C0Q,TG_04
656,FUORI_ATTRIBUTO,"Spessore di 0,5 cm.","0,5 cm",molto sottile,2018,C0Q,TG_13
657,OK,"Su uno scalzo, la crosta è molto spessa, conforme alle attese per la stagionatura del Grana Trentino DOP.",Su uno scalzo crosta molto spessa media 1,Su uno scalzo crosta molto spessa media 1,2018,C0Q,TG_26
658,FUORI_ATTRIBUTO,Spessore sottile.,Sottile,Sottile,2018,C0Q,TG_35
659,FUORI_ATTRIBUTO,"Spessore medio di 8 mm per scalzo e piatto, spigoli di almeno 18 mm.",Spessore medio scalzo e piatto 8mm  Spigoli 18mm minimo,Spessore medio scalzo e piatto 8mm  Spigoli 18mm minimo,2018,C0D,Q_02
660,FUORI_ATTRIBUTO,"Spessore di 0,8 mm, con un lato di colore scuro e passaggio netto.","0,8 ma su un lato il colore e scuro ed è netto il passaggio","0,8 ma su un lato il colore e scuro ed è netto il passaggio",2018,C0D,Q_09
661,FUORI_ATTRIBUTO,Limite netto con crosta sottile.,Limite netto. Crosta sottile,Limite netto. Crosta sottile,2018,C0D,TG_04
662,OK,"La crosta è regolare e presenta uno spessore sotto 1 cm, conforme alle attese per la stagionatura.",Regolare sotto 1 cm,Regolare sotto 1 cm,2018,C0D,TG_08
663,FUORI_ATTRIBUTO,Più spessa su un piatto.,Più spessa su di un piatto,Più spessa su di un piatto,2018,C0D,TG_11
664,OK,"Lo spessore della crosta è compreso tra 8 e 10 cm, conforme alle attese per la stagionatura.",8. 10 cm,nella norma. 10 cm,2018,C0D,TG_15
665,FUORI_ATTRIBUTO,Sottile,Sottile,Sottile,2018,C0D,TG_20
666,FUORI_ATTRIBUTO,"Medio basso, 8 mm",Medio basso..8 mm,Medio basso..8 mm,2018,C0D,TG_24
667,FUORI_ATTRIBUTO,Uniforme con spigoli fini,Uniforme 1 spigoli fini,Uniforme 1 spigoli fini,2018,C0D,TG_26
668,FUORI_ATTRIBUTO,Molto sfumato con spessore minimo di 11 mm,Molto sfumato Spessore minimo 11mm,Molto sfumato Spessore minimo 11mm,2018,C0E,Q_02
669,FUORI_ATTRIBUTO,"Colorazione che sfuma gradualmente, con angoli e scalzo più evidenti",1 colorazione che sfuma gradualmente più evidenti angoli e scalzo,1 colorazione che sfuma gradualmente più evidenti angoli e scalzo,2018,C0E,Q_09
670,FUORI_ATTRIBUTO,"Limite sfumato, ma la crosta è sempre spessa oltre 1 cm",Limite sfumato ma crosta sempre spessa oltre il cm,Limite sfumato ma crosta sempre spessa oltre il cm,2018,C0E,TG_04
671,FUORI_ATTRIBUTO,"Non regolare, superiore a 1 su un piatto",Non regolare superiore a 1 su un piatto,Non regolare superiore a 1 su un piatto,2018,C0E,TG_08
672,OK,"La crosta presenta uno spessore compreso tra 11 e 12 cm, conforme alle attese per la stagionatura.",11 12 cm,nella norma 12 cm,2018,C0E,TG_15
673,FUORI_ATTRIBUTO,"Molto diverso nelle diverse aree, comunque piuttosto alto",Molto diverso nelle differenti aree...piuttosto alto comunque,Molto diverso nelle differenzaerenti aree...piuttosto alto comunque,2018,C0E,TG_24
674,FUORI_ATTRIBUTO,"Scalzi un po' grossi nei fini, i piatti con spigoli ok",Scalzi Un Po grossa nei fini i piatti spigoli ok,Scalzi leggermente grossa nei fini i piatti spigoli ok,2018,C0E,TG_26
675,FUORI_ATTRIBUTO,"Spessore medio di piatto e scalzo circa 7 mm, spigoli circa 15 mm",Spessore medio piatto e scalzo circa7mm   Spigoli circa 15mm,Spessore medio piatto e scalzo circa7mm   Spigoli circa 15mm,2018,C0G,Q_02
676,FUORI_ATTRIBUTO,"0,8 mm su un lato con colore più scuro, ma spessore minore, 0,9 mm sull'altro","0,8 su un lato  con colore più scuro ma spessore minore 0,9 sull,altro","0,8 su un lato  con colore più scuro ma spessore minore 0,9 sull,altro",2018,C0G,Q_09
677,FUORI_ATTRIBUTO,Per lo più sotto i 10 mm,Per lo più  sotto i 10 mm,Per lo più  sotto i 10 mm,2018,C0G,TG_04
678,OK,"La crosta è regolare e presenta uno spessore entro 1 cm, conforme alle attese per la stagionatura.",Regolare entro1 cm,Regolare entro1 cm,2018,C0G,TG_08
679,FUORI_ATTRIBUTO,8 mm,8 mm,nella norma mm,2018,C0G,TG_15
680,FUORI_ATTRIBUTO,Più sottile su un lato,Più sottile su un lato,Più sottile su un lato,2018,C0G,TG_20
681,FUORI_ATTRIBUTO,Superiore a 11 mm,Superiore a 11,Superiore a 11,2018,C0G,TG_24
682,OK,"La crosta del campione presenta spigoli belli e uno spessore molto fine, conforme alle attese per la stagionatura del Grana Trentino DOP.",Piatti molto fine  spigoli belli,Piatti molto fine  spigoli belli,2018,C0G,TG_26
683,OK,"La crosta del campione è molto sottile e presenta un colore molto contrastato, conforme alle attese per la stagionatura del Grana Trentino DOP.",1 cm ma di colore molto contrastato,molto sottile ma di colore molto contrastato,2018,C0D,Q_09
684,FUORI_ATTRIBUTO,"Un piatto sul 12 mm o più, l'altro più sottile","1 piatto sul 12 mm o più, l'altro  più  sottile","1 piatto sul 12 mm o più, l'altro  più  sottile",2018,C0D,TG_04
685,CONFORME,"La crosta del campione presenta una superficie omogenea, conforme alle attese per la stagionatura del Grana Trentino DOP.",Omogenea,Omogenea,2018,C0D,TG_05
686,OK,"Lo spessore della crosta è di 1,1 cm, conforme alle aspettative per la stagionatura del Grana Trentino DOP.","1,1 cm",molto sottile,2018,C0D,TG_13
687,OK,"Il campione presenta uno spessore della crosta di 11 mm, in linea con le attese per la stagionatura.",11,nella norma,2018,C0D,TG_19
688,OK,"La crosta del campione presenta un colore marcato ed è meno spessa su un lato, conforme alle attese per la stagionatura del Grana Trentino DOP.","Dal colore marcato, meno spessa su un lato","Dal colore marcato, meno spessa su un lato",2018,C0D,TG_20
689,OK,"La crosta del campione è molto evidente, conforme alle attese per la stagionatura del Grana Trentino DOP.",Molto  evidente,Molto  evidente,2018,C0D,TG_26
690,FUORI_ATTRIBUTO,"1 o 1,2 mm","1 o 1,2","1 o 1,2",2018,C0H,Q_09
691,OK,"La crosta del campione è spessa agli angoli, conforme alle attese per la stagionatura del Grana Trentino DOP.",Spessa agli angoli,Spessa agli angoli,2018,C0H,TG_05
692,OK,"La sottocrosta del campione è molto marcata e presenta uno spessore di 1,4 cm, conforme alle attese per la stagionatura del Grana Trentino DOP.","Sottocrosta molto marcato. 1,4cm","sottocrostarosta molto marcato. 1,4cm",2018,C0H,TG_13
693,OK,"Lo spessore della crosta è compreso tra 10 e 11 mm, conforme alle aspettative per il Grana Trentino DOP.",10 11,nella norma 11,2018,C0H,TG_19
694,OK,"La crosta del campione è spessa oltre 1 cm, conforme alle attese per la stagionatura del Grana Trentino DOP.",Spessa oltre 1cm,Spessa oltre 1cm,2018,C0H,TG_35
695,OK,"La crosta del campione presenta uno spessore di 0,8 mm su un lato e 0,6 mm sull'altro, conforme alle attese per la stagionatura del Grana Trentino DOP.","0,8 su un lato e o,6 sull'altro","0,8 su un lato e o,6 sull'altro",2018,C0L,Q_09
696,FUORI_ATTRIBUTO,"Piatti difformi, uno molto fine e netto, l'altro con crosta sfumata e grossa","Piatti difformi, uno molto fine è netto. L'altro con crosta sfumata e grossa","Piatti differenzaormi, uno molto fine è netto. L'altro con crosta sfumata e grossa",2018,C0L,TG_04
697,CONFORME,"La crosta del campione è regolare, rispondendo alle attese per la stagionatura del Grana Trentino DOP.",Regolare,Regolare,2018,C0L,TG_05
698,FUORI_ATTRIBUTO,"1,2 mm","1,2","1,2",2018,C0L,TG_13
699,OK,"Lo spessore della crosta è compreso tra 9 e 10 mm, conforme alle attese per la stagionatura.",9 10,nella norma 10,2018,C0L,TG_19
700,OK,"La crosta del campione è sottile su una faccia, conforme alle attese per la stagionatura del Grana Trentino DOP.",Sottile su una faccia,Sottile su una faccia,2018,C0L,TG_20
701,FUORI_ATTRIBUTO,"Media di 0,8 mm","Media 0,8","Media 0,8",2018,C0L,TG_26
702,OK,"La crosta presenta uno spessore sottile, in linea con le aspettative per la stagionatura del Grana Trentino DOP.",Sottili,Sottili,2018,C0L,TG_35
703,FUORI_ATTRIBUTO,"La dimensione è di 12 cm, ma sfuma su una base scura.",12 cm ma sfuma su una base scura,nella norma cm ma sfuma su una base scura,2018,C0M,Q_09
704,FUORI_ATTRIBUTO,"Il limite è sfumato, ma rimane sempre sopra il centimetro.",Limite sfumato ma sempre sopra il cm,Limite sfumato ma sempre sopra il cm,2018,C0M,TG_04
705,FUORI_ATTRIBUTO,"Lo spessore è di 0,8 cm, molto fine sui piatti e più spesso sugli scalzi.","0,8 cm molto fine su I piatti. Spessa sugli scalzi",molto sottile molto fine su I piatti. Spessa sugli scalzi,2018,C0M,TG_13
706,FUORI_ATTRIBUTO,La valutazione è tra 9 e 10.,9 10,nella norma 10,2018,C0M,TG_19
707,FUORI_ATTRIBUTO,È molto sottile su una faccia.,Molto sottile su una faccia,Molto sottile su una faccia,2018,C0M,TG_20
708,FUORI_ATTRIBUTO,"Negli scalzi è grossa, mentre nei piatti è molto fine.",Negli scalzi grossa molto fine nei piatti,Negli scalzi grossa molto fine nei piatti,2018,C0M,TG_26
709,FUORI_ATTRIBUTO,Le misure sono 10 o 22 mm.,10 o 22mm,nella norma o 22mm,2018,C0Q,Q_09
710,FUORI_ATTRIBUTO,"Un piatto è sottile, circa 8 mm, mentre l'altro supera il centimetro.","1 piatto sottile, ~8mm. L'altro  piatto oltre il cm","1 piatto sottile, ~8mm. L'altro  piatto oltre il cm",2018,C0Q,TG_04
711,CONFORME,"La crosta del campione è regolare, conforme alle attese per la stagionatura del Grana Trentino DOP.",Regolaee,Regolaee,2018,C0Q,TG_05
712,FUORI_ATTRIBUTO,"La crosta è disomogenea, con uno spessore medio di 1 cm.",Crosta disomogenea. Media 1 cm,Crosta disomogenea. Media 1 cm,2018,C0Q,TG_13
713,OK,"Lo spessore della crosta è di 10 mm, conforme alle aspettative per la stagionatura.",10,nella norma,2018,C0Q,TG_19
714,FUORI_ATTRIBUTO,È più spessa su una faccia.,Più spessa su una faccia,Più spessa su una faccia,2018,C0Q,TG_20
715,FUORI_ATTRIBUTO,"Lo spessore è circa 1 cm, ma il colore è poco contrastato.",Circa 1 cm ma di colore poco contrastato,Circa 1 cm ma di colore poco contrastato,2018,C0R,Q_09
716,FUORI_ATTRIBUTO,"Il limite è sfumato, con valori attorno al centimetro e spigoli discreti.",Limite sfumato. Valori attorno al cm. Discreto spigoli,Limite sfumato. Valori attorno al cm. Discreto spigoli,2018,C0R,TG_04
717,FUORI_ATTRIBUTO,"La misura è 1,2.","1,2","1,2",2018,C0R,TG_13
718,CONFORME,"Il campione presenta caratteristiche nella norma, in linea con le attese per la stagionatura del Grana Trentino DOP.",Nella norma,Nella norma,2018,C0R,TG_14
719,FUORI_ATTRIBUTO,La valutazione è tra 9 e 10.,9 10,nella norma 10,2018,C0R,TG_19
720,FUORI_ATTRIBUTO,"È disomogenea su un piatto, con spigoli pronunciati e finissima.",Disomogenea su un piatto finissima spigoli pronunciati,Disomogenea su un piatto finissima spigoli pronunciati,2018,C0R,TG_26
721,FUORI_ATTRIBUTO,"Sfumata, con scalzo e piatto di 10 mm e spigoli di 20 mm.",Sfumata Scalzo e piatto 10 mm  Spigoli 20mm,Sfumata Scalzo e piatto 10 mm  Spigoli 20mm,2018,C0A,TG_20
722,FUORI_ATTRIBUTO,"È poco evidente perché il colore di fondo è carico, più evidente negli angoli.",Poco evidente perché il colore di fondo è carico più evidente negli angoli,Poco evidente perché il colore di fondo è carico più evidente negli angoli,2018,C0A,TG_14
723,FUORI_ATTRIBUTO,"La crosta è sfumata con scalzi spessi, ma i piatti non sono sottili.",Crosta sfumata con scalzi spessi. Piatti comunque non sottili,Crosta sfumata con scalzi spessi. Piatti comunque non sottili,2018,C0A,Q_09
724,CONFORME,"La crosta del campione è regolare, conforme alle attese per la stagionatura del Grana Trentino DOP.",Regolare,Regolare,2018,C0A,TG_26
725,FUORI_ATTRIBUTO,"Lo spessore medio è di 0,8 cm, molto fine sui sei piatti e spessa sugli scalzi.","Media 0,8 cm molto fine sei piatti spessa sugli scalzi","Media 0,8 cm molto fine sei piatti spessa sugli scalzi",2018,C0A,Q_02
726,OK,"Lo spessore della crosta è di 11 mm, conforme alle aspettative per la stagionatura.",11,nella norma,2018,C0A,TG_05
727,FUORI_ATTRIBUTO,È più sottile su un lato.,Più sottile su un lato,Più sottile su un lato,2018,C0A,TG_04
728,FUORI_ATTRIBUTO,"Lo scalzo è molto grosso, oltre 15 mm, con spigoli pronunciati.",Molto grossa oltre 15mm negli scalzo spigoli pronunciati,Molto grossa oltre 15mm negli scalzo spigoli pronunciati,2018,C0A,TG_11
729,FUORI_ATTRIBUTO,"Il scalzo è sfumato e il piatto è medio, con spessore di 12 mm e spigolo di 18 mm.",Sfumata Scalzo e piatto medio 12mm Spigolo 18mm,Sfumata Scalzo e piatto medio 12mm Spigolo 18mm,2018,C0C,TG_20
730,FUORI_ATTRIBUTO,Il colore è grigiastro.,Colore grigiastro,Colore grigiastro,2018,C0C,TG_14
731,FUORI_ATTRIBUTO,"Lo spessore è di 0,9 cm.","0,9 cm",molto sottile,2018,C0C,Q_02
732,OK,"Lo spessore della crosta è compreso tra 8 e 9 mm, conforme alle attese per la stagionatura.",8 9,nella norma 9,2018,C0C,TG_05
733,FUORI_ATTRIBUTO,Il piatto e lo scalzo hanno uno spessore di 11 mm.,Piatto e scalzo 11mm,Piatto e scalzo 11mm,2018,C0F,TG_20
734,FUORI_ATTRIBUTO,È più evidente su un piatto.,Più evidente su 1 piatto,Più evidente su 1 piatto,2018,C0F,TG_14
735,FUORI_ATTRIBUTO,"Un piatto è migliore dell'altro, ma gli spessori sono ridotti.",Un piatto migliore dell'altro. Comunque spessori ridotti,Un piatto migliore dell'altro. Comunque spessori ridotti,2018,C0F,Q_09
736,CONFORME,"La crosta del campione è regolare, conforme alle attese per la stagionatura del Grana Trentino DOP.",Regolare,Regolare,2018,C0F,TG_26
737,FUORI_ATTRIBUTO,"Lo spessore è di 1 cm, ma c'è molta unghia su un piatto.",1cm ma tanta unghia su un piatto,molto sottile ma unghia evidente su un piatto,2018,C0F,Q_02
738,OK,"Lo spessore della crosta è compreso tra 8 e 9 mm, conforme alle attese per la stagionatura.",8 9,nella norma 9,2018,C0F,TG_05
739,FUORI_ATTRIBUTO,"Lo scalzo e il piatto hanno uno spessore medio di 7 mm, con spigolo medio di 14 mm.",Scalzo e piatto medio 7mm   Spigolo media 14mm,Scalzo e piatto medio 7mm   Spigolo media 14mm,2018,C0G,TG_20
740,FUORI_ATTRIBUTO,Il limite della crosta è evidente e fine.,Limite crosta evidente fine,Limite crosta evidente fine,2018,C0G,Q_09
741,CONFORME,"La crosta del campione è regolare, conforme alle attese per la stagionatura del Grana Trentino DOP.",Regolare,Regolare,2018,C0G,TG_26
742,OK,"La crosta del campione è molto sottile, conforme alle attese per la stagionatura del Grana Trentino DOP.","0,9 cm",molto sottile,2018,C0G,Q_02
743,OK,"Lo spessore della crosta è di 9 mm, conforme alle aspettative per la stagionatura.",9,nella norma,2018,C0G,TG_05
744,OK,"La crosta del campione è molto sottile, conforme alle attese per la stagionatura del Grana Trentino DOP.",Molto sottile,Molto sottile,2018,C0G,TG_11
745,FUORI_ATTRIBUTO,"Il scalzo è sfumato e il piatto ha uno spessore medio di 9 mm, con spigoli di 15 mm.",Sfumata Scalzo e piatto medio 9mm Spigoli 15mm,Sfumata Scalzo e piatto medio 9mm Spigoli 15mm,2018,C0M,TG_20
746,FUORI_ATTRIBUTO,È più evidente su un piatto.,Più evidente su 1 piatto,Più evidente su 1 piatto,2018,C0M,TG_14
747,FUORI_ATTRIBUTO,Il limite della crosta è sfumato e tende a superare 1 cm.,Limite crosta sfumato. Tende a più  di 1 cm,Limite crosta sfumato. Tende a più  di 1 cm,2018,C0M,Q_09
748,OK,"La crosta del campione è molto sottile, conforme alle attese per la stagionatura del Grana Trentino DOP.","0,6 cm",molto sottile,2018,C0M,Q_02
749,ILLEGGIBILE,,10mm,nella normamm,2018,C0M,TG_04
750,FUORI_ATTRIBUTO,"Lo scalzo e il piatto hanno uno spessore medio di 11 mm, con spigoli di 20 mm.",Scalzo e piatto media 11mm   Spigoli 20mm,Scalzo e piatto media 11mm   Spigoli 20mm,2018,C0N,TG_20
751,ILLEGGIBILE,,12 mm ahfumata,nella norma mm ahfumata,2018,C0N,TG_14
752,OK,"La crosta del campione è spessa ai lati, conforme alle attese per la stagionatura del Grana Trentino DOP.",Spessa ai lati,Spessa ai lati,2018,C0N,TG_26
753,OK,"La crosta del campione è spessa, conforme alle attese per la stagionatura del Grana Trentino DOP.",15 mm,spessa mm,2018,C0N,Q_02
754,OK,"La crosta del campione è molto spessa sugli scalzi, conforme alle attese per la stagionatura del Grana Trentino DOP.","Molto spessa sugli scalzi,","Molto spessa sugli scalzi,",2018,C0N,TG_19
755,OK,"Lo spessore della crosta è compreso tra 11 e 12 mm, conforme alle attese per la stagionatura.",11 12,nella norma 12,2018,C0N,TG_05
756,OK,"La crosta del campione è grossa, conforme alle attese per la stagionatura del Grana Trentino DOP.",Grossa,Grossa,2018,C0N,TG_11
757,FUORI_ATTRIBUTO,"Un piatto è molto sottile, mentre l'altro è più spesso nella parte centrale.","1 piatto molto sottile, l'altro  più  spesso nella parte centrale","1 piatto molto sottile, l'altro  più  spesso nella parte centrale",2018,C0A,TG_04
758,CONFORME,"La crosta del campione è regolare, conforme alle attese per la stagionatura del Grana Trentino DOP.",Regolare,Regolare,2018,C0A,TG_05
759,OK,"La crosta del campione è molto sottile di media, con un'unghia accentuata su un piatto, conforme alle attese per la stagionatura del Grana Trentino DOP.","1 cm di media, su un piatto unghia accentuata","molto sottile di media, su un piatto unghia accentuata",2018,C0A,TG_13
760,ILLEGGIBILE,,10-12 mm,nella norma-12 mm,2018,C0A,TG_15
761,FUORI_ATTRIBUTO,È leggermente spessa.,Leggermente spessa,Leggermente spessa,2018,C0A,TG_35
762,FUORI_ATTRIBUTO,Lo spessore è di 1 cm.,1 cm,molto sottile,2018,C0B,TG_15
763,FUORI_ATTRIBUTO,È piuttosto spessa.,Piuttosto spessa,Piuttosto spessa,2018,C0B,TG_35
764,FUORI_ATTRIBUTO,È più evidente su un lato.,Più evidente su 1 lato,Più evidente su 1 lato,2018,C0C,Q_09
765,FUORI_ATTRIBUTO,Il limite è sfumato e presenta un crostone.,Limite sfumato. Crostone,Limite sfumato. crosta molto spessa,2018,C0C,TG_04
766,CONFORME,"La crosta del campione è regolare, conforme alle attese per la stagionatura del Grana Trentino DOP.",Regolare,Regolare,2018,C0C,TG_05
767,FUORI_ATTRIBUTO,Unghia marcata.,Unghia marcata,Unghia marcata,2018,C0C,TG_13
768,FUORI_ATTRIBUTO,"Misura tra 0,8 e 1 cm.","0,8 - 1cm","0,8 - 1cm",2018,C0C,TG_15
769,FUORI_ATTRIBUTO,Non è sottile.,Non è  sottile,Non è  sottile,2018,C0C,TG_35
770,FUORI_ATTRIBUTO,Più evidente su un lato.,Più evidente su 1 lato,Più evidente su 1 lato,2018,C0E,Q_09
771,FUORI_ATTRIBUTO,"Omogenea, sotto il cm.","Omogenea, sotto il cm","Omogenea, sotto il cm",2018,C0E,TG_04
772,FUORI_ATTRIBUTO,"Crosta fine ma unghia spessa, anche se non marcata di colore.",Crosta fine ma unghia spessa anche se non marcata di colore,Crosta fine ma unghia spessa anche se non marcata di colore,2018,C0E,TG_13
773,OK,"La crosta del campione presenta uno spessore di 12 mm, conforme alle attese per la stagionatura del Grana Trentino DOP.",12 mm,nella norma mm,2018,C0E,TG_15
774,FUORI_ATTRIBUTO,Abbastanza spessa.,Abbastanza spessa,Abbastanza spessa,2018,C0E,TG_35
775,FUORI_ATTRIBUTO,Misura 1 cm.,1 cm,molto sottile,2018,C0H,TG_13
776,FUORI_ATTRIBUTO,Misura 1 cm.,1 cm,molto sottile,2018,C0H,TG_15
777,FUORI_ATTRIBUTO,Spessa oltre il cm.,Spessa oltre il cm,Spessa oltre il cm,2018,C0H,TG_35
778,ILLEGGIBILE,,Regolaee,Regolaee,2018,C0Q,TG_05
779,FUORI_ATTRIBUTO,"Tanta unghia, soprattutto sugli spigoli.",Tanta unghia soprattutto sugli spigoli,unghia evidente soprattutto sugli spigoli,2018,C0Q,TG_13
780,OK,"La crosta presenta uno spessore di 11 mm, in linea con le specifiche per il Grana Trentino DOP.",11 mm,nella norma mm,2018,C0Q,TG_15
781,FUORI_ATTRIBUTO,"Sottile, sotto il cm.",Sottile sotto il cm,Sottile sotto il cm,2018,C0Q,TG_35
782,OK,"La crosta del campione presenta uno spessore indefinito, con angoli ben definiti e una sottocrosta leggermente rugosa, conforme alle attese per la stagionatura del Grana Trentino DOP.",Crosta piatto e scalzo sfumata spessore indefinito media indicativa 9mm Spigoli accentuati,Crosta piatto e scalzo sfumata spessore indefinito media indicativa 9mm Spigoli accentuati,2018,C0A,Q_02
783,OK,"La crosta del campione presenta uno spessore estremamente sottile, conforme alle attese per la stagionatura del Grana Trentino DOP.",Sui piatti a tratti estremamente sottile,Sui piatti a tratti estremamente sottile,2018,C0A,TG_04
784,OK,"La crosta del campione presenta uno spessore di 0,6 cm, conforme alle attese per la stagionatura del Grana Trentino DOP.","0,6 cm",molto sottile,2018,C0A,TG_13
785,OK,"La crosta del campione è molto più spessa sugli scalzi, con uno spessore di 1,5 mm, rispetto ai piatti che presentano uno spessore di 0,9 mm.","Molto più spessa sugli scalzi 1,5 mm che qui piatti 0.9","Molto più spessa sugli scalzi 1,5 mm che qui piatti 0.9",2018,C0A,TG_14
786,OK,"Lo spessore della crosta è di 12 mm, rispettando i parametri di qualità del Grana Trentino DOP.",12 mm,nella norma mm,2018,C0A,TG_15
787,OK,"La crosta del campione presenta uno spessore molto sfumato, conforme alle attese per la stagionatura del Grana Trentino DOP.",Molto sfumata,Molto sfumata,2018,C0A,TG_19
788,OK,"La crosta del campione è alta e presenta disomogeneità verso le aree, conforme alle attese per la stagionatura del Grana Trentino DOP.",Alta con disomogeneità verso le aree..,Alta con disomogeneità verso le aree..,2018,C0A,TG_24
789,OK,"La crosta del campione presenta uno spessore leggermente grosso, conforme alle attese per la stagionatura del Grana Trentino DOP.",Un Po grossa,leggermente grossa,2018,C0A,TG_26
790,FUORI_ATTRIBUTO,Oltre il cm.,Oltre il cm,Oltre il cm,2018,C0A,TG_35
791,OK,"La crosta del campione presenta uno spessore medio di 10 mm, conforme alle attese per la stagionatura del Grana Trentino DOP.",Spessore medio 10mm,Spessore medio 10mm,2018,C0C,Q_02
792,CONFORME,"La crosta del campione è regolare, con caratteristiche conformi agli standard del Grana Trentino DOP.",Regolare,Regolare,2018,C0C,TG_05
793,OK,"La crosta del campione presenta uno spessore di 0,7 cm, conforme alle attese per la stagionatura del Grana Trentino DOP.","0,7cm",molto sottile,2018,C0C,TG_13
794,OK,"Lo spessore della crosta varia tra 8 e 10 mm, conforme alle attese per la stagionatura del Grana Trentino DOP.",8_10 mm,nella norma_10 mm,2018,C0C,TG_15
795,OK,"La crosta del campione presenta uno spessore mediamente di 10 mm, conforme alle attese per la stagionatura del Grana Trentino DOP.",Mediamente 10 mm,Mediamente 10 mm,2018,C0C,TG_24
796,FUORI_ATTRIBUTO,"Media tra 0,8 e 1.","Media 0,8 1","Media 0,8 1",2018,C0C,TG_26
797,OK,"La crosta del campione presenta uno spessore molto sottile, conforme alle attese per la stagionatura del Grana Trentino DOP.",Molto sottile,Molto sottile,2018,C0C,TG_35
798,OK,"La crosta del campione presenta uno spessore medio di 8 mm, conforme alle attese per la stagionatura del Grana Trentino DOP.",Spessore medio 8mm,Spessore medio 8mm,2018,C0D,Q_02
799,OK,"La crosta del campione presenta un'unghia marcata, anche se non spessa, conforme alle attese per la stagionatura del Grana Trentino DOP.",Unghia marcata anche se non spessa,Unghia marcata anche se non spessa,2018,C0D,TG_13
800,OK,"La crosta presenta uno spessore di 8 mm, in linea con le aspettative per il Grana Trentino DOP.",8 mm,nella norma mm,2018,C0D,TG_15
801,OK,"Lo spessore della crosta è di 9 mm e appare omogeneo, conforme agli standard del Grana Trentino DOP.",9 e omogeneo,nella norma e omogeneo,2018,C0D,TG_19
802,OK,"La crosta del campione presenta uno spessore molto sottile, con misure di 7 mm, conforme alle attese per la stagionatura del Grana Trentino DOP.",Molto fine.. 7 mm,Molto fine.. 7 mm,2018,C0D,TG_24
803,OK,"La crosta del campione presenta uno spessore elevato, risultando spessa, conforme alle attese per la stagionatura del Grana Trentino DOP.",Spessa,Spessa,2018,C0D,TG_35
804,OK,"La crosta del campione presenta uno spessore scalzo e piatto, con una media di 8 mm, conforme alle attese per la stagionatura del Grana Trentino DOP.",Spessore scalzo e piatto media 8mm,Spessore scalzo e piatto media 8mm,2018,C0I,Q_02
805,OK,"La crosta del campione presenta uno spessore di 1 cm, conforme alle attese per la stagionatura del Grana Trentino DOP.",1 cm,molto sottile,2018,C0I,TG_13
806,OK,"La crosta ha uno spessore di 12 mm, conforme alle specifiche per il Grana Trentino DOP.",12 mm,nella norma mm,2018,C0I,TG_15
807,OK,"Lo spessore della crosta è di 9 mm, in linea con le attese per la stagionatura del Grana Trentino DOP.",9,nella norma,2018,C0I,TG_19
808,OK,"La crosta del campione presenta uno spessore medio-basso, con misure di 8 mm, conforme alle attese per la stagionatura del Grana Trentino DOP.",Medio basso.. 8 mm,Medio basso.. 8 mm,2018,C0I,TG_24
809,OK,"La crosta del campione presenta uno spessore abbastanza sottile, conforme alle attese per la stagionatura del Grana Trentino DOP.",Abbastanza sottile,Abbastanza sottile,2018,C0I,TG_35
810,OK,"La crosta del campione presenta uno spessore sfumato, con una media di 12 mm, conforme alle attese per la stagionatura del Grana Trentino DOP.",Crosta sfumata media 12mm,Crosta sfumata media 12mm,2018,C0N,Q_02
811,FUORI_ATTRIBUTO,Colore arancio-marrone sotto un piatto.,Colore arancio marrone sotto un piatto,Colore arancio marrone sotto un piatto,2018,C0N,Q_09
812,FUORI_ATTRIBUTO,Ovunque superiore al cm.,Ovunque superiore al cm,Ovunque superiore al cm,2018,C0N,TG_04
813,FUORI_ATTRIBUTO,Evidente parte nera.,Evidente parte nera,Evidente parte nera,2018,C0N,TG_05
814,OK,"La crosta del campione presenta un'unghia evidente, poco marcata, conforme alle attese per la stagionatura del Grana Trentino DOP.",Unghia spessa poco marcata,Unghia spessa poco marcata,2018,C0N,TG_13
815,OK,"La crosta del campione presenta uno spessore elevato, risultando spessa e con una macchia scura, conforme alle attese per la stagionatura del Grana Trentino DOP.",Spessa e con macchia scura,Spessa e con macchia scura,2018,C0N,TG_14
816,OK,"La crosta presenta uno spessore di 12 mm, conforme agli standard di qualità del Grana Trentino DOP.",12 mm,nella norma mm,2018,C0N,TG_15
817,FUORI_ATTRIBUTO,"Macchia nera sotto un piatto, misure 11-12.","11 12, macchia nera sotto un piatto","nella norma 12, macchia nera sotto un piatto",2018,C0N,TG_19
818,OK,"La crosta del campione presenta uno spessore medio-alto, conforme alle attese per la stagionatura del Grana Trentino DOP.",Medio alto,Medio alto,2018,C0N,TG_24
819,FUORI_ATTRIBUTO,"Media 0,9.","Media 0,9","Media 0,9",2018,C0N,TG_26
820,OK,"La crosta del campione presenta uno spessore elevato, risultando spessa, conforme alle attese per la stagionatura del Grana Trentino DOP.",Spessa,Spessa,2018,C0N,TG_35
821,FUORI_ATTRIBUTO,Spessore medio di 8 mm.,Spessore medio 8mm,Spessore medio 8mm,2018,C0O,Q_02
822,FUORI_ATTRIBUTO,"Spessore di 0,5 cm.","0,5 cm",molto sottile,2018,C0O,TG_13
823,OK,"Lo spessore della crosta è di 8 mm, rispettando le attese per il Grana Trentino DOP.",8mm,nella normamm,2018,C0O,TG_15
824,FUORI_ATTRIBUTO,"Disomogeneo tra i due piatti, in media meno di 8.","Disomogeneo fra i 2 piatti, in media anche meno di 8","Disomogeneo fra i 2 piatti, in media anche meno di 8",2018,C0O,TG_19
825,FUORI_ATTRIBUTO,"Tende a essere fine, ma presenta zone diverse.","Tende al fine, ma con zone diverse","Tende al fine, ma con zone diverse",2018,C0O,TG_24
826,FUORI_ATTRIBUTO,Fine.,Fine,Fine,2018,C0O,TG_26
827,FUORI_ATTRIBUTO,Molto sottile.,Molto sottile,Molto sottile,2018,C0O,TG_35
828,FUORI_ATTRIBUTO,Media di 8 mm.,Media 8mm,Media 8mm,2018,C0A,Q_02
829,FUORI_ATTRIBUTO,"Più evidente su un lato, angoli e scalzo.",Più evidente su 1 lato angoli e scalzo,Più evidente su 1 lato angoli e scalzo,2018,C0A,Q_09
830,FUORI_ATTRIBUTO,"Limite sfumato, scalzi spessi.",Limite sfumato. Scalzi spessi,Limite sfumato. Scalzi spessi,2018,C0A,TG_04
831,FUORI_ATTRIBUTO,"Crosta fine di 0,8 cm, ma con unghia marcata agli spigoli.",Crosta fine 08 cm ma con unghia marcata agli spigoli,Crosta fine 08 cm ma con unghia marcata agli spigoli,2018,C0A,TG_13
832,FUORI_ATTRIBUTO,"Decisamente più spesso sugli scalzi, uno in particolare.","Decisamente più spesso sugli scalzo,uno in particolare","Decisamente più spesso sugli scalzo,uno in particolare",2018,C0A,TG_19
833,FUORI_ATTRIBUTO,"Sottile nei piatti, spigoli molto pronunciati.",Sottile nei piatti spigoli molto pronunciati,Sottile nei piatti spigoli molto pronunciati,2018,C0A,TG_26
834,FUORI_ATTRIBUTO,Piatti sottili e scalzo spesso.,Piatti sottili scalzo spesso,Piatti sottili scalzo spesso,2018,C0A,TG_35
835,FUORI_ATTRIBUTO,"Crosta sfumata, media di 12 mm.",Crosta sfumata Media 12mm,Crosta sfumata Media 12mm,2018,C0C,Q_02
836,FUORI_ATTRIBUTO,"Non così evidente, dato lo sfondo molto carico.",Non cosi evidente dato lo sfondo  molto carico,Non cosi evidente dato lo sfondo  molto carico,2018,C0C,Q_09
837,FUORI_ATTRIBUTO,"Spessore di 1,2 cm.","1,2 cm",molto sottile,2018,C0C,TG_13
838,OK,"La crosta ha uno spessore compreso tra 10 e 11 mm, conforme alle specifiche per il Grana Trentino DOP.",10 11,nella norma 11,2018,C0C,TG_19
839,FUORI_ATTRIBUTO,"Media di 1, spigoli pronunciati.",Media 1 spigoli pronunciati,Media 1 spigoli pronunciati,2018,C0C,TG_26
840,FUORI_ATTRIBUTO,Piuttosto spessa.,Piuttosto spessa,Piuttosto spessa,2018,C0C,TG_35
841,FUORI_ATTRIBUTO,Media di 11 mm.,Media 11mm,Media 11mm,2018,C0E,Q_02
842,FUORI_ATTRIBUTO,Colore sottocrosta.,Colore sottocrosta,Colore sottocrostarosta,2018,C0E,Q_09
843,OK,"La crosta del campione presenta uno spessore di 1 cm, conforme alle attese per la stagionatura del Grana Trentino DOP.",1cm,molto sottile,2018,C0E,TG_13
844,OK,"Lo spessore della crosta varia tra 10 e 11 mm, in linea con le attese per la stagionatura del Grana Trentino DOP.",10 11,nella norma 11,2018,C0E,TG_19
845,OK,"La crosta del campione presenta uno spessore piuttosto spessa, conforme alle attese per la stagionatura del Grana Trentino DOP.",Piuttosto spessa,Piuttosto spessa,2018,C0E,TG_35
846,FUORI_ATTRIBUTO,"Spessore dispari, media di 9 mm.",Spessore dispari  Media 9mm,irregolare  Media 9mm,2018,C0G,Q_02
847,FUORI_ATTRIBUTO,È più evidente sotto un piatto e negli angoli.,Più evidente sotto 1 piatto e angoli,Più evidente sotto 1 piatto e angoli,2018,C0G,Q_09
848,OK,"La crosta del campione presenta uno spessore particolarmente fine, conforme alle attese per la stagionatura del Grana Trentino DOP.",1 piatto particolarmente fine,1 piatto particolarmente fine,2018,C0G,TG_04
849,OK,"La crosta del campione presenta uno spessore di 0,9 cm, conforme alle attese per la stagionatura del Grana Trentino DOP.","0,9 cm",molto sottile,2018,C0G,TG_13
850,FUORI_ATTRIBUTO,Il colore è irregolare.,Irregolare anche nel colore,Irregolare anche nel colore,2018,C0G,TG_19
851,OK,"La crosta del campione presenta uno spessore sottile, conforme alle attese per la stagionatura del Grana Trentino DOP.",Sottile,Sottile,2018,C0G,TG_35
852,OK,"La crosta del campione presenta uno spessore sottile, conforme alle attese per la stagionatura del Grana Trentino DOP.",Sottile,Sottile,2018,C0N,Q_02
853,FUORI_ATTRIBUTO,La media è di 11 mm.,Dispari Media 11mm,Dispari Media 11mm,2018,C0N,Q_09
854,OK,"La crosta del campione presenta uno spessore molto spessa, conforme alle attese per la stagionatura del Grana Trentino DOP.",Crostone,crosta molto spessa,2018,C0N,TG_05
855,OK,"La crosta del campione presenta uno spessore fine ma con un'unghia evidente di 1,2 cm, conforme alle attese per la stagionatura del Grana Trentino DOP.","Crosta fine ma con molta unghia (media 1,2 cm)","Crosta fine ma con molta unghia (media 1,2 cm)",2018,C0N,TG_14
856,OK,"La crosta presenta uno spessore di 10-11 mm, conforme agli standard di qualità del Grana Trentino DOP.",10 11,nella norma 11,2018,C0N,TG_26
857,ILLEGGIBILE,,Oltre 1,Oltre 1,2018,C0N,TG_35
858,OK,"La crosta del campione presenta uno spessore medio grosso, conforme alle attese per la stagionatura del Grana Trentino DOP.",Medio grosso,Medio grosso,2018,C0Q,Q_02
859,FUORI_ATTRIBUTO,La sfumatura ha una media di 10 mm.,Sfumata  Media 10mm,Sfumata  Media 10mm,2018,C0Q,Q_09
860,ILLEGGIBILE,,Dal cm in su,Dal cm in su,2018,C0Q,TG_05
861,FUORI_ATTRIBUTO,"La misura è di 1,1 cm.","1,1 cm",molto sottile,2018,C0Q,TG_14
862,FUORI_ATTRIBUTO,"È molto sottile nei piatti, più spessa oltre 1 cm con spigoli pronunciati.",Molto sottile  nei piatti più  spessa oltre 1 negli scalzi spigoli pronunciati,Molto sottile  nei piatti più  spessa oltre 1 negli scalzi spigoli pronunciati,2018,C0Q,TG_26
863,OK,"La crosta del campione presenta uno spessore piuttosto spessa, conforme alle attese per la stagionatura del Grana Trentino DOP.",Piuttosto spessa,Piuttosto spessa,2018,C0Q,TG_35
864,FUORI_ATTRIBUTO,Sotto un piatto il colore è massiccio.,Sotto un piatto colore massiccio,Sotto un piatto colore massiccio,2018,C0F,Q_09
865,FUORI_ATTRIBUTO,"Il limite non è netto, nel complesso i piatti sono sottili.","Limite non netto, nel complesso piatti sottili","Limite non netto, nel complesso piatti sottili",2018,C0F,TG_04
866,OK,"La crosta fine presenta una sottocrosta poco evidente per il colore della pasta, ma la forma piccola fa sembrare la crosta più spessa, conforme alle attese per la stagionatura del Grana Trentino DOP.",Crosta fine con sottocrosta poco evidente per il colore della pasta. Tuttavia la forma è piccola quindi sembra che la crosta sia spessa,Crosta fine con sottocrostarosta poco evidente per il colore della pasta. Tuttavia la forma è piccola quindi sembra che la crosta sia spessa,2018,C0F,TG_13
867,FUORI_ATTRIBUTO,È sottile.,Sottile,Sottile,2018,C0F,TG_35
868,FUORI_ATTRIBUTO,È più evidente su un lato e negli angoli.,Più evidente su un lato e angoli,Più evidente su un lato e angoli,2018,C0H,Q_09
869,FUORI_ATTRIBUTO,"La misura è di 0,9 cm.","0,9 cm",molto sottile,2018,C0H,TG_13
870,FUORI_ATTRIBUTO,"È abbastanza omogeneo, leggermente più carico al centro.",Abbastanza omogeneo leggermente più carico al centro,Abbastanza omogeneo leggermente più carico al centro,2018,C0H,TG_20
871,FUORI_ATTRIBUTO,È sottile.,Sottile,Sottile,2018,C0H,TG_35
872,FUORI_ATTRIBUTO,È sempre sopra al cm.,Sempre sopra al cm,Sempre sopra al cm,2018,C0I,TG_04
873,OK,"La crosta è molto sottile con una sottocrosta spessa, soprattutto sugli angoli, conforme alle attese per la stagionatura del Grana Trentino DOP.","1,1 cm con spesso sottocrosta soprattutto sugli angoli",molto sottile con spesso sottocrostarosta soprattutto sugli angoli,2018,C0I,TG_13
874,OK,"La crosta del campione presenta uno spessore regolare e spessa, conforme alle attese per la stagionatura del Grana Trentino DOP.",Spessa,Spessa,2018,C0I,TG_20
875,OK,"La crosta del campione è sottile, conforme alle attese per la stagionatura del Grana Trentino DOP.",Crosta sottile,Crosta sottile,2018,C0I,TG_35
876,FUORI_ATTRIBUTO,È molto sottile a tratti.,Molto sottile a tratti,Molto sottile a tratti,2018,C0O,TG_04
877,OK,"La crosta è irregolare, con uno spessore molto più spesso su uno scalzo, non conforme alle attese per la stagionatura del Grana Trentino DOP.","Irregolare, molto più  spesso su uno scalzo","Irregolare, molto più  spesso su uno scalzo",2018,C0O,TG_12
878,FUORI_ATTRIBUTO,"La misura è di 0,7 cm.","0,7 cm",molto sottile,2018,C0O,TG_13
879,FUORI_ATTRIBUTO,È sottile.,Sottile,Sottile,2018,C0O,TG_20
880,FUORI_ATTRIBUTO,È sottile.,Sottile,Sottile,2018,C0O,TG_35
881,FUORI_ATTRIBUTO,È più evidente sotto un piatto.,Più evidente sotto un piatto,Più evidente sotto un piatto,2018,C0Q,Q_09
882,FUORI_ATTRIBUTO,"La crosta è difforme su due piatti, con una media di 1 cm.",Crosta difforme sii due piatti. Media 1cm,Crosta differenzaorme sii due piatti. Media 1cm,2018,C0Q,TG_13
883,OK,"La crosta del campione risulta più spessa su un piatto, conforme alle attese per la stagionatura del Grana Trentino DOP.",Più spessa su un piatto,Più spessa su un piatto,2018,C0Q,TG_14
884,OK,"La crosta del campione risulta più marcata su un piatto, conforme alle attese per la stagionatura del Grana Trentino DOP.",Più marcata su un piatto,Più marcata su un piatto,2018,C0Q,TG_20
885,OK,"La crosta del campione, senza scalzo, risulta molto più sottile dell'altro, con una crosta mediamente grossa.","No scalzo risulta molto più sottile dell'altro,crosta mediamente grossa","No scalzo risulta molto più sottile dell'altro,crosta mediamente grossa",2018,C0Q,TG_35
886,OK,"La crosta del campione è molto fine con un po' di unghia, con uno spessore di 0,8 cm.","Crosta molto fine con un po' di unghia 0,8 cm","Crosta molto fine con leggermente' di unghia 0,8 cm",2018,C0R,TG_13
887,FUORI_ATTRIBUTO,La frattura è regolare e molto granulosa.,Frattura regolare molto granuloso,Frattura regolare molto granuloso,2018,C0R,TG_35
888,OK,"La crosta del campione presenta uno spessore irregolare e disomogeneo, con una pigmentazione sfumata, non conforme alle attese per la stagionatura del Grana Trentino DOP.",Disomogenea e sfumata Spessore medio 10mm,Disomogenea e sfumata Spessore medio 10mm,2018,C0A,Q_02
889,OK,"Lo spessore della crosta è di 0,8 cm, conforme alle attese per il Grana Trentino DOP.","0,8 cm",molto sottile,2018,C0A,TG_13
890,OK,"La crosta ha uno spessore compreso tra 8 e 9 mm, in linea con le specifiche per il Grana Trentino DOP.",8 9,nella norma 9,2018,C0A,TG_19
891,OK,"La crosta del campione risulta più sottile su un lato, conforme alle attese per la stagionatura del Grana Trentino DOP.",Più sottile su un lato,Più sottile su un lato,2018,C0A,TG_20
892,OK,"La crosta del campione presenta uno spessore leggermente spessa, conforme alle attese per la stagionatura del Grana Trentino DOP.",Leggermente spessa,Leggermente spessa,2018,C0A,TG_35
893,OK,"La crosta del campione presenta uno spessore irregolare e disomogeneo, con una pigmentazione sfumata, non conforme alle attese per la stagionatura del Grana Trentino DOP.",Disomogenea e sfumata Media 11mm,Disomogenea e sfumata Media 11mm,2018,C0C,Q_02
894,FUORI_ATTRIBUTO,È larga agli scalzi.,Larga agli scalzi,Larga agli scalzi,2018,C0C,TG_05
895,OK,"Lo spessore della crosta è di 0,7 cm, conforme alle attese per la stagionatura del Grana Trentino DOP.","0,7 cm",molto sottile,2018,C0C,TG_13
896,OK,"La crosta presenta uno spessore di 8 mm, in linea con le aspettative per il Grana Trentino DOP.",8,nella norma,2018,C0C,TG_19
897,CONFORME,"Il campione presenta caratteristiche nella media, conformi agli standard del Grana Trentino DOP.",Nella media,Nella media,2018,C0C,TG_20
898,CONFORME,"La crosta non è né grossa né fine, mantenendo le caratteristiche conformi per il Grana Trentino DOP.",Ne grossa ne fine,Ne grossa ne fine,2018,C0C,TG_35
899,OK,"La crosta del campione presenta uno spessore irregolare e disomogeneo, con una pigmentazione sfumata, non conforme alle attese per la stagionatura del Grana Trentino DOP.",Disomogenea sfumata su un lato Media 8mm,Disomogenea sfumata su un lato Media 8mm,2018,C0E,Q_02
900,OK,"La crosta del campione risulta spessa sotto i 10 mm, conforme alle attese per la stagionatura del Grana Trentino DOP.",Spesso sotto i 10 mm,Spesso sotto i 10 mm,2018,C0E,TG_04
901,FUORI_ATTRIBUTO,"Lo spessore è di 1,2 cm.","1,2 cm",molto sottile,2018,C0E,TG_13
902,OK,"La valutazione di 10 indica un campione di eccellente qualità, conforme alle attese per la stagionatura del Grana Trentino DOP.",10,nella norma,2018,C0E,TG_19
903,FUORI_ATTRIBUTO,È sottile.,Sottile,Sottile,2018,C0E,TG_20
904,FUORI_ATTRIBUTO,È spessa.,Spessa,Spessa,2018,C0E,TG_35
905,FUORI_ATTRIBUTO,"La crosta è sfumata e disomogenea, con uno spessore medio di 9 mm.",Crosta sfumata disomogenea Media 9mm,Crosta sfumata disomogenea Media 9mm,2018,C0L,Q_02
906,FUORI_ATTRIBUTO,Lo spessore è irregolare.,Spessore irregolare,Spessore irregolare,2018,C0L,TG_04
907,FUORI_ATTRIBUTO,"La crosta è finissima, ma l'unghia è evidente.",Crosta finissima ma unghia evidente,Crosta finissima ma unghia evidente,2018,C0L,TG_13
908,OK,"La valutazione di 9-10 suggerisce un campione di alta qualità, in linea con gli standard del Grana Trentino DOP.",9 10,nella norma 10,2018,C0L,TG_19
909,CONFORME,Il campione presenta caratteristiche conformi alle attese per la stagionatura del Grana Trentino DOP.,Nella media,Nella media,2018,C0L,TG_20
910,FUORI_ATTRIBUTO,È piuttosto spessa.,Piuttosto spessa,Piuttosto spessa,2018,C0L,TG_35
911,FUORI_ATTRIBUTO,"La crosta è disomogenea e sfumata, con uno spessore medio di 11 mm.",Disomogenea sfumata  Spessore medio 11mm,Disomogenea sfumata  Spessore medio 11mm,2018,C0M,Q_02
912,FUORI_ATTRIBUTO,"Su un piatto, la crosta è sfumata e più spessa, a tratti più sottile e definita.","Su un piatto sfumata e piú spessa, A tratti più  sottile e definita,","Su un piatto sfumata e piú spessa, A tratti più  sottile e definita,",2018,C0M,TG_04
913,FUORI_ATTRIBUTO,Lo spessore è di 1 cm.,1cm,molto sottile,2018,C0M,TG_13
914,FUORI_ATTRIBUTO,È di 8 mm o meno.,8 o meno,nella norma o meno,2018,C0M,TG_19
915,FUORI_ATTRIBUTO,È spesso e sfumato.,Spesso e sfumato,Spesso e sfumato,2018,C0M,TG_20
916,FUORI_ATTRIBUTO,È sottile.,Sottile,Sottile,2018,C0M,TG_35
917,FUORI_ATTRIBUTO,"È disomogenea, con uno spessore di almeno 10 mm.",Disomogenea Media ALMENO 10mm,Disomogenea Media ALMENO 10mm,2018,C0N,Q_02
918,FUORI_ATTRIBUTO,"È di 1 cm, ma con molta unghia sugli angoli.",1 cm ma con tanta unghia sugli angoli,molto sottile ma con unghia evidente sugli angoli,2018,C0N,TG_13
919,OK,"La valutazione di 8-9 indica un campione di buona qualità, che rispetta le norme per il Grana Trentino DOP.",8 9,nella norma 9,2018,C0N,TG_19
920,CONFORME,Il campione è conforme alle attese per la stagionatura del Grana Trentino DOP.,Nella media,Nella media,2018,C0N,TG_20
921,FUORI_ATTRIBUTO,È spessa.,Spessa,Spessa,2018,C0N,TG_35
922,OK,"La crosta del campione presenta uno spessore irregolare, con una misura media di 9mm, conforme alle attese per la stagionatura del Grana Trentino DOP.",Crosta sfumata e dispari Media 9mm,Crosta sfumata e dispari Media 9mm,2018,C0A,Q_02
923,FUORI_ATTRIBUTO,"Il colore sotto la crosta è sfumato, con angoli netti.",Colore sotto crosta sfumato netti gli angolo,Colore sotto crosta sfumato netti gli angolo,2018,C0A,Q_09
924,FUORI_ATTRIBUTO,"È piatto e a cavallo del cm, con scalzi spessi.",Piatto a cavallo del cm. Scalzi spessi,Piatto a cavallo del cm. Scalzi spessi,2018,C0A,TG_04
925,FUORI_ATTRIBUTO,"L'unghia è spessa e misura 1,1 cm.","1,1 cm  Unghia spessa",molto sottile  Unghia spessa,2018,C0A,TG_13
926,OK,"La valutazione di 10 deciso evidenzia un campione di qualità superiore, in linea con gli standard del Grana Trentino DOP.",10 deciso,nella norma deciso,2018,C0A,TG_19
927,FUORI_ATTRIBUTO,Il formaggio è piuttosto alto.,Piuttosto alto!!!,Piuttosto alto!!!,2018,C0A,TG_24
928,FUORI_ATTRIBUTO,"Ci sono scalzi e spigoli grossi, con una media di 1.",Peccato per gli scalzi e gli spigoli grossi media 1,Peccato per gli scalzi e gli spigoli grossi media 1,2018,C0A,TG_26
929,OK,"La crosta del campione presenta uno spessore sfumato, con una misura media di 10mm, conforme alle attese per la stagionatura del Grana Trentino DOP.",Crosta sfumata Media 10mm,Crosta sfumata Media 10mm,2018,C0C,Q_02
930,OK,"Lo spessore di 0,6 cm della crosta è conforme alle attese per la stagionatura del Grana Trentino DOP.","0,6 cm",molto sottile,2018,C0C,TG_13
931,OK,"La valutazione di 8 suggerisce un campione di buona qualità, conforme alle attese per il Grana Trentino DOP.",8,nella norma,2018,C0C,TG_19
932,OK,"La crosta del campione è variabile ma mediamente fine, conforme alle attese per la stagionatura del Grana Trentino DOP.",Variabile ma mediamente fine:-)media,Variabile ma mediamente fine:-)media,2018,C0C,TG_24
933,ILLEGGIBILE,,10mm,nella normamm,2018,C0G,Q_02
934,OK,"Il colore aranciato della sottocrosta è più evidente su un lato, conforme alle attese per la stagionatura del Grana Trentino DOP.",Colore sganciato del sotto crosta più evidente su 1 lato,Colore aranciato del sotto crosta più evidente su 1 lato,2018,C0G,Q_09
935,OK,"Il limite della crosta è molto netto, conforme alle attese per la stagionatura del Grana Trentino DOP.",Limite molto netto,Limite molto netto,2018,C0G,TG_04
936,OK,"La crosta del campione è fine sui piatti e spessa sugli scalzi, con una misura media di 0,9cm, conforme alle attese per la stagionatura del Grana Trentino DOP.","Fine sui  piatti, spessa sugli scalzi 0,9cm media","Fine sui  piatti, spessa sugli scalzi 0,9cm media",2018,C0G,TG_13
937,OK,"La valutazione di 9 deciso indica un campione di alta qualità, conforme agli standard del Grana Trentino DOP.",9 deciso,nella norma deciso,2018,C0G,TG_19
938,OK,"La crosta del campione è fine nei piatti e grossa negli scalzi, conforme alle attese per la stagionatura del Grana Trentino DOP.",Fine nei patti e grossa negli scalzi...,Fine nei patti e grossa negli scalzi...,2018,C0G,TG_24
939,OK,"La crosta del campione presenta uno spessore medio di 7mm e risulta sfumata, conforme alle attese per la stagionatura del Grana Trentino DOP.",Spessore medio 7mm Crosta sfumata,Spessore medio 7mm Crosta sfumata,2018,C0H,Q_02
940,OK,"Lo spessore di 0,8 cm della crosta è in linea con le attese per la stagionatura del Grana Trentino DOP.","0,8 cm",molto sottile,2018,C0H,TG_13
941,OK,"La valutazione di 8 indica un campione di buona qualità, conforme alle attese per il Grana Trentino DOP.",8,nella norma,2018,C0H,TG_19
942,FUORI_ATTRIBUTO,"C'è una grande differenza tra piatti e scalzi, ma mediamente è fine.",Molto diverso tra piatti e scalzi ma mediamente fine,Molto diverso tra piatti e scalzi ma mediamente fine,2018,C0H,TG_24
943,FUORI_ATTRIBUTO,La sfumatura è dispari e misura 11 mm.,Dispari sfumata 11mm,Dispari sfumata 11mm,2018,C0M,Q_02
944,OK,"La crosta del campione presenta uno spessore fine sui piatti e più spessa sugli scalzi, con un'unghia marcata.","Crosta molto fine sui piatti, più spessa sugli scalzi. Unghia marcata","Crosta molto fine sui piatti, più spessa sugli scalzi. Unghia marcata",2018,C0M,TG_13
945,FUORI_ATTRIBUTO,"Sotto un piatto, la misura è più marcata a 8.",8 più marcato sotto un piatto,nella norma più marcato sotto un piatto,2018,C0M,TG_19
946,FUORI_ATTRIBUTO,Il formaggio è di media consistenza.,Medio..,Medio..,2018,C0M,TG_24
947,OK,"La crosta del campione presenta uno spessore sfumato, media di 8 mm.",Crosta sfumata Media 8mm,Crosta sfumata Media 8mm,2018,C0N,Q_02
948,OK,La crosta del campione è molto sottile.,1 cm,molto sottile,2018,C0N,TG_13
949,OK,La crosta del campione è spessa sugli scalzi.,Spessa agli scalzi,Spessa agli scalzi,2018,C0N,TG_14
950,OK,"La valutazione di 9-10 suggerisce un campione di alta qualità, in linea con gli standard del Grana Trentino DOP.",9 10,nella norma 10,2018,C0N,TG_19
951,FUORI_ATTRIBUTO,Il formaggio è alto.,Alto...,Alto...,2018,C0N,TG_24
952,FUORI_ATTRIBUTO,La differenza è più evidente su un lato.,Più evidente su un lato,Più evidente su un lato,2018,C0A,Q_09
953,OK,"La crosta del campione è molto sottile, spessa sugli scalzi e fine sui piatti, con un'unghia marcata.","1,2 cm spessa sugli scalzi e fine su i piatti ma con unghia marcata",molto sottile spessa sugli scalzi e fine su i piatti ma con unghia marcata,2018,C0A,TG_13
954,OK,"La valutazione di 10 indica un campione di eccellente qualità, conforme alle attese per la stagionatura del Grana Trentino DOP.",10,nella norma,2018,C0A,TG_19
955,OK,La crosta del campione presenta uno spessore mediamente di 8 mm.,Mediamente  8 mm,Mediamente  8 mm,2018,C0A,TG_24
956,FUORI_ATTRIBUTO,La media è 1.,Media 1,Media 1,2018,C0A,TG_26
957,OK,"La crosta del campione è molto spessa, soprattutto sugli scalzi, quasi 2 cm.",Molto spessa soprattutto sugli scalzi quasi 2cm,Molto spessa soprattutto sugli scalzi quasi 2cm,2018,C0A,TG_35
958,FUORI_ATTRIBUTO,Il colore è aranciato e molto carico.,Colore aranciato molto carico,Colore aranciato molto carico,2018,C0D,Q_09
959,FUORI_ATTRIBUTO,"Un piatto è molto spesso, mentre l'altro è buono.",1 piatto molto spesso. L'altro  buono,1 piatto molto spesso. L'altro  buono,2018,C0D,TG_04
960,FUORI_ATTRIBUTO,È ben visibile.,Ben visibile,Ben visibile,2018,C0D,TG_11
961,FUORI_ATTRIBUTO,"La crosta è molto spessa e misura 1,5 cm con unghia marcata.","1,5 cm. Crosta molto spessa con unghia marcata",molto sottile. Crosta molto spessa con unghia marcata,2018,C0D,TG_13
962,OK,"La valutazione di 10 scuro suggerisce un campione di alta qualità, conforme agli standard del Grana Trentino DOP.",10 scuro,nella norma scuro,2018,C0D,TG_19
963,FUORI_ATTRIBUTO,La differenza è più evidente su un lato.,Più evidente su un lato,Più evidente su un lato,2018,C0D,TG_20
964,FUORI_ATTRIBUTO,Il formaggio è piuttosto grosso.,Piuttosto grossa!,Piuttosto grossa!,2018,C0D,TG_24
965,OK,"La crosta presenta uno spessore molto spessa, sia su un piatto che sugli scalzi.",Spessa molto su un piatto e sugli scalzi,Spessa molto su un piatto e sugli scalzi,2018,C0D,TG_26
966,FUORI_ATTRIBUTO,Le facce e gli scalzi presentano spessori differenti.,Le facce e gli scalzi hanno spessori differenti,Le facce e gli scalzi hanno spessori differenzaerenti,2018,C0D,TG_35
967,FUORI_ATTRIBUTO,Ci sono scalzi e angoli.,Sugli scalzi e angoli,Sugli scalzi e angoli,2018,C0E,Q_09
968,FUORI_ATTRIBUTO,I piatti sono belli.,Bei piatti,Bei piatti,2018,C0E,TG_04
969,CONFORME,"Il campione presenta caratteristiche regolari, conformi alle attese per la stagionatura del Grana Trentino DOP.",Regolare,Regolare,2018,C0E,TG_05
970,FUORI_ATTRIBUTO,Il formaggio misura 1 cm.,1 cm,molto sottile,2018,C0E,TG_13
971,FUORI_ATTRIBUTO,La consistenza è abbastanza sottile.,Abbastanza sottile,Abbastanza sottile,2018,C0E,TG_20
972,FUORI_ATTRIBUTO,C'è una differenza tra i piatti e gli scalzi più fini.,Diverso tra piatti e scalzi più fini!,Diverso tra piatti e scalzi più fini!,2018,C0E,TG_24
973,CONFORME,"Il campione presenta uno spessore della crosta che non è né sottile né grossa, conforme alle attese per il Grana Trentino DOP.",Ne sottile ne grossa,Ne sottile ne grossa,2018,C0E,TG_35
974,FUORI_ATTRIBUTO,Un piatto è sopra e uno sotto il cm.,"1 piatto sopra, 1 piatto sotto ilcm","1 piatto sopra, 1 piatto sotto ilcm",2018,C0H,TG_04
975,OK,"La crosta è molto sottile, ma presenta uno spessore più elevato sugli scalzi.","0,9 cm più spessa sugli scalzi",molto sottile più spessa sugli scalzi,2018,C0H,TG_13
976,OK,"La valutazione di 9 chiaro indica un campione di alta qualità, conforme alle attese per il Grana Trentino DOP.",9 chiaro,nella norma chiaro,2018,C0H,TG_19
977,OK,La crosta è più spessa verso una faccia.,Più spessa verso una faccia,Più spessa verso una faccia,2018,C0H,TG_20
978,FUORI_ATTRIBUTO,Tre lati misurano più di 10 mm e uno misura 5 mm.,Tre lati maggiori di 10 mm e 1 da 5 mm,Tre lati maggiori di 10 mm e 1 da 5 mm,2018,C0H,TG_24
979,CONFORME,"Il campione presenta uno spessore della crosta che non è né sottile né grossa, conforme alle attese per il Grana Trentino DOP.",Ne sottile ne grossa,Ne sottile ne grossa,2018,C0H,TG_35
980,FUORI_ATTRIBUTO,La misura è sempre superiore al cm.,Sempre superiore  al cm,Sempre superiore  al cm,2018,C0M,TG_04
981,FUORI_ATTRIBUTO,"La crosta è fine, ma presenta un'unghia più spessa su un piatto.",Crosta fine ma con unghia più spessa su un piatto.,Crosta fine ma con unghia più spessa su un piatto.,2018,C0M,TG_13
982,OK,"La valutazione di 9 suggerisce un campione di buona qualità, conforme alle attese per il Grana Trentino DOP.",9,nella norma,2018,C0M,TG_19
983,FUORI_ATTRIBUTO,La spessore è molto elevato su un lato.,Molto spessa su un lato,Molto spessa su un lato,2018,C0M,TG_20
984,OK,"Lo spessore della crosta è mediamente di 10 mm, conforme alle attese per la stagionatura.",Mediamente 10 mm,Mediamente 10 mm,2018,C0M,TG_24
985,OK,"La crosta del campione presenta uno spessore sottile, conforme alle attese per la stagionatura.",Sottile,Sottile,2018,C0M,TG_35
986,OK,"Il colore della sottocrosta è carico e aranciato, più evidente su un piatto.",Colore sottoscritta carico sganciato più evidente su un piatto,Colore sottocrosta carico aranciato più evidente su un piatto,2018,C0Q,Q_09
987,FUORI_ATTRIBUTO,La misura è sempre sopra al cm e su un piatto è molto spessa.,Sempre sopra al cm. Su 1 piatto molto spessa,Sempre sopra al cm. Su 1 piatto molto spessa,2018,C0Q,TG_04
988,OK,La crosta è molto sottile ma presenta un'unghia marcata.,1 cm ma con unghia marcata,molto sottile ma con unghia marcata,2018,C0Q,TG_13
989,OK,"La valutazione di 9-10 indica un campione di alta qualità, in linea con gli standard del Grana Trentino DOP.",9 10,nella norma 10,2018,C0Q,TG_19
990,FUORI_ATTRIBUTO,La spessore è maggiore su una faccia.,Spessa più spessa su una faccia,Spessa più spessa su una faccia,2018,C0Q,TG_20
991,OK,La crosta è troppo alta negli scalzi.,Troppo alta negli scalzi!,Troppo alta negli scalzi!,2018,C0Q,TG_24
992,FUORI_ATTRIBUTO,Christine ha osservato sugli scalzi.,Christine sugli scalzi,crosta sugli scalzi,2018,C0Q,TG_26
993,OK,"La crosta è piuttosto spessa, soprattutto sugli scalzi.",Piuttosto spessa soprattutto sugli scalzi,Piuttosto spessa soprattutto sugli scalzi,2018,C0Q,TG_35
994,OK,"Lo spessore della crosta presenta una misura di 8 mm su un lato e 6 mm sull'altro, evidenziando una leggera asimmetria.",8  su 1 lato e 6 sull'altro,nella norma  su 1 lato e 6 sull'altro,2018,C0A,Q_09
995,OK,"La crosta è molto sottile, ma più spessa su un piatto.","0,6 cm più spessa su un piatto",molto sottile più spessa su un piatto,2018,C0A,TG_13
996,ILLEGGIBILE,,Diverso da un piatto allaltro,Diverso da un piatto allaltro,2018,C0A,TG_14
997,OK,La crosta non è regolare.,N9n regolare,non regolare,2018,C0B,TG_04
998,OK,"La crosta è molto sottile, marcata e presenta un'unghia di colore ocra.","1,1 cm crosta marcata con unghia di colore ocra",molto sottile crosta marcata con unghia di colore ocra,2018,C0B,TG_13
999,OK,"La valutazione dello spessore della crosta è compresa tra 9 e 10 mm, indicando una buona conformità alle attese.",9 10,nella norma 10,2018,C0B,TG_14
1000,OK,La crosta è molto spessa con spigoli pronunciati sugli scalzi.,Scalzi molto spessa spigoli pronunciati,Scalzi molto spessa spigoli pronunciati,2018,C0B,TG_20
1001,OK,"Lo spessore della crosta è di 8 mm, conforme alle aspettative per la stagionatura del Grana Trentino DOP.",8,nella norma,2018,C0C,Q_09
1002,OK,"La crosta del campione presenta uno spessore di 1 cm, conforme alle attese per la stagionatura del Grana Trentino DOP.",1 cm,molto sottile,2018,C0C,TG_13
1003,FUORI_ATTRIBUTO,"La misura è meno di 10, ma è più intensa sotto un piatto.","Meno di 10, più intenso sotto un piatto","Meno di 10, più intenso sotto un piatto",2018,C0C,TG_14
1004,CONFORME,"La crosta del campione presenta uno spessore regolare e scalzo, con angoli ben definiti e una sottocrosta leggermente rugosa, conforme alle attese per la stagionatura del Grana Trentino DOP.",Regolare spessore,Regolare spessore,2018,C0G,TG_04
1005,OK,"La crosta del campione presenta uno spessore di 0,8 cm, conforme alle attese per la stagionatura del Grana Trentino DOP.","0,8 cm",molto sottile,2018,C0G,TG_13
1006,FUORI_ATTRIBUTO,La spessore è maggiore su una faccia.,Più spessa su una faccia,Più spessa su una faccia,2018,C0G,TG_19
1007,ILLEGGIBILE,,"1,1","1,1",2018,C0L,Q_09
1008,OK,"La sottocrosta del campione presenta una rugosità importante, soprattutto su un piatto, conforme alle attese per la stagionatura del Grana Trentino DOP.",Sottocrosta importante soprattutto su un piatto,sottocrostarosta importante soprattutto su un piatto,2018,C0L,TG_13
1009,FUORI_ATTRIBUTO,Le misure sono 11 e 12.,11 12,nella norma 12,2018,C0L,TG_14
1010,OK,"La crosta presenta uno spessore di 12 mm, risultando spessa e conforme alle caratteristiche attese.",12,nella norma,2018,C0N,Q_09
1011,OK,"La sottocrosta del campione presenta una rugosità evidente e marcata, conforme alle attese per la stagionatura del Grana Trentino DOP.",Sottocrosta evidente e marcato,sottocrostarosta evidente e marcato,2018,C0N,TG_13
1012,OK,"La crosta del campione presenta uno spessore sfumato, con una media di 12 mm, conforme alle attese per la stagionatura del Grana Trentino DOP.",Sfumata  Media 12mm,Sfumata  Media 12mm,2018,C0A,Q_02
1013,FUORI_ATTRIBUTO,C'è poco contrasto a causa del colore di fondo molto carico.,Poco contrasto dato il colore di fondo molto carico,Poco contrasto dato il colore di fondo molto carico,2018,C0A,Q_09
1014,OK,"La crosta del campione presenta uno spessore netto su un piatto, mentre risulta sfumata e spessa sull'altro, conforme alle attese per la stagionatura del Grana Trentino DOP.",Netta su un piatto. Sfumata e spessa sull'altro,Netta su un piatto. Sfumata e spessa sull'altro,2018,C0A,TG_04
1015,OK,"La crosta del campione presenta uno spessore medio di 10 mm, conforme alle attese per la stagionatura del Grana Trentino DOP.",Media 10mm,Media 10mm,2018,C0C,Q_02
1016,OK,"La crosta del campione presenta uno spessore medio di 8 mm, conforme alle attese per la stagionatura del Grana Trentino DOP.",Media 8mm,Media 8mm,2018,C0E,Q_02
1017,CONFORME,"Il campione presenta uno spessore della crosta che si attesta nella media, conforme agli standard del Grana Trentino DOP.",Nella media,Nella media,2018,C0E,TG_20
1018,OK,"La crosta del campione presenta un aspetto bello e uniforme, conforme alle attese per la stagionatura del Grana Trentino DOP.",Bella uniforme,Bella uniforme,2018,C0E,TG_26
1019,OK,"La crosta del campione presenta uno spessore medio di 8 mm, conforme alle attese per la stagionatura del Grana Trentino DOP.",Media 8mm,Media 8mm,2018,C0G,Q_02
1020,OK,"La crosta del campione presenta uno spessore più sottile di 10 mm, conforme alle attese per la stagionatura del Grana Trentino DOP.",Più sottile di 10mm,Più sottile di 10mm,2018,C0G,TG_20
1021,FUORI_ATTRIBUTO,La media è di 11 mm.,Media 11mm,Media 11mm,2018,C0Q,Q_02
1022,FUORI_ATTRIBUTO,Il colore di sfondo è molto carico.,Colore sfondo molto carico,Colore sfondo molto carico,2018,C0Q,Q_09
1023,FUORI_ATTRIBUTO,Il limite della crosta è sfumato e spessa.,"Limite della crosta sfumato, spessa.","Limite della crosta sfumato, spessa.",2018,C0Q,TG_04
1024,OK,"Lo spessore della crosta è descritto come spesso, indicando una buona conformità alle attese per la stagionatura.",Spesso,Spesso,2018,C0Q,TG_20
1025,FUORI_ATTRIBUTO,"La crosta non è uniforme, ma è molto sottile sui piatti.",Non uniforme ma sui piatti molto sottile,Non uniforme ma sui piatti molto sottile,2018,C0Q,TG_26
1026,FUORI_ATTRIBUTO,La crosta è sfumata con spigoli accentuati e la media è di 10 mm.,Crosta sfumata spigoli accentuati Media 10mm,Crosta sfumata spigoli accentuati Media 10mm,2018,C0R,Q_02
1027,FUORI_ATTRIBUTO,C'è poco contrasto a causa del colore di fondo carico.,Poco contrasto dato l'ok colore di fondo carico,Poco contrasto dato l'ok colore di fondo carico,2018,C0R,Q_09
1028,FUORI_ATTRIBUTO,È grossa ed evidente.,Grossa ed evidente,Grossa ed evidente,2018,C0R,TG_26
1029,FUORI_ATTRIBUTO,La sfumatura è media e misura 9 mm.,Sfumata Media 9mm,Sfumata Media 9mm,2018,C0C,Q_02
1030,FUORI_ATTRIBUTO,Il colore della sottocrosta è più evidente sotto un piatto.,Colore Sottocrosta più evidente sotto un piatto,Colore sottocrostarosta più evidente sotto un piatto,2018,C0C,Q_09
1031,FUORI_ATTRIBUTO,"È spessa 0,9 cm su un piatto.","0,9 cm Più spessa su un piatto",molto sottile Più spessa su un piatto,2018,C0C,TG_13
1032,OK,"La misura dello spessore della crosta è di 12 mm, evidenziando una caratteristica spessa e regolare.",12 mm,nella norma mm,2018,C0C,TG_15
1033,FUORI_ATTRIBUTO,Ci sono 9 o 10 piatti diversi.,9 10 diversi i piatti,nella norma 10 diversi i piatti,2018,C0C,TG_19
1034,OK,"La crosta è definita sottile, indicando una conformità alle attese per la stagionatura del Grana Trentino DOP.",Sottile,Sottile,2018,C0C,TG_35
1035,FUORI_ATTRIBUTO,"La sfumatura è dispari e media, misura 10 mm.",Sfumata e dispari  Media 10mm,Sfumata e dispari  Media 10mm,2018,C0I,Q_02
1036,FUORI_ATTRIBUTO,È più spessa su un lato.,Più su un lato,Più su un lato,2018,C0I,Q_09
1037,FUORI_ATTRIBUTO,È sfumata e molto spessa.,"Sfumata, molto spessa","Sfumata, molto spessa",2018,C0I,TG_04
1038,FUORI_ATTRIBUTO,"Misura 1,2 cm, ma ha un'unghia spessa e di colore bruno.","1,2 cm ma con unghia spessa e di colore bruno",molto sottile ma con unghia spessa e di colore bruno,2018,C0I,TG_13
1039,FUORI_ATTRIBUTO,La misura è tra 12 e 14 mm.,12. 14 mm,nella norma. 14 mm,2018,C0I,TG_15
1040,FUORI_ATTRIBUTO,"Gli spigoli sono molto pronunciati, uno presenta anche fine occhiatura.","Spigoli molto pronunciati, in uno anche con fine occhiatura","Spigoli molto pronunciati, in uno anche con fine occhiatura",2018,C0I,TG_19
1041,FUORI_ATTRIBUTO,È sottile.,Sottile,Sottile,2018,C0I,TG_35
1042,FUORI_ATTRIBUTO,La misura è media e di 9 mm.,Media 9mm,Media 9mm,2018,C0M,Q_02
1043,FUORI_ATTRIBUTO,Il colore della sottocrosta è sfumato.,Colore Sottocrosta sfumato,Colore sottocrostarosta sfumato,2018,C0M,Q_09
1044,OK,"La crosta del campione presenta uno spessore molto sottile con unghia pronunciata sugli spigoli, conforme alle attese per la stagionatura del Grana Trentino DOP.","0,8 cm con unghia pronunciata sugli spigoli",molto sottile con unghia pronunciata sugli spigoli,2018,C0M,TG_13
1045,OK,"Lo spessore della crosta è di 10 mm, conforme alle aspettative per la stagionatura del Grana Trentino DOP.",10 mm,nella norma mm,2018,C0M,TG_15
1046,FUORI_ATTRIBUTO,"C'è una differenza di intensità tra i piatti e gli scalzi, sotto uno spigolo si nota occhiatura e secchezza.","Diverso fra i piatti e gli scalzi x intensità, sotto uno spigolo occhiatura e secchezza","Diverso fra i piatti e gli scalzi per intensità, sotto uno spigolo occhiatura e secchezza",2018,C0M,TG_19
1047,OK,"La crosta del campione presenta uno spessore abbastanza sottile, conforme alle attese per la stagionatura del Grana Trentino DOP.",Abbastanza sottile,Abbastanza sottile,2018,C0M,TG_35
1048,FUORI_ATTRIBUTO,La sfumatura è media e misura 10 mm.,Sfumata Media 10mm,Sfumata Media 10mm,2018,C0N,Q_02
1049,FUORI_ATTRIBUTO,1 cm,1 cm,molto sottile,2018,C0N,TG_13
1050,OK,"La misura dello spessore della crosta è di 11 mm, indicando una buona conformità alle attese.",11 mm,nella norma mm,2018,C0N,TG_15
1051,OK,"La valutazione dello spessore della crosta è di 10 mm, conforme agli standard di qualità attesi.",10,nella norma,2018,C0N,TG_19
1052,FUORI_ATTRIBUTO,Molto sottile,Molto Sottile,Molto Sottile,2018,C0N,TG_35
1053,FUORI_ATTRIBUTO,La misura è media e di 8 mm.,Media 8 mm,Media 8 mm,2018,C0O,Q_02
1054,FUORI_ATTRIBUTO,A tratti è molto fine.,A tratti molto fine,A tratti molto fine,2018,C0O,TG_04
1055,FUORI_ATTRIBUTO,1 cm,1 cm,molto sottile,2018,C0O,TG_13
1056,OK,"Lo spessore della crosta è di 8 mm, conforme alle attese per la stagionatura del Grana Trentino DOP.",8 mm,nella norma mm,2018,C0O,TG_15
1057,FUORI_ATTRIBUTO,Le misure sono tra 6 e 7 e sono molto chiare.,6 7 molto chiaro,nella norma 7 molto chiaro,2018,C0O,TG_19
1058,FUORI_ATTRIBUTO,Molto sottile,Molto sottile,Molto sottile,2018,C0O,TG_35
