id,classe,caption,commento_raw,commento_prenorm,anno,prodotto,panelista
1,FUORI_ATTRIBUTO,La superficie è ruvida.,Ruvida,Ruvida,2019,C0L,Q_02
2,OK,"La pasta del campione presenta una leggera stiratura al centro, evidenziando una certa omogeneità nella struttura.",Leggermente stirata al centro,Leggermente stiratairata al centro,2019,C0Q,Q_02
3,OK,"La pasta sotto un piatto presenta leggeri segni di stiratura, mantenendo una buona compattezza.",La pasta sotto un piatto presenta leggera striature,La pastirataa sotto un piatto presenta leggera stiratariature,2019,C0A,Q_09
4,FUORI_ATTRIBUTO,C'è uno strappo profondo di 10 cm.,Uno strappo profondo di 10 cm,Uno stiratarappo profondo di 10 cm,2019,C0D,Q_09
5,OK,"La pasta presenta molte fratture, sia piccole sotto il piatto che grandi centrali, compromettendo la compattezza.",Molte fratture sia piccole sotto piatto che grandi centrali,Molte fratture sia piccole sotto piatto che grandi centrali,2019,C0L,Q_09
6,OK,"Si osserva un grande strappo centrale di 2 cm di diametro, lucidando l'occhio.",Grande strappo centrale lucidando occhio 3 2cm diam,Grande stiratarappo centrale lucidando occhio 3 2cm diam,2019,C0Q,Q_09
7,OK,"La pasta risulta stirata nella zona centrale, mostrando una certa disomogeneità.",Stirata nella zona centrale,stiratairata nella zona centrale,2019,C0R,Q_09
8,FUORI_ATTRIBUTO,Non prendo in considerazione lo spacco.,Non considero lo spacco,Non considero lo spacco,2019,C0D,TG_04
9,OK,"Si evidenzia un'enorme fessura centrale, che influisce sulla struttura della pasta.",Enorme fessura centrale,Enorme fessura centrale,2019,C0D,TG_12
10,OK,"Si evidenzia un'enorme fessura centrale, che influisce sulla struttura della pasta.",Enorme fessura centrale,Enorme fessura centrale,2019,C0Q,TG_12
11,OK,"Si riscontra un'assenza di grana, compromettendo la qualità della pasta.",Assenza di grana,Assenza di grana,2019,C0R,TG_12
12,FUORI_ATTRIBUTO,Un terzo della forma è da 8.,Un terzo della forma invece è da 8,Un terzo della forma invece è da 8,2019,C0Q,TG_19
13,OK,"La pasta appare sfogliata, con una struttura non uniforme.",Sfogliata,Sfogliata,2019,C0L,TG_20
14,OK,"Si osserva una fessura di oltre 6 cm, che influisce sulla compattezza della pasta.",Fessura di oltre 6 cm,Fessura di oltre 6 cm,2019,C0D,TG_35
15,OK,"Si nota una piccola area spugnosa concentrata su uno scalzo, compromettendo la compattezza.",Piccola area spagnola concentrata su uno scalzo,Piccola area spugnosa concentrata su uno scalzo,2019,C0L,TG_35
16,OK,"Si evidenzia un occhio di 1,5 cm e una fessura di oltre 8 cm, che influiscono sulla struttura.","Occhio di 1,5cm e fessura di oltre 8 cm","Occhio di 1,5cm e fessura di oltre 8 cm",2019,C0Q,TG_35
17,OK,"Si riscontrano piccoli strappi sotto un piatto, compromettendo la compattezza della pasta.",Piccoli strappi sotto 1 puatto,Piccoli stiratarappi sotto 1 puatto,2019,C0H,Q_09
18,OK,"Sotto un piatto si osservano zone con piccoli strappi, che influiscono sulla struttura.",Sotto un piatto zona con piccoli strappi,Sotto un piatto zona con piccoli stiratarappi,2019,C0O,Q_09
19,FUORI_ATTRIBUTO,La superficie è ruvida.,RUVIDA,RUVIDA,2019,C0N,Q_02
20,OK,"Si nota una fascia sotto un piatto con stiratura diversa, più fine, che influisce sulla compattezza.",Fascia sotto un piatto (BIANCA)  con struttura diversa più fine,Fascia sotto un piatto (BIANCA)  con stirataruttura diversa più fine,2019,C0D,Q_09
21,FUORI_ATTRIBUTO,Presenta grani grossi e arrotondati.,Grani grossi e arrotondota,Grani grossi e arrotondota,2019,C0N,Q_09
22,FUORI_ATTRIBUTO,Non considero le due fessure.,Non considero le due fessurette,Non considero le due fessurette,2019,C0D,TG_04
23,FUORI_ATTRIBUTO,Il centro è disidratato.,Disidratata al centro,Disidratata al centro,2019,C0D,TG_13
24,OK,"La pasta presenta una grana grossa con angoli arrotondati, evidenziando una buona compattezza.",Grana grossa arrotondata,Grana grossa arrotondata,2019,C0N,TG_13
25,ILLEGGIBILE,,Stirata si intende leggermente!,stiratairata si intende leggermente!,2019,C0A,TG_24
26,FUORI_ATTRIBUTO,La zona centrale ha una fitta microocchiatura su pasta rosa e un punto di pasta biancastra.,Zona centrale con fitta microocchiatura su pasta rosa e in un punto pasta biancastra,Zona centrale con fitta microocchiaturaroocchiatura su pastirataa rosa e in un punto pastirataa biancastiratara,2019,C0F,Q_09
27,FUORI_ATTRIBUTO,"L'occhitura varia da 1 mm a 4 mm, diffusa al centro e verso un lato, sotto un piatto.",Occhitura da 1 mm a 4 mm dffusa al centro e verso un lato e sotto un piatto,Occhitura da 1 mm a 4 mm dffusa al centro e verso un lato e sotto un piatto,2019,C0M,Q_09
28,FUORI_ATTRIBUTO,C'è una fascia sotto un piatto con piccole fessure fitte.,Fascia sotto un piatto con piccole fessure fitte,Fascia sotto un piatto con piccole fessure fitte,2019,C0O,Q_09
29,FUORI_ATTRIBUTO,La zona centrale presenta molte piccole fessure e un aspetto sgretolato.,Zona centrale on tante piccole fessure e aspetto sgretolato,Zona centrale on tante piccole fessure e aspetto sgretolato,2019,C0P,Q_09
30,FUORI_ATTRIBUTO,"C'è un grosso accumulo di cristalli, sembra sierosa.","Grosso accumulo di cristalli,sembra sierosa","Grosso accumulo di cristirataalli,sembra sierosa",2019,C0F,TG_11
31,FUORI_ATTRIBUTO,La forma è slegata.,Slegata,Slegata,2019,C0P,TG_13
32,FUORI_ATTRIBUTO,C'è una macchia bianca che sembra muffa.,Macchia bianca come fosse muffa,Macchia bianca come fosse muffa,2019,C0F,TG_19
33,FUORI_ATTRIBUTO,C'è una profonda fessura che attraversa la forma.,Profonda fessura che attraversa la forma,Profonda fessura che attraversa la forma,2019,C0M,Q_09
34,FUORI_ATTRIBUTO,Ci sono macchie rosa.,macchie rosa,macchie rosa,2019,C0O,TG_11
35,FUORI_ATTRIBUTO,C'è un'importante frattura.,Importante frattura,Importante frattura,2019,C0M,TG_11
36,FUORI_ATTRIBUTO,C'è un enorme occhio sieroso.,Enorme occhio sieroso,Enorme occhio sieroso,2019,C0O,TG_12
37,FUORI_ATTRIBUTO,"Voto positivo, non considerando una vistosa spaccatura.",Voto positivo non considerando una vistosa spaccatura,Voto positivo non considerando una vistirataosa spaccatura,2019,C0I,TG_12
38,FUORI_ATTRIBUTO,In un angolo sembra molto più umida.,In un angolo sembra molto più  umida,In un angolo sembra molto più  umida,2019,C0E,TG_12
39,FUORI_ATTRIBUTO,C'è una fessura enorme.,Fessura enorme,Fessura enorme,2019,C0M,TG_12
40,FUORI_ATTRIBUTO,Presenta un grande occhio.,Grande occhio,Grande occhio,2019,C0O,TG_19
41,FUORI_ATTRIBUTO,Manca la granulosità.,Manca la granulosità,Manca la granulosità,2019,C0M,TG_19
42,FUORI_ATTRIBUTO,La presenza di micro occhiatura non è significativa.,Presenza di micro occhiatura non significativa,Presenza di microocchiaturaro occhiatura non significativa,2019,C0N,TG_35
43,FUORI_ATTRIBUTO,C'è una piccola fessura di 3 cm.,Una piccola fessura di 3 cm,Una piccola fessura di 3 cm,2019,C0I,TG_35
44,FUORI_ATTRIBUTO,C'è una piccola area spagnola della grandezza di una noce.,Piccola area spagnola della grandezza di una noce,Piccola area spugnosa della grandezza di una noce,2019,C0E,TG_35
45,FUORI_ATTRIBUTO,"C'è una grande fessura longitudinale, lunga più della metà della forma.","Grande fessura longitudinale, lunga più della metà della forma","Grande fessura longitudinale, lunga più della metà della forma",2019,C0M,TG_35
46,OK,"La superficie del campione appare ruvida, conferendo una texture interessante alla pasta.",Ruvida,Ruvida,2019,C0I,Q_02
47,FUORI_ATTRIBUTO,Un piccolo occhio subito sotto la superficie di taglio appare come una macchia grigia.,1 piccolo occhio subito sotto la superficie di taglio appariva come macchia grigia,1 piccolo occhio subito sotto la superficie di taglio appariva come macchia grigia,2019,C0N,Q_09
48,FUORI_ATTRIBUTO,È senza grana.,Senza grana,Senza grana,2019,C0O,TG_19
49,FUORI_ATTRIBUTO,La parte centrale è spugnosa.,Parte centrale spugnosa,Parte centrale spugnosa,2019,C0N,TG_28
50,FUORI_ATTRIBUTO,C'è un singolo occhio da 6 mm.,Un singolo occhio da 6mm,Un singolo occhio da 6mm,2019,C0C,TG_35
51,FUORI_ATTRIBUTO,La microocchiatura è appena percettibile.,Micoocchiatura appena percettibile,microocchiaturaoocchiatura appena percettibile,2019,C0Q,TG_35
52,FUORI_ATTRIBUTO,Ci sono una serie di piccoli strappi sotto un piatto.,Serie di piccoli strappi sotto un piatto,Serie di piccoli stiratarappi sotto un piatto,2019,C0I,Q_09
53,FUORI_ATTRIBUTO,Pare molto asciutta.,Pare molto asciutta,Pare molto asciutta,2019,C0Q,TG_19
54,OK,"La pasta mostra una consistenza ruvida, che può influenzare l'esperienza sensoriale.",Ruvida,Ruvida,2019,C0N,Q_02
55,FUORI_ATTRIBUTO,È senza grana.,Senza grana,Senza grana,2019,C0O,TG_14
56,FUORI_ATTRIBUTO,C'è un'ampia zona centrale spugnosa.,Ampia zona centrale spugnosa,Ampia zona centrale spugnosa,2019,C0N,TG_28
57,FUORI_ATTRIBUTO,Ci sono diverse zone quasi lisce.,Diverse zone quasi lisce,Diverse zone quasi lisce,2019,C0O,TG_28
58,FUORI_ATTRIBUTO,C'è una fessura sottile.,Fessura sottile,Fessura sottile,2019,C0A,TG_11
59,FUORI_ATTRIBUTO,C'è una grossa fessura.,Grossa fessura,Grossa fessura,2019,C0A,TG_12
60,FUORI_ATTRIBUTO,C'è una grossa fessura.,Grossa fessura,Grossa fessura,2019,C0H,TG_12
61,FUORI_ATTRIBUTO,Si nota la presenza di un taglio.,Presenza di taglio!,Presenza di taglio!,2019,C0H,TG_24
62,FUORI_ATTRIBUTO,"C'è una grande fessura lunga circa 10 cm, mentre il resto della mezza forma è regolare.","Grande fessura lunga circa 10cm, il resto della mezza forma è  regolare","Grande fessura lunga circa 10cm, il restiratao della mezza forma è  regolare",2019,C0C,TG_35
63,FUORI_ATTRIBUTO,Si osserva una diffusa area spinosa con occhi di circa 2 mm.,Diffusa area spinosa con occhi di circa 2mm,Diffusa area spugnosa con occhi di circa 2mm,2019,C0M,TG_35
64,FUORI_ATTRIBUTO,C'è una fessura di 3 cm.,Fessura di 3cm,Fessura di 3cm,2019,C0H,TG_35
65,ILLEGGIBILE,,3  fratture profonde altre più piccole e il segno dell'ago con pasta di co!ore rosato e cristallini,3  fratture profonde altre più piccole e il segno dell'ago con pastirataa di co!ore rosato e cristirataallini,2019,C0I,Q_09
66,FUORI_ATTRIBUTO,Ci sono tante piccole fratture.,Tante piccole fratture,Tante piccole fratture,2019,C0P,Q_09
67,FUORI_ATTRIBUTO,Si nota la presenza di ossidazione interna.,Presenza di ossidazione interna,Presenza di ossidazione interna,2019,C0I,TG_08
68,FUORI_ATTRIBUTO,"Ci sono troppe fessure, ma la pasta è buona.","Presenza di troppe fessure, pasta buona","Presenza di troppe fessure, pastirataa buona",2019,C0P,TG_08
69,FUORI_ATTRIBUTO,Presenta una fessura interna profonda.,Presenta una fessura interna profonda,Presenta una fessura interna profonda,2019,C0Q,TG_08
70,FUORI_ATTRIBUTO,Peccato per la fessura!,Peccato per fessura!,Peccato per fessura!,2019,C0Q,TG_24
71,FUORI_ATTRIBUTO,C'è una piccola fessura.,Piccola fessura,Piccola fessura,2019,C0Q,Q_09
72,ILLEGGIBILE,,Stiratura centrale,stiratairatura centrale,2019,C0G,TG_04
73,OK,"La pasta presenta microocchiature, che non penalizzano evidentemente la qualità del formaggio.","Vedo microcchiatura, essa, non penalizza troppo","Vedo microocchiaturarocchiatura, essa, non penalizza troppo",2019,C0H,TG_04
74,FUORI_ATTRIBUTO,C'è una fessura che deprezza.,Una fessura che deprezza,Una fessura che deprezza,2019,C0D,TG_08
75,FUORI_ATTRIBUTO,La superficie pare asciutta.,Pare asciutta,Pare asciutta,2019,C0Q,TG_19
76,FUORI_ATTRIBUTO,È stirata in un angolo sotto il scalzo e sotto il piatto.,Stirata in un angolo sotto scalzo e sotto piatto,stiratairata in un angolo sotto scalzo e sotto piatto,2019,C0E,Q_02
77,FUORI_ATTRIBUTO,È ruvida e gessata per un cm sotto i piatti e il scalzo.,Ruvida e gessata per un cm  sotto i piatti e scalzo,Ruvida e gessata per un cm  sotto i piatti e scalzo,2019,C0M,Q_02
78,ILLEGGIBILE,,Manca ne commentii cristalli,Manca ne commentii cristirataalli,2019,C0E,Q_09
79,FUORI_ATTRIBUTO,"Ci sono molti strappi, tre di 2-4 cm e altri più piccoli.",Molti strappi 3 di 2 -4cm altri più piccili,Molti stiratarappi 3 di 2 -4cm altri più piccili,2019,C0H,Q_09
80,ILLEGGIBILE,,Mo diffusa,Mo diffusa,2019,C0M,Q_09
81,ILLEGGIBILE,,Mo leggera,Mo leggera,2019,C0N,Q_09
82,OK,La pasta del campione presenta un'occhiatura centrale ben distribuita.,Occhiatura centrale diffusa.,Occhiatura centrale diffusa.,2019,C0C,TG_04
83,FUORI_ATTRIBUTO,È bello a frattura.,Bello a frattura. E basta,Bello a frattura. E bastirataa,2019,C0M,TG_04
84,OK,La pasta del campione presenta una grana omogenea con una leggera occhiatura che non penalizza.,Occhiatura leggera. Non penalizzano. Grana non fine ma omogenea,Occhiatura leggera. Non penalizzano. Grana non fine ma omogenea,2019,C0N,TG_04
85,FUORI_ATTRIBUTO,C'è una carolatura sotto un piatto.,Carolatura sotto un piatto,Carolatura sotto un piatto,2019,C0M,TG_19
86,ILLEGGIBILE,,Microocchitura concentrata al centro,microocchiaturaroocchitura concentrata al centro,2019,C0C,TG_28
87,OK,"Le diverse strutture della pasta sono ben separate, con una zona spugnosa al centro.","Le diverse strutture sono ben separate tra loro, zona spugnosa in centro","Le diverse stiratarutture sono ben separate tra loro, zona spugnosa in centro",2019,C0E,TG_28
88,OK,È presente una piccolissima zona stirata in periferia.,Piccolissima zona striata  in periferia,Piccolissima zona stiratariata  in periferia,2019,C0N,TG_28
89,OK,L'area centrale tende ad essere stirata.,Area centrale tendente allo stirato,Area centrale tendente allo stiratairato,2019,C0C,Q_02
90,OK,L'area presenta una pasta ruvida più che gessata.,Area con pasta ruvida più che gessata,Area con pastirataa ruvida più che gessata,2019,C0L,Q_02
91,OK,"La frattura radiale è diffusa al centro, con due fessure.",Frattura radiale mo diffusa al centro 2 fessure 2,Frattura radiale mo diffusa al centro 2 fessure 2,2019,C0N,Q_09
92,OK,La microocchiatura è scarsa.,Microocchitura  scarsa,microocchiaturaroocchitura  scarsa,2019,C0L,TG_26
93,OK,È presente una parte spugnosa vicino alla fessura e una zona stirata vicino al taglio.,Parte spugnosa vicino alla fessura e stirata vicino al taglio,Parte spugnosa vicino alla fessura e stiratairata vicino al taglio,2019,C0N,TG_28
94,OK,La pasta è ruvida al centro.,RUVIDA al centro,RUVIDA al centro,2019,C0D,Q_02
95,OK,"La stiratura non è fine ma discreta al centro, con microocchiature in zone disidratate tendenti al gessato.",Struttura non fine ma discreta al centro. Nella zona radiale microocchiatura in zone altresì disidratate tendenti al gessato,stirataruttura non fine ma discreta al centro. Nella zona radiale microocchiaturaroocchiatura in zone altresì disidratate tendenti al gessato,2019,C0M,TG_04
96,OK,È presente un'area spugnosa circoscritta.,Circoscritta area spugnosa,Circoscritta area spugnosa,2019,C0Q,TG_12
97,OK,La stiratura è a scaglie e non granulosa.,"Struttura a scaglie, non granulosa","stirataruttura a scaglie, non granulosa",2019,C0E,TG_14
98,OK,La microocchiatura è concentrata al centro.,Microcchiatura centrale,microocchiaturarocchiatura centrale,2019,C0C,TG_19
99,OK,La sottocrostatura è disidratata.,Sottocrosta disidratato,Sottocrostirataa disidratato,2019,C0M,TG_19
100,OK,L'aspetto della pasta è pastoso e la sottocrostatura è disidratata.,Aspetto pasta Sottocrosta disidratato,Aspetto pastirataa Sottocrostirataa disidratato,2019,C0Q,Q_09
101,FUORI_ATTRIBUTO,C'è una fessura di circa 5 cm.,Fessura di circa 5 cm,Fessura di circa 5 cm,2019,C0Q,TG_35
102,FUORI_ATTRIBUTO,C'è uno strappo centrale di 6 o 7 cm.,Strappo di 6o 7cm centrale,stiratarappo di 6o 7cm centrale,2019,C0C,Q_09
103,FUORI_ATTRIBUTO,"Il formaggio presenta una parte stirata con forti fratture e occhi di 2 o 3 mm, mentre dall'altro lato la grana è fine e regolare, con pasta asciutta sotto la crosta.","Molto diversa c'e una parte stirata con fratture forte e occhi di 2 o 3 mm, dall'altro lato la grana è fine regolare, sotto crosta la pasta appare asciutta","Molto diversa c'e una parte stiratairata con fratture forte e occhi di 2 o 3 mm, dall'altro lato la grana è fine regolare, sotto crostirataa la pastirataa appare asciutta",2019,C0L,Q_09
104,FUORI_ATTRIBUTO,"La microocchiatura è molto diffusa, con pasta sottocrosta asciutta e un aspetto gessato più evidente sotto lo scalzo.",Microocchiatura molto diffusa con pasta sottocrosta asciutta  aspetto gessati più evidente sotto lo scalzo,microocchiaturaroocchiatura molto diffusa con pastirataa sottocrostirataa asciutta  aspetto gessati più evidente sotto lo scalzo,2019,C0M,Q_09
105,FUORI_ATTRIBUTO,Ci sono occhi di 2 o 3 mm in una zona di 4 o 5 cm delimitata da piccole fratture.,Occhi di 2 o 3 mm zona a 4 o 5 cm da un piatto delimitata da piccole fratture,Occhi di 2 o 3 mm zona a 4 o 5 cm da un piatto delimitata da piccole fratture,2019,C0O,Q_09
106,FUORI_ATTRIBUTO,C'è uno strappo di 5 cm.,Strappo 5 cm,stiratarappo 5 cm,2019,C0Q,Q_09
107,CONFORME,"La microocchiatura è presente in quantità limitata, senza compromettere la qualità complessiva del campione.",Poca microcchiatura. Non penalizzo,Poca microocchiaturarocchiatura. Non penalizzo,2019,C0N,TG_04
108,FUORI_ATTRIBUTO,"Tutto il sottocrosta è secco, disidratato e ha un aspetto quasi gessato.","Tutto il sottocrosta è secco, disidratato, quasi gessata","Tutto il sottocrostirataa è secco, disidratato, quasi gessata",2019,C0Q,TG_04
109,FUORI_ATTRIBUTO,La parte sotto la crosta è disidratata.,Disidratata sotto crosta,Disidratata sotto crostirataa,2019,C0M,TG_19
110,FUORI_ATTRIBUTO,Il formaggio è disidratato.,Disidratata...,Disidratata...,2019,C0M,TG_24
111,FUORI_ATTRIBUTO,C'è una forte disidratazione.,Disidratazione forte,Disidratazione forte,2019,C0O,TG_24
112,FUORI_ATTRIBUTO,Il formaggio è disidratato e sembra duro.,Disidratata e sembra dura!,Disidratata e sembra dura!,2019,C0Q,TG_24
113,FUORI_ATTRIBUTO,C'è un occhio all'interno della fessura.,Occhio all'interno della fessura,Occhio all'interno della fessura,2019,C0C,TG_28
114,FUORI_ATTRIBUTO,"La microocchiatura di carico è di 3 mm, concentrata in una fascia appena sotto un piatto.",Microocchiatura di carico 3 mm concentrata tutta in una fascia appena sotto un piatto,microocchiaturaroocchiatura di carico 3 mm concentrata tutta in una fascia appena sotto un piatto,2019,C0O,TG_28
115,FUORI_ATTRIBUTO,C'è una fessura di 6 cm.,Fessura da 6 cm,Fessura da 6 cm,2019,C0C,TG_35
116,FUORI_ATTRIBUTO,"Ci sono numerosi occhi localizzati, piccoli e medi, di cui uno da 5 mm.","Numerosi occhi localizzati, piccoli e medio piccoli, di cui un da 5mm","Numerosi occhi localizzati, piccoli e medio piccoli, di cui un da 5mm",2019,C0L,TG_35
117,FUORI_ATTRIBUTO,"Una fessura su uno scalzo ha fatto ridisegnare il siero, che si è annerito.",Una fessura su uno scalzo ha fatto ridisegnare il siero che si è annerito,Una fessura su uno scalzo ha fatto ridisegnare il siero che si è annerito,2019,C0M,TG_35
118,FUORI_ATTRIBUTO,"Ci sono molte fratture di piccole dimensioni, una delle quali è di 3 cm.","Molte frattura di piccole dimensioni, una da 3 cm","Molte frattura di piccole dimensioni, una da 3 cm",2019,C0O,TG_35
119,FUORI_ATTRIBUTO,La pasta è disidratata sotto gli scalzi.,Pasta disidratata sotto gli scalzi,Pastirataa disidratata sotto gli scalzi,2019,C0M,Q_09
120,FUORI_ATTRIBUTO,C'è una zona sottocrosta disidratata e un'altra zona secca con muffa.,"1 zona sottocrosta disidratata. Più  una zona disidratata, secca e muffa","1 zona sottocrostirataa disidratata. Più  una zona disidratata, secca e muffa",2019,C0M,TG_04
121,FUORI_ATTRIBUTO,C'è un difetto nella pasta su un lato.,Difetto pasta su di un lato,Difetto pastirataa su di un lato,2019,C0M,TG_11
122,FUORI_ATTRIBUTO,C'è una strana anomalia tipo tara o muffa su uno scalzo.,Strana anomalia tipo tara/muffa su uno scalzo,stiratarana anomalia tipo tara/muffa su uno scalzo,2019,C0M,TG_12
123,FUORI_ATTRIBUTO,Il formaggio è disidratato.,Disidratata,Disidratata,2019,C0B,TG_19
124,FUORI_ATTRIBUTO,C'è muffa sotto la crosta.,Muffa sotto scalzo,Muffa sotto scalzo,2019,C0M,TG_19
125,FUORI_ATTRIBUTO,Presenta alcune parti bruciate.,Sporca bruciata in parte,Sporca bruciata in parte,2019,C0M,TG_24
126,FUORI_ATTRIBUTO,È disidratata in alcune zone.,Disidratata a zone,Disidratata a zone,2019,C0H,TG_19
127,FUORI_ATTRIBUTO,La zona sottocrosta è gessata.,Zona sottocrosta gessata,Zona sottocrostirataa gessata,2019,C0H,Q_09
128,OK,"La pasta del campione presenta una grana ruvida in un'area centrale, evidenziando una disomogeneità nella struttura.",Pasta tendente al RUVIDO in una area centrale,Pastirataa tendente al RUVIDO in una area centrale,2019,C0F,Q_02
129,FUORI_ATTRIBUTO,C'è una fessura di 3 cm.,Fessura di 3cm,Fessura di 3cm,2019,C0P,TG_35
130,OK,"La presenza di numerosi cristalli di tirosina è evidente, contribuendo a una buona friabilità della pasta.",Tantissimi punti di tirosina,Tantissimi punti di tirosina,2019,C0E,TG_04
131,OK,"La frattura del campione non è completamente regolare, mostrando alcune irregolarità.",Non regolarissima la frattura,Non regolarissima la frattura,2019,C0N,TG_04
132,OK,"Il centro presenta una buona struttura stirata e fine, mentre ai bordi la frattura è pessima.",Centro buona struttura fine. Ai bordi diversa. Frattura pessima,Centro buona stirataruttura fine. Ai bordi diversa. Frattura pessima,2019,C0R,TG_04
133,FUORI_ATTRIBUTO,È grassa.,Grassa,Grassa,2019,C0N,TG_13
134,OK,"Il campione presenta una fessura e un piccolo occhio, evidenziando una certa variabilità nella pasta.",1 fessura e un piccolo occhio,1 fessura e un piccolo occhio,2020,C0Q,TG_04
135,OK,"Un occhio di 5mm è presente, accompagnato da piccole fessure, mostrando una certa disomogeneità.",Un dell'occhio 5mm fessure piccole,Un dell'occhio 5mm fessure piccole,2020,C0Q,TG_14
136,OK,"È presente un occhio al centro della pasta, contribuendo alla varietà della struttura.",Presenza di un occhio al centro della pasta,Presenza di un occhio al centro della pastirataa,2020,C0Q,TG_20
137,OK,"Un occhio centrale di 2 cm di diametro è evidente, mostrando una buona occhiatura.",1 occhio centrale 2 cm diametro,1 occhio centrale 2 cm diametro,2020,C0C,Q_09
138,OK,"Una serie di fessure è presente sotto un piatto, indicando una certa fragilità della pasta.",Serie di fessure sotto un piatto,Serie di fessure sotto un piatto,2020,C0D,Q_09
139,OK,"Fessure che interessano mezzo piatto e un angolo, con una fitta microocchiatura localizzata.","Fessure che interessano mezzo  piatto e un angolo , fitta micro Occhiatura localizzata","Fessure che interessano mezzo  piatto e un angolo , fitta microocchiaturaro Occhiatura localizzata",2020,C0H,Q_09
140,OK,Numerosi segni di stiratura sono visibili sia sotto un piatto che verso gli scalzi.,Molti strani sia sotto un piatto che verso gli scazi,Molti stiratarani sia sotto un piatto che verso gli scazi,2020,C0I,Q_09
141,FUORI_ATTRIBUTO,Presenta una fessura molto fine che non è stata valutata.,"Presenta una fessura molto fine che non no valutato ,","Presenta una fessura molto fine che non no valutato ,",2020,C0E,TG_08
142,FUORI_ATTRIBUTO,L'aspetto è molto asciutto.,Aspetto molto asciutto,Aspetto molto asciutto,2020,C0E,TG_12
143,FUORI_ATTRIBUTO,È completamente stirata.,Totalmente stirata,Totalmente stiratairata,2020,C0M,TG_12
144,FUORI_ATTRIBUTO,È poco granulosa.,Poco granulosa,Poco granulosa,2020,C0C,TG_14
145,FUORI_ATTRIBUTO,Ci sono fessure.,Fessure,Fessure,2020,C0H,TG_20
146,FUORI_ATTRIBUTO,Ci sono fessure.,Fessure,Fessure,2020,C0I,TG_20
147,CONFORME,"Il campione presenta un aspetto visivamente gradevole, conforme agli standard di qualità.",Molto bella,Molto bella,2020,C0E,TG_24
148,FUORI_ATTRIBUTO,C'è un taglio molto superficiale al centro.,Presenta un taglio molto superficiale in centro,Presenta un taglio molto superficiale in centro,2020,C0E,TG_28
149,FUORI_ATTRIBUTO,Le zone a grana grossolana sono molto limitate.,Le zone a grana grossolana sono molto limitate,Le zone a grana grossolana sono molto limitate,2020,C0I,TG_28
150,FUORI_ATTRIBUTO,C'è uno strappo centrale di 5 cm.,1 strappo centrale 5cm,1 stiratarappo centrale 5cm,2020,C0L,Q_09
151,FUORI_ATTRIBUTO,"Presenta un occhio di 3 mm e un gruppo di occhi a grappolo centrale, con molti strappi.","Occhio di 3 mm e gruppo di occhi  a grappolo centrale, molt strappi , chi dimenticato le PERLE","Occhio di 3 mm e gruppo di occhi  a grappolo centrale, molt stiratarappi , chi dimenticato le PERLE",2020,C0O,Q_09
152,FUORI_ATTRIBUTO,Sembra non avere struttura in diverse zone e non è grandioso; è compatto.,Sembra non abbia struttura in diverse zone. Non grandioso. Compatto,Sembra non abbia stirataruttura in diverse zone. Non grandioso. Compatto,2020,C0B,TG_04
153,FUORI_ATTRIBUTO,È stirata al centro.,Stirata al centro,stiratairata al centro,2020,C0C,TG_04
154,FUORI_ATTRIBUTO,È un po' grossolana e ha un taglio al centro.,Un pochetto grossolana. Taglio al centro,Un pochetto grossolana. Taglio al centro,2020,C0L,TG_04
155,FUORI_ATTRIBUTO,C'è una piccola fessurazione.,Una piccola fessurazione,Una piccola fessurazione,2020,C0C,TG_12
156,FUORI_ATTRIBUTO,Ci sono difetti leggeri.,Difetti leggeri,Difetti leggeri,2020,C0C,TG_14
157,FUORI_ATTRIBUTO,Il formaggio è quasi privo di grana.,Quasi senza grana,Quasi senza grana,2020,C0C,TG_19
158,FUORI_ATTRIBUTO,Il difetto è più evidente nel centro.,Nel centro soprattutto,Nel centro soprattutto,2020,C0F,TG_19
159,FUORI_ATTRIBUTO,C'è un alone centrale.,Alone centrale,Alone centrale,2020,C0L,TG_19
160,FUORI_ATTRIBUTO,La grana è grassa.,Grana grassa,pasta pastosa,2020,C0N,TG_19
161,FUORI_ATTRIBUTO,Ci sono alcune piccole fessure.,Purtroppo  qualche piccola fessura,Purtroppo  qualche piccola fessura,2020,C0B,TG_24
162,FUORI_ATTRIBUTO,C'è una leggera fessura.,Fessura leggera 1,Fessura leggera 1,2020,C0L,TG_24
163,FUORI_ATTRIBUTO,Probabilmente c'è un occhio con ristagno di siero.,Probabilmente c'è un occhio con ristagno di siero,Probabilmente c'è un occhio con ristirataagno di siero,2020,C0N,TG_28
164,FUORI_ATTRIBUTO,Ci sono due fessure di 3 e 4 cm.,2 fessure di 3 e 4 cm,2 fessure di 3 e 4 cm,2020,C0B,TG_35
165,FUORI_ATTRIBUTO,C'è una piccola fessura di 4 cm.,Piccola fessura di 4 cm,Piccola fessura di 4 cm,2020,C0L,TG_35
166,FUORI_ATTRIBUTO,Ci sono due piccole fessure di 1 cm.,2 piccole fessure di 1 cm,2 piccole fessure di 1 cm,2020,C0N,TG_35
167,FUORI_ATTRIBUTO,La superficie è ruvida.,Ruvida,Ruvida,2020,C0Q,Q_02
168,FUORI_ATTRIBUTO,Non considero troppo rilevante la lieve microcchiatura non diffusa.,Non do troppo peso a la lieve non diffusa microcchiatura,Non do troppo peso a la lieve non diffusa microocchiaturarocchiatura,2020,C0A,TG_04
169,FUORI_ATTRIBUTO,"In alcuni punti, verso uno scalzo, la grana non è formata.","In certi punti, verso uno scalzo, grana non formata","In certi punti, verso uno scalzo, grana non formata",2020,C0A,TG_04
170,OK,"La pasta presenta una grana di media dimensione, equilibrata e ben distribuita.",Grana media,Grana media,2020,C0P,TG_19
171,FUORI_ATTRIBUTO,La grana è molto grossolana.,Grana molto grossolana,Grana molto grossolana,2020,C0A,TG_20
172,FUORI_ATTRIBUTO,In alcuni punti sembra meno fine e meno evoluta.,"In alcuni punti sembra meno fine, meno evoluta","In alcuni punti sembra meno fine, meno evoluta",2020,C0G,TG_04
173,FUORI_ATTRIBUTO,La microcchiatura è limitata.,Microcchiatura limitata,microocchiaturarocchiatura limitata,2020,C0C,TG_04
174,FUORI_ATTRIBUTO,Ci sono pochissime piccole fratture che penalizzano.,"Pochissime piccole fratture, penalizzano","Pochissime piccole fratture, penalizzano",2020,C0Q,TG_04
175,FUORI_ATTRIBUTO,La striatura è solo leggermente presente.,Striata solo leggermente,stiratariata solo leggermente,2020,C0D,TG_24
176,FUORI_ATTRIBUTO,È leggermente stirata e ha poca grana.,Leggermente  stirata e poca grana,Leggermente  stiratairata e poca grana,2020,C0M,TG_24
177,FUORI_ATTRIBUTO,Sono presenti numerose sfoglie e spacchi.,Presenti numerose sfoglie e spacchi,Presenti numerose sfoglie e spacchi,2020,C0Q,TG_13
178,FUORI_ATTRIBUTO,La consistenza è poco granulosa.,Poco granulosa,Poco granulosa,2020,C0M,TG_14
179,FUORI_ATTRIBUTO,Ci sono piccole aree spagnole al centro.,Piccole aree spagnole al centro,Piccole aree spagnole al centro,2020,C0A,TG_35
180,FUORI_ATTRIBUTO,Ci sono zone grasse e zone secche.,"A zone grassa, a zone secca","A zone grassa, a zone secca",2020,C0G,TG_19
181,FUORI_ATTRIBUTO,Il formaggio è molto secco e disidratato.,"Molto secca, disidratata","Molto secca, disidratata",2020,C0Q,TG_19
182,FUORI_ATTRIBUTO,Ci sono 2 punti con grappoli di occhi e piccoli ammassi bianchi.,2 punti con grappoli di occhi con piccoli ammassi bianchi,2 punti con grappoli di occhi con piccoli ammassi bianchi,2020,C0C,Q_09
183,FUORI_ATTRIBUTO,Si notano molte piccole fratture centrali e sotto un piatto.,Molte piccole fratture centrali e sotto un piatto,Molte piccole fratture centrali e sotto un piatto,2020,C0Q,Q_09
184,FUORI_ATTRIBUTO,Sono presenti fratture sotto un piatto.,Vuole fratture sotto un piatto,Vuole fratture sotto un piatto,2020,C0L,Q_09
185,FUORI_ATTRIBUTO,Ci sono dei buchi problematici.,Presente dei buchi problematici,Presente dei buchi problematici,2020,C0C,TG_08
186,FUORI_ATTRIBUTO,C'è un occhio di oltre 2 cm e una micro occhiatina diffusa.,Occhio di oltre 2 cm e micro occhiatina diffusa,Occhio di oltre 2 cm e microocchiaturaro occhiatina diffusa,2020,C0C,TG_35
187,FUORI_ATTRIBUTO,Ci sono più fessure da 1 e 2 cm solo in prossimità di un piatto.,Più fessure da 1 e 2 cm solo in prossimità di un piatto,Più fessure da 1 e 2 cm solo in prossimità di un piatto,2020,C0Q,TG_35
188,FUORI_ATTRIBUTO,"C'è un occhio di circa 2,5 cm con siero e un agglomerato di cristalli, insieme a occhi più piccoli ma uniti sul taglio centrale.","Occhio di circa 2,5 cm con all'interno siero e un agglomerato di quelli che sembrano cristalli. Altro insieme di occhi più piccoli ma tutti uniti proprie sul taglio centrale","Occhio di circa 2,5 cm con all'interno siero e un agglomerato di quelli che sembrano cristirataalli. Altro insieme di occhi più piccoli ma tutti uniti proprie sul taglio centrale",2020,C0C,TG_28
189,ILLEGGIBILE,,Stirata al centro,stiratairata al centro,2020,C0M,TG_04
190,OK,"La struttura presenta una buona stiratura al centro, con microocchiature ben distribuite.","Anche bella la struttura, ma microcchiatura diffusa","Anche bella la stirataruttura, ma microocchiaturarocchiatura diffusa",2020,C0L,TG_04
191,FUORI_ATTRIBUTO,Sotto un piatto ci sono piccoli strappi in serie.,Sotto un piatto piccoli strappi in serie,Sotto un piatto piccoli stiratarappi in serie,2020,C0C,Q_09
192,FUORI_ATTRIBUTO,Sotto un piatto ci sono piccoli strappi in serie.,Sotto un piatto piccoli strappi in serie,Sotto un piatto piccoli stiratarappi in serie,2020,C0Q,Q_09
193,OK,"La grana è bella, ma i tagli e le microocchiature penalizzano la qualità complessiva.","La grana é anche bella, ma tagli e microcchiature penalizzano","La grana é anche bella, ma tagli e microocchiaturarocchiature penalizzano",2020,C0B,TG_04
194,ILLEGGIBILE,,Struttura a tratti inesistente,stirataruttura a tratti inesistirataente,2020,C0O,TG_04
195,OK,"La modellatura è lieve e limitata, contribuendo a una buona uniformità della pasta.","Modellatura lieve, limitata","Modellatura lieve, limitata",2020,C0Q,TG_04
196,FUORI_ATTRIBUTO,Forse ci sono alcune fessure.,Forse qualche fessura,Forse qualche fessura,2020,C0B,TG_08
197,FUORI_ATTRIBUTO,La zona centrale è distinta.,Zona centrale distinta,Zona centrale distiratainta,2020,C0D,TG_19
198,FUORI_ATTRIBUTO,C'è una zona più asciutta.,Zona più asciutta,Zona più asciutta,2020,C0Q,TG_19
199,FUORI_ATTRIBUTO,La grana è poca.,Poca grana,Poca grana,2020,C0C,TG_24
200,ILLEGGIBILE,,Storpiatura legger,stirataorpiatura legger,2020,C0D,TG_24
201,FUORI_ATTRIBUTO,C'è una zona spagnola di circa 6x3 cm quasi al centro.,Zona spagnola di circa 6x3 cm quasi in centro,Zona spugnosa di circa 6x3 cm quasi in centro,2020,C0D,TG_28
202,FUORI_ATTRIBUTO,"Al tatto, il formaggio è molto asciutto, quasi secco.","Al tatto è molto asciutta,quasi secca","Al tatto è molto asciutta,quasi secca",2020,C0O,TG_28
203,FUORI_ATTRIBUTO,La superficie è ruvida.,Ruvida,Ruvida,2020,C0F,Q_02
204,FUORI_ATTRIBUTO,"C'è un grande occhio subito sotto la superficie, dove è stato tolto un pezzo di pasta.",Grande occhio subito sotto la superficie dove era stato tolto un pezzo di pasta,Grande occhio subito sotto la superficie dove era stirataato tolto un pezzo di pastirataa,2020,C0N,Q_09
205,FUORI_ATTRIBUTO,Grana tipo parmigiano. Le fatture me la fanno penalizzare. Altrimenti bella,Grana tipo parmigiano. Le fatture me la fanno penalizzare. Altrimenti bella,Grana tipo parmigiano. Le fatture me la fanno penalizzare. Altrimenti bella,2020,C0F,TG_04
206,ILLEGGIBILE,,L'occhio  di Sauron,L'occhio  di Sauron,2020,C0N,TG_04
207,OK,In punti limitati la buona grana sembra meno sviluppata.,In punti limitati la buona grana sembra  meno sviluppata,In punti limitati la buona grana sembra  meno sviluppata,2020,C0P,TG_04
208,OK,"Vedo microocchiatura, ma in zone molto limitate.","Vedo microocchiatura, ma in zone molto limitate","Vedo microocchiaturaroocchiatura, ma in zone molto limitate",2020,C0Q,TG_04
209,FUORI_ATTRIBUTO,Si osserva un'enorme cavità al centro.,Enorme cavità al centro,Enorme cavità al centro,2020,C0N,TG_12
210,FUORI_ATTRIBUTO,C'è un grosso occhio con siero.,Grosso occhio con siero,Grosso occhio con siero,2020,C0N,TG_14
211,FUORI_ATTRIBUTO,Si nota una prova di grana.,Prova di grana,Prova di grana,2020,C0Q,TG_14
212,OK,Microocchitura leggera.,Microocchitura leggera,microocchiaturaroocchitura leggera,2020,C0F,TG_24
213,FUORI_ATTRIBUTO,"L'occhio centrale è molto profondo, circa 3 cm, con ristagno di siero e un'ampia zona spugnosa attorno.",Occhio centrale molto fondo di ca 3 cm con ristagno di siero. Attorno all'occhio c'è un'ampia zona spugnosa,Occhio centrale molto fondo di ca 3 cm con ristirataagno di siero. Attorno all'occhio c'è un'ampia zona spugnosa,2020,C0N,TG_28
214,FUORI_ATTRIBUTO,"Ci sono due aree spagnole di circa 2,5 cm.","Due aree spagnole di circa 2,5 cm","Due aree spagnole di circa 2,5 cm",2020,C0P,TG_28
215,OK,"Due piccole aree spagnole in centro con microocchiatura raggruppati. Nel resto della forma, la microocchiatura è più distanziata.","Due piccole aree spagnole in centro con Microocchiatura raggruppati. Nel resto della forma, la Microocchiatura è più distanziata","Due piccole aree spagnole in centro con microocchiaturaroocchiatura raggruppati. Nel restiratao della forma, la microocchiaturaroocchiatura è più distirataanziata",2020,C0Q,TG_28
216,FUORI_ATTRIBUTO,C'è un grande occhio centrale di circa 4 cm.,Grande occhio centrale di circa 4cm,Grande occhio centrale di circa 4cm,2020,C0N,TG_35
217,FUORI_ATTRIBUTO,Si intravede l'occhio centrale.,Occhio centrale si intravede,Occhio centrale si intravede,2020,C0C,Q_09
218,OK,Tante piccole fratture di 1 o 2 cm su tutta la superficie.,Tante piccole fratture di 1 o 2 cm  su tutta la superficie,Tante piccole fratture di 1 o 2 cm  su tutta la superficie,2020,C0I,Q_09
219,OK,"Grana anche buona, ma piena di tagli.","Grana anche buona, ma piena di tagli","Grana anche buona, ma piena di tagli",2020,C0I,TG_04
220,FUORI_ATTRIBUTO,La struttura verso gli scalzi è diversa rispetto al centro.,La struttura verso gli scalzi è  diversa dal centro,La stirataruttura verso gli scalzi è  diversa dal centro,2020,C0P,TG_04
221,FUORI_ATTRIBUTO,C'è un'enorme quantità di fessurazioni.,Enorme quantità di fessurazioni,Enorme quantità di fessurazioni,2020,C0I,TG_12
222,FUORI_ATTRIBUTO,La consistenza non è granulosa.,Non granulosa,Non granulosa,2020,C0I,TG_14
223,OK,"La pasta appare leggermente poco regolare, ma mantiene una buona struttura generale.",Leggermente  poco regolare....,Leggermente  poco regolare....,2020,C0A,TG_24
224,FUORI_ATTRIBUTO,"Si notano leggere striature e microocchiature, oltre a una frattura.",Leggere sia striature che microocchiature...una frattura,Leggere sia stiratariature che microocchiaturaroocchiature...una frattura,2020,C0C,TG_24
225,FUORI_ATTRIBUTO,Ci sono troppe fessure!,Troppe fessure!,Troppe fessure!,2020,C0I,TG_24
226,FUORI_ATTRIBUTO,"C'è un occhio di calore di 5 mm al centro, circondato da una zona spugnosa.","Occhio di calore 5 mm in centro, circondato da zona spugnosa","Occhio di calore 5 mm in centro, circondato da zona spugnosa",2020,C0C,TG_28
227,FUORI_ATTRIBUTO,"Le fessure sono così numerose da seguire la forma tagliata su tutta la superficie, con grana grossolana in alcuni punti.","Le fessure sono tante da far se!veste la forma tagliata su tutta la superficie, la grana è grossolana in alcuni punti","Le fessure sono tante da far se!vestiratae la forma tagliata su tutta la superficie, la grana è grossolana in alcuni punti",2020,C0I,TG_28
228,FUORI_ATTRIBUTO,C'è un occhio di quasi 1 cm.,Un occhio da quasi 1 cm,Un occhio da quasi 1 cm,2020,C0C,TG_35
229,FUORI_ATTRIBUTO,La forma è troppo ascritta e ci sono numerosissime piccole fessure su tutta la superficie.,"Forma troppo ascritta, segnalo numerosissime piccole fessure su tutta la superficie","Forma troppo ascritta, segnalo numerosissime piccole fessure su tutta la superficie",2020,C0I,TG_35
230,FUORI_ATTRIBUTO,C'è una grande area spagnola centrale.,Grande area spagnola centrale,Grande area spugnosa centrale,2020,C0N,TG_35
231,FUORI_ATTRIBUTO,La superficie è ruvida.,Ruvida,Ruvida,2020,C0D,Q_02
232,FUORI_ATTRIBUTO,Microocchiatura ridotta.,Microocchiatura ridotta,microocchiaturaroocchiatura ridotta,2020,C0D,TG_04
233,FUORI_ATTRIBUTO,"In un quinto della sezione, il grana non è sviluppato.","In un quinto della sezione, grana non sviluppata","In un quinto della sezione, grana non sviluppata",2020,C0N,TG_04
234,FUORI_ATTRIBUTO,Assenza di grana.,Assenza di grana,Assenza di grana,2020,C0M,TG_12
235,CONFORME,"La pasta del campione presenta una grana compatta e uniforme, con microocchiature ben distribuite e angoli leggermente arrotondati, evidenziando una buona friabilità e la presenza di cristalli di tirosina.",Abbastanza regolare e anche grana ben presente,Abbastirataanza regolare e anche grana ben presente,2020,C0A,TG_24
236,FUORI_ATTRIBUTO,Microocchitura estesa.,Microocchitura  estesa!!!!!!,microocchiaturaroocchitura  estirataesa!!!!!!,2020,C0M,TG_24
237,FUORI_ATTRIBUTO,Assistenza di grana nella parte centrale.,Assistenza di grana nella parte centrale,Assistirataenza di grana nella parte centrale,2020,C0M,TG_35
238,FUORI_ATTRIBUTO,Sotto un piatto ci sono piccole fratture in serie.,Sotto un piatto piccole fratture in serie,Sotto un piatto piccole fratture in serie,2020,C0H,Q_09
239,FUORI_ATTRIBUTO,Fitta microocchiatura centrale con piccoli strappi.,Fitta microocchiatura centrale con piccoli strappi,Fitta microocchiaturaroocchiatura centrale con piccoli stiratarappi,2020,C0N,Q_09
240,FUORI_ATTRIBUTO,Struttura non riuscita.,Struttura non riuscita,stirataruttura non riuscita,2020,C0A,TG_04
241,FUORI_ATTRIBUTO,Grossolani e disomogeneo.,Grossolani disomogeneo,Grossolani disomogeneo,2020,C0C,TG_04
242,FUORI_ATTRIBUTO,"Struttura immatura, disomogenea e non compiuta.","Struttura immatura, disomogenea, non compiuta","stirataruttura immatura, disomogenea, non compiuta",2020,C0M,TG_04
243,FUORI_ATTRIBUTO,Grossa fenditura centrale.,Grossa fenditura centrale,Grossa fenditura centrale,2020,C0N,TG_12
244,FUORI_ATTRIBUTO,Leggera striatura presente.,Anche leggera striatura,Anche leggera stiratariatura,2020,C0A,TG_24
245,FUORI_ATTRIBUTO,Una piccola fessura.,1 fessura piccolal,1 fessura piccolal,2020,C0M,TG_24
246,FUORI_ATTRIBUTO,La frattura è anche un po' irregolare.,Anche un po'  irregolare  la frattura,Anche un po'  irregolare  la frattura,2020,C0P,TG_24
247,OK,"La microocchiatura è particolarmente presente in una zona e in un angolo, nel sottocrosta stirata.","Microocchiatura particolarmente presente in una zona e in un angolo, nel Sottocrosta","microocchiaturaroocchiatura particolarmente presente in una zona e in un angolo, nel Sottocrostirataa",2020,C0H,TG_28
248,OK,La microocchiatura è centrale.,Microocchitura centrale,microocchiaturaroocchitura centrale,2020,C0D,Q_09
249,OK,Il campione tende allo stirato.,Tende allo stirato,Tende allo stiratairato,2020,C0C,TG_04
250,FUORI_ATTRIBUTO,Non è perfettamente omogenea; le microocchiature centrali penalizzano.,Non perfettamente omogenea. Le microocchitura centrali penalizzano,Non perfettamente omogenea. Le microocchiaturaroocchitura centrali penalizzano,2020,C0D,TG_04
251,OK,"La stiratura è presente al centro, più riuscita altrove, ma mai fine.","Striata al centro . Più  riuscita altrove, per me mai fine","stiratariata al centro . Più  riuscita altrove, per me mai fine",2020,C0E,TG_04
252,CONFORME,Il campione si distingue per una buona regolarità e omogeneità nella sua struttura.,Abbastanza regolare ed omogenea,Abbastirataanza regolare ed omogenea,2020,C0G,TG_04
253,OK,"A tratti quasi fine, ma in altri punti la grana non è sviluppata. Presente una fessura.","A tratti quasi fine, ma in altri punti grana non sviluppata. 1 fessura solo","A tratti quasi fine, ma in altri punti grana non sviluppata. 1 fessura solo",2020,C0P,TG_04
254,FUORI_ATTRIBUTO,Peccato per le microocchiature.,Peccato le microcchiature,Peccato le microocchiaturarocchiature,2020,C0Q,TG_04
255,OK,La microocchiatura è diffusa.,Microocchiatura diffusa,microocchiaturaroocchiatura diffusa,2020,C0Q,TG_14
256,OK,Una piccola zona presenta grana molto fine.,Una piccola zona con grana molto fine,Una piccola zona con grana molto fine,2020,C0C,TG_28
257,OK,La fascia centrale presenta microocchiature che la rendono spugnosa.,Fascia centrale con microocchiatura che la rende spugnosa,Fascia centrale con microocchiaturaroocchiatura che la rende spugnosa,2020,C0D,TG_28
258,OK,La zona presenta grana molto grossolana.,Zona con grana molto grossolana,Zona con grana molto grossolana,2020,C0Q,TG_28
259,OK,È presente qualche piccolissimo occhio.,Presenza di qualche piccolissimo occhio,Presenza di qualche piccolissimo occhio,2020,C0E,TG_35
260,OK,Sono presenti piccole fessure sotto un piatto.,Piccole fessure sotto un piatto,Piccole fessure sotto un piatto,2020,C0Q,Q_09
261,ILLEGGIBILE,,Microcchiatura,microocchiaturarocchiatura,2020,C0F,TG_04
262,ILLEGGIBILE,,Microocchiature in striscia sottile,microocchiaturaroocchiature in stiratariscia sottile,2020,C0I,TG_04
263,FUORI_ATTRIBUTO,"Mezza forma è anche carina, l'altra metà è un disastro.",Mezza forma anche bellina. L'altra  metà  un disastro,Mezza forma anche bellina. L'altra  metà  un disastirataro,2020,C0L,TG_04
264,OK,"La pasta del campione presenta una grana compatta e uniforme, con microocchiature ben distribuite, evidenziando una buona friabilità.",Bella ma variamente microocchiata,Bella ma variamente microocchiaturaroocchiata,2020,C0Q,TG_04
265,OK,La pasta presenta fessurazioni su una parte della forma che compromettono una struttura stirata che sarebbe altrimenti buona.,Spacchi fessure su una parte della forma rovinano una struttura che sarebbe buona,Spacchi fessure su una parte della forma rovinano una stirataruttura che sarebbe buona,2020,C0I,TG_13
266,OK,"La forma è divisa a metà, con una parte che mostra una grana grossa regolare e una stirata con occhi e fessure.","Divisa a metà, una parte grana grossa regolare una stirata con occhi, fessure","Divisa a metà, una parte grana grossa regolare una stiratairata con occhi, fessure",2020,C0L,TG_13
267,OK,La pasta presenta segni di disidratazione e alcune fessurazioni.,Disidratazione e qualche fessura!!!,Disidratazione e qualche fessura!!!,2020,C0I,TG_24
268,OK,La pasta presenta fessurazioni.,Fessure!!!!,Fessure!!!!,2020,C0Q,TG_24
269,CONFORME,"Il campione presenta una qualità nella media, conforme agli standard attesi.",Scarsa,Scarsa,2020,C0D,TG_26
270,OK,Una grande area spugnosa copre la parte centrale del formaggio.,Grande area spinosa che copre la parte centrale del formggio,Grande area spugnosa che copre la parte centrale del formggio,2020,C0F,TG_35
271,OK,"Sono presenti molti piccoli occhi da circa 3-4 mm, perlopiù su metà forma.",Molti piccoli occhi da circa 3-4 mm perlopiù su meta forma,Molti piccoli occhi da circa 3-4 mm perlopiù su meta forma,2020,C0L,TG_35
272,OK,La parte centrale del campione è pessima.,Pessima la parte centrale,Pessima la parte centrale,2020,C0C,TG_04
273,OK,La presenza di fratture è un peccato.,Peccato la frattura,Peccato la frattura,2020,C0G,TG_04
274,OK,"La pasta è molto irregolare, con una struttura che varia dall'inesistente al grossolano.",Molto irregolare. Struttura dall'inesistente al grossolano,Molto irregolare. stirataruttura dall'inesistirataente al grossolano,2020,C0M,TG_04
275,OK,"La microocchiatura è lieve, ma non trascurabile. È un peccato.","Lieve, ma non trascurabile la micro occhiatura . Peccato","Lieve, ma non trascurabile la microocchiaturaro occhiatura . Peccato",2020,C0Q,TG_04
276,OK,La microocchiatura è appena visibile.,Microocchiatura appena visibile,microocchiaturaroocchiatura appena visibile,2020,C0Q,TG_12
277,OK,La pasta è poco granulosa.,Poco granulosa,Poco granulosa,2020,C0C,TG_14
278,OK,"Nel commento si fa riferimento a disidratazione, che è più evidente nei piatti.",Nel commento sottoscala disidratato intendo disidratazione però  più  nei piatti,Nel commento sottoscala disidratato intendo disidratazione però  più  nei piatti,2020,C0A,TG_24
279,OK,"Sono presenti fessure leggere nella pasta, che appare stirata.",Fessure leggere! Stirata?,Fessure leggere! stiratairata?,2020,C0C,TG_24
280,OK,La pasta presenta poca grana.,Poca grana,Poca grana,2020,C0M,TG_24
281,FUORI_ATTRIBUTO,Zone spagnole molto estese al centro della forma.,Zone spagnole molto estese al centro della forma,Zone spagnole molto estirataese al centro della forma,2020,C0M,TG_28
282,FUORI_ATTRIBUTO,Fessura con crepe e segno esterno in corrispondenza dell'ago.,Fessura con crepe con segno esterno in corrispondenza ago?,Fessura con crepe con segno estirataerno in corrispondenza ago?,2020,C0I,Q_09
283,OK,"La pasta presenta occhi di 1 o 2 mm molto diffusi su un lato, mentre sono più piccoli e concentrati al centro nell'altro.",Occhi di 1 o 2 mm molto diffusi su un lato più piccoli e più concentrati al centro nell'altro,Occhi di 1 o 2 mm molto diffusi su un lato più piccoli e più concentrati al centro nell'altro,2020,C0R,Q_09
284,FUORI_ATTRIBUTO,A tratti è proprio non sviluppata e piatta.,"A tratti proprio non sviluppata, piatta","A tratti proprio non sviluppata, piatta",2020,C0I,TG_04
285,FUORI_ATTRIBUTO,C'è una sola fessura.,1 fessura sola,1 fessura sola,2020,C0P,TG_04
286,FUORI_ATTRIBUTO,C'è un'enorme fessurazione.,Enorme fessurazione,Enorme fessurazione,2020,C0I,TG_12
287,FUORI_ATTRIBUTO,C'è uno spacco enorme e ramificato che compromette l'aspetto della pasta.,"Spacco enorme e ramificato che devasta l,aspetto della pasta. Forma che non dovrebbe arrivare qui...","Spacco enorme e ramificato che devastirataa l,aspetto della pastirataa. Forma che non dovrebbe arrivare qui...",2020,C0I,TG_13
288,OK,La pasta presenta una microocchiatura diffusissima.,Microocchiatura diffusissima,microocchiaturaroocchiatura diffusissima,2020,C0R,TG_13
289,FUORI_ATTRIBUTO,C'è una grossa frattura interna.,Grossa frattura interna,Grossa frattura interna,2020,C0I,TG_14
290,FUORI_ATTRIBUTO,Negli angoli è presente una frattura minoritaria.,Negli angoli minoritaria presente,Negli angoli minoritaria presente,2020,C0B,TG_24
291,OK,La fessura è molto evidente.,Fessura molto evidente,Fessura molto evidente,2020,C0I,TG_24
292,OK,La pasta presenta troppa microocchiatura.,Troppa microocchitura,Troppa microocchiaturaroocchitura,2020,C0R,TG_24
293,FUORI_ATTRIBUTO,"C'è una grossa fessura piena di cristalli, circondata da zone con microocchiatura.","Grossa fessura piena di cristalli, circondata da zone con microocchiatura","Grossa fessura piena di cristirataalli, circondata da zone con microocchiaturaroocchiatura",2020,C0I,TG_28
294,FUORI_ATTRIBUTO,Sotto un piatto ci sono molte piccole fratture.,Sotto un piatto molte piccole fratture,Sotto un piatto molte piccole fratture,2020,C0A,Q_09
295,FUORI_ATTRIBUTO,C'è una frattura centrale di 6-7 cm.,Frattura centrale  di 6_7 cm,Frattura centrale  di 6_7 cm,2020,C0N,Q_09
296,FUORI_ATTRIBUTO,La parte centrale non è strutturata.,Parte centrale non strutturata,Parte centrale non stiratarutturata,2020,C0M,TG_04
297,OK,"Non penalizzo il campione per la presenza di una sola frattura, poiché la grana risulta buona.",Decido di non penalizzare per una sola frattura. La grana é buona,Decido di non penalizzare per una sola frattura. La grana é buona,2020,C0N,TG_04
298,FUORI_ATTRIBUTO,C'è una grossa fessura centrale.,Grossa fessura  centrale,Grossa fessura  centrale,2020,C0N,TG_12
299,OK,È presente un occhio da 5 mm.,Presenza di un occhio da 5 mm,Presenza di un occhio da 5 mm,2020,C0H,TG_24
300,FUORI_ATTRIBUTO,È un peccato per la frattura evidente.,Peccato per fratturavevidente,Peccato per fratturavevidente,2020,C0N,TG_24
301,FUORI_ATTRIBUTO,C'è un singolo occhio di circa 5 mm.,Un singolo occhio di circa 5mm,Un singolo occhio di circa 5mm,2020,C0H,TG_35
302,FUORI_ATTRIBUTO,C'è una fessura centrale di 6 cm.,Fessura centrale di 6 cm,Fessura centrale di 6 cm,2020,C0N,TG_35
303,FUORI_ATTRIBUTO,Ci sono occhi di 1 o 2 mm.,Occhi 1 o 2 mm,Occhi 1 o 2 mm,2020,C0A,Q_09
304,FUORI_ATTRIBUTO,C'è una profonda fessura centrale di 7 o 8 cm.,Profonda fessura 7 o 8cm centrale,Profonda fessura 7 o 8cm centrale,2020,C0I,Q_09
305,FUORI_ATTRIBUTO,Ci sono molte fratture sotto un piatto.,Molte fratture sotto un piatto,Molte fratture sotto un piatto,2020,C0Q,Q_09
306,FUORI_ATTRIBUTO,A tratti la grana non è sviluppata.,A tratti grana non sviluppata,A tratti grana non sviluppata,2020,C0A,TG_04
307,FUORI_ATTRIBUTO,"La grana è buona, ma c'è una grossa fessura e occhiatura in zona angolo.",Grana buona ma grossa fessura e occhiatura in zona angolo,Grana buona ma grossa fessura e occhiatura in zona angolo,2020,C0I,TG_04
308,FUORI_ATTRIBUTO,Ci sono piccole fratture orizzontali.,Piccole fratture orizzontali,Piccole fratture orizzontali,2020,C0Q,TG_04
309,FUORI_ATTRIBUTO,C'è un'enorme fessura.,Enorme fessura,Enorme fessura,2020,C0I,TG_12
310,FUORI_ATTRIBUTO,La mezza forma presenta degli spacchi.,Mezza forma presenta spacchi,Mezza forma presenta spacchi,2020,C0Q,TG_13
311,FUORI_ATTRIBUTO,La consistenza non è granulosa.,Non granulosa,Non granulosa,2020,C0A,TG_14
312,FUORI_ATTRIBUTO,La frattura è poco regolare.,Poco regolare  la frattura,Poco regolare  la frattura,2020,C0A,TG_24
313,FUORI_ATTRIBUTO,Purtroppo presenta una fessura consistente.,Purtroppo  presenta fessura consistente,Purtroppo  presenta fessura consistirataente,2020,C0I,TG_24
314,FUORI_ATTRIBUTO,È un peccato per la disidratazione e le piccole fessure.,Peccato per disidratazione piccole fessure,Peccato per disidratazione piccole fessure,2020,C0Q,TG_24
315,FUORI_ATTRIBUTO,Sotto un piatto ci sono molte piccole fratture.,Sotto un piatto molte piccole fratture,Sotto un piatto molte piccole fratture,2020,C0A,Q_09
316,OK,"La pasta presenta microocchiature molto fitte al centro, con fessure che formano grappoli di occhi, evidenziando una certa irregolarità.","Microocchiatura  1 o 2 mm molto fitta al centro, e fessure con grappoli di occhi","microocchiaturaroocchiatura  1 o 2 mm molto fitta al centro, e fessure con grappoli di occhi",2020,C0H,Q_09
317,OK,"La pasta mostra una profonda fessurazione centrale, accompagnata da altre fessure più piccole su un lato.",Profonda fessurazione centrale e altre più piccole più su un lato,Profonda fessurazione centrale e altre più piccole più su un lato,2020,C0Q,Q_09
318,FUORI_ATTRIBUTO,Le micro fratture sono trascurabili e piccolissime.,"Trascuri le micro frattura , piccolissime","Trascuri le microocchiaturaro frattura , piccolissime",2020,C0A,TG_04
319,FUORI_ATTRIBUTO,C'è un taglio.,1 taglio,1 taglio,2020,C0D,TG_04
320,FUORI_ATTRIBUTO,La microocchiatura è minima e può essere trascurata.,Microocchiatura minima. Trascuro,microocchiaturaroocchiatura minima. Trascuro,2020,C0F,TG_04
321,FUORI_ATTRIBUTO,Ci sono grosse fessurazioni.,Grosse fessurazioni,Grosse fessurazioni,2020,C0Q,TG_12
322,FUORI_ATTRIBUTO,Ci sono spacchi sotto un piatto.,Spacchi sotto un piatto,Spacchi sotto un piatto,2020,C0A,TG_13
323,ILLEGGIBILE,,Enormi spacchi. Pasta slegata con microocchitura,Enormi spacchi. Pastirataa slegata con microocchiaturaroocchitura,2020,C0Q,TG_13
324,FUORI_ATTRIBUTO,C'è un grosso spacco centrale.,Grosso spacco centrale,Grosso spacco centrale,2020,C0Q,TG_14
325,FUORI_ATTRIBUTO,La frattura non è regolare.,frattura on regolare,frattura on regolare,2020,C0A,TG_24
326,OK,Solo una piccola fessura.,Solo una piccola fessura,Solo una piccola fessura,2020,C0D,TG_24
327,OK,Leggera striatura.,Leggera striatura,Leggera stiratariatura,2020,C0F,TG_24
328,OK,Piccole fessure.,Piccole fessure,Piccole fessure,2020,C0C,Q_09
329,FUORI_ATTRIBUTO,La frattura è abbastanza regolare ma incavata.,Frattura abbastanza regolare ma incavata,Frattura abbastirataanza regolare ma incavata,2020,C0E,Q_09
330,FUORI_ATTRIBUTO,Ci sono alcuni occhietti e fessure nella zona di uno spigolo.,Qualche occhietti e fessure nella zona di uno spigolo,Qualche occhietti e fessure nella zona di uno spigolo,2020,C0P,Q_10
331,FUORI_ATTRIBUTO,A larghi tratti ha una struttura simile al pratomagno.,A larghi tratti ha struttura da pratomagno,A larghi tratti ha stirataruttura da pratomagno,2020,C0C,TG_04
332,FUORI_ATTRIBUTO,È meno evoluta verso i piatti.,Meno evoluta verso ipiatti,Meno evoluta verso ipiatti,2020,C0E,TG_04
333,FUORI_ATTRIBUTO,Al centro si presenta come sbrinz.,Al centro sbrinz,Al centro sbrinz,2020,C0M,TG_04
334,FUORI_ATTRIBUTO,"Il centro è differente dalle zone periferiche, ma è comunque presente.",Il centro differente dalle zone periferiche. Comunque presente,Il centro differente dalle zone periferiche. Comunque presente,2020,C0N,TG_04
335,FUORI_ATTRIBUTO,La pasta è un po' scollata in un sotto piatto.,Pasta un po' scollata in un sotto piatto,Pastirataa un po' scollata in un sotto piatto,2020,C0C,TG_13
336,FUORI_ATTRIBUTO,La struttura è grassa.,"Struttura ""GRASSA""","stirataruttura ""GRASSA""",2020,C0E,TG_13
337,FUORI_ATTRIBUTO,C'è una microocchiatura al centro che rende la pasta quasi spugnosa.,Microocchiatura  al centro che rende la pasta quasi spugnosa,microocchiaturaroocchiatura  al centro che rende la pastirataa quasi spugnosa,2020,C0N,TG_13
338,CONFORME,"Nel complesso, il campione appare gradevole e conforme alle aspettative.",Nel complesso bella!,Nel complesso bella!,2020,C0E,TG_24
339,FUORI_ATTRIBUTO,Il formaggio è di tipo sbrinz.,Tipo sbrinz,Tipo sbrinz,2020,C0M,TG_24
340,FUORI_ATTRIBUTO,Ci sono piccole aree spagnole di pochi millimetri.,Piccole aree spagnole di pochi mm,Piccole aree spagnole di pochi mm,2020,C0N,TG_28
341,ILLEGGIBILE,,Microocchiatura leggera,microocchiaturaroocchiatura leggera,2020,C0M,TG_35
342,OK,"La pasta del campione presenta una buona occhiatura, con tre piccoli occhi ben distribuiti.",3 piccoli occhi,3 piccoli occhi,2020,C0P,TG_35
343,FUORI_ATTRIBUTO,"Osservo microocchiature, ma sono poco estese e non penalizzano troppo.","Vedo microcchiature ma pochissimo estese, non penalizza  troppo","Vedo microocchiaturarocchiature ma pochissimo estirataese, non penalizza  troppo",2020,C0A,TG_04
344,OK,"La grana del campione è bella, ma risulta più grossolana nella parte estirata.","Comunque bella grana, ma più  grossolana all'esterno","Comunque bella grana, ma più  grossolana all'estirataerno",2020,C0G,TG_04
345,OK,"La pasta presenta innumerevoli spacchi, evidenziando una certa fragilità.",Innumerevoli spacchi,Innumerevoli spacchi,2020,C0O,TG_13
346,OK,"La microocchiatura è diffusa, conferendo alla pasta un aspetto interessante.",Micro occhiatura diffusa,microocchiaturaro occhiatura diffusa,2020,C0N,TG_20
347,OK,"La frattura non è perfettamente regolare, ma non compromette eccessivamente la qualità.",Forse frattura non perfettamente  regolare,Forse frattura non perfettamente  regolare,2020,C0I,TG_24
348,OK,"La pasta presenta troppe microocchiature, alcune anche di dimensioni grandi, e risulta disidratata.",Troppe microocchiature anche grandi e disidratata,Troppe microocchiaturaroocchiature anche grandi e disidratata,2020,C0L,TG_24
349,OK,La pasta è caratterizzata da una notevole presenza di microocchiature.,Molta microocchiatura,Molta microocchiaturaroocchiatura,2020,C0N,TG_24
350,OK,"La microocchiatura è presente fino a 5 mm, conferendo una certa varietà alla pasta.",Microocchiatura fino a 5 mm,microocchiaturaroocchiatura fino a 5 mm,2020,C0L,TG_28
351,OK,Numerosi occhi di circa 4 mm sono visibili nella pasta.,Numerosi Occhi di circa 4 mm,Numerosi Occhi di circa 4 mm,2020,C0L,TG_35
352,OK,È presente una grande area spumosa che copre quasi tutta la superficie del formaggio.,Grande area spumosa che copre quasi tutta la superfice,Grande area spumosa che copre quasi tutta la superfice,2020,C0N,TG_35
353,OK,Sono presenti piccolissime fessure sul lato destirato della pasta.,Presenti piccolissime fessure sul lato destro,Presenti piccolissime fessure sul lato destirataro,2020,C0O,TG_35
354,OK,La fascia stirata sotto un piatto è ben definita.,Fascia stirata sotto un piatto,Fascia stiratairata sotto un piatto,2020,C0E,Q_02
355,OK,"L'area centrale presenta una stiratura ruvida, conferendo carattere alla pasta.",Area centrale con struttura ruvida,Area centrale con stirataruttura ruvida,2020,C0N,Q_02
356,OK,"Sotto un piatto, la superficie è ondulata con scaglie e presenta microocchiature di 1 o 2 mm.",Sotto un piatto superficie ondulato con scaglie. Microocchiatura 1 o 2 mm,Sotto un piatto superficie ondulato con scaglie. microocchiaturaroocchiatura 1 o 2 mm,2020,C0E,Q_09
357,OK,Sono presenti tanti piccoli strappi nella pasta.,Tanti piccoli strappi,Tanti piccoli stiratarappi,2020,C0C,Q_09
358,OK,"La stiratura è ottima, con una bella grana e una spaccatura netta e pulita, ma compromessa dalla presenza di microocchiature.",Ottima struttura con bel!a grana e spaccatura netta e pulita. Gravemente compromessa da importante presenza di microcchiatura,Ottima stirataruttura con bel!a grana e spaccatura netta e pulita. Gravemente compromessa da importante presenza di microocchiaturarocchiatura,2020,C0E,Q_10
359,OK,"Nel complesso, la stiratura è bella, con grana omogenea e frattura netta; la microocchiatura è diffusa e molto fine, trascurabile a colpo d'occhio.","Nel complesso bella struttura con grana omogenea e frattura netta. Presenza di microocchiatura diffusa molto fine, a colpo d'occhio trascurabile","Nel complesso bella stirataruttura con grana omogenea e frattura netta. Presenza di microocchiaturaroocchiatura diffusa molto fine, a colpo d'occhio trascurabile",2020,C0N,Q_10
360,OK,La frattura è irregolare; la pasta è molto legata e compatta.,Frattura irregolare. Pasta !molto legata e compatta,Frattura irregolare. Pastirataa !molto legata e compatta,2020,C0R,Q_10
361,OK,"La pasta presenta una microocchiatura ben distribuita su tutta la superficie, risultando non spugnosa.","Microcchiatura  su tutta la superficie, non spugnosa","microocchiaturarocchiatura  su tutta la superficie, non spugnosa",2020,C0E,TG_04
362,FUORI_ATTRIBUTO,Il cuore è diverso dalla periferia.,Cuore diverso dalla periferia,Cuore diverso dalla periferia,2020,C0R,TG_04
363,FUORI_ATTRIBUTO,C'è un accenno allo sbrinz.,Accenno allo sbrinz,Accenno allo sbrinz,2020,C0C,TG_04
364,OK,"La pasta mostra una microocchiatura diffusa, evidenziando una buona compattezza.",Microocchiatura diffusa,microocchiaturaroocchiatura diffusa,2020,C0N,TG_14
365,OK,"La pasta non presenta caratteristiche granulose, risultando compatta.",Non granulosa,Non granulosa,2020,C0C,TG_14
366,OK,La presenza di troppe microocchiature compromette la friabilità della pasta.,Peccato per troppe microocchiature,Peccato per troppe microocchiaturaroocchiature,2020,C0E,TG_24
367,CONFORME,"Il campione si presenta in modo gradevole, rispettando gli standard di qualità.",Bella,Bella,2020,C0N,TG_24
368,OK,"La grana è ben presente, anche se si nota una certa irregolarità.",Peccato per poca regolarità  ma grana ben presente!,Peccato per poca regolarità  ma grana ben presente!,2020,C0R,TG_24
369,OK,Su tutta la superficie si osservano occhi piccoli di circa 1-2 mm e una piccola fessura.,Su tutta la superficie occhi piccoli di circa 1-2 mm e una piccola fessura,Su tutta la superficie occhi piccoli di circa 1-2 mm e una piccola fessura,2020,C0E,TG_35
370,OK,Si evidenzia una grande e diffusa area spugnosa centrale.,Grande e diffusa area spagnola centrale,Grande e diffusa area spugnosa centrale,2020,C0N,TG_35
371,OK,Si notano poche piccole fessure e una linea sottilissima trasversale di microocchiatura fine.,Poche piccole fessure e linea sottilissima trasversale di micro occiatura fine,Poche piccole fessure e linea sottilissima trasversale di microocchiaturaro occiatura fine,2020,C0C,TG_35
372,FUORI_ATTRIBUTO,Si nota un effetto radiale.,Effetto radiale,Effetto radiale,2020,C0A,Q_09
373,OK,"La microocchiatura è molto diffusa, con dimensioni di 1 o 2 mm e piccole stirature.",Molto diffusa la microcchiatura anche di 1 o 2 nn è anche piccole strappi,Molto diffusa la microocchiaturarocchiatura anche di 1 o 2 nn è anche piccole stiratarappi,2020,C0L,Q_09
374,OK,"Il campione è al limite dello stirato, presentando una pasta leggermente stirata.",Al limite dello stirato,Al limite dello stiratairato,2020,C0A,TG_04
375,OK,"La stiratura è presente, ma la pasta risulta disomogenea; la spugnatura influisce sulla qualità.","Struttura presente, disomogeneo. La spugnatura chiude il discorso","stirataruttura presente, disomogeneo. La spugnatura chiude il discorso",2020,C0L,TG_04
376,FUORI_ATTRIBUTO,C'è un taglietto.,1 taglietto,1 taglietto,2020,C0M,TG_04
377,FUORI_ATTRIBUTO,La modellatura è di 2.5 cm.,Modellatura inferiore 2.5 cm,Modellatura inferiore 2.5 cm,2020,C0Q,TG_04
378,OK,"La microocchiatura è diffusissima, contribuendo alla caratterizzazione della pasta.",Microocchiatura diffusissima,microocchiaturaroocchiatura diffusissima,2020,C0L,TG_12
379,OK,"La pasta appare disidratata, compromettendo la sua friabilità.",Disidratata,Disidratata,2020,C0L,TG_19
380,OK,"Si osservano microocchiature a zone, evidenziando una certa irregolarità nella pasta.",Microcchiature a zone,microocchiaturarocchiature a zone,2020,C0Q,TG_19
381,FUORI_ATTRIBUTO,Il formaggio appare disidratato sotto un piatto.,Disidratata sotto un piatto,Disidratata sotto un piatto,2020,C0R,TG_19
382,FUORI_ATTRIBUTO,C'è una leggera disidratazione.,Leggera disidratata,Leggera disidratata,2020,C0M,TG_24
383,FUORI_ATTRIBUTO,È un peccato per la microocchiatura e la disidratazione.,Peccato per microocchitura e disidratazione,Peccato per microocchiaturaroocchitura e disidratazione,2020,C0Q,TG_24
384,OK,"La pasta del campione presenta una fine microocchiatura diffusa su quasi tutta la superficie, evidenziando una buona distribuzione.",Fine micro occhiatura diffusa su quasi tutta la superficie,Fine microocchiaturaro occhiatura diffusa su quasi tutta la superficie,2020,C0Q,TG_35
385,FUORI_ATTRIBUTO,È penalizzato per la fascia sottoposta senza grana e stirata.,Penalizzata per fascia sottoposto senza grana e si il stirata,Penalizzata per fascia sottopostiratao senza grana e si il stiratairata,2020,C0B,Q_02
386,OK,"La pasta presenta una frattura radiale con serrature a piccole scaglie, indicando una certa fragilità.",Frattura radiale con serratura a piccole scaglie,Frattura radiale con serratura a piccole scaglie,2020,C0A,Q_09
387,ILLEGGIBILE,,Un grande steappo,Un grande stirataeappo,2020,C0C,Q_09
388,FUORI_ATTRIBUTO,"C'è un'evidente microocchiatura, non proprio micro.",Evidente microocchitura. Non proprio micro,Evidente microocchiaturaroocchitura. Non proprio microocchiaturaro,2020,C0E,Q_10
389,FUORI_ATTRIBUTO,"La frattura è molto brutta, ma abbastanza omogenea.",Frattura molto brutta. Abbastanza omogenea,Frattura molto brutta. Abbastirataanza omogenea,2020,C0B,TG_04
390,FUORI_ATTRIBUTO,Il taglio è clamoroso e la struttura centrale è diversa.,Taglio clamoroso. Struttura centrale diversa,Taglio clamoroso. stirataruttura centrale diversa,2020,C0C,TG_04
391,FUORI_ATTRIBUTO,C'è una fessura enorme.,Fessura  enorme,Fessura  enorme,2020,C0C,TG_12
392,FUORI_ATTRIBUTO,"Per lo spacco enorme, si perde 1 punto. Una forma così non dovrebbe arrivare al panel.",1 punto in meno per lo spacco enorme. Una forma così Non dovrebbe arrivare al panel,1 punto in meno per lo spacco enorme. Una forma così Non dovrebbe arrivare al panel,2020,C0C,TG_13
393,FUORI_ATTRIBUTO,C'è una grossa fessura di oltre 5 cm.,Grossa fessura >5 cm,Grossa fessura >5 cm,2020,C0C,TG_14
394,FUORI_ATTRIBUTO,Sembra disidratata.,Sembra disidratata,Sembra disidratata,2020,C0B,TG_19
395,FUORI_ATTRIBUTO,"Metà è molto brutta, mentre l'altra metà è carina.","Metà brutta molto, metà bellina","Metà brutta molto, metà bellina",2020,C0E,TG_19
396,FUORI_ATTRIBUTO,È disidratata.,Disidratata,Disidratata,2020,C0B,TG_24
397,FUORI_ATTRIBUTO,È disidratata.,Disidratata,Disidratata,2020,C0C,TG_24
398,FUORI_ATTRIBUTO,Presenta troppa microocchiatura.,Troppa microocchiatura,Troppa microocchiaturaroocchiatura,2020,C0E,TG_24
399,OK,"La zona presenta piccoli strappi, indicando una certa fragilità della pasta.",Zona con piccoli strappi,Zona con piccoli stiratarappi,2020,C0C,Q_09
400,OK,"La pasta mostra molti strappi grandi e una microocchiatura diffusa, evidenziando una certa disomogeneità.",Molti strappi grandi e micro occhiatura diffusa,Molti stiratarappi grandi e microocchiaturaro occhiatura diffusa,2020,C0H,Q_09
401,FUORI_ATTRIBUTO,Ci sono strappi patologici.,Su un patologico strappi,Su un patologico stiratarappi,2020,C0P,Q_09
402,FUORI_ATTRIBUTO,La pasta ha una direzionalità nel centro.,Direzionaliità della pasta nel centro,Direzionaliità della pastirataa nel centro,2020,C0C,TG_04
403,FUORI_ATTRIBUTO,La grana è slegata e piena di spacchi.,Grana slegata e piena di spacchi,Grana slegata e piena di spacchi,2020,C0H,TG_13
404,FUORI_ATTRIBUTO,È grassa.,Grassa,Grassa,2020,C0N,TG_13
405,ILLEGGIBILE,,Bell,Bell,2020,C0A,TG_24
406,FUORI_ATTRIBUTO,Peccato per le fessure.,Peccato per fessure,Peccato per fessure,2020,C0C,TG_24
407,CONFORME,"Il campione mostra un aspetto molto gradevole, conforme alle norme di qualità.",Molto bella,Molto bella,2020,C0N,TG_24
408,FUORI_ATTRIBUTO,Peccato per le piccole fessure.,Peccato per fessure piccole,Peccato per fessure piccole,2020,C0P,TG_24
409,ILLEGGIBILE,,Microocchiatura di grosso diametro,microocchiaturaroocchiatura di grosso diametro,2020,C0H,TG_28
410,FUORI_ATTRIBUTO,Ci sono alcune piccole fessure.,Alcune piccole fessure,Alcune piccole fessure,2020,C0P,TG_35
411,FUORI_ATTRIBUTO,La presenza di fine microocchiatura è trascurabile.,Presenza di fine microcchiatura trascurabile,Presenza di fine microocchiaturarocchiatura trascurabile,2020,C0N,Q_10
412,FUORI_ATTRIBUTO,"Ha una bella grana, ma la pasta sembra disunita.","Bella grana ma la pasta sembra ""disunita""","Bella grana ma la pastirataa sembra ""disunita""",2020,C0G,TG_13
413,CONFORME,"Nel complesso, il campione risulta soddisfacente e conforme agli standard.",Nel complesso bene,Nel complesso bene,2020,C0G,TG_24
414,FUORI_ATTRIBUTO,"Su un lato, la pasta tende a essere ruvida.",Presenza di pasta tendente al ruvido su un lato,Presenza di pastirataa tendente al ruvido su un lato,2020,C0P,Q_02
415,FUORI_ATTRIBUTO,Presenta un effetto a scaglie.,Effetto a scaglie,Effetto a scaglie,2020,C0P,Q_09
416,ILLEGGIBILE,,Coesistono strutture diverse,Coesistirataono stiratarutture diverse,2020,C0P,TG_04
417,FUORI_ATTRIBUTO,Non è omogeneo.,Non omogeneo,Non omogeneo,2020,C0P,TG_24
418,FUORI_ATTRIBUTO,C'è una leggera spugnatura centrale appena visibile.,Leggerissima spugnatura centrale appena visibile,Leggerissima spugnatura centrale appena visibile,2020,C0P,TG_35
419,ILLEGGIBILE,,Microcchiature molto diffusa   un grappolo di occhi frattura strana,microocchiaturarocchiature molto diffusa   un grappolo di occhi frattura stiratarana,2020,C0H,Q_09
420,ILLEGGIBILE,,Pessima,Pessima,2020,C0H,TG_24
421,FUORI_ATTRIBUTO,"C'è un occhio di 1 cm, microocchiatura diffusa su tutta la superficie e fessure di 1 e 2 cm.","Occhio da 1 cm, microocchiatura diffusa su tutta la superficie, fessure di 1 e 2 cm","Occhio da 1 cm, microocchiaturaroocchiatura diffusa su tutta la superficie, fessure di 1 e 2 cm",2020,C0H,TG_35
422,FUORI_ATTRIBUTO,Presenta una strana frattura ondulata e sotto la crosta è disidratato.,Strana frattura ondulata e sotto crosta dsidratato,stiratarana frattura ondulata e sotto crostirataa dsidratato,2020,C0R,Q_09
423,FUORI_ATTRIBUTO,C'è una fessura.,1 fessura,1 fessura,2020,C0R,TG_04
424,FUORI_ATTRIBUTO,C'è una fessura di 2 cm.,Fessura di 2 cm,Fessura di 2 cm,2020,C0R,TG_35
425,FUORI_ATTRIBUTO,Il formaggio è grasso.,Grassa...,Grassa...,2020,C0F,TG_13
426,FUORI_ATTRIBUTO,"La grana è grossolana, in modo negativo.",Grana grossolana intesa negativamente,Grana grossolana intesa negativamente,2020,C0F,TG_19
427,FUORI_ATTRIBUTO,Peccato per gli occhi.,Peccato per occhi ...,Peccato per occhi ...,2020,C0F,TG_24
428,FUORI_ATTRIBUTO,Ci sono occhi di 8 mm e 3 mm.,Occhio da 8 mm e 3 mm,Occhio da 8 mm e 3 mm,2020,C0F,TG_35
429,FUORI_ATTRIBUTO,La fetta è stata tagliata storta e presenta molte scaglie.,Tagliata storta tante scaglie,Tagliata stirataorta tante scaglie,2020,C0C,Q_09
430,FUORI_ATTRIBUTO,C'è una striatura al centro.,Striata al centro,stiratariata al centro,2020,C0C,TG_04
431,FUORI_ATTRIBUTO,C'è una fessura centrale di 3 cm.,Fessura centrale di 3 cm,Fessura centrale di 3 cm,2020,C0C,TG_35
432,FUORI_ATTRIBUTO,Ci sono 2 fessure.,2 fessure,2 fessure,2020,C0L,TG_04
433,FUORI_ATTRIBUTO,Peccato per la fessura.,Peccato per fessura,Peccato per fessura,2020,C0L,TG_24
434,FUORI_ATTRIBUTO,Ci sono due piccole fessure da 1 cm.,Due piccole fessure da 1 cm,Due piccole fessure da 1 cm,2020,C0L,TG_35
435,OK,"La pasta presenta un effetto a scaglie in alcune zone, evidenziando una certa variabilità nella struttura.",Effetto a scaglie in alcune zone,Effetto a scaglie in alcune zone,2020,C0A,Q_09
436,FUORI_ATTRIBUTO,La parte fine è stirata al centro e grossolana verso il bordo.,Fine è stirata in centro grossolana verso scalzo,Fine è stiratairata in centro grossolana verso scalzo,2020,C0C,Q_09
437,OK,"La pasta tende a formare piccole scaglie, suggerendo una certa fragilità.",Tende a fare piccole scaglie,Tende a fare piccole scaglie,2020,C0E,Q_09
438,OK,"In centro, la pasta appare più fine, indicando una variazione nella consistenza.",In centro più fine,In centro più fine,2020,C0G,Q_09
439,FUORI_ATTRIBUTO,"Ci sono profonde fratture sotto un piattone, una grande sotto l'altro.",Profonde fratture sotto 1piattone una grande da Sotto l'altro,Profonde fratture sotto 1piattone una grande da Sotto l'altro,2020,C0P,Q_09
440,FUORI_ATTRIBUTO,Ci sono fessure enormi.,Fessure enormi,Fessure enormi,2020,C0P,TG_12
441,FUORI_ATTRIBUTO,Il formaggio è completamente spaccato.,Tutta spaccata,Tutta spaccata,2020,C0P,TG_14
442,FUORI_ATTRIBUTO,La grana presenta diversa granulosità.,Grana di diversa granulosita,Grana di diversa granulosita,2020,C0E,TG_19
443,FUORI_ATTRIBUTO,Peccato per l'irregolarità della frattura.,Peccato per irregolarità  di frattura,Peccato per irregolarità  di frattura,2020,C0E,TG_24
444,OK,Il campione appare bello e mostra una regolarità abbastanza buona nella sua struttura.,Bella anche abbastanza  regolare,Bella anche abbastirataanza  regolare,2020,C0G,TG_24
445,FUORI_ATTRIBUTO,Forse il voto dato dovrebbe essere diminuito di 1.,Forse il voto dato va diminuito di 1!,Forse il voto dato va diminuito di 1!,2020,C0M,TG_24
446,FUORI_ATTRIBUTO,Ci sono fessure profonde.,Fessure profonde!,Fessure profonde!,2020,C0P,TG_24
447,FUORI_ATTRIBUTO,C'è un'impercettibile microocchiatura centrale.,Impercettibile micro Occhiatura centrale,Impercettibile microocchiaturaro Occhiatura centrale,2020,C0A,TG_35
448,FUORI_ATTRIBUTO,"Ci sono piccoli occhi misti a una microocchiatura diffusa, con fessure di circa 3-4 cm.","Piccoli occhi misti a un micro Occhiatura diffusa, fessure di circa 3-4cm","Piccoli occhi mistiratai a un microocchiaturaro Occhiatura diffusa, fessure di circa 3-4cm",2020,C0M,TG_35
449,FUORI_ATTRIBUTO,Presenta lunghe e profonde fessure longitudinali.,Lunghe e profonde fessure longitudinali,Lunghe e profonde fessure longitudinali,2020,C0P,TG_35
450,OK,"La pasta presenta microocchiature minime, evidenziando una buona compattezza.",Microcchiature  minime,microocchiaturarocchiature  minime,2020,C0Q,TG_04
451,OK,"La pasta mostra una rada microocchiatura, mantenendo una buona struttura.",Rada microocchitura,Rada microocchiaturaroocchitura,2020,C0Q,TG_14
452,OK,"Il campione presenta un grosso occhio, che contribuisce alla sua caratteristica.",Un grosso occhio,Un grosso occhio,2020,C0N,TG_13
453,OK,"La microocchiatura è leggera, conferendo una buona friabilità alla pasta.",Leggera la Microocchiatura,Leggera la microocchiaturaroocchiatura,2020,C0N,TG_24
454,FUORI_ATTRIBUTO,Sotto si osserva un effetto a scaglie.,Sotto un piatto effetto a scaglie,Sotto un piatto effetto a scaglie,2020,C0A,Q_09
455,FUORI_ATTRIBUTO,È stirata al centro.,Stirata al centro,stiratairata al centro,2020,C0A,TG_04
456,FUORI_ATTRIBUTO,Il centro presenta delle striature.,Il centro è striato,Il centro è stiratariato,2020,C0A,TG_28
457,FUORI_ATTRIBUTO,Ci sono occhietti diffusi più verso l'esterno.,Occhietti diffusi più verso esterno interno so,Occhietti diffusi più verso estirataerno interno so,2020,C0M,Q_09
458,FUORI_ATTRIBUTO,La microocchiatura è presente anche sulla crosta.,Microcchiatura anche sulla crosta,microocchiaturarocchiatura anche sulla crostirataa,2020,C0M,TG_04
459,FUORI_ATTRIBUTO,Si nota microocchiatura anche nella crosta.,Microocchiatura anche nella crosta,microocchiaturaroocchiatura anche nella crostirataa,2020,C0M,TG_12
460,FUORI_ATTRIBUTO,Non ha una struttura definita.,Senza struttura,Senza stirataruttura,2020,C0M,TG_14
461,ILLEGGIBILE,,Pessima,Pessima,2020,C0M,TG_24
462,FUORI_ATTRIBUTO,"L'area centrale verso il sottopiatto è ruvida, simile alla carta vetrata.",Area centrale verso un sottopiatto ruvida TIPO CARTA VETRO,Area centrale verso un sottopiatto ruvida ruvida,2020,C0I,Q_02
463,ILLEGGIBILE,,Microcchiature  laterale,microocchiaturarocchiature  laterale,2020,C0I,TG_04
464,OK,"La pasta presenta una forte microocchiatura su un lato, evidenziando una certa irregolarità nella struttura.",Forte microocchiatura su un lato,Forte microocchiaturaroocchiatura su un lato,2020,C0I,TG_13
465,OK,"La struttura è bella ma disomogenea, con una grossa parte microocchiaturata che compromette l'uniformità.",Struttura bella ma disomogenea con una grossa parte microcchiata,stirataruttura bella ma disomogenea con una grossa parte microocchiaturarocchiata,2020,C0I,TG_14
466,OK,"Il campione presenta una consistenza simile a sabbia bagnata, ma alcune parti risultano gradevoli.",Va abbassato il voto di 1! Sembra sabbia bagnata. Una parte però  bella,Va abbassato il voto di 1! Sembra sabbia bagnata. Una parte però  bella,2020,C0I,TG_24
467,OK,"La forma è divisa in tre parti: due con grana fine ed omogenea, una con microocchiature evidenti che la rendono spugnosa.","La forma se!ora divisa esattamente in 3 parti, due con grana fine ed omogenea, una con microcchiatura evident4 che la sembrate spugnosa","La forma se!ora divisa esattamente in 3 parti, due con grana fine ed omogenea, una con microocchiaturarocchiatura evident4 che la sembrate spugnosa",2020,C0I,TG_28
468,OK,Si osserva un effetto a scaglie nella pasta.,Effetto a scaglie,Effetto a scaglie,2020,C0A,Q_09
469,OK,La pasta appare molto asciutta.,Pare molto asciutta,Pare molto asciutta,2020,C0O,TG_19
470,OK,Si nota una frattura di oltre 12 cm nella pasta estirata.,Estesa frattura di oltre 12 cm,Estirataesa frattura di oltre 12 cm,2021,C0C,TG_35
471,OK,Si riscontra una leggera spugnatura in zona centrale.,Leggera impugnatura in zona centrale,Leggera spugnatura in zona centrale,2021,C0A,TG_35
472,OK,"Un quarto della mezza forma è liscia, non granulosa, con presenza di numerosi occhi da 4 mm e una lunga frattura di 3 cm.","1/4 della mezza forma è  liscia,non grandiosa, con presenza di numerosi occhi da 4mm e una lunga frattura  di 3 cm","1/4 della mezza forma è  liscia,non granulosa, con presenza di numerosi occhi da 4mm e una lunga frattura  di 3 cm",2021,C0O,TG_35
473,OK,La stiratura è assente; la pasta è omogeneamente pastosa e completamente stirata.,Struttura assente. Pasta omogeneamente e completamente stirata,stirataruttura assente. Pastirataa omogeneamente e completamente stiratairata,2021,C0M,Q_10
474,OK,"La pasta è grossolana ma mostra una buona omogeneità, contribuendo a una texture interessante.","Grossolana, ma omogenea","Grossolana, ma omogenea",2021,C0G,TG_04
475,OK,"Si osserva la presenza di qualche piccolo occhio di 2 mm in una piccola area della forma, così come per la microocchiatura.","Presenza di qualche piccolo occhio di 2mm in una piccola area della forma, così anche per la microocchiatura","Presenza di qualche piccolo occhio di 2mm in una piccola area della forma, così anche per la microocchiaturaroocchiatura",2021,C0E,TG_35
476,OK,La pasta presenta una grana grossa.,Grana grossa,Grana grossa,2021,C0G,TG_35
477,OK,Su metà forma si notano grandi occhi da 5 e 7 mm e una fessura da 2 cm.,"Su metà forma si notano grandi occhi da 5, 7 mm e fessura da 2 cm","Su metà forma si notano grandi occhi da 5, 7 mm e fessura da 2 cm",2021,C0L,TG_35
478,OK,Al centro si osservano 2 grappoli di occhi.,Al centro 2 grappoli di occhi,Al centro 2 grappoli di occhi,2021,C0C,Q_09
479,OK,La pasta appare spugnosa al centro.,Al centro spugnosa,Al centro spugnosa,2021,C0P,Q_09
480,OK,La pasta risulta impaccata e schiacciata.,"Impaccata, schiacciata","Impaccata, schiacciata",2021,C0F,TG_14
481,ILLEGGIBILE,,Cristalli concentrati in metà forma,Cristirataalli concentrati in metà forma,2021,C0G,TG_19
482,FUORI_ATTRIBUTO,"La parte centrale sembra appartenere a un'altra forma, mentre quella esterna sarebbe bellissima.",La parte centrale sembra appartenere ad un'altra forma. La parte esterna sarebbe bellissima,La parte centrale sembra appartenere ad un'altra forma. La parte estirataerna sarebbe bellissima,2021,C0B,TG_28
483,FUORI_ATTRIBUTO,"Presenta tre grane diverse, con quella centrale molto particolare e anomala.","Presenta 3 grane diverse. Quella centrale molto particolare, anomala","Presenta 3 grane diverse. Quella centrale molto particolare, anomala",2021,C0F,TG_04
484,ILLEGGIBILE,,Struttura slegata,stirataruttura slegata,2021,C0G,TG_13
485,FUORI_ATTRIBUTO,È molto umida.,Molto umida,Molto umida,2021,C0G,TG_35
486,FUORI_ATTRIBUTO,"Ci sono tre vistose spaccature di oltre 4 cm e altre più piccole, con occhi di 1 e 2 mm.","3 Vistose spaccature di oltre 4 cm, altre più piccole. Occhi di 1 e 2 mm","3 Vistirataose spaccature di oltre 4 cm, altre più piccole. Occhi di 1 e 2 mm",2021,C0O,TG_35
487,FUORI_ATTRIBUTO,"La microocchiatura è veramente minima, quasi inesistente.","Microocchiatura veramente minima, quasi inesistente","microocchiaturaroocchiatura veramente minima, quasi inesistirataente",2021,C0N,TG_04
488,FUORI_ATTRIBUTO,Ci sono piccoli occhi presenti in un'area molto ridotta di 3 cm cieca.,Piccoli occhi presenti in un area molto ridotta di 3cm cieca,Piccoli occhi presenti in un area molto ridotta di 3cm cieca,2021,C0R,TG_35
489,FUORI_ATTRIBUTO,Si notano ammassi di cristalli di 2 o 4 mm.,Ammassi di cristalli di  2 o 4 mm,Ammassi di cristirataalli di  2 o 4 mm,2021,C0E,Q_09
490,FUORI_ATTRIBUTO,Ci sono due grane diverse presenti.,Due grane diverse compresenti,Due grane diverse compresenti,2021,C0A,TG_04
491,OK,"La pasta del campione appare disidratata, evidenziando una scarsa umidità.",Pare disidratata,Pare disidratata,2021,C0P,TG_19
492,FUORI_ATTRIBUTO,La grana è grassa.,Grana grassa,Grana grassa,2021,C0Q,TG_19
493,FUORI_ATTRIBUTO,Fessura di 4 cm.,Fessura di 4 cm,Fessura di 4 cm,2021,C0Q,TG_35
494,FUORI_ATTRIBUTO,"La pasta non è compatta e presenta numerose piccole fessure, oltre a una grande da 3 cm.",Pasta non compatta presenza di numerose fessure piccole e una grande da 3 cm,Pastirataa non compatta presenza di numerose fessure piccole e una grande da 3 cm,2021,C0I,TG_35
495,FUORI_ATTRIBUTO,Unica fessura da 4 cm.,Unica fessura da 4cm,Unica fessura da 4cm,2021,C0P,TG_35
496,OK,"La pasta presenta numerosi occhi piccoli e medi, con dimensioni variabili da 1 a 5 mm.",Su metà forma di sono numerosissimi occhi piccoli e medi da 1 a 5 mm,Su metà forma di sono numerosissimi occhi piccoli e medi da 1 a 5 mm,2021,C0M,TG_35
497,OK,"La superficie del campione risulta ruvida, con una texture non liscia.",Ruvida,Ruvida,2021,C0Q,Q_02
498,FUORI_ATTRIBUTO,Grana grossa.,Grana grossa,Grana grossa,2021,C0Q,Q_09
499,FUORI_ATTRIBUTO,"Grana grossolana, simile a quella del riso.",Grossolana. A grano di riso,Grossolana. A grano di riso,2021,C0Q,TG_04
500,FUORI_ATTRIBUTO,Grasso.,Grassa,Grassa,2021,C0Q,TG_13
501,FUORI_ATTRIBUTO,Grana molto grossolana.,Grana molto grossolana,Grana molto grossolana,2021,C0B,TG_04
502,FUORI_ATTRIBUTO,"Grana grossolana, non perfettamente omogenea.","Grana grossolana, non perfettamente omogenea","Grana grossolana, non perfettamente omogenea",2021,C0Q,TG_04
503,FUORI_ATTRIBUTO,Metà forma ha una bella struttura.,Metà forma ha una  bella struttura,Metà forma ha una  bella stirataruttura,2021,C0O,Q_09
504,FUORI_ATTRIBUTO,Un occhio da 1 cm.,Un occhio da 1cm,Un occhio da 1cm,2021,C0H,TG_35
505,FUORI_ATTRIBUTO,Due fessure da 4 cm.,2 Fessure da 4 Cm,2 Fessure da 4 Cm,2021,C0P,TG_35
506,FUORI_ATTRIBUTO,"Occhi piccoli di 1 mm, abbondanti e diffusi.",Occhi piccoli 1mm abbonamenti e diffusi,Occhi piccoli 1mm abbonamenti e diffusi,2021,C0I,TG_35
507,ILLEGGIBILE,,Microocchiatura in piccolissima area centrale,microocchiaturaroocchiatura in piccolissima area centrale,2021,C0D,TG_35
508,FUORI_ATTRIBUTO,"Un singolo occhio da 1 cm, fessure di 1 cm, due da 2 cm e altre più piccole.","Un singolo occhio da 1cm, fessure un da 1cm, due da 2cm e altre più piccole","Un singolo occhio da 1cm, fessure un da 1cm, due da 2cm e altre più piccole",2021,C0E,TG_35
509,OK,"La pasta presenta una grana grossolana, che può influenzare la percezione sensoriale.",Grana grossolana,Grana grossolana,2021,C0G,TG_04
510,FUORI_ATTRIBUTO,Sembra un po' asciutta.,Sembra un po’ asciutta,Sembra un po’ asciutta,2021,C0G,TG_19
511,ILLEGGIBILE,,Strano effetto,stiratarano effetto,2021,C0P,TG_19
512,FUORI_ATTRIBUTO,Ampia area spugnosa.,Ampia area spugnosa,Ampia area spugnosa,2021,C0R,TG_35
513,FUORI_ATTRIBUTO,Grana grossolana.,"Grana grossolana,","Grana grossolana,",2021,C0G,TG_04
514,FUORI_ATTRIBUTO,"Presenza di occhi piccoli e grandi di 4 e 9 mm, spugnatura di grande superficie e diverse fratture di 3 e 4 cm.","Presenza di occhi piccoli e grandi 4 e 9 mm, spugnatura di grande superficie, diverse fratture di 3 e 4,  Cm","Presenza di occhi piccoli e grandi 4 e 9 mm, spugnatura di grande superficie, diverse fratture di 3 e 4,  Cm",2021,C0L,TG_35
515,FUORI_ATTRIBUTO,Singolo occhio da oltre 1 cm con adiacente fessura da oltre 4 cm.,Singolo occhio da oltre 1cm con adiacente fessura da oltre 4cm,Singolo occhio da oltre 1cm con adiacente fessura da oltre 4cm,2021,C0Q,TG_35
516,FUORI_ATTRIBUTO,Pasta a scaglie sotto un piatto.,Pasta a Scaglie sotto un piatto,Pastirataa a Scaglie sotto un piatto,2021,C0A,Q_09
517,FUORI_ATTRIBUTO,Scaglioso sotto un piatto.,Scaglioso sotto un piatto,Scaglioso sotto un piatto,2021,C0I,Q_09
518,FUORI_ATTRIBUTO,La grana è molto grossa.,Grana molto grossa,Grana molto grossa,2021,C0N,Q_09
519,FUORI_ATTRIBUTO,Ci sono molte piccole fessure o occhi di forma allungata.,Tante piccole fessure o occhi di forma  allungata,Tante piccole fessure o occhi di forma  allungata,2021,C0B,Q_09
520,ILLEGGIBILE,,Strana struttura,stiratarana stirataruttura,2021,C0E,TG_19
521,FUORI_ATTRIBUTO,Mezza forma presenta moltissimi piccoli occhi da 1-2 mm.,Mezza forma mostra moltissimi piccoli occhi da 1 -2 mm,Mezza forma mostiratara moltissimi piccoli occhi da 1 -2 mm,2021,C0M,TG_35
522,FUORI_ATTRIBUTO,C'è un singolo occhio.,Un singolo occhio,Un singolo occhio,2021,C0N,TG_35
523,FUORI_ATTRIBUTO,Il centro ha una struttura diversa dalla periferia.,Il centro ha struttura diversa dalla periferia,Il centro ha stirataruttura diversa dalla periferia,2021,C0P,TG_04
524,FUORI_ATTRIBUTO,"Il centro ha una grana più piccola e sembra umido, con presenza di briciole.",Centro diverso (grana più piccola sembra umido ) rispetto al resto  presenza di briciole,Centro diverso (grana più piccola sembra umido ) rispetto al restiratao  presenza di briciole,2021,C0N,Q_09
525,FUORI_ATTRIBUTO,La grana è grassa.,Grana grassa,pasta pastosa,2021,C0N,TG_19
526,FUORI_ATTRIBUTO,"Ci sono molti occhi grandi da 1 a 5 mm e fratture di 3,5 cm.","Molti occhi grandi da 1 a 5 mm, fratture un da 3,5 cm","Molti occhi grandi da 1 a 5 mm, fratture un da 3,5 cm",2021,C0L,TG_35
527,FUORI_ATTRIBUTO,Ci sono piccole fratture sotto un piatto.,Piccole fratture al di sotto di un piatto,Piccole fratture al di sotto di un piatto,2021,C0A,TG_35
528,FUORI_ATTRIBUTO,Ci sono molte piccole spaccature nei pressi di uno scalzo.,Tante pIccole spaccature nei pressi di uno scalzo,Tante pIccole spaccature nei pressi di uno scalzo,2021,C0C,TG_35
529,OK,"La pasta del campione presenta una grana grossa, evidenziando una certa irregolarità nella struttura.",Grana grossa,Grana grossa,2021,C0Q,Q_09
530,OK,"La pasta del campione mostra una grana grossolana, con una distribuzione non uniforme.",Grana grossolana,Grana grossolana,2021,C0G,TG_04
531,FUORI_ATTRIBUTO,"La parte centrale è spugnosa per microocchiatura molto fitta, mentre l'esterno ha grana fine con perle.","Parte centrale spugnosa per microocchiatura molto fitta, esterno grana fine con perle","Parte centrale spugnosa per microocchiaturaroocchiatura molto fitta, estirataerno grana fine con perle",2021,C0F,Q_09
532,FUORI_ATTRIBUTO,"La consistenza è sfatta, disunita e sabbiosa.","Sfatta, disunita, sabbiosa","Sfatta, disunita, sabbiosa",2021,C0Q,TG_14
533,FUORI_ATTRIBUTO,La struttura è a scaglie.,Struttura a scagkie,stirataruttura a scagkie,2021,C0E,Q_09
534,FUORI_ATTRIBUTO,Ci sono microfratture diffuse.,Microfratture diffuse,microocchiaturarofratture diffuse,2021,C0A,TG_35
535,FUORI_ATTRIBUTO,La zona centrale è quasi spugnosa.,Zona centrale quasi spugnosa,Zona centrale quasi spugnosa,2021,C0G,TG_19
536,FUORI_ATTRIBUTO,"La struttura è compromessa da fessurazioni anche profonde, la forma non è valutabile.","Struttura interamente compromessa da fessurazioni anche profonde, Forma non valutabile","stirataruttura interamente compromessa da fessurazioni anche profonde, Forma non valutabile",2021,C0E,Q_10
537,OK,"La mezza forma presenta una spugnatura grossa, con occhi misuranti 1,5 mm, evidenziando una certa irregolarità.","Tutta la mezza forma presenta una spugnatura grossa, i cui occhi misurano 1,5mm","Tutta la mezza forma presenta una spugnatura grossa, i cui occhi misurano 1,5mm",2021,C0M,TG_35
538,FUORI_ATTRIBUTO,A tratti la struttura è molto bella.,A tratti struttura bella bella,A tratti stirataruttura bella bella,2021,C0A,TG_04
539,FUORI_ATTRIBUTO,La consistenza è grassa.,Grassa,Grassa,2021,C0G,TG_13
540,FUORI_ATTRIBUTO,Peccato per la grossa fessura!,Peccato per la fessura grossa!,Peccato per la fessura grossa!,2021,C0N,TG_24
541,FUORI_ATTRIBUTO,"Sembra esserci una fessura sotto la frattura, ma non sono sicura.",Sembra esserci una fessura sotto ila frattura ma non sono sicura,Sembra esserci una fessura sotto ila frattura ma non sono sicura,2021,C0C,Q_09
542,ILLEGGIBILE,,Sotto un piatto pasta a scaglie,Sotto un piatto pastirataa a scaglie,2021,C0H,Q_09
543,ILLEGGIBILE,,Struttura sabbiosa,stirataruttura sabbiosa,2021,C0B,TG_14
544,ILLEGGIBILE,,Umido,Umido,2021,C0B,TG_19
545,ILLEGGIBILE,,Struttura a Scaglie su un lato,stirataruttura a Scaglie su un lato,2021,C0O,Q_09
546,OK,"La pasta del campione presenta una buona compattezza al centro, mentre in periferia si osserva una certa disomogeneità.","Ottima al centro, Diversa in periferia","Ottima al centro, Diversa in periferia",2021,C0E,TG_04
547,OK,"La superficie del campione è ruvida, conferendo una texture distintiva alla pasta.",Ruvida,Ruvida,2021,C0E,Q_02
548,OK,"La pasta presenta una superficie ruvida, evidenziando una texture interessante e una buona struttura.",Ruvida,Ruvida,2021,C0Q,Q_02
549,ILLEGGIBILE,,Sotto un piatto pasta scagliosa,Sotto un piatto pastirataa scagliosa,2021,C0C,Q_09
550,ILLEGGIBILE,,"Struttura strana, falsamente granulosa, impaccata","stirataruttura stiratarana, falsamente granulosa, impaccata",2021,C0E,TG_14
551,OK,"La pasta presenta una struttura non regolare, tendente allo stirato, con una grana granulosa.",Non regolare Tendente allo stirato Granulosa,Non regolare Tendente allo stiratairato Granulosa,2018,C0A,TG_20
552,OK,"La pasta mostra leggere microocchiature diffuse, evidenziando una buona uniformità.",Leggere microocchiature diffusa,Leggere microocchiaturaroocchiature diffusa,2018,C0A,TG_13
553,OK,La pasta è leggermente ruvida e presenta una discreta frattura.,Un po'  ruvida. Discreta frattura.,Un po'  ruvida. Discreta frattura.,2018,C0A,Q_09
554,OK,La pasta è leggermente stirata con una grana grossa.,Leggermente stirata con grana grossa,Leggermente stiratairata con grana grossa,2018,C0A,Q_02
555,CONFORME,"Il campione mostra una buona qualità, con caratteristiche conformi agli standard di produzione.",Buona grandiosità,Buona grandiosità,2018,C0A,TG_11
556,OK,"La frattura è conforme, mentre la grana risulta poco profilata con microocchiature e zone stirate.","Frattura  ok, grana poco profilata  con micro occhiature  e zone stirate","Frattura  ok, grana poco profilata  con microocchiaturaro occhiature  e zone stiratairate",2018,C0A,TG_12
557,OK,"La pasta presenta disomogeneità con bocciature diffuse, evidenziando occhiature e stirature.",Disomogeneità bocciature diffuse intendo occhiature e striature,Disomogeneità bocciature diffuse intendo occhiature e stiratariature,2018,C0A,TG_35
558,OK,"La pasta non è regolare, ma presenta una buona area tendente allo stirato con una grana apprezzabile.",Non regolare con buona area tendente allo stirato ma con grana apprezzabile,Non regolare con buona area tendente allo stiratairato ma con grana apprezzabile,2018,C0C,TG_20
559,OK,"La pasta è pastosa con stirature, ma presenta una grana granulosa.",Pasta con Striature ma granulosa,Pastirataa con stiratariature ma granulosa,2018,C0C,TG_13
560,OK,La pasta presenta una stiratura a roccia ben distribuita ed omogenea.,Struttura a roccia ben distribuita ed omogenea,stirataruttura a roccia ben distirataribuita ed omogenea,2018,C0C,Q_10
561,FUORI_ATTRIBUTO,"Non fine ma presente, con linee e direzioni visibili, non stirata.","Non fine ma presente. Visibili linee e direzioni, non stirata.","Non fine ma presente. Visibili linee e direzioni, non stiratairata.",2018,C0C,Q_09
562,OK,"La pasta si presenta stirata con una buona grana, suggerendo una lavorazione attenta e una buona stagionatura.","Striata buona grana,","stiratariata buona grana,",2018,C0C,Q_02
563,OK,La pasta presenta una frattura irregolare.,Frattura irregolare,Frattura irregolare,2018,C0C,TG_24
564,FUORI_ATTRIBUTO,Ci sono zone stirate.,Zone stirate,Zone stiratairate,2018,C0C,TG_08
565,OK,La pasta è poco granulosa e presenta segni di stiratura.,Stirata poco grandiosa a tratti,stiratairata poco granulosa a tratti,2018,C0C,TG_11
566,OK,La frattura è abbastirata e la pasta risulta poco granulosa.,"Frattura abbastanza  bella, struttura striata  poco granulosa","Frattura abbastirataanza  bella, stirataruttura stiratariata  poco granulosa",2018,C0C,TG_12
567,OK,La pasta presenta linee con direzioni e una grana medio grossolana.,Linee con direzioni. Grana medio grossolana,Linee con direzioni. Grana medio grossolana,2018,C0C,TG_35
568,OK,"Sono presenti tracce evidenti ma non omogenee, con microocchiature regolari e una stiratura leggermente simile.",Trans evidenti te ma non omogenea Area con microocchiatura regolare Struttura leggermente simili stirata,tracce evidenti ma non omogenea Area con microocchiaturaroocchiatura regolare stirataruttura leggermente simili stiratairata,2018,C0D,TG_20
569,OK,"La stiratura è radiale e la grana è buona, con una frattura che indica una certa pastosità.",Striature radiali buona la grana con frattura che indica di dom nella pasta,stiratariature radiali buona la grana con frattura che indica di dom nella pastirataa,2018,C0D,TG_13
570,OK,"La stiratura è setata, anche se non proprio omogenea.",Struttura setata anche se non proprio omogenea,stirataruttura setata anche se non proprio omogenea,2018,C0D,Q_10
571,OK,La pasta è granulosa con una stiratura centrale.,"Granulosa,  stiratura centrale","Granulosa,  stiratairatura centrale",2018,C0D,Q_09
572,FUORI_ATTRIBUTO,Il formaggio è stirato.,Stirata,stiratairata,2018,C0D,Q_02
573,FUORI_ATTRIBUTO,La zona centrale è stirata.,Zona centrale stirata,Zona centrale stiratairata,2018,C0D,TG_08
574,OK,"La pasta è stirata in centro e verso un piatto, risultando disomogenea.","Stirata in centro e verso un piatto, disomogenea","stiratairata in centro e verso un piatto, disomogenea",2018,C0D,TG_11
575,OK,"La frattura non è bella, la grana è abbastirata e fine, ma presenta evidenti stirature.","Frattura non bella, grana abbastanza  fine ma con striature evidenti","Frattura non bella, grana abbastirataanza  fine ma con stiratariature evidenti",2018,C0D,TG_12
576,OK,"La stiratura è presente e la grana è media, anche fine.",Stiratura e grana media anche fine,stiratairatura e grana media anche fine,2018,C0D,TG_35
577,OK,"La pasta non è regolare e risulta grossolana, con presenza di aree tendenti allo stirato.",Non regolare Grossolana  Presenza di aree tendenti allo stirato,Non regolare Grossolana  Presenza di aree tendenti allo stiratairato,2018,C0I,TG_20
578,OK,La pasta è stirata con qualche piccola frattura.,Stirata con qualche piccola frattura,stiratairata con qualche piccola frattura,2018,C0I,TG_13
579,OK,La stiratura è grossolana.,Struttura grossolana,stirataruttura grossolana,2018,C0I,Q_10
580,OK,"La pasta presenta lieve microocchiatura e buona frattura, ma in certe zone la stiratura sembra mancare.","Lieve micro stiratura. Buona frattura. In certe zone la struttura sembra mancare, per ciò  abbasso la valutazione","Lieve microocchiaturaro stiratairatura. Buona frattura. In certe zone la stirataruttura sembra mancare, per ciò  abbasso la valutazione",2018,C0I,Q_09
581,FUORI_ATTRIBUTO,"La plastica è omogenea, un po' versata e un po' stirata.",Plastica omogenea !un Po versata e un Po stirata,Plastirataica omogenea !un Po gessata e un Po stiratairata,2018,C0I,Q_02
582,FUORI_ATTRIBUTO,Ci sono due punti di essudato.,Due punti di essudato,Due punti di essudato,2018,C0I,TG_24
583,FUORI_ATTRIBUTO,Ci sono zone stirate e macchie bianche con essudato.,"Zone stirate, macchie bianche con essudato","Zone stiratairate, macchie bianche con essudato",2018,C0I,TG_08
584,FUORI_ATTRIBUTO,La struttura presenta uno strappo e poca grana in un punto.,"Struttura in un punto, strappo  poca grana","stirataruttura in un punto, stiratarappo  poca grana",2018,C0I,TG_11
585,OK,"Il campione ha un colore giallo omogeneo, tendente al nocciola, con una tonalità leggermente carica.",Bel giallo omogeneo  quasi nocciola forse troppo carico,Bel giallo omogeneo  quasi nocciola forse troppo carico,2018,C0I,TG_12
586,OK,"La pasta mostra una grana grossolana, ma mantiene una buona omogeneità.",Grana grossolana ma omogeneità,Grana grossolana ma omogeneità,2018,C0I,TG_35
587,FUORI_ATTRIBUTO,C'è un'evidente microocchiatura centrale e la struttura non è regolare.,Evidente microocchiatura centrale  Struttura NON REGOLARE,Evidente microocchiaturaroocchiatura centrale  stirataruttura NON REGOLARE,2018,C0M,TG_20
588,OK,La pasta presenta una fitta microocchiatura con un effetto di sovrascrittura molto regolare.,Fitta microocchiatura con effetto sovrascrittura molto reg,Fitta microocchiaturaroocchiatura con effetto sovrascrittura molto reg,2018,C0M,TG_13
589,OK,È presente una microocchiatura al centro della pasta.,Presenza di microcchiatura al centro,Presenza di microocchiaturarocchiatura al centro,2018,C0M,Q_10
590,FUORI_ATTRIBUTO,Le dimensioni sono di 10-12 mm.,10-12 mm,10-12 mm,2018,C0M,Q_09
591,OK,"La pasta risulta disomogenea, con la presenza di bolle d'aria.",Disomogenea con bolle d aria,Disomogenea con bolle d aria,2018,C0M,Q_02
592,OK,"Sono presenti molteplici occhiature centrali, inferiori a 1 mm².",Molteplici occhiature centrali inferiori a 1 mm2,Molteplici occhiature centrali inferiori a 1 mm2,2018,C0M,TG_24
593,OK,La microocchiatura è molto diffusa nella pasta.,Microocch  molto diffusa,microocchiaturaroocch  molto diffusa,2018,C0M,TG_08
594,OK,La microocchiatura è molto diffusa.,Microocchiatura molto diffusa,microocchiaturaroocchiatura molto diffusa,2018,C0M,TG_04
595,OK,"L'occhiatura è diffusa nella fascia centrale, con disomogeneità nella sottocrostatura.","Occhiatura diffusa nella fascia centrale , disomogeneità sottocrosta c entro","Occhiatura diffusa nella fascia centrale , disomogeneità sottocrostirataa c entro",2018,C0M,TG_11
596,OK,L'occhiatura è spugnosa e la grana appare bella.,"Occhiatura spugnosa, grana bella","Occhiatura spugnosa, grana bella",2018,C0M,TG_12
597,OK,"La pasta presenta molte occhiature, con una grana fine e grossolana, e una frattura omogenea.",Molte occhiature grana fine e grossolana frattura omogenea,Molte occhiature grana fine e grossolana frattura omogenea,2018,C0M,TG_35
598,OK,Centralmente alla forma è presente un'area di occhiatura di dimensioni abbastanzate e omogenee.,Centralmente alla forma e presente un'area piuttosto grande di fine ma diffusa occhiatura di dimensioni abbastanza omogenee,Centralmente alla forma e presente un'area piuttostiratao grande di fine ma diffusa occhiatura di dimensioni abbastirataanza omogenee,2018,C0M,TG_19
599,OK,La pasta risulta grossolana e granulosa.,Grossolana granulosa,Grossolana granulosa,2018,C0Q,TG_20
600,FUORI_ATTRIBUTO,All'esterno tende a sgretolarsi con microocchiature.,All'esterno tende a sgretolarsi microocchiature,All'estirataerno tende a sgretolarsi microocchiaturaroocchiature,2018,C0Q,TG_13
601,OK,La pasta presenta una buona stiratura con una struttura a roccia omogenea.,Buona struttura a roccia omogenea,Buona stirataruttura a roccia omogenea,2018,C0Q,Q_10
602,OK,"La pasta tende al ruvido, ma risulta omogenea con un'ottima frattura.","Tendente al ruvido, ma omogenea. Ottima frattura","Tendente al ruvido, ma omogenea. Ottima frattura",2018,C0Q,Q_09
603,FUORI_ATTRIBUTO,È leggermente stirata e gessosa.,Leggermente stirata e gessosa,Leggermente stiratairata e gessosa,2018,C0Q,Q_02
604,FUORI_ATTRIBUTO,La frattura è irregolare.,Frattura irregolare,Frattura irregolare,2018,C0Q,TG_24
605,OK,"La grana è diffusa ma non uniforme; sotto uno scalzo si osserva una fascia apparentemente più umida e meno granulosa, con qualche piccolo stiramento e fessura.","Grana diffusa ma non uniforme, sotto uno scalzo fascia apparentem più umida e meno grandiosità Qualche piccolo strappo fessura","Grana diffusa ma non uniforme, sotto uno scalzo fascia apparentem più umida e meno grandiosità Qualche piccolo stiratarappo fessura",2018,C0Q,TG_11
606,OK,La pasta è granulosa con microocchiature a tratti e presenta una grana grossolana.,"Granulosa con micro occhiatura  a tratti, grana grossolana","Granulosa con microocchiaturaro occhiatura  a tratti, grana grossolana",2018,C0Q,TG_12
607,OK,"La pasta appare grossolana, con aree e linee visibili, ma mantiene una certa omogeneità.",Grossolana con aree e linee sebbene omogenea,Grossolana con aree e linee sebbene omogenea,2018,C0Q,TG_35
608,OK,"La pasta è caratterizzata da un aspetto omogeneo e chiaro, indicativo di una buona lavorazione.",Omogenea chiara,Omogenea chiara,2018,C0Q,TG_19
609,OK,"La pasta non è omogenea, con qualche microocchiatura al centro.",Non omogenea qualche microocchiatura al centro,Non omogenea qualche microocchiaturaroocchiatura al centro,2018,C0B,Q_02
610,OK,"La grana è regolare e fine, con un leggero stiramento al centro.",Grana reg è fine leggero stirata al centro,Grana reg è fine leggero stiratairata al centro,2018,C0B,Q_09
611,OK,Sono presenti poche e piccole microocchiature. La frattura è bella e la grana non è finissima ma regolare.,Poche e piccole microcchiature. Bella frattura. Grana non finissima ma regolare,Poche e piccole microocchiaturarocchiature. Bella frattura. Grana non finissima ma regolare,2018,C0B,TG_04
612,OK,La pasta presenta microocchiature sporadiche e qualche zona stirata.,"Microocchiatura sporadica, qualche zona stirata","microocchiaturaroocchiatura sporadica, qualche zona stiratairata",2018,C0B,TG_12
613,OK,La pasta è granulosa e fine.,Granulosa fine,Granulosa fine,2018,C0B,TG_13
614,OK,"La pasta è disomogenea, con microocchiature al centro.","Disomogenea, micro occhiatura  al centro","Disomogenea, microocchiaturaro occhiatura  al centro",2018,C0B,TG_19
615,OK,La pasta non è omogenea e presenta una frattura; nel complesso la grana è positiva.,Non omogenea anche la frattura nel complesso grana positiva,Non omogenea anche la frattura nel complesso grana positiva,2018,C0D,Q_02
616,OK,La pasta è granulosa e presenta una frattura regolare.,Grandiosa e frattura reg,granulosa e frattura reg,2018,C0D,Q_09
617,OK,La pasta è granulosa e la frattura è buona.,"Granulosa, frattura buona","Granulosa, frattura buona",2018,C0D,TG_04
618,OK,La pasta è granulosa e più fine al centro.,Granulosa più fine al centro,Granulosa più fine al centro,2018,C0D,TG_19
619,OK,La pasta è granulosa.,Granulosa,Granulosa,2018,C0F,Q_02
620,FUORI_ATTRIBUTO,È un po' grossolana ma uniforme.,Un Po grossolana ma unif,Un Po grossolana ma unif,2018,C0F,Q_09
621,FUORI_ATTRIBUTO,La frattura non è buona e la struttura è irregolare.,Frattura non buona. Struttura Anna regolare,Frattura non buona. stirataruttura grana regolare,2018,C0F,TG_04
622,FUORI_ATTRIBUTO,Ci sono zone stirate.,Zone stirate,Zone stiratairate,2018,C0F,TG_12
623,OK,"La pasta presenta una struttura non omogenea, con zone granulose alternate a parti meno evidenti.","Non omogenea,  in parte Granulosa, in parte meno","Non omogenea,  in parte Granulosa, in parte meno",2018,C0F,TG_13
624,FUORI_ATTRIBUTO,"È stirato in parte, con una frattura profonda dall'altra.","Stirato in parte, frattura fonda dall'altra","stiratairato in parte, frattura fonda dall'altra",2018,C0F,TG_19
625,FUORI_ATTRIBUTO,Il formaggio è stirato.,Stirata,stiratairata,2018,C0I,Q_02
626,FUORI_ATTRIBUTO,Tende a essere un po' stirato con qualche occhio.,Tendente allo stirato qualche occhio,Tendente allo stiratairato qualche occhio,2018,C0I,Q_09
627,OK,"La frattura è omogenea, con una struttura ruvida e grossolana che si perde verso il centro.","Frattura omogenea. Struttura ruvida,grossolana, che si perde verso il centro","Frattura omogenea. stirataruttura ruvida,grossolana, che si perde verso il centro",2018,C0I,TG_04
628,FUORI_ATTRIBUTO,Tende ad essere un po' stirata al centro.,Tende ad essere un Po stirata al centro,Tende ad essere un Po stiratairata al centro,2018,C0I,TG_13
629,OK,"La pasta è a tratti stirata, compatta e poco granulosa.","A tratti stirata, compatta e poco granulosa","A tratti stiratairata, compatta e poco granulosa",2018,C0I,TG_19
630,CONFORME,"Il campione presenta una struttura regolare e omogenea, conforme agli standard di qualità.",Regolare e omogenea,Regolare e omogenea,2018,C0I,TG_35
631,FUORI_ATTRIBUTO,"Struttura irregolare al centro, non spugnosa ma con microocchiatura.",Grave struttura irregolare nel centro non spugnosa ma simile con microocchiatura,Grave stirataruttura irregolare nel centro non spugnosa ma simile con microocchiaturaroocchiatura,2018,C0L,Q_02
632,OK,"La pasta presenta qualche piccola frattura, con una struttura disomogenea e granulosa, ma la frattura è regolare.",Qualche piccola frattura un Po disomogenea e grandiosa ma frattura regolare,Qualche piccola frattura un Po disomogenea e granulosa ma frattura regolare,2018,C0L,Q_09
633,OK,"La pasta è regolare e fine, con un'ottima frattura che ne evidenzia la qualità.","Regolare, anche fine. Ottima frattura","Regolare, anche fine. Ottima frattura",2018,C0L,TG_04
634,OK,"La pasta presenta una grana grossolana, con microocchiature diffuse.","Grana grossolana, microocch. Diffuse","Grana grossolana, microocchiaturaroocch. Diffuse",2018,C0L,TG_12
635,OK,"La pasta mostra qualche microocchiatura, con una struttura poco granulosa e non tipica.","Un Po di microocchitura. Struttura poco grandiosa, non tipica.","Un Po di microocchiaturaroocchitura. stirataruttura poco granulosa, non tipica.",2018,C0L,TG_13
636,OK,"La pasta presenta microocchiature e una frattura disomogenea, con zone più umide.",Micro occhiatura frattura disomogeneo più umido a zone,microocchiaturaro occhiatura frattura disomogeneo più umido a zone,2018,C0L,TG_19
637,OK,"La pasta è abbastirata, omogenea, con grana grossa e una sfoglia lunga 4 cm.","Abbastanza omogenea, la grana è grossa, vedo una sfoglia lunga 4 cm","Abbastirataanza omogenea, la grana è grossa, vedo una sfoglia lunga 4 cm",2018,C0L,TG_35
638,OK,La pasta è non omogenea e presenta una struttura granulosa.,Non omogenea Granulosa,Non omogenea Granulosa,2018,C0O,Q_02
639,OK,La pasta mostra qualche piccola frattura e zone più granulose.,Qualche piccola frattura e zona più granulosa,Qualche piccola frattura e zona più granulosa,2018,C0O,Q_09
640,OK,"La pasta è disomogenea, ma in certi punti appare anche fine, con una frattura discreta.","Disomogeneo, ma in certi punti anche fine(?). Frattura discreta","Disomogeneo, ma in certi punti anche fine(?). Frattura discreta",2018,C0O,TG_04
641,ILLEGGIBILE,,Granulosa abbastanza regolare,Granulosa abbastirataanza regolare,2018,C0O,TG_13
642,FUORI_ATTRIBUTO,Zone più umide con qualche frattura e microocchiatura a tratti.,"Zone più umide, qualche frattura, microocchiatura a zone","Zone più umide, qualche frattura, microocchiaturaroocchiatura a zone",2018,C0O,TG_19
643,ILLEGGIBILE,,Abbastanza regolare con cristalli bianchi,Abbastirataanza regolare con cristirataalli bianchi,2018,C0O,TG_35
644,FUORI_ATTRIBUTO,Microocchiatura centrale diffusa e struttura non omogenea.,Microocchiatura centrale diffusa Struttura non omogenea,microocchiaturaroocchiatura centrale diffusa stirataruttura non omogenea,2018,C0A,Q_02
645,OK,La pasta presenta una fitta microocchiatura con dimensioni inferiori a 1 mm.,Fitta microocchiatura inf 1 mm,Fitta microocchiaturaroocchiatura inf 1 mm,2018,C0A,Q_09
646,OK,La pasta presenta una grana grossolana.,Grana grossolana,Grana grossolana,2018,C0A,TG_05
647,OK,La pasta presenta una microocchiatura diffusa.,Microocchiatura diffusa,microocchiaturaroocchiatura diffusa,2018,C0A,TG_11
648,OK,"La pasta presenta una microocchiatura diffusa, molto impattante visivamente, con una struttura granulosa regolare.",Microocchiatura diffusa molto impattante visivamente  Struttura grandiosa regolare,microocchiaturaroocchiatura diffusa molto impattante visivamente  stirataruttura granulosa regolare,2018,C0A,TG_13
649,OK,La pasta presenta una microocchiatura diffusa su quasi tutta la superficie.,Microocchitura diffusa su quasiu tutta la superficie,microocchiaturaroocchitura diffusa su quasiu tutta la superficie,2018,C0A,TG_14
650,FUORI_ATTRIBUTO,La pasta è completamente spugnosa con grana discreta.,"Spugnosa tutta la pasta, grana discreta","Spugnosa tutta la pastirataa, grana discreta",2018,C0A,TG_15
651,OK,La pasta presenta una microocchiatura molto diffusa.,Microocchiatura molto diffusa,microocchiaturaroocchiatura molto diffusa,2018,C0A,TG_19
652,OK,"La pasta presenta una struttura granulosa e definita, ma con presenza di microocchiature diffuse.",Struttura abbastanza  granulosa  e definita ma con presenza di micro occhiatura  diffusa,stirataruttura abbastirataanza  granulosa  e definita ma con presenza di microocchiaturaro occhiatura  diffusa,2018,C0A,TG_20
653,OK,La pasta presenta una grana grossolana con occhiature frequenti ma piccole e una frattura media omogenea.,Grana grossolana  con occhiatura frequenti ma piccole. Frattura  media omogenea,Grana grossolana  con occhiatura frequenti ma piccole. Frattura  media omogenea,2018,C0A,TG_24
654,OK,La pasta non è omogenea e presenta una struttura stirata.,Non omogenea e stirata,Non omogenea e stiratairata,2018,C0C,Q_02
655,ILLEGGIBILE,,Stirata con occhio centrale  10 km,stiratairata con occhio centrale  10 km,2018,C0C,Q_09
656,OK,La pasta è poco granulosa.,Poco granulosa,Poco granulosa,2018,C0C,TG_05
657,ILLEGGIBILE,,In parte stirata.,In parte stiratairata.,2018,C0C,TG_13
658,OK,La pasta presenta una struttura granulosa omogenea.,Struttura Granulosa omogenea,stirataruttura Granulosa omogenea,2018,C0C,TG_14
659,OK,"La pasta presenta una struttura stirata su ampia superficie, con microocchiature in tutta la pasta.","Stirata ampia superficie ,microocchiature in tutta la pasta","stiratairata ampia superficie ,microocchiaturaroocchiature in tutta la pastirataa",2018,C0C,TG_15
660,FUORI_ATTRIBUTO,Presenta una stiratura con un occhio centrale.,"Stirata , occhio centrale","stiratairata , occhio centrale",2018,C0C,TG_19
661,ILLEGGIBILE,,"Difettosa, stirata","Difettosa, stiratairata",2018,C0C,TG_20
662,FUORI_ATTRIBUTO,Grana molto grossolana con striature e una frattura con buco centrale.,"Grana molto grossolana  con striature,frattura con buco centrale. Stirata.","Grana molto grossolana  con stiratariature,frattura con buco centrale. stiratairata.",2018,C0C,TG_24
663,FUORI_ATTRIBUTO,La stiratura non è regolare.,Non regolare strirata,Non regolare stiratarirata,2018,C0E,Q_02
664,OK,"La pasta presenta una frattura irregolare con stirature e microocchiature di 0,5 mm.","Frattura irregolare con striature e microocchiature 0,5 mm","Frattura irregolare con stiratariature e microocchiaturaroocchiature 0,5 mm",2018,C0E,Q_09
665,ILLEGGIBILE,,.,.,2018,C0E,TG_05
666,OK,La pasta mostra una frattura irregolare con leggera stiratura.,"Frattura irregolare, leggera striature","Frattura irregolare, leggera stiratariature",2018,C0E,TG_14
667,FUORI_ATTRIBUTO,Microocchiatura centrale.,Microocchiatura centrale,microocchiaturaroocchiatura centrale,2018,C0E,TG_15
668,OK,"La pasta è poco granulosa, con alcune zone caratterizzate da microocchiature.","Poco grandiosa, qualche zona con micro occhiatura","Poco granulosa, qualche zona con microocchiaturaro occhiatura",2018,C0E,TG_19
669,FUORI_ATTRIBUTO,Stirata e difettosa.,"Stirata, difettosa","stiratairata, difettosa",2018,C0E,TG_20
670,OK,"La pasta mostra una grana grossolana, che contribuisce a una texture distintiva.",Grana grossolana .,Grana grossolana .,2018,C0E,TG_24
671,OK,"La grana è grossa ma uniforme, con cristalli visibili.",Grana grossa ma uniforme crist visibili,Grana grossa ma uniforme cristirata visibili,2018,C0G,Q_09
672,ILLEGGIBILE,,....,....,2018,C0G,TG_05
673,OK,La grana non è omogenea.,Grana non omogenea,Grana non omogenea,2018,C0G,TG_13
674,OK,"La pasta è granulosa e omogenea, con pochissime microocchiature minori di 1 millimetro.","Granulosa e omogenea, pochissime microocchitura minori 1 millime","Granulosa e omogenea, pochissime microocchiaturaroocchitura minori 1 millime",2018,C0G,TG_14
675,OK,"Sono presenti alcune microocchiature centrali, mentre la grana è buona.","Qualche microocchiatura centrale, grana buona","Qualche microocchiaturaroocchiatura centrale, grana buona",2018,C0G,TG_15
676,OK,"La pasta presenta una bella grana, ma è leggermente disomogenea.","Bella grana, ma un Po disomogenea","Bella grana, ma un Po disomogenea",2018,C0G,TG_19
677,OK,"La frattura è conforme, la grana è eterogenea, con tratti belli e tratti quasi eccessivi.","Frattura ok, grana eterogenea, a tratti bella a tratti quasi eccessiva","Frattura ok, grana eterogenea, a tratti bella a tratti quasi eccessiva",2018,C0G,TG_20
678,OK,"La pasta ha una bella grana, sia grossolana che fine, con frattura omogenea.",Bella grana sia grossolana  che fine. Frattura omogenea.,Bella grana sia grossolana  che fine. Frattura omogenea.,2018,C0G,TG_24
679,OK,"La frattura è un po' irregolare, con qualche microocchiatura inferiore a 0,5 mm.","Frattura un Po irregolare qualche microocchiatura inf 0,5","Frattura un Po irregolare qualche microocchiaturaroocchiatura inf 0,5",2018,C0N,Q_09
680,OK,"La pasta si presenta granulosa, suggerendo una buona lavorazione e stagionatura.",Granulosa,Granulosa,2018,C0N,TG_05
681,FUORI_ATTRIBUTO,Granulosa e regolare.,Granulosa regolare,Granulosa regolare,2018,C0N,TG_14
682,ILLEGGIBILE,,Microocchiature e dittatura centrale,microocchiaturaroocchiature e occhiatura centrale,2018,C0N,TG_15
683,FUORI_ATTRIBUTO,Bella ma non del tutto omogenea.,"Bella, non del tutto  Omogenea","Bella, non del tutto  Omogenea",2018,C0N,TG_20
684,FUORI_ATTRIBUTO,"Grana grossolana con assenza di grana fine, occhiatura assente e frattura media.",Grana grossolana  con presenza di grana assente fine. Occhiatura assente e frattura media,Grana grossolana  con presenza di grana assente fine. Occhiatura assente e frattura media,2018,C0N,TG_24
685,FUORI_ATTRIBUTO,Spugna centrale.,Spugna centrale,Spugna centrale,2018,C0R,Q_02
686,FUORI_ATTRIBUTO,Stirata compatta con zona centrale tendente al gessato e microocchiature concentrate al centro.,Stirata compatta con zona centrale tendente al gessato forte microocchiature concentrate al centro,stiratairata compatta con zona centrale tendente al gessato forte microocchiaturaroocchiature concentrate al centro,2018,C0R,Q_09
687,FUORI_ATTRIBUTO,Granulosa.,Granulosa,Granulosa,2018,C0R,TG_05
688,FUORI_ATTRIBUTO,Spugnosità centrale.,Spugnosita centrale,Spugnosita centrale,2018,C0R,TG_11
689,FUORI_ATTRIBUTO,"Microocchiatura, spinoso e stirato.","Microocchiatura, spinoso, stirato","microocchiaturaroocchiatura, spinoso, stiratairato",2018,C0R,TG_13
690,FUORI_ATTRIBUTO,Grana fine con una zona centrale spagnola abbastanza diffusa.,"Grana fine con zona spagnola centrale abbastanza diffusa,","Grana fine con zona spugnosa centrale abbastirataanza diffusa,",2018,C0R,TG_14
691,FUORI_ATTRIBUTO,"Microocchiatura e grana brutta, non tipica.","Microocchiatura, grana brutta non tipica","microocchiaturaroocchiatura, grana brutta non tipica",2018,C0R,TG_15
692,FUORI_ATTRIBUTO,Microocchiatura centrale con zone più lisce e altre più granulose.,"Micro occhiatura centrale, zone più lisce altre più granulose","microocchiaturaro occhiatura centrale, zone più lisce altre più granulose",2018,C0R,TG_19
693,FUORI_ATTRIBUTO,"La frattura è bella, con micro occhiature diffuse a tratti e una grana non molto profilata.","Bella frattura, micro occhiatura  a tratti diffusa, grana non molto  profilata","Bella frattura, microocchiaturaro occhiatura  a tratti diffusa, grana non molto  profilata",2018,C0R,TG_20
694,OK,La pasta presenta una grana media con occhiatura omogenea e una frattura regolare.,Grana media con occhiatura omogenea la frattura,Grana media con occhiatura omogenea la frattura,2018,C0R,TG_24
695,FUORI_ATTRIBUTO,La struttura è regolare e la grana è abbastanza fine.,Regolare e grana abbastanza fine,Regolare e grana abbastirataanza fine,2018,C0A,Q_09
696,FUORI_ATTRIBUTO,La struttura è grossolana e omogenea.,"Struttura grossolana, pronunciata omogenea","stirataruttura grossolana, pronunciata omogenea",2018,C0A,Q_10
697,FUORI_ATTRIBUTO,Il taglio è discreto e grandioso.,"Grandiosa, discreto taglio","granulosa, discreto taglio",2018,C0A,TG_04
698,FUORI_ATTRIBUTO,La struttura non è omogenea.,Non omogenea,Non omogenea,2018,C0A,TG_05
699,FUORI_ATTRIBUTO,La grana è grossolana con qualche microocchio.,"Grossolana, qualche microocch","Grossolana, qualche microocchiaturaroocch",2018,C0A,TG_12
700,FUORI_ATTRIBUTO,Ci sono microocchiature e la grana è piatta.,"Microocchiature, grana piatta","microocchiaturaroocchiature, grana piatta",2018,C0A,TG_15
701,CONFORME,"La pasta del campione presenta una grana compatta e uniforme, con microocchiature ben distribuite e angoli leggermente arrotondati, evidenziando una buona friabilità e la presenza di cristalli di tirosina.","Grandioso, omogeneo, qualche piccola occhiatura","Grandioso, omogeneo, qualche piccola occhiatura",2018,C0A,TG_19
702,FUORI_ATTRIBUTO,"La frattura è ok, la pasta è poco granulosa e tende a stirarsi.","Frattura  ok, pasta poco granulosa con tendenza allo stirato","Frattura  ok, pastirataa poco granulosa con tendenza allo stiratairato",2018,C0A,TG_20
703,FUORI_ATTRIBUTO,La struttura è piuttosto grossolana con una frattura media.,Piuttosto grossolana e frattura media,Piuttostiratao grossolana e frattura media,2018,C0A,TG_24
704,ILLEGGIBILE,,Microocchitura agglomerati bianchi evidenti leggibili striature centrali,microocchiaturaroocchitura agglomerati bianchi evidenti leggibili stiratariature centrali,2018,C0A,TG_26
705,OK,"La pasta del campione presenta una grana fine, con una frattura irregolare e una leggera stiratura, evidenziando una buona friabilità.",Frattura irregolare con grana fine è leggermente stirata 1 piccola frattura,Frattura irregolare con grana fine è leggermente stiratairata 1 piccola frattura,2018,C0C,Q_09
706,FUORI_ATTRIBUTO,La grana è irregolare e non è uniformemente distribuita.,Grana irregolare e non uniformemente distribuita,Grana irregolare e non uniformemente distirataribuita,2018,C0C,Q_10
707,FUORI_ATTRIBUTO,"A tratti la grana sembra appena accennata, in altri punti è grandiosa, ma il taglio è solo discreto.",A tratti sembra appena accennata. A tratti stamattina. Altri punti grandiosa. Taglio solo discreto,A tratti sembra appena accennata. A tratti stirataamattina. Altri punti granulosa. Taglio solo discreto,2018,C0C,TG_04
708,FUORI_ATTRIBUTO,La struttura è irregolare.,Irregolare,Irregolare,2018,C0C,TG_05
709,FUORI_ATTRIBUTO,C'è una crepa centrale.,Crepa centrale,Crepa centrale,2018,C0C,TG_11
710,FUORI_ATTRIBUTO,La struttura è disomogenea.,Disomogenea,Disomogenea,2018,C0C,TG_12
711,OK,"La pasta del campione presenta una grana granulosa e omogenea, con una buona distribuzione degli occhi.",Granulosa e omogenea,Granulosa e omogenea,2018,C0C,TG_13
712,OK,"La pasta del campione presenta un'evidente occhiatura, con un grande spacco e una grana piatta.","Dittatura evidente, grande spacco, grana piatta","occhiatura evidente, grande spacco, grana piatta",2018,C0C,TG_15
713,OK,"La pasta del campione presenta una leggera stiratura in parte, con una frattura e uno spacco non troppo regolare.","Leggermente stirato in parte, frattura, spacco non troppo regolare","Leggermente stiratairato in parte, frattura, spacco non troppo regolare",2018,C0C,TG_19
714,OK,"La pasta del campione presenta una frattura con grossi avvallamenti, metà con una forma bella granulosa e metà quasi stirata.","Frattura con grossi avvallamenti, metà  forma bella granulosa metà  quasi stirata","Frattura con grossi avvallamenti, metà  forma bella granulosa metà  quasi stiratairata",2018,C0C,TG_20
715,FUORI_ATTRIBUTO,"Non è molto omogenea, presenta spaccature e una grana media.",Non molto omogenea  con spaccature e grana media,Non molto omogenea  con spaccature e grana media,2018,C0C,TG_24
716,FUORI_ATTRIBUTO,"C'è una spaccatura grossa e la frattura è stirata, ma non c'è grana.",Spaccatura grossa frattura stirata no grana,Spaccatura grossa frattura stiratairata no grana,2018,C0C,TG_26
717,OK,"La pasta del campione presenta una grana regolare, un po' grossa, con una piccola frattura centrale.",Grana regolare un po grossa 1 piccola frattura centrale,Grana regolare un po grossa 1 piccola frattura centrale,2018,C0D,Q_09
718,OK,"Il campione presenta un bel taglio, con una bella stiratura fine in zona centrale e una maggiore granulosa verso l'esterno.","Bel taglio. Bella struttura fine in zona centrale, più  Grandiosa verso estrno","Bel taglio. Bella stirataruttura fine in zona centrale, più  granulosa verso estiratarno",2018,C0D,TG_04
719,OK,La pasta del campione presenta una grana granulosa.,Granulosa,Granulosa,2018,C0D,TG_05
720,FUORI_ATTRIBUTO,La frattura è centrale con micro occhiature.,Frattura centrale con micro Occhiatura,Frattura centrale con microocchiaturaro Occhiatura,2018,C0D,TG_11
721,OK,"La pasta è granulosa e regolare, evidenziando una buona uniformità nella struttura.",Granulosa  regolare,Granulosa  regolare,2018,C0D,TG_12
722,FUORI_ATTRIBUTO,La struttura è granulosa e regolare.,Struttura Granulosa regolare,stirataruttura Granulosa regolare,2018,C0D,TG_13
723,FUORI_ATTRIBUTO,"Ci sono alcune microocchiature, uno spacco centrale e la grana non è molto bella, è piatta.","Qualche microocchiatura, spacco centrale, grana non molto bella (piatto ma)","Qualche microocchiaturaroocchiatura, spacco centrale, grana non molto bella (piatto ma)",2018,C0D,TG_15
724,FUORI_ATTRIBUTO,Ci sono alcune piccole bocciature e una frattura.,"Qualche bocciatura piccola, frattura,","Qualche occhiatura piccola, frattura,",2018,C0D,TG_19
725,OK,"La pasta del campione presenta una grana molto fine, con presenza localizzata di microocchiature e una piccola sfoglia centrale.","Grana molto fine, presenza localizzata  di micro occhiatura, presenza di piccola sfoglia  centrale","Grana molto fine, presenza localizzata  di microocchiaturaro occhiatura, presenza di piccola sfoglia  centrale",2018,C0D,TG_20
726,FUORI_ATTRIBUTO,La frattura è grossolana e presenta alcune spaccature.,Grossolana media frattura qualche spaccatura,Grossolana media frattura qualche spaccatura,2018,C0D,TG_24
727,OK,"La pasta presenta una bella grana, con una spaccatura centrale e una consistenza abbastirata.",Spaccatura centrale bella grana abbastanza fine,Spaccatura centrale bella grana abbastirataanza fine,2018,C0D,TG_26
728,FUORI_ATTRIBUTO,"La frattura è abbastanza regolare, con grana media e un lato più grossa e un po' spugnosa.",Frattura abbastanza regolare e grana media su 1 lato più grossa e un Po spugnosa,Frattura abbastirataanza regolare e grana media su 1 lato più grossa e un Po spugnosa,2018,C0G,Q_09
729,OK,"La pasta presenta una frattura non proprio regolare, con una grana pronunciata e ben distribuita.","Frattura non proprio regolare, grana pronunciata e ben distribuita","Frattura non proprio regolare, grana pronunciata e ben distirataribuita",2018,C0G,Q_10
730,OK,"La pasta è granulosa ma grossolana, pur mantenendo una certa omogeneità.","Granulosa  ma grossolana, anche se omogenea","Granulosa  ma grossolana, anche se omogenea",2018,C0G,TG_04
731,OK,"La pasta mostra una grana granulosa, indicativa di una lavorazione attenta.",Granulosa,Granulosa,2018,C0G,TG_05
732,CONFORME,"Il campione presenta una struttura regolare, conforme agli standard di qualità.",Regolare,Regolare,2018,C0G,TG_12
733,FUORI_ATTRIBUTO,La transizione è discreta e la grana è abbastanza regolare.,"Trans discreta,grana abbastanza regolare","Trans discreta,grana abbastirataanza regolare",2018,C0G,TG_15
734,FUORI_ATTRIBUTO,La grana è bella e sembra divisa a metà.,"Bella grana, mi pare diviso a metà","Bella grana, mi pare diviso a metà",2018,C0G,TG_19
735,OK,"La pasta presenta una bella frattura, con una stiratura granulosa a tratti meno definita.","Bella frattura, struttura  granulosa a tratti meno definita","Bella frattura, stirataruttura  granulosa a tratti meno definita",2018,C0G,TG_20
736,OK,"La pasta mostra una bella presenza di grana fine, accompagnata da una frattura media.","Bella presenza di grana fine, ma frattura media","Bella presenza di grana fine, ma frattura media",2018,C0G,TG_24
737,FUORI_ATTRIBUTO,La grana è fine e omogenea.,Grana fine abbiamo omogenea,Grana fine abbiamo omogenea,2018,C0G,TG_26
738,FUORI_ATTRIBUTO,La frattura è molto irregolare e la grana è disomogenea con grosse scaglie.,Frattura molto irregolare grana disomogenea con grossa scaglia,Frattura molto irregolare grana disomogenea con grossa scaglia,2018,C0H,Q_09
739,OK,"La pasta presenta una frattura irregolare, con presenza di grana fine distribuita omogeneamente.",Frattura irregolare con presenza di grana fine distribuita omogeneamente,Frattura irregolare con presenza di grana fine distirataribuita omogeneamente,2018,C0H,Q_10
740,OK,"La pasta presenta una frattura non buona, con grana granulosa e a tratti fine, accompagnata da qualche microocchiatura.",Frattura non buona. Grana granulosa. A tratti anche fine. Qualche Microocchiatura.,Frattura non buona. Grana granulosa. A tratti anche fine. Qualche microocchiaturaroocchiatura.,2018,C0H,TG_04
741,FUORI_ATTRIBUTO,C'è disomogeneità.,Disomogeneità,Disomogeneità,2018,C0H,TG_05
742,OK,"La pasta presenta una frattura irregolare con crepe, evidenziando una certa disomogeneità.",Frattura irregolare con crepe,Frattura irregolare con crepe,2018,C0H,TG_11
743,OK,"La frattura è molto irregolare, con zone stirate che compromettono l'uniformità della pasta.","Frattura molto irregolare, zone stirate","Frattura molto irregolare, zone stiratairate",2018,C0H,TG_12
744,OK,"Si osservano alcune microocchiature, ma la grana non è omogenea.","Qualche microocchio, la grana non è omogenea","Qualche microocchiaturaroocchio, la grana non è omogenea",2018,C0H,TG_13
745,OK,"È presente una grossa occhiatura centrale, con spacco vistoso e caverna.","Grossa dittatura centrale , vistoso spacco e caverna","Grossa occhiatura centrale , vistirataoso spacco e caverna",2018,C0H,TG_15
746,OK,"La pasta presenta disomogeneità, con qualche strappo e frattura irregolare.","Disomogeneità, qualche strappo, frattura irregolare","Disomogeneità, qualche stiratarappo, frattura irregolare",2018,C0H,TG_19
747,OK,"Si nota una brutta frattura e una struttura eterogenea, stirata al centro.","Brutta frattura, struttura  eterogenea stirata al centro","Brutta frattura, stirataruttura  eterogenea stiratairata al centro",2018,C0H,TG_20
748,OK,"La frattura è poco omogenea, con qualche fessura, mentre la grana è media e grossolana.",Frattura poco omogenea con qualche frattura ma grana media grossolana,Frattura poco omogenea con qualche frattura ma grana media grossolana,2018,C0H,TG_24
749,OK,Si osservano spaccature diverse e una grana grossolana variabile tra le due metà.,Spaccature diversa cchiaturegrossolana diversa tra le due metà,Spaccature diversa cchiaturegrossolana diversa tra le due metà,2018,C0H,TG_26
750,OK,"La frattura è regolare e fine, con microocchiature presenti.",Frattura e grana regolare fine microocchiatura,Frattura e grana regolare fine microocchiaturaroocchiatura,2018,C0Q,Q_09
751,OK,"Si nota la presenza di leggera microocchiatura, che risulta trascurabile e non compromette la qualità.",Presenza di leggera microcchiatura trascurabile,Presenza di leggera microocchiaturarocchiatura trascurabile,2018,C0Q,Q_10
752,OK,"La microocchiatura è fine, con inserti più grossi. La frattura è bella e la grana è omogenea.",Microocchiatura fine con inserti più  grossi. Bella frattura. Omogenea la grana,microocchiaturaroocchiatura fine con inserti più  grossi. Bella frattura. Omogenea la grana,2018,C0Q,TG_04
753,ILLEGGIBILE,,Abbastanza omogenea,Abbastirataanza omogenea,2018,C0Q,TG_05
754,OK,La pasta presenta una spugnosa centrale.,Spinosa centrale,spugnosa centrale,2018,C0Q,TG_11
755,OK,La microocchiatura è molto diffusa.,Microocch molto diffusa,microocchiaturaroocch molto diffusa,2018,C0Q,TG_12
756,OK,"La microocchiatura è diffusa al centro, mentre la grana non è omogenea.",Microocchiatura diffusa al centro. Grana non omogenea.,microocchiaturaroocchiatura diffusa al centro. Grana non omogenea.,2018,C0Q,TG_13
757,OK,"La microocchiatura è presente su tutta la pasta, con grana un po' arrotondata e stirata.","Microocchiature su tutta la pasta,grana un po' arrotondata ,stiratura","microocchiaturaroocchiature su tutta la pastirataa,grana un po' arrotondata ,stiratairatura",2018,C0Q,TG_15
758,OK,"Si osserva una microocchiatura centrale, con un occhio più deciso, ma nel complesso la grana non è male.","Occhiatura micro centrale, un occhio più deciso, ma nel complesso non male la grana","Occhiatura microocchiaturaro centrale, un occhio più deciso, ma nel complesso non male la grana",2018,C0Q,TG_19
759,OK,"La microocchiatura è diffusa nella parte centrale, mentre la grana è abbastante definita.","Micro occhiatura diffusa nella parte centrale, per il resto grana abbastanza  definita","microocchiaturaro occhiatura diffusa nella parte centrale, per il restiratao grana abbastirataanza  definita",2018,C0Q,TG_20
760,OK,"La pasta presenta grana grossolana e fine, con microocchiature e omogeneità nella frattura.",Grana grossolana e fine presenti. Microocchiature e omogeneità nella frattura,Grana grossolana e fine presenti. microocchiaturaroocchiature e omogeneità nella frattura,2018,C0Q,TG_24
761,ILLEGGIBILE,,Microocchitura  anche grossa grana abbastanza fine,microocchiaturaroocchitura  anche grossa grana abbastirataanza fine,2018,C0Q,TG_26
762,FUORI_ATTRIBUTO,"Non è omogenea, presenta un sottopiatto demineralizzato con strappi.",Non omogenea  Un sottopiatto demineralizzato con strappi,Non omogenea  Un sottopiatto demineralizzato con stiratarappi,2018,C0A,Q_02
763,FUORI_ATTRIBUTO,Ci sono strappi e la pasta è disomogenea sotto un piatto.,Strappi e pasta cessata sotto 1 piatto disomogenea,stiratarappi e pastirataa gessata sotto 1 piatto disomogenea,2018,C0A,Q_09
764,FUORI_ATTRIBUTO,"La modellatura è scarsa ma non fastidiosa, e la grana non è fine.",Scarsa modellatura non fastidiosa. Grana non fine,Scarsa modellatura non fastirataidiosa. Grana non fine,2018,C0A,TG_04
765,OK,"La pasta presenta qualche frattura, evidenziando una certa friabilità.",Qualche frattura presente,Qualche frattura presente,2018,C0A,TG_11
766,OK,La pasta è omogenea e presenta una grana granulosa regolare.,Omogen4a e grandiosa regolare,Omogen4a e granulosa regolare,2018,C0A,TG_14
767,ILLEGGIBILE,,"Microocchiature  centrali, striatura parte centrale","microocchiaturaroocchiature  centrali, stiratariatura parte centrale",2018,C0A,TG_15
768,FUORI_ATTRIBUTO,C'è disomogeneità e diversi strappi.,"Disomogeneità, diversi strappi,","Disomogeneità, diversi stiratarappi,",2018,C0A,TG_19
769,OK,La frattura è presente e si notano sfoglie localizzate in zone tendenti allo stirato.,"Frattura  ok, presenza  di sfoglie localizzate  zone che tendono allo stirato","Frattura  ok, presenza  di sfoglie localizzate  zone che tendono allo stiratairato",2018,C0A,TG_20
770,OK,La pasta presenta stiratura e una grana grossolana.,Stiratura presente e grana grossolana,stiratairatura presente e grana grossolana,2018,C0A,TG_24
771,OK,La pasta non è omogenea e presenta aree stirate.,Non omogenea con aree strirate,Non omogenea con aree stiratarirate,2018,C0C,Q_02
772,OK,La pasta è stirata con frattura circolare e microocchiature fini.,Stirata con frattura circolare e Microocchiatura  fine,stiratairata con frattura circolare e microocchiaturaroocchiatura  fine,2018,C0C,Q_09
773,OK,"La pasta è poco evoluta e presenta una certa stiratura, con una buona frattura.",A tratti poco evoluta e un po'  stirata. Invecchiato. Frattura buona,A tratti poco evoluta e un po'  stiratairata. Invecchiato. Frattura buona,2018,C0C,TG_04
774,OK,"Sono presenti cristalli di tirosina, ma l'occhiatura è centrale.",Presenza di cristalli ma occhiatura centrale,Presenza di cristirataalli ma occhiatura centrale,2018,C0C,TG_11
775,OK,"La pasta è stirata, con microocchiature al centro, disomogenea e gessata.","Stirata, Microocchiatura al centro, disomogenea, gessata","stiratairata, microocchiaturaroocchiatura al centro, disomogenea, gessata",2018,C0C,TG_13
776,OK,La pasta presenta microocchiature centrali.,Microocchitura centrale,microocchiaturaroocchitura centrale,2018,C0C,TG_15
777,OK,"Sono presenti alcune fratture, microocchiature diffuse e una leggera stiratura, con disomogeneità.","Qualche frattura, micro occhiatura diffusa, un po' stirata, disomogeneo","Qualche frattura, microocchiaturaro occhiatura diffusa, un po' stiratairata, disomogeneo",2018,C0C,TG_19
778,OK,"La frattura è presente, ma la stiratura è a tratti, con microocchiature.",Frattura  ok ma stiratura a tratti con presenza  di micro occhiatura,Frattura  ok ma stiratairatura a tratti con presenza  di microocchiaturaro occhiatura,2018,C0C,TG_20
779,OK,"L'agglomerato è compatto, poco presente e leggermente stirato.",Agglomerato congelata poco presente e leggermente stirata,Agglomerato compatta poco presente e leggermente stiratairata,2018,C0C,TG_24
780,OK,La pasta presenta microocchiature centrali e tende allo stirato.,Microocchiatura centrale Tendente allo stirato,microocchiaturaroocchiatura centrale Tendente allo stiratairato,2018,C0M,Q_02
781,FUORI_ATTRIBUTO,"La microocchiatura è molto fine e diffusa, con uno strappo centrale di 3 cm e grana fine ma con striature.",Ciao Microocchiatura molto fine è diffusa  1 strappo  3 cm centrale grana fine ma con striature,Ciao microocchiaturaroocchiatura molto fine è diffusa  1 stiratarappo  3 cm centrale grana fine ma con stiratariature,2018,C0M,Q_09
782,OK,"La pasta presenta una frattura evidente, con una stiratura fine e diffusa. L'occhiatura è abbondante, sebbene non si tratti di una spugnosa vera e propria.","Ignoro frattura presente. Struttura fine è diffusa. Occhiatura abbondante, anche se non spugnatura vera e propria","Ignoro frattura presente. stirataruttura fine è diffusa. Occhiatura abbondante, anche se non spugnatura vera e propria",2018,C0M,TG_04
783,FUORI_ATTRIBUTO,"C'è microocchiatura e una frattura centrale di 4x0,3 cm.","Microcchiatura e frattura centrale 4x0,3 cm","microocchiaturarocchiatura e frattura centrale 4x0,3 cm",2018,C0M,TG_11
784,OK,"La pasta è leggermente stirata, con una microocchiatura diffusa.",Leggermente stirata  Microocchiatura diffusa,Leggermente stiratairata  microocchiaturaroocchiatura diffusa,2018,C0M,TG_13
785,OK,"La microocchiatura è diffusa, ma non presenta caratteristiche spugnose.",Micro occhiatina diffusa ma non spagnola,microocchiaturaro occhiatina diffusa ma non spugnosa,2018,C0M,TG_14
786,FUORI_ATTRIBUTO,"C'è microocchiatura su tutta la pasta, con uno spacco centrale e stirata.","Microocchitura su tutta la pasta, spacco centrale, stirata","microocchiaturaroocchitura su tutta la pastirataa, spacco centrale, stiratairata",2018,C0M,TG_15
787,OK,"L'occhiatura è diffusa e presenta una stiratura evidente, con una leggera stiratura.","Occhiatura micro piuttosto diffusa, strappo evidente, leggermente stirata","Occhiatura microocchiaturaro piuttostiratao diffusa, stiratarappo evidente, leggermente stiratairata",2018,C0M,TG_19
788,FUORI_ATTRIBUTO,"La frattura è accettabile ma presenta un difetto, con occhiatura e stiratura diffuse.","Frattura  ok ma abbastanza  difetto sa, con occhiatura  e stiratura  diffuse","Frattura  ok ma abbastirataanza  difetto sa, con occhiatura  e stiratairatura  diffuse",2018,C0M,TG_20
789,OK,"La pasta è omogenea con una grana ben presente, sebbene presenti una frattura interna.","Omogenea con grana ben presente,una frattura interna!","Omogenea con grana ben presente,una frattura interna!",2018,C0M,TG_24
790,OK,"La pasta è omogenea e presenta una grana grossa, suggerendo una buona lavorazione.",Omogenea grossa,Omogenea grossa,2018,C0N,Q_02
791,FUORI_ATTRIBUTO,"È un po' grossolana, con zone più fine e evidenti perle cristalline.",Un Po grossolana on zone più fine è stirata evidenti cristalline perle,Un Po grossolana on zone più fine è stiratairata evidenti cristirataalline perle,2018,C0N,Q_09
792,OK,"La pasta presenta una bella grana e una buona frattura, risultando omogenea.","Bella  grana, buona frattura. Omogeneo","Bella  grana, buona frattura. Omogeneo",2018,C0N,TG_04
793,OK,La pasta è granulosa e grossolana.,Granulosa grossolana,Granulosa grossolana,2018,C0N,TG_13
794,OK,"La pasta è abbastante bella, ma presenta una certa scagliosità.","Abbastanza bella, un po' scagliosa","Abbastirataanza bella, un po' scagliosa",2018,C0N,TG_15
795,OK,"La frattura è bella, con una stiratura granulosa e lievi stirature.","Bella frattura, struttura  granulosa  con lievi striature","Bella frattura, stirataruttura  granulosa  con lievi stiratariature",2018,C0N,TG_20
796,OK,"La pasta è granulosa e fine, con una frattura accettabile.","Grandiosa anche fine, frattura circa ok","granulosa anche fine, frattura circa ok",2018,C0N,TG_24
797,FUORI_ATTRIBUTO,"C'è un sottopiatto demineralizzato con strappi, non omogenea e leggermente stirata.",Sottopiatto demineralizzato con strappi Non omogenea  Leggermente stirata,Sottopiatto demineralizzato con stiratarappi Non omogenea  Leggermente stiratairata,2018,C0O,Q_02
798,FUORI_ATTRIBUTO,Ci sono zone grassette sotto un piatto con piccole fratture e microocchiatura di 1 o 2 mm.,Zone grassete sotto 1 piatto con piccole frattura e   Microocchiatura 1 o 2 mm,Zone grassete sotto 1 piatto con piccole frattura e   microocchiaturaroocchiatura 1 o 2 mm,2018,C0O,Q_09
799,FUORI_ATTRIBUTO,"L'occhiatura è grossa e stirata a tratti, con macchie rosa.",Occhiatura grossa. Stirato a tratti macchie rosa,Occhiatura grossa. stiratairato a tratti macchie rosa,2018,C0O,TG_04
800,OK,L'occhiatura è localizzata e misura circa 2 mm.,Occhiatura localizzata di circa 2 mm,Occhiatura localizzata di circa 2 mm,2018,C0O,TG_11
801,FUORI_ATTRIBUTO,"È stirata, con qualche occhio, ma non è omogenea.","Stirata, qualche occhio. Non omogenea","stiratairata, qualche occhio. Non omogenea",2018,C0O,TG_13
802,OK,"La pasta presenta alcune microocchiature e fratture sotto un piatto, evidenziando una certa irregolarità.",Alcune micro occhiatina e fratture della pasta sotto un piatto,Alcune microocchiaturaro occhiatina e fratture della pastirataa sotto un piatto,2018,C0O,TG_14
803,OK,"Sono presenti bocciature di 1-2 mm centrali e verso la crosta, con stirature e piccoli spacchi.","Bocciature 1_2 mm centrali e verso crosta, striature , piccoli spacchi","Bocciature 1_2 mm centrali e verso crostirataa, stiratariature , piccoli spacchi",2018,C0O,TG_15
804,OK,La pasta mostra qualche occhiatura decisa e diversi stiramenti.,"Qualche occhiatura decisa, diversi strappi,","Qualche occhiatura decisa, diversi stiratarappi,",2018,C0O,TG_19
805,OK,"La frattura non è ottimale, con ampie zone di grana poco profilata e tendenza alla stiratura, accompagnata da microocchiature.","Frattura  non molto ok, ampie zone con grana poco profilata  e tendenza alla stiratura presenza  di micro occhiature","Frattura  non molto ok, ampie zone con grana poco profilata  e tendenza alla stiratairatura presenza  di microocchiaturaro occhiature",2018,C0O,TG_20
806,OK,"La pasta mostra una bella grana, anche fine, con una frattura che risulta conforme.",Bella grana anche fine è frattura ok.,Bella grana anche fine è frattura ok.,2018,C0O,TG_24
807,OK,"La pasta è irregolare e gessata, ma non presenta macchie di umidità.",Irregolare gessata ma non per le macchie di umidità,Irregolare gessata ma non per le macchie di umidità,2018,C0Q,Q_02
808,OK,"La pasta è irregolare con una zona centrale caratterizzata da fitti stiramenti, che sembra quasi sfilacciata.",Pasta irregolare con zona centrale con Fitti strappi piccoli sembra quasi realizzata,Pastirataa irregolare con zona centrale con Fitti stiratarappi piccoli sembra quasi sfilacciata,2018,C0Q,Q_09
809,OK,"La pasta è granulosa e un po' grossolana, con lieve stiratura centrale. La frattura è ottima, ma presenta punti bianchi bagnati attribuibili al cellophane.","Grandiosa, un po'  grossolana. Lieve struttura centrale. Frattura ottima. Presenza di punti biancastro bagnati che attribuisco al cellophane e non castigo","granulosa, un po'  grossolana. Lieve stirataruttura centrale. Frattura ottima. Presenza di punti biancastirataro bagnati che attribuisco al cellophane e non castirataigo",2018,C0Q,TG_04
810,CONFORME,"Il campione è caratterizzato da un aspetto omogeneo, conforme agli standard di produzione.",Omogenea,Omogenea,2018,C0Q,TG_05
811,OK,"Sono presenti zone umide e più chiare, con una leggera frattura su un piatto.","Zone umide e più chiare ,leggera frattura su un piatto","Zone umide e più chiare ,leggera frattura su un piatto",2018,C0Q,TG_11
812,OK,La pasta è sfogliata e gessata.,"Sfogliata, gessata.","Sfogliata, gessata.",2018,C0Q,TG_13
813,OK,"La pasta presenta rigature nel senso del piatto, mentre la grana è omogenea.",Rigeneratrice nel senso del piatto altrimenti grana omogenea,rigatura nel senso del piatto altrimenti grana omogenea,2018,C0Q,TG_14
814,OK,Sono presenti piccoli spacchi e la grana non è bella.,"Piccoli spacchi, grana non bella","Piccoli spacchi, grana non bella",2018,C0Q,TG_15
815,OK,"La pasta è stirata al centro, con diversi microocchiature e stiramenti, risultando disomogenea.","Stirata al centro, diversi micro strappi, disomogenea","stiratairata al centro, diversi microocchiaturaro stiratarappi, disomogenea",2018,C0Q,TG_19
816,OK,"La frattura è bella, la grana è presente, con zone che tendono alla stiratura e alla foglia, e zone umide quasi gessate.","Bella frattura, grana presente, zona che tende allo stirato e alla foglia, zone umide quasi gessate","Bella frattura, grana presente, zona che tende allo stiratairato e alla foglia, zone umide quasi gessate",2018,C0Q,TG_20
817,OK,La pasta è granulosa e grossolana.,Grandiosa grossolana pero!,granulosa grossolana pero!,2018,C0Q,TG_24
818,OK,La pasta non è regolare.,Non regolare,Non regolare,2018,C0A,Q_02
819,OK,"La frattura è molto regolare, con leggere stirature centrali.",Frattura molto regolare leggere striature centrale,Frattura molto regolare leggere stiratariature centrale,2018,C0A,Q_09
820,OK,"La pasta presenta microocchiature fini, con una grana abbastanza fine e lievi andamenti di verso.",Microcchiatura fine.  Grana abbastanza fine con lievi andamenti di verso,microocchiaturarocchiatura fine.  Grana abbastirataanza fine con lievi andamenti di verso,2018,C0A,TG_04
821,ILLEGGIBILE,,"Legg  microocch, zone legg  stirate","Legg  microocchiaturaroocch, zone legg  stiratairate",2018,C0A,TG_12
822,OK,"La pasta presenta una leggera occhiatura diffusa ma rada, con una grana granulosa omogenea.",Leggera occhiatina diffusa ma rada grandiosa omogenea,Leggera occhiatina diffusa ma rada granulosa omogenea,2018,C0A,TG_14
823,OK,La pasta mostra una leggera microocchiatura diffusa centrale.,Leggera Microocchiatura diffusa centrale,Leggera microocchiaturaroocchiatura diffusa centrale,2018,C0A,TG_19
824,OK,"La frattura è regolare, la grana è bella ma presenta qualche difetto legato alla microocchiatura e a un andamento stirato.","Frattura  ok, grana  bella ma con qualche  difettosita  legata alla micro occhiatura, e ad andamento  striato","Frattura  ok, grana  bella ma con qualche  difettosita  legata alla microocchiaturaro occhiatura, e ad andamento  stiratariato",2018,C0A,TG_20
825,OK,La pasta presenta una grana grossolana e una frattura regolare.,Grana grossolana  e frattura regolare,Grana grossolana  e frattura regolare,2018,C0A,TG_24
826,OK,"La pasta mostra qualche occhiettino, con una struttura regolare e grossa.",Qualche occhiettino  Struttura regolare grossa,Qualche occhiettino  stirataruttura regolare grossa,2018,C0E,Q_02
827,OK,La pasta è fine ma tende a presentare stirature centrali e fratture a scaglie.,Grana fine ma tendente con striature centrali frattura sa scaglie,Grana fine ma tendente con stiratariature centrali frattura sa scaglie,2018,C0E,Q_09
828,OK,"La microocchiatura è diffusa e discreta. Il taglio è buono, ma la grana è lievemente disomogenea e stirata al centro.","Microcchiatura diffusa, discreta. Buon taglio. Grana lievemente disomogenea, stiratina al centro","microocchiaturarocchiatura diffusa, discreta. Buon taglio. Grana lievemente disomogenea, stiratairatina al centro",2018,C0E,TG_04
829,OK,Un lato presenta una spugnatura più evidente.,Un lato presenta una spugnatura più evidente,Un lato presenta una spugnatura più evidente,2018,C0E,TG_11
830,OK,"Le zone sono leggermente stirate, con una zona che presenta microocchiatura.","Zone legg stirate, una zona con microocch","Zone legg stiratairate, una zona con microocchiaturaroocch",2018,C0E,TG_12
831,OK,"La pasta è granulosa, con una buona regolarità e presenza di microocchiature.","Grandiosa, abbastanza regolare, presenza di micro occhiature","granulosa, abbastirataanza regolare, presenza di microocchiaturaro occhiature",2018,C0E,TG_14
832,OK,"Qualche occhiatura è presente in metà forma, con l'area centrale leggermente stirata.","Qualche occhiatura in metà forma,area centrale leggermente stirata","Qualche occhiatura in metà forma,area centrale leggermente stiratairata",2018,C0E,TG_19
833,OK,"La frattura è bella, ma la grana non è omogenea e presenta tratti stirati.",Bella frattura  ma grana  non omogenea e a tratti  stirata,Bella frattura  ma grana  non omogenea e a tratti  stiratairata,2018,C0E,TG_20
834,OK,"La microocchiatura è molto forte, con una stiratura leggermente presente.","Microocchiatura molto forte, stirata leggermente","microocchiaturaroocchiatura molto forte, stiratairata leggermente",2018,C0E,TG_24
835,OK,"La pasta è ruvida, presenta uno strappo e un occhio di 7 mm.",Ruvida Uno strappo e un occhio da 7mm,Ruvida Uno stiratarappo e un occhio da 7mm,2018,C0F,Q_02
836,OK,"La pasta ha una grana grossolana, una frattura di 2 cm e un occhio di 8 mm di diametro.",Grana grossolana 1 frattura 2 cm e un occhio 8 mm diametro,Grana grossolana 1 frattura 2 cm e un occhio 8 mm diametro,2018,C0F,Q_09
837,OK,"Ignoro la spaccatura e un occhio. La grana è grossa ma abbastanza omogenea, con una buona frattura.",Ignoro spaccatura ed un occhio. Grana grossa ma abbastanza  omogenea. Frattura buona,Ignoro spaccatura ed un occhio. Grana grossa ma abbastirataanza  omogenea. Frattura buona,2018,C0F,TG_04
838,OK,Un occhio supera i 5 mm e presenta una crepa.,Un occhio oltre i 5mm e una crepa,Un occhio oltre i 5mm e una crepa,2018,C0F,TG_11
839,OK,"C'è una singola occhiatura di medie dimensioni, con una struttura molto grossolana ma abbastanza regolare.","Singola occhiatura  di medie dimensioni, struttura molto grossolana ma abb  regolare","Singola occhiatura  di medie dimensioni, stirataruttura molto grossolana ma abb  regolare",2018,C0F,TG_12
840,OK,La pasta presenta una grossa occhiatina centrale di 1 cm e una frattura pastosa.,Grossa occhiatina centrale 1cm  e pasta fratturata,Grossa occhiatina centrale 1cm  e pastirataa fratturata,2018,C0F,TG_14
841,FUORI_ATTRIBUTO,Frattura e occhio di 8 mm con grana grossolana.,Frattura e occhio da 8 mm Granulosa grossolana,Frattura e occhio da 8 mm Granulosa grossolana,2018,C0F,TG_19
842,OK,"Molto bella, presenza di un piccolo occhio e piccola sfoglia.","Molto bella, presenza  di un piccolo occhio e piccola  sfoglia","Molto bella, presenza  di un piccolo occhio e piccola  sfoglia",2018,C0F,TG_20
843,FUORI_ATTRIBUTO,La grana è molto presente ma grossolana.,"Molta grana ma grossolana,","Molta grana ma grossolana,",2018,C0F,TG_24
844,FUORI_ATTRIBUTO,"Ci sono alcuni occhietti, la struttura non è omogenea.",Qualche occhiettino  Non omogenea,Qualche occhiettino  Non omogenea,2018,C0H,Q_02
845,FUORI_ATTRIBUTO,Struttura grossolana con zone di micro fratture e microocchiture.,Grossolana con zone con micro fratture e microocchiture,Grossolana con zone con microocchiaturaro fratture e microocchiaturaroocchiture,2018,C0H,Q_09
846,OK,"La pasta del campione presenta una grana granulosa e omogenea, con fratture e microocchiature ben distribuite.",Frattura irregolare. Un paio di microcchiature un po'  trasmette. Grana grandiosa omogenea,Frattura irregolare. Un paio di microocchiaturarocchiature un po'  trasmette. Grana granulosa omogenea,2018,C0H,TG_04
847,FUORI_ATTRIBUTO,"Qualche microocchiatura, la struttura è grossolana.","Qualche microocch, strutt  grossolana","Qualche microocchiaturaroocch, stiratarutt  grossolana",2018,C0H,TG_12
848,OK,"La pasta del campione presenta una grana granulosa e non omogenea, con presenza di rade occhiature e fratture.","Granulosa, frattura non omogenea, presenza di rade occhiature e fratture e nella pasta","Granulosa, frattura non omogenea, presenza di rade occhiature e fratture e nella pastirataa",2018,C0H,TG_14
849,OK,"La pasta del campione presenta una microocchiatura diffusa ma rada, con diversi strappi e una grana granulosa e grossolana, ma non omogenea.","Microocchiatura diffusa ma rada, sotto un piatto diversi strappetti, granulosa e grossolana ma non omogenea","microocchiaturaroocchiatura diffusa ma rada, sotto un piatto diversi stiratarappetti, granulosa e grossolana ma non omogenea",2018,C0H,TG_19
850,OK,"La pasta del campione presenta una frattura irregolare, una bella struttura stirata, ma con una zona sfogliata.","Frattura  irregolare, bella struttura ma con zona sfogliata","Frattura  irregolare, bella stirataruttura ma con zona sfogliata",2018,C0H,TG_20
851,FUORI_ATTRIBUTO,Grana grossolana con qualche occhio e frattura media.,"Grana grossolana , qualche occhio e frattura media","Grana grossolana , qualche occhio e frattura media",2018,C0H,TG_24
852,FUORI_ATTRIBUTO,La pasta è stirata e omogenea.,Stirata omogenea,stiratairata omogenea,2018,C0M,Q_02
853,FUORI_ATTRIBUTO,La pasta è stirata con qualche microocchiatura.,Stirata con qualche microocchiatura,stiratairata con qualche microocchiaturaroocchiatura,2018,C0M,Q_09
854,FUORI_ATTRIBUTO,"Formaggio invecchiato, stirato al centro.",Invecchiato. Stirato al centro,Invecchiato. stiratairato al centro,2018,C0M,TG_04
855,FUORI_ATTRIBUTO,"Striato con un segno di essudazione, probabilmente dovuto al frigo.",Striato e con un segno di essudazione credo dovuto al frigo,stiratariato e con un segno di essudazione credo dovuto al frigo,2018,C0M,TG_11
856,OK,"La pasta del campione presenta una microocchiatura diffusa, con molte zone stirate.","Microocch diffusa, molte zone stirate","microocchiaturaroocch diffusa, molte zone stiratairate",2018,C0M,TG_12
857,FUORI_ATTRIBUTO,"La pasta è stirata, quasi senza grana e presenta microocchiature.","Stirata, quasi senza grana, Microocchiatura","stiratairata, quasi senza grana, microocchiaturaroocchiatura",2018,C0M,TG_19
858,ILLEGGIBILE,,Difettosa,Difettosa,2018,C0M,TG_20
859,OK,La pasta del campione presenta un'evidente stiratura e microocchiature presenti.,Evidente stiratura e microocchiatura presente,Evidente stiratairatura e microocchiaturaroocchiatura presente,2018,C0M,TG_24
860,OK,La pasta del campione è decisamente granulosa e asciutta.,Pasta decisamente grandiosa e asciutta,Pastirataa decisamente granulosa e asciutta,2018,C0M,TG_35
861,FUORI_ATTRIBUTO,"Ci sono piccole fratture, la grana è un po' grossa ma regolare.",Qualche piccola frattura grana un Po grossa ma regolare,Qualche piccola frattura grana un Po grossa ma regolare,2018,C0Q,Q_09
862,OK,"La pasta del campione presenta una grana omogenea e granulosa, con una frattura regolare che evidenzia una buona compattezza.","Frattura buonissima. Grana omogenea, granulosa.","Frattura buonissima. Grana omogenea, granulosa.",2018,C0Q,TG_04
863,OK,"La pasta è molto regolare e omogenea, evidenziando una buona qualità.",Molto regolare  omogenea,Molto regolare  omogenea,2018,C0Q,TG_12
864,OK,"La pasta mostra una bella grana in alcune zone, mentre in altre si osservano stirature e microocchiature più evidenti.","A zone bella grana, in altre qualche strappetto e occhiatina micro o più decisa","A zone bella grana, in altre qualche stiratarappetto e occhiatina microocchiaturaro o più decisa",2018,C0Q,TG_19
865,OK,"La pasta presenta una frattura ben evidente e una grana di buona qualità, sebbene alcune zone siano meno curate.","Bella frattura, grana ben evidente con qualche  zona meno bella","Bella frattura, grana ben evidente con qualche  zona meno bella",2018,C0Q,TG_20
866,OK,La presenza di grana fine è interessante e contribuisce alla complessità della pasta.,Interessante presenza di grana anche fine!,Interessante presenza di grana anche fine!,2018,C0Q,TG_24
867,OK,"La pasta presenta una frattura regolare, sebbene non perfetta, che ne evidenzia la lavorazione.",Regolare frattura non perfetta,Regolare frattura non perfetta,2018,C0B,Q_02
868,OK,La pasta presenta una grana media con una frattura leggermente irregolare e evidenti cristalli di tirosina.,Grana media frattura un Po irregolare evidenti cristalli,Grana media frattura un Po irregolare evidenti cristirataalli,2018,C0B,Q_09
869,OK,"La frattura mostra una certa disomogeneità, mentre la grana è uniforme e granulosa.",Frattura che mostra disomogeneità.  Grana uniforme  granulosa,Frattura che mostiratara disomogeneità.  Grana uniforme  granulosa,2018,C0B,TG_04
870,OK,La pasta è regolare con sporadiche microocchiature che non compromettono la qualità complessiva.,Regolare con sporadiche microocch,Regolare con sporadiche microocchiaturaroocch,2018,C0B,TG_12
871,OK,La pasta è granulosa con una frattura regolare che evidenzia una buona struttura.,"Granulosa, frattura abbastanza regolare","Granulosa, frattura abbastirataanza regolare",2018,C0B,TG_14
872,OK,La pasta presenta microocchiature e una grana un po' troppo scagliosa.,"Microocchiature,grana un po' troppo scagliosa","microocchiaturaroocchiature,grana un po' troppo scagliosa",2018,C0B,TG_15
873,OK,"La pasta mostra una grossolana grandiosità, con difformità sotto un piatto e qualche piccolo strappo, oltre a microocchiature centrali.","Grandiosità grossolana, difforme sotto un piatto  uno scalzo, qualche piccolo strappo, micro occhiatura  centrale","Grandiosità grossolana, difforme sotto un piatto  uno scalzo, qualche piccolo stiratarappo, microocchiaturaro occhiatura  centrale",2018,C0B,TG_19
874,OK,La pasta presenta una bella grana grossa e una frattura di media qualità.,Bella grana grossa...frattura media,Bella grana grossa...frattura media,2018,C0B,TG_24
875,OK,"La grana è bella e tende a essere grossolana, con alcune zone bagnate e occhiature.",Grana belle tende a grossolana zona bagnata e occhi,Grana belle tende a grossolana zona bagnata e occhi,2018,C0B,TG_26
876,FUORI_ATTRIBUTO,La grana non è regolare e risulta granulosa.,NON Regolare granulosa,NON Regolare granulosa,2018,C0D,Q_02
877,OK,La frattura è regolare e la pasta presenta una grana di media qualità.,Frattura regolare e grana media,Frattura regolare e grana media,2018,C0D,Q_09
878,OK,"La pasta è granulosa e appena irregolare, con una buona frattura.","Granulosa, appena irregolare. Buona frattura","Granulosa, appena irregolare. Buona frattura",2018,C0D,TG_04
879,FUORI_ATTRIBUTO,La pasta non è omogenea.,Non omogenea,Non omogenea,2018,C0D,TG_08
880,OK,La pasta presenta microocchiature e risulta un po' disomogenea.,"Microocch, un po' disomogenea","microocchiaturaroocch, un po' disomogenea",2018,C0D,TG_12
881,FUORI_ATTRIBUTO,Zona con sfoglia e grana sottile.,"Zona con sfoglia, grana sottile","Zona con sfoglia, grana sottile",2018,C0D,TG_15
882,FUORI_ATTRIBUTO,C'è un po' di disomogeneità.,Un Po di disomogeneità,Un Po di disomogeneità,2018,C0D,TG_19
883,FUORI_ATTRIBUTO,Grana grossa e struttura omogenea con leggera stiratura.,"Grana grossa e struttura omogenea, leggera stiratura..","Grana grossa e stirataruttura omogenea, leggera stiratairatura..",2018,C0D,TG_24
884,FUORI_ATTRIBUTO,"Bella grana, stirato al centro con occhiatura fine.",Bella grana stirato centrale occhiata fine al centro,Bella grana stiratairato centrale occhiata fine al centro,2018,C0D,TG_26
885,FUORI_ATTRIBUTO,"Occhiatura centrale granulosa, tendente allo stirato.",Occhiatura centrale Granulosa tendente allo stirato,Occhiatura centrale Granulosa tendente allo stiratairato,2018,C0I,Q_02
886,FUORI_ATTRIBUTO,"Microocchiatura centrale di 1 mm, frattura regolare ma pasta con zone compatte e stirata.","Microocchiatura centrale 1 o mm, frattura regolare ma pasta con zone compatte stirata","microocchiaturaroocchiatura centrale 1 o mm, frattura regolare ma pastirataa con zone compatte stiratairata",2018,C0I,Q_09
887,FUORI_ATTRIBUTO,"L'occhiatura tende al grande diametro, con una parte della pasta lievemente stirata e l'altra di media finezza. Il taglio è perfetto.","Occhiatura che tende al grande diametro. Una parte della pasta è lievemente stirata, altra parte grandiosa di media finezza. Taglio perfetto","Occhiatura che tende al grande diametro. Una parte della pastirataa è lievemente stiratairata, altra parte granulosa di media finezza. Taglio perfetto",2018,C0I,TG_04
888,FUORI_ATTRIBUTO,Presenta fori.,Presenta fori,Presenta fori,2018,C0I,TG_08
889,FUORI_ATTRIBUTO,Ci sono striature e occhiature centrali.,Striature e occhiature centrali,stiratariature e occhiature centrali,2018,C0I,TG_11
890,FUORI_ATTRIBUTO,Microocchiature e zone leggermente stirate.,"Microocch, zone leggermente stirate","microocchiaturaroocch, zone leggermente stiratairate",2018,C0I,TG_12
891,FUORI_ATTRIBUTO,"È un po' stirata, con occhiature nella zona centrale.","Un po' stirata,con occhiature nella zona centrale","Un po' stiratairata,con occhiature nella zona centrale",2018,C0I,TG_14
892,FUORI_ATTRIBUTO,L'occhiatura è di 2 mm e la grana è un po' rotondeggiante.,"Occhiatura 2 mm,grana un po' rotondeggiante","Occhiatura 2 mm,grana un po' rotondeggiante",2018,C0I,TG_15
893,FUORI_ATTRIBUTO,"Ci sono occhiature e piccoli strappi, con lieve stiratura e disomogeneità nelle due metà.","Occhiatura e piccoli strappi, lieve dittatura, disomogeneo nella 2 metà","Occhiatura e piccoli stiratarappi, lieve occhiatura, disomogeneo nella 2 metà",2018,C0I,TG_19
894,FUORI_ATTRIBUTO,"Microocchiatura diffusa, stirata e con grana grossa.","Microocchiatura diffusa, stirata...e grana grossa","microocchiaturaroocchiatura diffusa, stiratairata...e grana grossa",2018,C0I,TG_24
895,FUORI_ATTRIBUTO,"Due forme belle solo da un lato, con occhiature anche grosse.",Due forme bella solo da un lato occhi anche grossi,Due forme bella solo da un lato occhi anche grossi,2018,C0I,TG_26
896,FUORI_ATTRIBUTO,È stirata con microocchiatura.,Stirata con microocchiatura,stiratairata con microocchiaturaroocchiatura,2018,C0M,Q_02
897,FUORI_ATTRIBUTO,La pasta è stirata con frattura a arco fitta e microocchiatura di 1 mm.,Pasta stirata con frattura a arco fitta Microocchiatura 1 mm,Pastirataa stiratairata con frattura a arco fitta microocchiaturaroocchiatura 1 mm,2018,C0M,Q_09
898,FUORI_ATTRIBUTO,"Microocchiatura abbondante tendente allo spugnoso, con sfumatura centrale.",Microcchiatura abbondante tendente allo spugnoso.  Sfumatura centrale,microocchiaturarocchiatura abbondante tendente allo spugnoso.  Sfumatura centrale,2018,C0M,TG_04
899,FUORI_ATTRIBUTO,Ci sono molte microocchiature.,Molte microocchiatura,Molte microocchiaturaroocchiatura,2018,C0M,TG_05
900,FUORI_ATTRIBUTO,È presente micro porosità.,Presenza di micro. Porosità,Presenza di microocchiaturaro. Porosità,2018,C0M,TG_08
901,FUORI_ATTRIBUTO,È spugnoso.,Spugnoso,Spugnoso,2018,C0M,TG_11
902,ILLEGGIBILE,,"Microocc, ampie zone stirate","microocchiaturaroocc, ampie zone stiratairate",2018,C0M,TG_12
903,FUORI_ATTRIBUTO,"Poco granulosa, stirata, con microocchiature poche ma diffuse.","Poco Granulosa, stirata, micro occhio poche ma diffuse","Poco Granulosa, stiratairata, microocchiaturaro occhio poche ma diffuse",2018,C0M,TG_14
904,FUORI_ATTRIBUTO,"È stirata, piatta e presenta microocchiature.","Stirata, piatta e microocchiature","stiratairata, piatta e microocchiaturaroocchiature",2018,C0M,TG_15
905,FUORI_ATTRIBUTO,"È stirata, con microocchiatura e taglio con vasca centrale.","Stirato, micro occhiatura, taglio con vasca centrale,","stiratairato, microocchiaturaro occhiatura, taglio con vasca centrale,",2018,C0M,TG_19
906,FUORI_ATTRIBUTO,"È molto brutta, stirata e con microocchiature diffuse.",Molto brutta. Stirata  e con microcchiature diffuse,Molto brutta. stiratairata  e con microocchiaturarocchiature diffuse,2018,C0M,TG_24
907,FUORI_ATTRIBUTO,"È liscia con poca grana e occhiature anche grandi, c'era anche un pelo dentro.",Liscia poca grana occhi anche grandi c'era anche un pelo dentro,Liscia poca grana occhi anche grandi c'era anche un pelo dentro,2018,C0M,TG_26
908,OK,"La pasta si presenta stirata, suggerendo una buona lavorazione e attenzione ai dettagli.",Stirata,stiratairata,2018,C0O,Q_02
909,FUORI_ATTRIBUTO,"Evidente frattura di 8 cm e altre più piccole, con pasta tendente allo stirato e cristalli visibili.",Evidente frattura 8 cm e altre più piccole pasta tendente allo  stirato .evidenti cristalli perle e microocchiatura,Evidente frattura 8 cm e altre più piccole pastirataa tendente allo  stiratairato .evidenti cristirataalli perle e microocchiaturaroocchiatura,2018,C0O,Q_09
910,FUORI_ATTRIBUTO,Stirato al centro.,Stirato al centro,stiratairato al centro,2018,C0O,TG_04
911,FUORI_ATTRIBUTO,Presenza di spaccature.,Presenza di spaccature :-),Presenza di spaccature :-),2018,C0O,TG_08
912,FUORI_ATTRIBUTO,"Sporadiche spaccature, con ampie zone stirate.","Sporadiche Microsoft, ampie zone stirate","Sporadiche microocchiaturarosoft, ampie zone stiratairate",2018,C0O,TG_12
913,FUORI_ATTRIBUTO,Pasta stirata e grana piatta.,Pasta stirata e grana piatta,Pastirataa stiratairata e grana piatta,2018,C0O,TG_15
914,FUORI_ATTRIBUTO,"Stirata, con uno strappo evidente e altri minori, leggera micro occhiatura.","Stirata, strappo evidente e altri minori, leggera micro occhiatura","stiratairata, stiratarappo evidente e altri minori, leggera microocchiaturaro occhiatura",2018,C0O,TG_19
915,FUORI_ATTRIBUTO,Stirata e con fessurazioni.,Stirata e con fessurazioni,stiratairata e con fessurazioni,2018,C0O,TG_24
916,FUORI_ATTRIBUTO,Spaccature con poca struttura e solchi netti.,Spaccature poca struttura solchi netti plastica,Spaccature poca stirataruttura solchi netti plastirataica,2018,C0O,TG_26
917,FUORI_ATTRIBUTO,Granulosa con area centrale stirata.,Granulosa con area centrale stirata,Granulosa con area centrale stiratairata,2018,C0R,Q_02
918,FUORI_ATTRIBUTO,"Disomogenea, con zona stirata al centro e grana media esterna.",Disomogenea con zona stirata al centro e grana media esterna,Disomogenea con zona stiratairata al centro e grana media estirataerna,2018,C0R,Q_09
919,FUORI_ATTRIBUTO,"Stirato al centro; dove non è stirato, la struttura è fine.",Stirato al centro. Dove non stirato la struttura é anche fine,stiratairato al centro. Dove non stiratairato la stirataruttura é anche fine,2018,C0R,TG_04
920,FUORI_ATTRIBUTO,Forte striature.,Forte striature,Forte stiratariature,2018,C0R,TG_11
921,FUORI_ATTRIBUTO,"Zone stirate, con grana quasi assente.","Zone stirata, grana quasi assente","Zone stiratairata, grana quasi assente",2018,C0R,TG_12
922,ILLEGGIBILE,,Stirata centrale microocchiatura,stiratairata centrale microocchiaturaroocchiatura,2018,C0R,TG_15
923,OK,"La pasta del campione presenta una grana quasi assente, con una leggera stiratura al centro e una maggiore granulosità sotto gli scalzi, evidenziando una certa disomogeneità.","Leggermente stirato al centro, più grandioso sotto gli scalzi ma disomogeneo","Leggermente stiratairato al centro, più grandioso sotto gli scalzi ma disomogeneo",2018,C0R,TG_19
924,OK,"La pasta si presenta grossolana e stirata, con una frattura variabile che ne compromette l'uniformità.",Grossolana e stirata. Frattura variabile,Grossolana e stiratairata. Frattura variabile,2018,C0R,TG_24
925,FUORI_ATTRIBUTO,"Stirata, con poca grana.",Stirata poca grana cchi,stiratairata poca grana cchi,2018,C0R,TG_26
926,OK,La pasta mostra una spugnosità centrale con una stiratura che appare ipoteticamente regolare.,Spugna centrale con struttura ipoteticamente regolare,Spugna centrale con stirataruttura ipoteticamente regolare,2018,C0A,Q_02
927,OK,La microocchiatura centrale è fitta e conferisce un effetto spugnoso alla pasta.,Fitta microocchiatura centrale effetto spugna,Fitta microocchiaturaroocchiatura centrale effetto spugna,2018,C0A,Q_09
928,OK,"La parte centrale è lievemente stirata e spugnosa, con un bel taglio che ne evidenzia la qualità.",Parte centrale lievemente stirata e spugnoso. Bel taglio,Parte centrale lievemente stiratairata e spugnoso. Bel taglio,2018,C0A,TG_04
929,OK,"L'occhiatura è diffusa, ma si riscontra una mancanza di stiratura nella struttura.",Ideologizzata diffusa con mancanza di struttura,occhiatura diffusa con mancanza di stirataruttura,2018,C0A,TG_08
930,OK,"L'area centrale presenta una spugnosa marcata, che influisce sulla compattezza della pasta.",Area spugnosa centrale marcata,Area spugnosa centrale marcata,2018,C0A,TG_11
931,OK,"La microocchiatura centrale è molto pesante, conferendo un aspetto spugnoso al campione.",Microocchiatura centrale molto pesante che conferisce aspetto spugnoso,microocchiaturaroocchiatura centrale molto pesante che conferisce aspetto spugnoso,2018,C0A,TG_13
932,OK,"La pasta è stirata e spugnosa al centro, evidenziando una certa disomogeneità.",Stirata e spagnola al centro,stiratairata e spugnosa al centro,2018,C0A,TG_14
933,OK,"L'occhiatura centrale presenta un effetto spugna, che influisce sulla consistenza della pasta.",Occhiatura effetto spugna centrale,Occhiatura effetto spugna centrale,2018,C0A,TG_19
934,OK,"La frattura è bella e la grana è presente, ma si nota un'evidente area spugnosa al centro.","Bella frattura, grana presente ma con evidente  area spugnosa al centro","Bella frattura, grana presente ma con evidente  area spugnosa al centro",2018,C0A,TG_20
935,OK,"È presente grana in entrambe le dimensioni, contribuendo alla complessità della pasta.",Presenza di grana in entrambe le dimensioni,Presenza di grana in entrambe le dimensioni,2018,C0A,TG_24
936,OK,"La zona centrale presenta occhiatura e una grana grossolana, con un effetto spugnoso.",Zona con occhiatura al centro spugna  grana grossolana,Zona con occhiatura al centro spugna  grana grossolana,2018,C0A,TG_26
937,OK,"La pasta si presenta granulosa e non omogenea, evidenziando una certa variabilità.",Granulosa non omogenea,Granulosa non omogenea,2018,C0C,Q_02
938,ILLEGGIBILE,,Microcchiaturequalche strappo,microocchiaturarocchiaturequalche stiratarappo,2018,C0C,Q_09
939,OK,"Si riscontra qualche disomogeneità tra il centro e le zone periferiche, con un verso nella grana che non giunge a stiratura.","Qualche  disomogeneità  tra centro e zone periferiche. Presenza di un verso nella grana, non giunge a stiratura","Qualche  disomogeneità  tra centro e zone periferiche. Presenza di un verso nella grana, non giunge a stiratairatura",2018,C0C,TG_04
940,ILLEGGIBILE,,Macchie,Macchie,2018,C0C,TG_08
941,FUORI_ATTRIBUTO,Leggermente stirata e non omogenea.,"Legg. Stirata, non omogenea,","leggermente stiratairata, non omogenea,",2018,C0C,TG_13
942,FUORI_ATTRIBUTO,"Frattura irregolare, con zone stirate.","Frattura irregolare, con zone stirate","Frattura irregolare, con zone stiratairate",2018,C0C,TG_14
943,FUORI_ATTRIBUTO,"Disomogenea, con uno scalzo stirato, frattura sottile e avvallamento.","Disomogenea, sotto uno scalzo stirato, frattura sottile, a tratti bella grana, avvallamento","Disomogenea, sotto uno scalzo stiratairato, frattura sottile, a tratti bella grana, avvallamento",2018,C0C,TG_19
944,FUORI_ATTRIBUTO,"Frattura irregolare, ma struttura non molto bella, con zone tendenti allo stirato.","Frattura  un Po irregolare  ma struttura non molto bella, con qualche  zona tendente  allo stirato","Frattura  un Po irregolare  ma stirataruttura non molto bella, con qualche  zona tendente  allo stiratairato",2018,C0C,TG_20
945,FUORI_ATTRIBUTO,"Striature e poca grana fine, con frattura variabile e non omogenea.","Striature e poca grana fine, frattura variabile non omogenea","stiratariature e poca grana fine, frattura variabile non omogenea",2018,C0C,TG_24
946,OK,"La pasta presenta un'ottima occhiatura fine, con macchie bagnate e una grana fine su metà forma, mentre l'altra metà mostra una grana più grossolana.",Occhiatura fine è macchie bagnate grana fine su metà forma l'altra più grossolana,Occhiatura fine è macchie bagnate grana fine su metà forma l'altra più grossolana,2018,C0C,TG_26
947,FUORI_ATTRIBUTO,"Mista, granulosa e ruvida, più penalizzata al centro.",Mista Granulosa/ruvida più penalizzata al centro,Mistirataa Granulosa/ruvida più penalizzata al centro,2018,C0D,Q_02
948,FUORI_ATTRIBUTO,Zona sotto un piatto con frattura a grana media.,Zona sotto un piatto  con frattura grana media,Zona sotto un piatto  con frattura grana media,2018,C0D,Q_09
949,OK,"La pasta presenta una struttura omogenea e grintosa, con una frattura di buona qualità che evidenzia una certa robustezza.",Omogenea e grintosa. Frattura buona,Omogenea e grintosa. Frattura buona,2018,C0D,TG_04
950,CONFORME,"La struttura del campione è conforme, mostrando una buona compattezza e un'adeguata friabilità.",Buona struttura,Buona stirataruttura,2018,C0D,TG_08
951,FUORI_ATTRIBUTO,Striature centrali e crepa vicino allo scalzo.,"Striature centrali,crepa vicino scalzo","stiratariature centrali,crepa vicino scalzo",2018,C0D,TG_11
952,FUORI_ATTRIBUTO,Grana regolare con sfoglie sottocrosta.,Grana regolare ... Sfoglie sottocrosta,Grana regolare ... Sfoglie sottocrostirataa,2018,C0D,TG_13
953,FUORI_ATTRIBUTO,"Leggermente stirata, fratturata sotto il piatto e con frattura abbastanza regolare.","Leggermente stirata, fratturata sotto il piatto, frattura abbastanza regolare","Leggermente stiratairata, fratturata sotto il piatto, frattura abbastirataanza regolare",2018,C0D,TG_14
954,FUORI_ATTRIBUTO,"Grana grossolana e non omogenea, con strappi sotto un piatto.","Grana grossolana, non omogenea, sotto un piatto strappi","Grana grossolana, non omogenea, sotto un piatto stiratarappi",2018,C0D,TG_19
955,OK,"La frattura è bella, con una stirataruttura granulosa e presenza di piccole sfoglie e zone meno profilate.","Bella frattura, struttura  granulosa con presenza  di piccole  sfoglie e zone meno profilate","Bella frattura, stirataruttura  granulosa con presenza  di piccole  sfoglie e zone meno profilate",2018,C0D,TG_20
956,OK,"La pasta presenta una bella presenza di grana, con frattura omogenea e qualche taglio.","Bella presenza di grana, frattura omogenea, qualche taglio..","Bella presenza di grana, frattura omogenea, qualche taglio..",2018,C0D,TG_24
957,OK,"Il campione mostra un punto bagnato, con grana bella e uniforme e qualche fessura verso un piatto.",Punto bagnato grana bella  uniforme qualche fessura verso un piatto,Punto bagnato grana bella  uniforme qualche fessura verso un piatto,2018,C0D,TG_26
958,OK,"La pasta si presenta mista ma regolare, con una distribuzione uniforme degli elementi e una buona compattezza.",Mista ma regolare,Mistirataa ma regolare,2018,C0G,Q_02
959,FUORI_ATTRIBUTO,Grana un po' grossa e frattura un po' irregolare.,Grana un Po grossa e frattura un Po irregolare,Grana un Po grossa e frattura un Po irregolare,2018,C0G,Q_09
960,OK,"La frattura è discreta, con una stirataruttura omogenea e granulosa.",Frattura discreta.  Struttura omogenea e granulosa,Frattura discreta.  stirataruttura omogenea e granulosa,2018,C0G,TG_04
961,FUORI_ATTRIBUTO,La grana è scarsa.,Scarsa la grana,Scarsa la grana,2018,C0G,TG_08
962,ILLEGGIBILE,,"Frattura abbastanza regolare, pasta stirata in centro,","Frattura abbastirataanza regolare, pastirataa stiratairata in centro,",2018,C0G,TG_14
963,CONFORME,"Il campione mostra una struttura conforme, con una pasta ben formata e senza difetti evidenti.",Bella,Bella,2018,C0G,TG_19
964,FUORI_ATTRIBUTO,"Frattura non bella, ha fatto fatica a 'saltare', ma la grana è bella.","Frattura  non bellissima, ha fatto  fatica a ""saltare"", comunque  grana bella","Frattura  non bellissima, ha fatto  fatica a ""saltare"", comunque  grana bella",2018,C0G,TG_20
965,FUORI_ATTRIBUTO,Grana grossa con frattura media.,"Grana grossa, frattura media.","Grana grossa, frattura media.",2018,C0G,TG_24
966,ILLEGGIBILE,,Fine unifirme,Fine unifirme,2018,C0G,TG_26
967,ILLEGGIBILE,,Mista con parte centrale stirata,Mistirataa con parte centrale stiratairata,2018,C0N,Q_02
968,FUORI_ATTRIBUTO,Frattura regolare ma struttura disomogenea con zone stirate.,Frattura regolare ma struttura Disomogenea zone stirate,Frattura regolare ma stirataruttura Disomogenea zone stiratairate,2018,C0N,Q_09
969,FUORI_ATTRIBUTO,Disomogenea perché stirata al centro; in alcuni punti la struttura è assente.,Disomogenea perché  stirata al centro. In alcuni punti struttura assente,Disomogenea perché  stiratairata al centro. In alcuni punti stirataruttura assente,2018,C0N,TG_04
970,FUORI_ATTRIBUTO,Molto stirata con scarsa grana.,Molto stirata scarsa grana,Molto stiratairata scarsa grana,2018,C0N,TG_08
971,ILLEGGIBILE,,Pasta stirata,Pastirataa stiratairata,2018,C0N,TG_13
972,FUORI_ATTRIBUTO,"Spinosa, stirata e senza grana.","Spinosa, stirata, senza grana","spugnosa, stiratairata, senza grana",2018,C0N,TG_14
973,FUORI_ATTRIBUTO,Stirata con poca grana a tratti.,Stirata e poca grana a tratti,stiratairata e poca grana a tratti,2018,C0N,TG_19
974,FUORI_ATTRIBUTO,Difettosa e stirata.,"Difettosa, stirata","Difettosa, stiratairata",2018,C0N,TG_20
975,OK,Leggermente stirata con presenza di grana grossolana.,Leggermente stirata con presenza di grana grossolana,Leggermente stiratairata con presenza di grana grossolana,2018,C0N,TG_24
976,FUORI_ATTRIBUTO,Stirata con pochi occhi presenti.,Stirata poco presente occhi,stiratairata poco presente occhi,2018,C0N,TG_26
977,FUORI_ATTRIBUTO,"Mista tra regolare e simile a stirata al centro, ma non da penalizzare.",Mista tra regolare e simil stirata al centro ma non da penalizzare,Mistirataa tra regolare e simil stiratairata al centro ma non da penalizzare,2018,C0Q,Q_02
978,OK,"Frattura regolare, microocchiatura in mm, struttura irregolare centrale, stirata sotto lo scalzo, zona spugnosa, qualche frattura, perle evidenti.",Frattura regolare microochiatura inf mm  struttura irregolare centrale stirata sotto lo scalzo zona spugnosa qualche frattura perle evidenti,Frattura regolare microocchiaturaroochiatura inf mm  stirataruttura irregolare centrale stiratairata sotto lo scalzo zona spugnosa qualche frattura perle evidenti,2018,C0Q,Q_09
979,FUORI_ATTRIBUTO,Stiratura centrale a fasci grossi.,Stiratura centrale a fasci grossi,stiratairatura centrale a fasci grossi,2018,C0Q,TG_04
980,FUORI_ATTRIBUTO,Poca struttura e molto pressata.,Poca struttura molto pressareta,Poca stirataruttura molto pressareta,2018,C0Q,TG_08
981,ILLEGGIBILE,,Striature centrali con Microocchiatura,stiratariature centrali con microocchiaturaroocchiatura,2018,C0Q,TG_11
982,ILLEGGIBILE,,Setata??,Setata??,2018,C0Q,TG_13
983,FUORI_ATTRIBUTO,"Stirata e fratturata, con consistenza saponosa.","Stirata e fratturata, saponosa","stiratairata e fratturata, saponosa",2018,C0Q,TG_14
984,OK,"La pasta del campione presenta una frattura regolare, con una grana bella a tratti e una parte spugnosa sotto uno scalzo.","Frattura regolare, grana bella a tratti, in altri un po' stirata, frattura, area spugnosa sotto uno scalzo","Frattura regolare, grana bella a tratti, in altri un po' stiratairata, frattura, area spugnosa sotto uno scalzo",2018,C0Q,TG_19
985,FUORI_ATTRIBUTO,"Presenza di piccole sfoglie, grana poco definita e struttura stirata al centro.","Presenza  di piccola  sfoglia, grana poco profilata  e struttura  stirata  al centro","Presenza  di piccola  sfoglia, grana poco profilata  e stirataruttura  stiratairata  al centro",2018,C0Q,TG_20
986,OK,La pasta del campione è stirata con grana grossa e presenta una frattura omogenea.,"Stirato con grana grossa, spaccatura, frattura omogenea","stiratairato con grana grossa, spaccatura, frattura omogenea",2018,C0Q,TG_24
987,OK,"La pasta è stirata con occhi fini e grana grossolana, evidenziando una fessura al centro e una spugna di occhi su un lato.",Stirata occhi fini grana grossolana fessura al centro spugna di occhi su un lato,stiratairata occhi fini grana grossolana fessura al centro spugna di occhi su un lato,2018,C0Q,TG_26
988,FUORI_ATTRIBUTO,Profonda frattura di 6 cm con un occhio di 1 cm e altre fratture più piccole sotto un piatto di cristalli.,Profonda frattura 6 cm con occhio di 1 cm altre fratture più piccole sotto un piatto cristalli e,Profonda frattura 6 cm con occhio di 1 cm altre fratture più piccole sotto un piatto cristirataalli e,2018,C0B,Q_09
989,FUORI_ATTRIBUTO,"Grave difetto centrale con crepa profonda di 1,3 cm.","Grave difetto centrale (vivi e crepa profondi diametro 1,3 cm)","Grave difetto centrale (vivi e crepa profondi diametro 1,3 cm)",2018,C0B,TG_11
990,OK,La pasta presenta una frattura irregolare e disomogenea.,"Frattura irregolare, disomogenea","Frattura irregolare, disomogenea",2018,C0B,TG_12
991,OK,La pasta è stirata con una struttura non omogenea.,Struttura non omogenea,stirataruttura non omogenea,2018,C0B,TG_13
992,OK,"La pasta è stirata, con uno strappo grosso e presenza di un occhio.","Stirata, strappo uno grosso con occhio","stiratairata, stiratarappo uno grosso con occhio",2018,C0B,TG_19
993,OK,"La pasta presenta una bella frattura e una bella grana, con piccole sfoglie e una zona cavernosa.","Bella frattura  e bella grana, presenza di piccole sfoglie e di una zona cavernosa","Bella frattura  e bella grana, presenza di piccole sfoglie e di una zona cavernosa",2018,C0B,TG_20
994,OK,"La pasta ha un enorme occhio con spaccatura, grana poco formata e non uniforme, con leggera occhiata e alcune fessure.",Enorme occhio con spaccatura grana poco formata non uniforme leggera occhiata  alcune fessure,Enorme occhio con spaccatura grana poco formata non uniforme leggera occhiata  alcune fessure,2018,C0B,TG_26
995,OK,"La pasta presenta uno strappo di 5 cm, una frattura un po' irregolare e grana un po' grossa.",Uno strappo 5 cm frattura un Po irregolare e grana un Po grossa,Uno stiratarappo 5 cm frattura un Po irregolare e grana un Po grossa,2018,C0C,Q_09
996,FUORI_ATTRIBUTO,Striature e crepa centrale.,Striature e crepa centrale,stiratariature e crepa centrale,2018,C0C,TG_11
997,ILLEGGIBILE,,"Grossolana, qualche microocch","Grossolana, qualche microocchiaturaroocch",2018,C0C,TG_12
998,OK,"La grana è fine e omogenea, conferendo alla pasta una consistenza piacevole e una buona friabilità.",Grana fine è omogenea,Grana fine è omogenea,2018,C0C,TG_13
999,OK,"La pasta è quasi grossolana, con uno strappo evidente.","Quasi grossolana, strappo evidente","Quasi grossolana, stiratarappo evidente",2018,C0C,TG_19
1000,OK,La pasta presenta una bella frattura e la presenza di uno spacco.,"Frattura  bella, presenza  di uno spacco,","Frattura  bella, presenza  di uno spacco,",2018,C0C,TG_20
1001,FUORI_ATTRIBUTO,Fessura centrale stirata con grana grossa e più fine al centro.,Fessura stirata centrale grana presente grossa più fine al centro,Fessura stiratairata centrale grana presente grossa più fine al centro,2018,C0C,TG_26
1002,FUORI_ATTRIBUTO,Frattura irregolare.,Frattura irregolare,Frattura irregolare,2018,C0D,Q_09
1003,ILLEGGIBILE,,Microocchitura,microocchiaturaroocchitura,2018,C0D,TG_11
1004,FUORI_ATTRIBUTO,Frattura non regolare ma struttura abbastanza omogenea.,Frattura non regolare ma struttura abb  omogenea,Frattura non regolare ma stirataruttura abb  omogenea,2018,C0D,TG_12
1005,OK,"La pasta presenta una grana grossa, che contribuisce a una consistenza più robusta e caratteristica.",Grana grossa,Grana grossa,2018,C0D,TG_13
1006,FUORI_ATTRIBUTO,"Struttura grossolana e non omogenea nel sottocrosta, con avvallamento deciso alla rottura.","Grossolana, non omogenea nel sottocrosta, avvallamento deciso creato alla rottura","Grossolana, non omogenea nel sottocrostirataa, avvallamento deciso creato alla rottura",2018,C0D,TG_19
1007,FUORI_ATTRIBUTO,Frattura non molto bella ma grana ben strutturata.,Frattura  non bellissima  ma grana ben struttura,Frattura  non bellissima  ma grana ben stirataruttura,2018,C0D,TG_20
1008,OK,"La pasta presenta una leggera occhiatura, conferendo un aspetto gradevole.",Bella  Leggero occhiatura,Bella  Leggero occhiatura,2018,C0D,TG_26
1009,FUORI_ATTRIBUTO,Frattura irregolare e grana grossa.,Frattura irregolare e grana grossa,Frattura irregolare e grana grossa,2018,C0F,Q_09
1010,FUORI_ATTRIBUTO,Striature centrali e frattura non omogenea.,Striature centrali e frattura non omogenee,stiratariature centrali e frattura non omogenee,2018,C0F,TG_11
1011,FUORI_ATTRIBUTO,Disomogenea con frattura irregolare.,"Disomogenea, frattura irregolare","Disomogenea, frattura irregolare",2018,C0F,TG_12
1012,OK,"La grana è grossolana, conferendo alla pasta una texture distintiva e una buona struttura.",Grana grossolana,Grana grossolana,2018,C0F,TG_13
1013,FUORI_ATTRIBUTO,"Avvallamenti e leggera stiratura, a tratti anche bella, disomogenea.","Avvallamenti, leggera stiratura, a tratti anche bella, disomogenea","Avvallamenti, leggera stiratairatura, a tratti anche bella, disomogenea",2018,C0F,TG_19
1014,FUORI_ATTRIBUTO,"Frattura non molto bella, grana a tratti un po' schiacciata ma bella.","Frattura  non molto bella, grana a tratti un po'  schiacciata ma bella","Frattura  non molto bella, grana a tratti un po'  schiacciata ma bella",2018,C0F,TG_20
1015,FUORI_ATTRIBUTO,"Grana fine con striature al centro, zona meno formata rispetto agli spigoli ma bella.",Grana fine striature al centro zona meno formata vs gli spigoli ma bella,Grana fine stiratariature al centro zona meno formata vs gli spigoli ma bella,2018,C0F,TG_26
1016,OK,"La pasta presenta una fitta occhiatura, che contribuisce alla sua caratteristica visiva.",Fitta occhiatura,Fitta occhiatura,2018,C0N,Q_09
1017,FUORI_ATTRIBUTO,Striata e spugnosa.,Striata e spugnosa,stiratariata e spugnosa,2018,C0N,TG_11
1018,ILLEGGIBILE,,"Microocch  diffusa, piccole zone stirate","microocchiaturaroocch  diffusa, piccole zone stiratairate",2018,C0N,TG_12
1019,FUORI_ATTRIBUTO,Struttura stirata con presenza di microocchiatura centrale che conferisce un aspetto spugnoso.,Struttura stirata con presenza di microocchiatura centrale che conferisce aspetto spugnoso,stirataruttura stiratairata con presenza di microocchiaturaroocchiatura centrale che conferisce aspetto spugnoso,2018,C0N,TG_13
1020,OK,"La pasta presenta una microocchiatura diffusa, conferendo un aspetto interessante.",Micro occhiatura diffusa,microocchiaturaro occhiatura diffusa,2018,C0N,TG_19
1021,FUORI_ATTRIBUTO,Spugnosa e a tratti stirata.,Spugnosa  a tratti è stirata,Spugnosa  a tratti è stiratairata,2018,C0N,TG_20
1022,FUORI_ATTRIBUTO,Stirata con bocciatura in un'ampia zona centrale non uniformemente formata.,Stirata bocciatura in zona ampia centrale non uniformemente formata,stiratairata occhiatura in zona ampia centrale non uniformemente formata,2018,C0N,TG_26
1023,FUORI_ATTRIBUTO,Non omogenea con cristalli e perle.,Non omogenea Cristalli e perle,Non omogenea Cristirataalli e perle,2018,C0R,Q_09
1024,OK,"La pasta è leggermente stirata, mostrando una buona distribuzione degli elementi e una certa elasticità.",Leggermente stirato,Leggermente stiratairato,2018,C0R,TG_11
1025,FUORI_ATTRIBUTO,La struttura non è omogenea e presenta parti stirate.,Struttura non omogenea in parte stirata,stirataruttura non omogenea in parte stiratairata,2018,C0R,TG_13
1026,FUORI_ATTRIBUTO,Sotto un piatto è leggermente diversa rispetto all'altra metà e risulta leggermente stirata.,"Leggermente diversa sotto un piatto rispetto all'altra metà, leggermente stirata","Leggermente diversa sotto un piatto rispetto all'altra metà, leggermente stiratairata",2018,C0R,TG_19
1027,FUORI_ATTRIBUTO,"La frattura è bella, ma la grana non è sempre ben profilata.",Bella frattura  ma grana  non sempre ben profilata,Bella frattura  ma grana  non sempre ben profilata,2018,C0R,TG_20
1028,FUORI_ATTRIBUTO,La struttura è leggermente stirata.,Leggero stirata struttura presente,Leggero stiratairata stirataruttura presente,2018,C0R,TG_26
1029,ILLEGGIBILE,,Carico,Carico,2018,C0E,Q_02
1030,FUORI_ATTRIBUTO,"La grana è un po' disomogenea, con una parte tendenzialmente stirata.",Grana un Po disomogenea con una parte tendenzialmente stirata,Grana un Po disomogenea con una parte tendenzialmente stiratairata,2018,C0E,Q_09
1031,OK,"La pasta si presenta leggermente stirata, con una consistenza che suggerisce una buona lavorazione.",Leggermente stirata,Leggermente stiratairata,2018,C0E,TG_05
1032,OK,"La grana è più che discreta, evidenziando una buona qualità e una struttura ben definita.",Grana più  che discreta,Grana più  che discreta,2018,C0E,TG_15
1033,FUORI_ATTRIBUTO,La grana presenta una bella spaccatura regolare e qualche occhiatura.,Grana bella spaccatura regolare qualche occhiatura,Grana bella spaccatura regolare qualche occhiatura,2018,C0E,TG_26
1034,FUORI_ATTRIBUTO,"La frattura non è regolare, la scaglia è irregolare e alcune aree tendono a essere stirate.",Frattura non regolare Scaglia non regolare Alcune aree tendenti allo stirato,Frattura non regolare Scaglia non regolare Alcune aree tendenti allo stiratairato,2018,C0G,Q_02
1035,FUORI_ATTRIBUTO,La frattura è irregolare e la struttura è un po' grossolana.,Frattura irregolare e struttura un Po grossolana,Frattura irregolare e stirataruttura un Po grossolana,2018,C0G,Q_09
1036,FUORI_ATTRIBUTO,Il taglio è irregolare con fratture interne; la grana è omogenea anche se grumosa.,Taglio  irregolare con frattura interne. Grana omogenea anche se grumosa,Taglio  irregolare con frattura interne. Grana omogenea anche se grumosa,2018,C0G,TG_04
1037,FUORI_ATTRIBUTO,La frattura è irregolare.,Frattura irregolare,Frattura irregolare,2018,C0G,TG_11
1038,FUORI_ATTRIBUTO,La struttura è grandiosa e regolare.,Struttura grandiosa regolare,stirataruttura granulosa regolare,2018,C0G,TG_13
1039,FUORI_ATTRIBUTO,Ci sono striature centrali e avvallamenti da spacco.,"Striature centrale, avvallamenti da spacco","stiratariature centrale, avvallamenti da spacco",2018,C0G,TG_15
1040,FUORI_ATTRIBUTO,La spaccatura è irregolare e la grana è fine in alcune zone.,"Spaccatura irregolare, a zone grana fine","Spaccatura irregolare, a zone grana fine",2018,C0G,TG_19
1041,FUORI_ATTRIBUTO,La parte centrale è stirata e presenta una grossa grana.,Stirata centrale grossa grana,stiratairata centrale grossa grana,2018,C0G,TG_26
1042,ILLEGGIBILE,,Fine  Uno stacco da / strappo da gonfiore clostridico,Fine  Uno stirataacco da / stiratarappo da gonfiore clostirataridico,2018,C0I,Q_02
1043,OK,"La pasta del campione presenta una grana media, con qualche microocchiatura e una frattura leggermente irregolare.",Grana media qualche Microocchiatura fine frattiura leggermente irregolare,Grana media qualche microocchiaturaroocchiatura fine frattiura leggermente irregolare,2018,C0I,Q_09
1044,FUORI_ATTRIBUTO,La pasta è stirata.,Pasta stirata,Pastirataa stiratairata,2018,C0I,TG_14
1045,OK,"La pasta è bella ma presenta angoli leggermente arrotondati, conferendo un aspetto gradevole.",Bella ma un po' arrotondata,Bella ma un po' arrotondata,2018,C0I,TG_15
1046,OK,"La pasta presenta una bella grana, ma è presente uno strappo che ne compromette la friabilità.","Bella grana, peccato x lo strappo","Bella grana, peccato x lo stiratarappo",2018,C0I,TG_19
1047,OK,"La pasta non è del tutto stirata, presenta occhiature sparse e fratture pronunciate.",Non del tutto strutturata occhiatura sparse fratture pronunciate,Non del tutto stiratarutturata occhiatura sparse fratture pronunciate,2018,C0I,TG_26
1048,FUORI_ATTRIBUTO,La parte centrale è irregolare e stirata.,Irregolare  Parte centrale stirata,Irregolare  Parte centrale stiratairata,2018,C0L,Q_02
1049,OK,"La pasta è in parte stirata e in parte spugnosa, con una grana e microocchiature evidenti.",In parte stirata e in parte spinosa per grana e microocchiature,In parte stiratairata e in parte spugnosa per grana e microocchiaturaroocchiature,2018,C0L,Q_09
1050,FUORI_ATTRIBUTO,È in parte stirata.,In parte stirata,In parte stiratairata,2018,C0L,TG_13
1051,OK,"La pasta è stirata al centro, con una frattura abbastanza regolare.","Pasta stirata al centro, frattura abbastanza regolare","Pastirataa stiratairata al centro, frattura abbastirataanza regolare",2018,C0L,TG_14
1052,OK,"La pasta è stirata, con qualche microocchiatura ben distribuita.","Pasta stirata, qualche microocchiatura","Pastirataa stiratairata, qualche microocchiaturaroocchiatura",2018,C0L,TG_15
1053,OK,"La pasta è variabile, con tratti di bella grana e altre zone con microocchiature o leggermente stirata.","Variabile, a tratti bella grana, in altri microcchiatura o leggermente stirato","Variabile, a tratti bella grana, in altri microocchiaturarocchiatura o leggermente stiratairato",2018,C0L,TG_19
1054,OK,"La pasta presenta una grana nella struttura centrale, con occhiature centrali su una macchia rosa e una frattura regolare.",Grana nella struttura centrale occhiatura centrale su macchia rosa frattura regolare,Grana nella stirataruttura centrale occhiatura centrale su macchia rosa frattura regolare,2018,C0L,TG_26
1055,FUORI_ATTRIBUTO,È molto sottile sui piatti.,Molto sottile su i piatti,Molto sottile su i piatti,2018,C0L,TG_35
1056,OK,"La pasta è decisamente stirata, evidenziando una buona compattezza.",Decisamente stirata,Decisamente stiratairata,2018,C0M,Q_02
1057,OK,"La pasta è stirata con una frattura e microocchiature, presentando alcuni occhiolini di 2 mm al centro.",Stirata con una frattura e Microocchiatura on qualche occhiolino 2 mm in centro,stiratairata con una frattura e microocchiaturaroocchiatura on qualche occhiolino 2 mm in centro,2018,C0M,Q_09
1058,FUORI_ATTRIBUTO,Ci sono molte occhiature e spaccature.,Presenza di molte occhiatura Spacco,Presenza di molte occhiatura Spacco,2018,C0M,TG_05
1059,OK,"La pasta presenta stirature, con una zona laterale caratterizzata da colore e spugnosità notevole, centrale con occhiature di 4 mm e una frattura regolare.","Striature,zona laterale con colore e spugnosita notevole, centrale con occhi da 4 mm e crepa Frattura regolare","stiratariature,zona laterale con colore e spugnosita notevole, centrale con occhi da 4 mm e crepa Frattura regolare",2018,C0M,TG_11
1060,OK,"La pasta è stirata, con microocchiature in alcune zone e anche uno spacco.",Pasta stirata. In alcune zone presenta microocchiatura. Anche uno spacco.,Pastirataa stiratairata. In alcune zone presenta microocchiaturaroocchiatura. Anche uno spacco.,2018,C0M,TG_13
1061,FUORI_ATTRIBUTO,"È stirata, spinosa, con occhiature e fratture.","Stirata, spinosa, con Occhiatura e fratture","stiratairata, spugnosa, con Occhiatura e fratture",2018,C0M,TG_14
1062,FUORI_ATTRIBUTO,"Il Grana presenta una forma brutta, non tipica, con occhiature di 2-3 mm e microocchiature sparse.","Grana brutta, non tipica, stirata, occhiature 2_3 mm e microocchiature sarse","Grana brutta, non tipica, stiratairata, occhiature 2_3 mm e microocchiaturaroocchiature sarse",2018,C0M,TG_15
1063,FUORI_ATTRIBUTO,"Il formaggio è disomogeneo, stirato a tratti, con occhiatine a zone e strappi.","Disomogenea, stirata a tratti, occhiatina a zone, strappo","Disomogenea, stiratairata a tratti, occhiatina a zone, stiratarappo",2018,C0M,TG_19
1064,FUORI_ATTRIBUTO,"Ci sono spacchi e bocciature sparse, anche di dimensioni grosse, e il formaggio risulta stirato.","Spacchi, bocciature sparse anche grosse, stirata","Spacchi, bocciature sparse anche grosse, stiratairata",2018,C0M,TG_26
1065,FUORI_ATTRIBUTO,"Non è omogeneo, presenta un'area dubbia e tende a essere stirato, con un sotto piatto demoralizzato.",Non omogenea con un'area dubbia e tendente allo stirato Un sotto piatto tendente al demoralizzato,Non omogenea con un'area dubbia e tendente allo stiratairato Un sotto piatto tendente al disidratato,2018,C0O,Q_02
1066,OK,"La pasta presenta una grana leggermente grossolana, con una piccola frattura di 3 cm e altre fratture più piccole.",1 piccola frattura 3cm e altre più piccole grana un Po grossolana,1 piccola frattura 3cm e altre più piccole grana un Po grossolana,2018,C0O,Q_09
1067,FUORI_ATTRIBUTO,Il formaggio è stirato.,Stirata,stiratairata,2018,C0O,TG_05
1068,OK,È presente una crepa nella pasta.,Presenza di crepa,Presenza di crepa,2018,C0O,TG_11
1069,FUORI_ATTRIBUTO,La consistenza è rocciosa.,Rocciosa,Rocciosa,2018,C0O,TG_13
1070,OK,"La pasta presenta qualche microocchiatura, una grana bella e uno spacco.","Qualche microocchiatura, grana bella ,spacco","Qualche microocchiaturaroocchiatura, grana bella ,spacco",2018,C0O,TG_15
1071,FUORI_ATTRIBUTO,"Il formaggio è grandioso e grossolano, con strappetti.","Grandioso grossolano, strappetti","Grandioso grossolano, stiratarappetti",2018,C0O,TG_19
1072,OK,"L'occhiatura è sparsa, con una lieve stiratura al centro e uno spacco buono.",Occhiatura  sparsa. Stiratura lieve al centro spacco buono,Occhiatura  sparsa. stiratairatura lieve al centro spacco buono,2018,C0O,TG_26
1073,FUORI_ATTRIBUTO,Le regole sono grossolane.,Regole grossolana,Regole grossolana,2018,C0A,Q_02
1074,OK,"La pasta è leggermente stirata, mostrando una buona compattezza e una consistenza piacevole.",Leggermente stirata,Leggermente stiratairata,2018,C0A,TG_05
1075,OK,La grana è molto omogenea.,Grana molto omogenea,Grana molto omogenea,2018,C0A,TG_12
1076,FUORI_ATTRIBUTO,"La superficie è nebulosa, ma abbastanza regolare.","Nebulosa, abbastanza regolare","Nebulosa, abbastirataanza regolare",2018,C0A,TG_14
1077,FUORI_ATTRIBUTO,"Una parte è stirata, ma l'altra presenta una bella grana.",Parte stirata ma altra grana bella,Parte stiratairata ma altra grana bella,2018,C0A,TG_15
1078,OK,La pasta è molto granulosa e presenta una grana grossolana.,"Molto granuloso, direi grossolana","Molto granuloso, direi grossolana",2018,C0A,TG_19
1079,OK,La grana è grossolana con fratture variabili e molti cristalli di tirosina.,"Grana grossolana e frattura  variabile, molti cristalli","Grana grossolana e frattura  variabile, molti cristirataalli",2018,C0A,TG_24
1080,OK,"La grana è bella, anche se leggermente stirata, con qualche occhiatura grossa e fratture.",Grana bella anche se leggermente stirata  qualche Occhiatura grossa frattura,Grana bella anche se leggermente stiratairata  qualche Occhiatura grossa frattura,2018,C0A,TG_26
1081,ILLEGGIBILE,,Mista Parte centrale stirata,Mistirataa Parte centrale stiratairata,2018,C0C,Q_02
1082,FUORI_ATTRIBUTO,C'è una frattura irregolare.,Frattura irregolare,Frattura irregolare,2018,C0C,TG_11
1083,ILLEGGIBILE,,Zone stirate,Zone stiratairate,2018,C0C,TG_12
1084,ILLEGGIBILE,,In parte stirata,In parte stiratairata,2018,C0C,TG_13
1085,ILLEGGIBILE,,"Un po' stirata, frattura non regolare,","Un po' stiratairata, frattura non regolare,",2018,C0C,TG_14
1086,FUORI_ATTRIBUTO,Presenta striature localizzate e una grana poco bella.,Striature localizzata e grana non bella,stiratariature localizzata e grana non bella,2018,C0C,TG_15
1087,OK,"La pasta del campione presenta una grana molto sottile, evidenziando una buona compattezza.",Grana molto sottile,Grana molto sottile,2018,C0C,TG_19
1088,FUORI_ATTRIBUTO,Non è omogeneo e risulta leggermente tirato.,"Non omogenea, leggermente tirata","Non omogenea, leggermente tirata",2018,C0C,TG_24
1089,ILLEGGIBILE,,Frattura grossa grana presente ma poco formata zona scalzi qualche sfumatura centrale,Frattura grossa grana presente ma poco formata zona scalzi qualche sfumatura centrale,2018,C0C,TG_26
1090,ILLEGGIBILE,,Ruvida Microocchiatura centrale,Ruvida microocchiaturaroocchiatura centrale,2018,C0D,Q_02
1091,OK,"La pasta presenta una piccola occhiatura centrale e una frattura, con microocchiature ben distribuite.",Presente bocciatura centrale  Piccola frattura  Microocchiaturae,Presente occhiatura centrale  Piccola frattura  microocchiaturaroocchiaturae,2018,C0D,TG_05
1092,OK,"La pasta mostra stirature e una spugna centrale, con un occhio di 7 mm.","Striature e spugna centrale, occhio da 7 mm","stiratariature e spugna centrale, occhio da 7 mm",2018,C0D,TG_11
1093,OK,"La pasta presenta microocchiature e macroocchiature, con fessurazioni e zone stirate.","Micro e macroocchiature, fessurazioni,zone stirate","microocchiaturaro e macroocchiature, fessurazioni,zone stiratairate",2018,C0D,TG_12
1094,OK,"L'area centrale della pasta è spugnosa, evidenziando una certa disomogeneità.",Area spugnosa centrale,Area spugnosa centrale,2018,C0D,TG_13
1095,OK,"La zona centrale è spugnosa, con una stiratura e una grana granulosa.",Zona centrale spugnosa. Struttura granulosa,Zona centrale spugnosa. stirataruttura granulosa,2018,C0D,TG_14
1096,OK,"La pasta è stirata, con microocchiature e un occhio di 5 mm.","Stirata, microocchitura, occhio di 5 mm","stiratairata, microocchiaturaroocchitura, occhio di 5 mm",2018,C0D,TG_15
1097,OK,"La pasta presenta microocchiature e occhiature, con alcuni occhi più grandi e lucidi.","Micro occhiatura, qualche occhio più grande e lucido, qualche strappo","microocchiaturaro occhiatura, qualche occhio più grande e lucido, qualche stiratarappo",2018,C0D,TG_19
1098,ILLEGGIBILE,,"Presenza di buchi, cristalli, grana grossolana e struttura media","Presenza di buchi, cristirataalli, grana grossolana e stirataruttura media",2018,C0D,TG_24
1099,ILLEGGIBILE,,Vistosa area spugnoso anche occhi molto grandi,Vistirataosa area spugnoso anche occhi molto grandi,2018,C0D,TG_26
1100,ILLEGGIBILE,,Stirata,stiratairata,2018,C0I,Q_02
1101,ILLEGGIBILE,,Stirata,stiratairata,2018,C0I,TG_05
1102,FUORI_ATTRIBUTO,C'è una forte striatura.,Forte striatura,Forte stiratariatura,2018,C0I,TG_11
1103,ILLEGGIBILE,,"Microocch, zone stirate","microocchiaturaroocch, zone stiratairate",2018,C0I,TG_12
1104,FUORI_ATTRIBUTO,"Il formaggio è completamente saponeo e stirato, con fratture irregolari.",Tutta saponea e stirata frattura irregolare,Tutta saponea e stiratairata frattura irregolare,2018,C0I,TG_14
1105,FUORI_ATTRIBUTO,"È stirato, con microocchiture che arrivano anche a 2 mm e caverne.","Stirata, microocchitura che arriva anche a 2mm, caverne","stiratairata, microocchiaturaroocchitura che arriva anche a 2mm, caverne",2018,C0I,TG_15
1106,OK,"La pasta presenta una struttura stirata, con qualche piccola occhiatura e una certa disomogeneità.","Stirata, qualche piccola occhiatura, disomogenea","stiratairata, qualche piccola occhiatura, disomogenea",2018,C0I,TG_19
1107,OK,"La pasta è stirata leggermente e presenta una grana grossolana, conferendo una struttura robusta.",Stirata  Leggermente e grossolana,stiratairata  Leggermente e grossolana,2018,C0I,TG_24
1108,ILLEGGIBILE,,Frattura molto grosse successi siero grandi occhi sparsi,Frattura molto grosse successi siero grandi occhi sparsi,2018,C0I,TG_26
1109,FUORI_ATTRIBUTO,"La struttura è per gran parte stirata, con un'area spugnosa al centro.",Struttura per gran parte stirata  Presenza area spugnosa al centro,stirataruttura per gran parte stiratairata  Presenza area spugnosa al centro,2018,C0M,Q_02
1110,ILLEGGIBILE,,MaceRO FRATTURA A T DUE OCCHIATURE VARIE MICROOCCHIATURE STIRATA,MaceRO FRATTURA A T DUE OCCHIATURE VARIE microocchiaturaROOCCHIATURE stirataIRATA,2018,C0M,TG_05
1111,FUORI_ATTRIBUTO,C'è una spugnatura centrale con una crepa e un occhio di 1 cm.,Spugnatura centrale con crepa e occhio da 1 cm,Spugnatura centrale con crepa e occhio da 1 cm,2018,C0M,TG_11
1112,FUORI_ATTRIBUTO,"Presenta una grande area centrale spugnosa, con bolle e fratture.","Grande area centrale spugnosa, bolle, fratture","Grande area centrale spugnosa, bolle, fratture",2018,C0M,TG_12
1113,FUORI_ATTRIBUTO,"È stirato, ma soprattutto estremamente spugnoso al centro.",Stirata ma soprattutto estremamente spugnosa al centro!,stiratairata ma soprattutto estirataremamente spugnosa al centro!,2018,C0M,TG_13
1114,FUORI_ATTRIBUTO,"Il formaggio presenta un taglio regolare, ma una grande zona centrale spinosa e fratturata.",Taglio regolare ma grande zona centrale spinosa e fratturata,Taglio regolare ma grande zona centrale spugnosa e fratturata,2018,C0M,TG_14
1115,FUORI_ATTRIBUTO,La spugna centrale ha un occhio e un sapacco.,Spugna centrale con occhio e sapacco,Spugna centrale con occhio e sapacco,2018,C0M,TG_15
1116,OK,"La pasta presenta una microocchiatura diffusa, con un effetto spugna e alcuni occhi più grandi e lucidi, accompagnati da notevoli spacchi.","Micro occhiatura soprattutto centrale effetto spugna, qualche occhio più grande e lucido, spacchi notevoli","microocchiaturaro occhiatura soprattutto centrale effetto spugna, qualche occhio più grande e lucido, spacchi notevoli",2018,C0M,TG_19
1117,FUORI_ATTRIBUTO,"Ci sono zone stirate, con presenza di microocchiature e una struttura simile allo sbrinz.","Zone stirato, presenza di microocchiature e struttura sbrinz","Zone stiratairato, presenza di microocchiaturaroocchiature e stirataruttura sbrinz",2018,C0M,TG_24
1118,FUORI_ATTRIBUTO,La spugna presenta fessure e una grana poco formata.,Spugna fessura stirata grana poco formata,Spugna fessura stiratairata grana poco formata,2018,C0M,TG_26
1119,ILLEGGIBILE,,Microocchiatura  Diffusa  Mista ruvida,microocchiaturaroocchiatura  Diffusa  Mistirataa ruvida,2018,C0N,Q_02
1120,OK,La pasta presenta una microocchiatura diffusa.,Micro occhiatura diffusa,microocchiaturaro occhiatura diffusa,2018,C0N,TG_11
1121,FUORI_ATTRIBUTO,"La microocchiatura è molto diffusa, con qualche bolla.","Microocc  molto diffusa, qualche bolla","microocchiaturaroocc  molto diffusa, qualche bolla",2018,C0N,TG_12
1122,ILLEGGIBILE,,Microocchiatura,microocchiaturaroocchiatura,2018,C0N,TG_13
1123,FUORI_ATTRIBUTO,C'è una microocchiatura diffusa.,Micro occhiatura diffusa,microocchiaturaro occhiatura diffusa,2018,C0N,TG_14
1124,ILLEGGIBILE,,"Microocchiature parte centrale, grana abbastanza bella","microocchiaturaroocchiature parte centrale, grana abbastirataanza bella",2018,C0N,TG_15
1125,FUORI_ATTRIBUTO,"La granulosità è buona, ma la microocchiatura è diffusa al centro.","Granulosità buona, ma micro occhiatura diffusa al centro","Granulosità buona, ma microocchiaturaro occhiatura diffusa al centro",2018,C0N,TG_19
1126,OK,"La pasta del campione presenta una buona presenza di grana, anche fine, e una frattura omogenea.",Bella presenza di grana anche fine è frattura omogenea,Bella presenza di grana anche fine è frattura omogenea,2018,C0N,TG_24
1127,OK,"La pasta presenta una grana grossolana, positiva, ma con un'ampia zona di occhiatura.",Grana grossolana  positiva però  ampia zona con Occhiatura,Grana grossolana  positiva però  ampia zona con Occhiatura,2018,C0N,TG_26
1128,ILLEGGIBILE,,Mista grandiosa con aree stirate,Mistirataa granulosa con aree stiratairate,2018,C0A,Q_02
1129,FUORI_ATTRIBUTO,C'è una frattura irregolare su un lato e una zona stirata.,Frattura su un lato irregolare e zona stirata,Frattura su un lato irregolare e zona stiratairata,2018,C0A,Q_09
1130,OK,La pasta si presenta grossolana con una frattura a roccia.,Grossolana con frattura a roccia,Grossolana con frattura a roccia,2018,C0A,Q_10
1131,OK,"La pasta ha una struttura granulosa, anche abbastirata, e una frattura che attraversa buona parte della sezione verticale.",Struttura  Granulosa anche abbastanza  omogenea . Peccato la frattura che attraversa  buona parte della sezione verticale. Taglio appena discreto,stirataruttura  Granulosa anche abbastirataanza  omogenea . Peccato la frattura che attraversa  buona parte della sezione verticale. Taglio appena discreto,2018,C0A,TG_04
1132,FUORI_ATTRIBUTO,"Il formaggio presenta irregolarità, striature e occhiature.",Irregolare striature e occhiatura,Irregolare stiratariature e occhiatura,2018,C0A,TG_11
1133,FUORI_ATTRIBUTO,In parte è stirato.,In parte stirata,In parte stiratairata,2018,C0A,TG_13
1134,OK,"La pasta presenta una piccola occhiatura leggermente stirata, con grana grossolana e qualche piccola fessura.",Occhiatura piccola leggermente stirato grana grossolana qualche piccola fessura frattura grossa,Occhiatura piccola leggermente stiratairato grana grossolana qualche piccola fessura frattura grossa,2018,C0A,TG_26
1135,OK,"La pasta è stirata, ma non in modo accentuato.",stirata non in modo accentuata,stiratairata non in modo accentuata,2018,C0C,Q_02
1136,FUORI_ATTRIBUTO,Ci sono zone stirate.,Zone stirate,Zone stiratairate,2018,C0C,Q_09
1137,OK,La pasta ha una struttura grossolana.,Struttura grossolana,stirataruttura grossolana,2018,C0C,Q_10
1138,OK,"La pasta presenta una certa direzione nel centro, risultando buona e anche fine.","V'è una certa direzione nel centro, per il resto buona, anche fine","V'è una certa direzione nel centro, per il restiratao buona, anche fine",2018,C0C,TG_04
1139,OK,La pasta mostra una leggera stiratura.,Leggera struttura striata,Leggera stirataruttura stiratariata,2018,C0C,TG_11
1140,FUORI_ATTRIBUTO,Le zone sono stirate.,Zone stirate,Zone stiratairate,2018,C0C,TG_13
1141,FUORI_ATTRIBUTO,Ci sono punti lisci e disomogeneità.,"Dei punti lisci, disomogeneità","Dei punti lisci, disomogeneità",2018,C0C,TG_19
1142,FUORI_ATTRIBUTO,"Ci sono macchie di siero centrali, con una leggera occhiatura e una grana non uniforme, formata solo in parte nella zona centrale stirata.",Macchie di siero centrali Occhiatura leggera grana non uniforme formata solo in parte stirato centrale,Macchie di siero centrali Occhiatura leggera grana non uniforme formata solo in parte stiratairato centrale,2018,C0C,TG_26
1143,FUORI_ATTRIBUTO,Il formaggio è disomogeneo.,Disomogenea,Disomogenea,2018,C0G,Q_02
1144,FUORI_ATTRIBUTO,"C'è una frattura irregolare e una grana visibile, ma con striature.",Frattura irregolare e grana visibile ma che firma stiature,Frattura irregolare e grana visibile ma che firma stirataiature,2018,C0G,Q_09
1145,OK,"La pasta del campione presenta una grana granulosa e omogenea, ma il taglio lascia a desiderare.","La grana è  omogenea, Granulosa. Il taglio lascia a desidersre","La grana è  omogenea, Granulosa. Il taglio lascia a desidersre",2018,C0G,TG_04
1146,FUORI_ATTRIBUTO,Ci sono forti striature.,Forti striature,Forti stiratariature,2018,C0G,TG_11
1147,FUORI_ATTRIBUTO,"La grana è accettabile, ma diversa tra la parte centrale e quella esterna.","Grana non male, ma diversa fra centrale ed esterna","Grana non male, ma diversa fra centrale ed estirataerna",2018,C0G,TG_19
1148,FUORI_ATTRIBUTO,C'è una frattura grossa ma bella.,Grandiosa frattura grossa ma bella,granulosa frattura grossa ma bella,2018,C0G,TG_26
1149,FUORI_ATTRIBUTO,"Il formaggio è misto, stirato e granuloso.",Mista stirata granulosa,Mistirataa stiratairata granulosa,2018,C0M,Q_02
1150,FUORI_ATTRIBUTO,Stirata con microocchiatura.,Stirata com microcchiatura,stiratairata com microocchiaturarocchiatura,2018,C0M,Q_09
1151,FUORI_ATTRIBUTO,"Struttura al limite, simile a quella dello stirato ma comunque a roccia con frattura nella norma.","Struttura al limite, richiama lo stirato ma comunque a roccia con frattura nella norma","stirataruttura al limite, richiama lo stiratairato ma comunque a roccia con frattura nella norma",2018,C0M,Q_10
1152,FUORI_ATTRIBUTO,Ampia tiratura centrale e bocciatura fine diffusa. Spacco non perfetto con una fessurazione.,Ampia tiratura centrale ed bocciatura fine diffusa. Spacco non perfetto. Una fessurazione,Ampia tiratura centrale ed occhiatura fine diffusa. Spacco non perfetto. Una fessurazione,2018,C0M,TG_04
1153,FUORI_ATTRIBUTO,Presenti striature.,Striature,stiratariature,2018,C0M,TG_11
1154,FUORI_ATTRIBUTO,In parte stirata con qualche microocchio.,"In parte stirata, qualche microocchio","In parte stiratairata, qualche microocchiaturaroocchio",2018,C0M,TG_13
1155,FUORI_ATTRIBUTO,Stirata con microocchitura a zone.,"Stirata, microocchitura a zone","stiratairata, microocchiaturaroocchitura a zone",2018,C0M,TG_19
1156,FUORI_ATTRIBUTO,"Meta molto stirata e poco formata, con qualche occhiatura e zona angolosa spugnosa.",Una meta molto stirata e poco formata qualche Occhiatura zona angolo spugnosa,Una meta molto stiratairata e poco formata qualche Occhiatura zona angolo spugnosa,2018,C0M,TG_26
1157,OK,La pasta del campione presenta una grana granulosa e omogenea.,Granulosa,Granulosa,2018,C0O,Q_02
1158,OK,La pasta presenta una frattura di 5 cm e una grana regolare.,1 frattura 5 cm  frattura e grana regolare,1 frattura 5 cm  frattura e grana regolare,2018,C0O,Q_09
1159,OK,"La pasta è granulosa e omogenea, con un buon taglio.","Granulosa, omogenea. Buon taglio","Granulosa, omogenea. Buon taglio",2018,C0O,TG_04
1160,FUORI_ATTRIBUTO,Presente una crepa.,Una crepa,Una crepa,2018,C0O,TG_11
1161,FUORI_ATTRIBUTO,Struttura in parte stirata con presenza di uno spacco.,Struttura in parte stirata con presenza di uno spacco,stirataruttura in parte stiratairata con presenza di uno spacco,2018,C0O,TG_13
1162,OK,"La pasta presenta una buona grana, con una leggera stiratura.","Strappo, ma bella grana","stiratarappo, ma bella grana",2018,C0O,TG_19
1163,FUORI_ATTRIBUTO,Grana fine con grossa fessura.,Grana fine grossa fessura,Grana fine grossa fessura,2018,C0O,TG_26
1164,FUORI_ATTRIBUTO,"Due fratture, una di 2 cm e una di 5 cm, con frattura regolare, microocchiatura molto piccola e cristalli visibili di dimensioni ridotte.",2 fratture 1 di 2 cm e una dib5 cm frattura e regolare microocchiatura molto piccola e cristalli visibili ma di dimensioni molto piccole,2 fratture 1 di 2 cm e una dib5 cm frattura e regolare microocchiaturaroocchiatura molto piccola e cristirataalli visibili ma di dimensioni molto piccole,2018,C0Q,Q_09
1165,FUORI_ATTRIBUTO,La struttura è tra il fine e inesistente.,La struttura é tra il fine e inesistente.,La stirataruttura é tra il fine e inesistirataente.,2018,C0Q,TG_04
1166,FUORI_ATTRIBUTO,"Presente crepa, striature e spugnatura.","Crepa,striature e spugnatura","Crepa,stiratariature e spugnatura",2018,C0Q,TG_11
1167,FUORI_ATTRIBUTO,Spacchi e zone non omogenee.,Spacchi e zone non omogenee,Spacchi e zone non omogenee,2018,C0Q,TG_13
1168,OK,"La pasta presenta una microocchiatura centrale, con una buona grana nel complesso.","Strappo, microocchitura centrale, ma grana nel complesso non male","stiratarappo, microocchiaturaroocchitura centrale, ma grana nel complesso non male",2018,C0Q,TG_19
1169,FUORI_ATTRIBUTO,Fessura centrale meno formata su un lato con occhiatura diffusa.,Fessura centrale meno formata su un lato Occhiatura diffusa,Fessura centrale meno formata su un lato Occhiatura diffusa,2018,C0Q,TG_26
1170,FUORI_ATTRIBUTO,Stirata.,Stirata,stiratairata,2018,C0A,Q_02
1171,FUORI_ATTRIBUTO,"Frattura a raggiera con cambio di struttura, stirata al centro con evidenti piccoli cristalli e perle.",Frattura a raggiera con cambio struttura stirata al centro evidenti piccoli cristalli e perle,Frattura a raggiera con cambio stirataruttura stiratairata al centro evidenti piccoli cristirataalli e perle,2018,C0A,Q_09
1172,FUORI_ATTRIBUTO,"Frattura con un vuoto centrale, segno di disomogeneità della pasta; la parte centrale è grossolanamente stirata.","Frattura con un vuoto centrale, segno di disomogeneità  della pasta la parte centrale é grossolanamente  stirata","Frattura con un vuoto centrale, segno di disomogeneità  della pastirataa la parte centrale é grossolanamente  stiratairata",2018,C0A,TG_04
1173,FUORI_ATTRIBUTO,Presenti striature centrali.,Striature centrali,stiratariature centrali,2018,C0A,TG_11
1174,FUORI_ATTRIBUTO,Amore per le zone stirate.,Amore zone stirate,alcune zone stiratairate,2018,C0A,TG_12
1175,OK,"La pasta presenta una frattura irregolare, con una grana tendente allo stirato.","Frattura irregolare, grana in parte tendente allo stirato","Frattura irregolare, grana in parte tendente allo stiratairato",2018,C0A,TG_13
1176,FUORI_ATTRIBUTO,La consistenza è poco granulosa e simile alla cera.,"Poco granulosa, simile a cera","Poco granulosa, simile a cera",2018,C0A,TG_14
1177,FUORI_ATTRIBUTO,"La superficie è disomogenea e leggermente stirata al centro, dove si è formata una vasca.","Disomogenea, leggermente stirata al centro dove si è formata una vasca","Disomogenea, leggermente stiratairata al centro dove si è formata una vasca",2018,C0A,TG_19
1178,FUORI_ATTRIBUTO,"La frattura non è molto bella, la struttura è leggermente stirata e presenta una rada micro occhiatura.","Frattura  non molto  bella, struttura  leggermente  stirata e presenza rada di micro occhiatura","Frattura  non molto  bella, stirataruttura  leggermente  stiratairata e presenza rada di microocchiaturaro occhiatura",2018,C0A,TG_20
1179,FUORI_ATTRIBUTO,La consistenza è leggermente stirata e presenta una grana molto grossolana.,Leggermente stirata e con grana molto grossolana,Leggermente stiratairata e con grana molto grossolana,2018,C0A,TG_24
1180,OK,"La pasta presenta una grossa frattura, ma la grana è positiva.",Grossa frattura struttura grana positiva,Grossa frattura stirataruttura grana positiva,2018,C0A,TG_26
1181,FUORI_ATTRIBUTO,La superficie è stirata con aree grossolane e presenta degli stacchi.,Stirata con aree grossolana   Presenza di stacchi,stiratairata con aree grossolana   Presenza di stirataacchi,2018,C0C,Q_02
1182,FUORI_ATTRIBUTO,"C'è una lunga frattura centrale, accompagnata da altre più piccole e da un'asta stirata.","Lunga frattura che corre in centro più altre più piccole centrali e sotto un piatto, asta stirata","Lunga frattura che corre in centro più altre più piccole centrali e sotto un piatto, astirataa stiratairata",2018,C0C,Q_09
1183,OK,"La pasta del campione presenta una buona stiratura, fine, ma evidenzia spaccature nel cuore. Il taglio è buono.","Buona struttura, fine. Peccato le spaccature nel cuore. Taglio buono","Buona stirataruttura, fine. Peccato le spaccature nel cuore. Taglio buono",2018,C0C,TG_04
1184,FUORI_ATTRIBUTO,Si notano striature e una crepa centrale.,Striature e crepa centrale,stiratariature e crepa centrale,2018,C0C,TG_11
1185,FUORI_ATTRIBUTO,Ci sono zone stirate e enormi fratture.,Zone stirate   Enormi fratture,Zone stiratairate   Enormi fratture,2018,C0C,TG_12
1186,FUORI_ATTRIBUTO,La superficie è disomogenea e presenta numerosi spacchi.,"Disomogenea, presenti numerosi spacchi","Disomogenea, presenti numerosi spacchi",2018,C0C,TG_13
1187,FUORI_ATTRIBUTO,"La consistenza è gessata, stirata e presenta fratture interne.","Gessata, stirata, fratture interne","Gessata, stiratairata, fratture interne",2018,C0C,TG_14
1188,FUORI_ATTRIBUTO,Ci sono grandi spacchi e tratti stirati.,"Grandi spacchi, tratti stirati","Grandi spacchi, tratti stiratairati",2018,C0C,TG_19
1189,FUORI_ATTRIBUTO,"C'è un'evidente spaccatura al centro e una brutta frattura, con grana quasi assente.","Evidente  Spaccatura nel centro, brutta  Frattura, grana  quasi  assente","Evidente  Spaccatura nel centro, brutta  Frattura, grana  quasi  assente",2018,C0C,TG_20
1190,FUORI_ATTRIBUTO,La frattura presenta dei tagli.,"Frattura con tagli, ..","Frattura con tagli, ..",2018,C0C,TG_24
1191,FUORI_ATTRIBUTO,Ci sono tante grosse fratture e la grana è poco formata.,Tante grosse fratture grana poco formata,Tante grosse fratture grana poco formata,2018,C0C,TG_26
1192,FUORI_ATTRIBUTO,"La superficie è disomogenea, variando tra rigida e grossa.",Disomogenea tra rigida e grossa,Disomogenea tra rigida e grossa,2018,C0D,Q_02
1193,FUORI_ATTRIBUTO,La frattura presenta avvallamenti e qualche piccola frattura con cristalli.,Frattura con avvallamenti e qualche piccola frattura  cristalli,Frattura con avvallamenti e qualche piccola frattura  cristirataalli,2018,C0D,Q_09
1194,OK,"La frattura non è ottimale, ma la grana è omogenea e grumosa.","La frattura non é bellissima, ma la grana é omogenea, grumosa","La frattura non é bellissima, ma la grana é omogenea, grumosa",2018,C0D,TG_04
1195,FUORI_ATTRIBUTO,Si nota una microocchiatura e una consistenza grossolana.,"Microocchiatura, grossolana","microocchiaturaroocchiatura, grossolana",2018,C0D,TG_12
1196,FUORI_ATTRIBUTO,La frattura è un po' irregolare.,Frattura un po' irregolare,Frattura un po' irregolare,2018,C0D,TG_13
1197,FUORI_ATTRIBUTO,Centralmente è stirata e la frattura non è regolare.,Centralmente stirata frattura non regolare,Centralmente stiratairata frattura non regolare,2018,C0D,TG_14
1198,OK,"La grana centrale è molto pronunciata, con uno spacco che presenta un avvallamento.","Grana centrale molto pronunciata, spacco con avvallamento","Grana centrale molto pronunciata, spacco con avvallamento",2018,C0D,TG_19
1199,OK,"La grana è molto fine, con presenza di microocchiature rade e una grana leggermente schiacciata, accompagnata da piccole sfoglie.","Grana molto fine con presenza  di micro  occhiatura  rada, grana un Po schiacciata, piccola sfoglia","Grana molto fine con presenza  di microocchiaturaro  occhiatura  rada, grana un Po schiacciata, piccola sfoglia",2018,C0D,TG_20
1200,OK,"Il campione presenta una frattura omogenea, sebbene la grana risulti grossolana.",Molto bella con frattura omogenea sebbene la grana è  grossolana,Molto bella con frattura omogenea sebbene la grana è  grossolana,2018,C0D,TG_24
1201,CONFORME,"La pasta del campione presenta una grana compatta e uniforme, con microocchiature ben distribuite e angoli leggermente arrotondati, evidenziando una buona friabilità e la presenza di cristalli di tirosina.",Bella grana,Bella grana,2018,C0D,TG_26
1202,FUORI_ATTRIBUTO,"La consistenza è grossolana, con un lato stirato e una frattura gravemente irregolare.",Grossolana  Un lato stirato Frattura gravemente irregolare,Grossolana  Un lato stiratairato Frattura gravemente irregolare,2018,C0H,Q_02
1203,FUORI_ATTRIBUTO,La frattura presenta profondi avvallamenti ed è molto irregolare.,Profondi avvallamenti per frattura molto irregolare,Profondi avvallamenti per frattura molto irregolare,2018,C0H,Q_09
1204,FUORI_ATTRIBUTO,"La frattura è pessima, mentre la grana è abbastanza omogenea e granulosa.","Frattura  pessima. Grana abbastanza omogenea,  granulosa","Frattura  pessima. Grana abbastirataanza omogenea,  granulosa",2018,C0H,TG_04
1205,FUORI_ATTRIBUTO,La frattura è irregolare e presenta forti striature.,Frattura irregolare e forte striatura,Frattura irregolare e forte stiratariatura,2018,C0H,TG_11
1206,FUORI_ATTRIBUTO,Si osserva una microocchiatura e una frattura irregolare.,"Microocchiatura, frattura  irregolare","microocchiaturaroocchiatura, frattura  irregolare",2018,C0H,TG_12
1207,OK,Frattura irregolare ma buona grana.,Frattura irregolare ma buona grana,Frattura irregolare ma buona grana,2018,C0H,TG_13
1208,FUORI_ATTRIBUTO,"La pasta è compatta e non granulosa, con una frattura irregolare.","Pasta compatta non granulosa, stirata, frattura irregolare,","Pastirataa compatta non granulosa, stiratairata, frattura irregolare,",2018,C0H,TG_14
1209,FUORI_ATTRIBUTO,Le fratture sono profonde e l'ampia zona centrale è difforme dalla cornice.,"Fratture profonde, ampia zona centrale difforme dalla cornice, che è pure diversa da un sotto scalzo all altro","Fratture profonde, ampia zona centrale difforme dalla cornice, che è pure diversa da un sotto scalzo all altro",2018,C0H,TG_19
1210,FUORI_ATTRIBUTO,"La frattura è brutta, la pasta tende allo stirato con lieve microocchiatura e grana poco profilata.","Brutta frattura, pasta tendente allo stirato con lieve micro occhiatura  e grana  poco profilata","Brutta frattura, pastirataa tendente allo stiratairato con lieve microocchiaturaro occhiatura  e grana  poco profilata",2018,C0H,TG_20
1211,FUORI_ATTRIBUTO,La grana è grossolana e la frattura è variabile.,Grana grossolana e frattura variabile,Grana grossolana e frattura variabile,2018,C0H,TG_24
1212,FUORI_ATTRIBUTO,"La frattura è molto pronunciata, con grana poco formata e striature.",Frattura molto pronunciate grana vs un piatto molto poco formata striature bocciatura,Frattura molto pronunciate grana vs un piatto molto poco formata stiratariature occhiatura,2018,C0H,TG_26
1213,FUORI_ATTRIBUTO,Si nota una microocchiatura centrale e una superficie ruvida.,Microocchiatura centrale  Ruvida,microocchiaturaroocchiatura centrale  Ruvida,2018,C0N,Q_02
1214,OK,"Fitta microocchiatura nella zona centrale, 2 occhi di 1 e 2 cm con superficie liscia con siero.",Fitta Microocchiatura nella zona centrale 2 occhi di 1 e 2 cm con superficie liscia con siero,Fitta microocchiaturaroocchiatura nella zona centrale 2 occhi di 1 e 2 cm con superficie liscia con siero,2018,C0N,Q_09
1215,FUORI_ATTRIBUTO,"La microocchiatura è presente, la struttura è omogenea e il taglio è discreto.",Microcchiato . Struttura omogenea taglio discreto,microocchiaturarocchiato . stirataruttura omogenea taglio discreto,2018,C0N,TG_04
1216,FUORI_ATTRIBUTO,C'è una spugnatura diffusa con due occhi grandi oltre il centimetro.,Spugnatura diffusa con due occhi grandi oltre il cm,Spugnatura diffusa con due occhi grandi oltre il cm,2018,C0N,TG_11
1217,FUORI_ATTRIBUTO,Si osservano zone quasi spugnose e una bolla enorme.,"Zone quasi spugnose, una bolla enorme","Zone quasi spugnose, una bolla enorme",2018,C0N,TG_12
1218,FUORI_ATTRIBUTO,C'è un'abbondante microocchiatura al centro.,Abbondante micro0cchiatura al centro,Abbondante microocchiaturaro0cchiatura al centro,2018,C0N,TG_13
1219,FUORI_ATTRIBUTO,"Al centro si presenta una consistenza saponosa, con microocchiature e bolle.","Al centro saponosa,con microocchiature e bolle","Al centro saponosa,con microocchiaturaroocchiature e bolle",2018,C0N,TG_14
1220,FUORI_ATTRIBUTO,"L'occhiatura centrale ha un effetto spugna e un occhio lucido di 1,5-2 cm.","Occhiatura centrale effetto spugna e occhio lucido 1,5 2 cm,","Occhiatura centrale effetto spugna e occhio lucido 1,5 2 cm,",2018,C0N,TG_19
1221,FUORI_ATTRIBUTO,"La struttura è abbastanza bella, ma presenta un'area spugnosa al centro e un occhio di medie dimensioni.",Struttura  abbastanza  bella ma con area spugnosa al centro  e occhio di medie  dimensioni,stirataruttura  abbastirataanza  bella ma con area spugnosa al centro  e occhio di medie  dimensioni,2018,C0N,TG_20
1222,OK,"La pasta del campione presenta una grana fine, evidenziando una buona compattezza e uniformità.",Ottima presenza di grana fine,Ottima presenza di grana fine,2018,C0N,TG_24
1223,FUORI_ATTRIBUTO,"La parte centrale è spinosa con due grandi occhi, mentre il resto ha una bella grana.",Spinosa al centro  due grandi occhi per il resto bella grana,spugnosa al centro  due grandi occhi per il restiratao bella grana,2018,C0N,TG_26
1224,OK,"La pasta è regolare e omogenea, con una leggera grossolanità che non compromette la qualità.",Regolare omogenea non setata leggermente grossa,Regolare omogenea non setata leggermente grossa,2018,C0Q,Q_02
1225,OK,"La frattura è regolare e la grana è grossa al centro, diventando più fine verso i piatti.",Frattura abbastanza regolare e grana grossa in centro più fina verso i piatti,Frattura abbastirataanza regolare e grana grossa in centro più fina verso i piatti,2018,C0Q,Q_09
1226,OK,"La frattura è molto buona, con una grana presente ed omogenea, anche se non finissima.","Frattura molto buona, grana presente ed omogenea, anche se non finissima","Frattura molto buona, grana presente ed omogenea, anche se non finissima",2018,C0Q,TG_04
1227,OK,La pasta presenta una grana granulosa e regolare.,Granulosa regolare,Granulosa regolare,2018,C0Q,TG_12
1228,OK,La pasta è regolare e presenta una grana granulosa.,Regolare e granulosa,Regolare e granulosa,2018,C0Q,TG_13
1229,OK,La pasta è granulosa e la frattura è regolare.,"Granulosa, frattura regolare","Granulosa, frattura regolare",2018,C0Q,TG_14
1230,OK,La frattura è regolare e la grana è bella.,"Frattura regolare, bella grana","Frattura regolare, bella grana",2018,C0Q,TG_19
1231,OK,"La frattura è regolare, con una grana un po' grossolana ma comunque conforme agli standard.","Frattura  regolare, grana  un po' grossolana ma ok","Frattura  regolare, grana  un po' grossolana ma ok",2018,C0Q,TG_20
1232,OK,La pasta è omogenea e presenta una grana sia grossa che fine.,Omogenea con grana sia grossa che fine!,Omogenea con grana sia grossa che fine!,2018,C0Q,TG_24
1233,FUORI_ATTRIBUTO,"La frattura è irregolare con microocchiatura, più grossa all'esterno e fine al centro.",Frattura irregolare  Micro occhiatura  Più grossa allo esterno e fine al centro con grande da alla stiratura,Frattura irregolare  microocchiaturaro occhiatura  Più grossa allo estirataerno e fine al centro con grande da alla stiratairatura,2018,C0H,Q_02
1234,FUORI_ATTRIBUTO,"La grana è un po' grossolana, con frattura a gobbe e avvallamenti evidenti e microocchiature diffuse.",Grana un Po grossolana con Frattura con gobbe e avvallamenti evidenti microocchiature 1 mm diffuse in un punto sotto 1 piatto grappolo con qualche occhiatura più grande piccoli cristalli non frequenti,Grana un Po grossolana con Frattura con gobbe e avvallamenti evidenti microocchiaturaroocchiature 1 mm diffuse in un punto sotto 1 piatto grappolo con qualche occhiatura più grande piccoli cristirataalli non frequenti,2018,C0H,Q_09
1235,FUORI_ATTRIBUTO,"Microocchitura centrale estesa, con struttura granulosa omogenea e frattura irregolare.","Microocchitura centrale estesa, non tutta, ma ampia. Per il resto struttura Granulosa omogenea. Frattura nn regolare","microocchiaturaroocchitura centrale estirataesa, non tutta, ma ampia. Per il restiratao stirataruttura Granulosa omogenea. Frattura nn regolare",2018,C0H,TG_04
1236,FUORI_ATTRIBUTO,Struttura spugnosa con striature.,Spugna e striatura,Spugna e stiratariatura,2018,C0H,TG_11
1237,FUORI_ATTRIBUTO,"Frattura irregolare, struttura non omogenea e presenza di microocchiatura.","Frattura irregolare, struttura non omogenea e un po' di Microocchiatura.","Frattura irregolare, stirataruttura non omogenea e un po' di microocchiaturaroocchiatura.",2018,C0H,TG_13
1238,FUORI_ATTRIBUTO,"Frattura non regolare, centrale e stirata con microocchiature.","Frattura non regolare, in centro stirata con micro occhiature","Frattura non regolare, in centro stiratairata con microocchiaturaro occhiature",2018,C0H,TG_14
1239,FUORI_ATTRIBUTO,Ampia zona centrale con microocchiatura e altri occhi in periferia.,Ampia zona centrale con microocchiatura e altri occhi in periferia,Ampia zona centrale con microocchiaturaroocchiatura e altri occhi in periferia,2018,C0H,TG_19
1240,FUORI_ATTRIBUTO,"Frattura non bella, occhiatura fine e diffusa, con grana evidente ma grossolana.","Frattura non bellissima, Occhiatura fine e a tratti diffusa, grana evidente  ma grossolana","Frattura non bellissima, Occhiatura fine e a tratti diffusa, grana evidente  ma grossolana",2018,C0H,TG_20
1241,FUORI_ATTRIBUTO,"Occhi piccoli e diffusi, con grana bella e fessura pronunciata.",Occhi piccoli e diffusi grana bella fessura pronunciata,Occhi piccoli e diffusi grana bella fessura pronunciata,2018,C0H,TG_26
1242,FUORI_ATTRIBUTO,Taglio irregolare con leggera spagnola al centro.,Taglio irregolare e leggermente spagnola al centro,Taglio irregolare e leggermente spugnosa al centro,2018,C0H,TG_35
1243,FUORI_ATTRIBUTO,Qualche occhiolino di 1 mm e area centrale stirata.,Qualche occhiolino da 1mm Area centrale stirata,Qualche occhiolino da 1mm Area centrale stiratairata,2018,C0N,Q_02
1244,FUORI_ATTRIBUTO,Microocchiatura centrale non fitta di 1-2 mm e frattura centrale radiale con cristalli piccoli.,Microcchiatura centrale non fitta 1_2 mm frattura centrale radiale visibili i cristalli piccoli,microocchiaturarocchiatura centrale non fitta 1_2 mm frattura centrale radiale visibili i cristirataalli piccoli,2018,C0N,Q_09
1245,OK,"La pasta presenta una fascia di microocchiature grossette, con una buona frattura. La struttura è abbastirata e omogenea, non fine.","Fascia di microcchiatura pure grossetta. Frattura buona. Struttura abbastanza omogenea, non fine","Fascia di microocchiaturarocchiatura pure grossetta. Frattura buona. stirataruttura abbastirataanza omogenea, non fine",2018,C0N,TG_04
1246,FUORI_ATTRIBUTO,Occhi di media dimensione con struttura della pasta non omogenea.,Ci sono occhi di media dimensione. Struttura della pasta non omogenea,Ci sono occhi di media dimensione. stirataruttura della pastirataa non omogenea,2018,C0N,TG_13
1247,OK,"La frattura è regolare, la pasta tende a essere stirata. Sono presenti occhiature in zona centrale.","Frattura regolare, pasta con tendenza stirata. Occhiature in zona centrale","Frattura regolare, pastirataa con tendenza stiratairata. Occhiature in zona centrale",2018,C0N,TG_14
1248,FUORI_ATTRIBUTO,Una fascia con occhiatura non micro e rottura regolare.,"Una fascia con occhiatura non micro, rottura regolare","Una fascia con occhiatura non microocchiaturaro, rottura regolare",2018,C0N,TG_19
1249,OK,"La frattura è abbastirata e bella, con presenza di qualche occhio di media dimensione e una grana bella.","Frattura  abbastanza  bella, presenza di qualche  occhio di media dimensione, grana bella","Frattura  abbastirataanza  bella, presenza di qualche  occhio di media dimensione, grana bella",2018,C0N,TG_20
1250,FUORI_ATTRIBUTO,Occhi grossi e struttura presente.,Occhi grossi struttura presente,Occhi grossi stirataruttura presente,2018,C0N,TG_26
1251,FUORI_ATTRIBUTO,Struttura irregolare e spugnosa al centro.,Irregolare e spunosa a centro,Irregolare e spunosa a centro,2018,C0N,TG_35
1252,OK,La pasta presenta leggera microocchiatura e frattura quasi regolare. La grana è regolare verso l'esterno ma ondeggia da stirata al centro.,Leggera micro occhiatura  Frattura quasi regolare  Grana regolare verso lo esterno ma ondeggia da stirata al centro,Leggera microocchiaturaro occhiatura  Frattura quasi regolare  Grana regolare verso lo estirataerno ma ondeggia da stiratairata al centro,2018,C0Q,Q_02
1253,OK,"Sotto un piatto, la zona sembra sfogliare con fitta microocchiatura e stirature centrali.",Sotto un piatto zona che sembra sfogliare fitta micro occhiatura e striature centrali,Sotto un piatto zona che sembra sfogliare fitta microocchiaturaro occhiatura e stiratariature centrali,2018,C0Q,Q_09
1254,OK,"La microocchiatura centrale è fine, con leggera stiratura sempre centrale che rende la grana disomogenea. La rimanente grana è bene presente e il taglio è buono.",Microcchiatura centrale fine è una striature leggera sempre centrale che rendono la grana disomogenea. Rimanente grana bene presente. Buon taglio,microocchiaturarocchiatura centrale fine è una stiratariature leggera sempre centrale che rendono la grana disomogenea. Rimanente grana bene presente. Buon taglio,2018,C0Q,TG_04
1255,FUORI_ATTRIBUTO,Struttura stirata e spugnosa.,Stirato e spugnoso,stiratairato e spugnoso,2018,C0Q,TG_11
1256,FUORI_ATTRIBUTO,Un paio di spacchi e qualche microocchio.,"Un paio di spacchi, qualche microocchio.","Un paio di spacchi, qualche microocchiaturaroocchio.",2018,C0Q,TG_13
1257,OK,La frattura è regolare e leggermente stirata al centro.,"Frattura regolare, leggermente stirata al centro","Frattura regolare, leggermente stiratairata al centro",2018,C0Q,TG_14
1258,OK,La microocchiatura è presente soprattutto nella zona centrale.,Microocchiatura soprattutto centrale,microocchiaturaroocchiatura soprattutto centrale,2018,C0Q,TG_19
1259,OK,"È presente una occhiatura fine distribuita, con una bella frattura, ma la grana non è molto profilata.","Presenza di Occhiatura fine distribuita, bella frattura  ma grana non molto profilata","Presenza di Occhiatura fine distirataribuita, bella frattura  ma grana non molto profilata",2018,C0Q,TG_20
1260,OK,"La pasta è stirata al centro con occhiature centrali e ampia superficie, con grana presente.",Stirata al centro occhiatura centrali ampia superficie grana presente,stiratairata al centro occhiatura centrali ampia superficie grana presente,2018,C0Q,TG_26
1261,FUORI_ATTRIBUTO,"Struttura non omogenea e granulosa, con occhiatura e microocchiatura concentrate su metà forma e frattura abbastanza omogenea.",Non omogenea e granulosa  Presenza di occhiatura e microocchiatura concentrata su meta forma  Frattura abbastanza omogenea,Non omogenea e granulosa  Presenza di occhiatura e microocchiaturaroocchiatura concentrata su meta forma  Frattura abbastirataanza omogenea,2018,C0D,Q_02
1262,OK,"La pasta presenta una fitta microocchiatura di 1 mm su un lato, con aree più grandi di 2 mm al centro, conferendo un effetto spugnoso.",Fitta microocchiatura 1 mm su tutta la forma in un lato più grandi 2 mm al centro da effetto spugna,Fitta microocchiaturaroocchiatura 1 mm su tutta la forma in un lato più grandi 2 mm al centro da effetto spugna,2018,C0D,Q_09
1263,OK,"L'occhiatura è diffusa e di dimensione variabile, con una stiratura centrale. La pasta risulta granulosa e la frattura è solo discreta.",Occhiatura diffusa e di dimensione. Stiratura centrale.. Granuloso. Frattura solo discreta,Occhiatura diffusa e di dimensione. stiratairatura centrale.. Granuloso. Frattura solo discreta,2018,C0D,TG_04
1264,OK,È presente una microocchiatura.,Presenza di microocchitura,Presenza di microocchiaturaroocchitura,2018,C0D,TG_05
1265,OK,L'occhiatura centrale presenta occhi di dimensioni superiori a 2 mm su un lato.,Occhiatura centrale con occhi oltre 2 mm su di un lato,Occhiatura centrale con occhi oltre 2 mm su di un lato,2018,C0D,TG_11
1266,OK,Si evidenzia una spugna centrale e una sfoglia centrale.,Spugna centrale evidente e sfoglia centrale,Spugna centrale evidente e sfoglia centrale,2018,C0D,TG_15
1267,OK,"La frattura è abbastirata e la grana è presente con un andamento stirato, con una presenza diffusa di microocchiature su una parte consistente.","Frattura abbastanza bella, grana presente con qualche andamento striato, presenza diffusa di occhiatura micro e media su una parte consistente","Frattura abbastirataanza bella, grana presente con qualche andamento stiratariato, presenza diffusa di occhiatura microocchiaturaro e media su una parte consistirataente",2018,C0D,TG_20
1268,OK,"La grana è ben presente, ma si osservano microocchiature elevate.",Grana ben presente ma microochhiature elevate,Grana ben presente ma microocchiaturaroochhiature elevate,2018,C0D,TG_24
1269,OK,"I granuli sono belli, ma l'occhiatura è diffusa e presenta anche dimensioni maggiori.",Granuli belli ma occhiatura  diffusa anche grossi,Granuli belli ma occhiatura  diffusa anche grossi,2018,C0D,TG_26
1270,OK,"La pasta non è omogenea, con piccole aree stirate e presenza di microocchiature su una parte limitata. La frattura non è omogenea.",Non omogenea con piccole aree stirate  Presenza microocchiatura su u a parte limitata Frattura non omogenea,Non omogenea con piccole aree stiratairate  Presenza microocchiaturaroocchiatura su u a parte limitata Frattura non omogenea,2018,C0E,Q_02
1271,OK,"La microocchiatura di 1 mm è più concentrata su un lato, con una pasta granulosa ma con stirature.",Microocchiatura 1 mm più concentrate su un lato pasta grandiosa ma con striature,microocchiaturaroocchiatura 1 mm più concentrate su un lato pastirataa granulosa ma con stiratariature,2018,C0E,Q_09
1272,OK,"L'occhiatura è concentrata su una zona. Si intravede una direzione nella stiratura centrale, quindi l'omogeneità non è perfetta. La struttura è granulosa e la frattura è buona.","Occhiatura concentrata su una zona. Intravedo direzione nella struttura centrale, quindi omogeneità non perfetta. Struttura granulosa. Frattura buona","Occhiatura concentrata su una zona. Intravedo direzione nella stirataruttura centrale, quindi omogeneità non perfetta. stirataruttura granulosa. Frattura buona",2018,C0E,TG_04
1273,CONFORME,"La struttura del campione non è omogenea, ma rimane conforme agli standard di qualità.",Non omogenea,Non omogenea,2018,C0E,TG_05
1274,CONFORME,"Il campione presenta una struttura con poca definizione, ma conforme alle aspettative.",Poca struttura,Poca stirataruttura,2018,C0E,TG_08
1275,OK,La pasta è leggermente occhiata su metà forma.,Leggermente occhiata su metà forma,Leggermente occhiata su metà forma,2018,C0E,TG_11
1276,OK,"La pasta è stirata, con occhiature di 1 e 2 mm.","Stirata ,occhi di 1e 2 mm","stiratairata ,occhi di 1e 2 mm",2018,C0E,TG_15
1277,OK,"La frattura è ok, ma la grana è ben profilata solo a tratti, con un andamento stirato e una piccola zona con microocchiature.","Frattura ok ma grana solo a tratti ben profilata con andamento striato, presenza di piccola zona con Microocchiatura","Frattura ok ma grana solo a tratti ben profilata con andamento stiratariato, presenza di piccola zona con microocchiaturaroocchiatura",2018,C0E,TG_20
1278,OK,"La pasta è media grossolana ma omogenea, con microocchiature diffuse che ne arricchiscono la texture.",Media grossolana  ma omogenea con microocchiature diffuse.,Media grossolana  ma omogenea con microocchiaturaroocchiature diffuse.,2018,C0E,TG_24
1279,OK,"La grana è bella ma non del tutto uniforme, con un lato che presenta un'occhiatura diffusa e grossolana, riscontrabile anche in altre zone.",Grana bella non del tutto uniforme lato con occhiatura diffusa e grossolana che trovi anche in altre zone,Grana bella non del tutto uniforme lato con occhiatura diffusa e grossolana che trovi anche in altre zone,2018,C0E,TG_26
1280,OK,"La struttura è non omogenea ma granulosa, con una frattura non proprio regolare.",Struttura non omogenea ma granulosa  Frattura non proprio regolare,stirataruttura non omogenea ma granulosa  Frattura non proprio regolare,2018,C0G,Q_02
1281,FUORI_ATTRIBUTO,"Frattura irregolare con evidenti blocchi e una sfoglia di 6 cm, con cristalli evidenti.",Frattura irregolare con evidenti blocchi  una sfoglia di 6 cm   Grandi a un po grossa Evidenti i cristalli,Frattura irregolare con evidenti blocchi  una sfoglia di 6 cm   Grandi a un po grossa Evidenti i cristirataalli,2018,C0G,Q_09
1282,FUORI_ATTRIBUTO,"Frattura irregolare e taglio, con grana regolare e fine.","Frattura irregolare ed i taglio . Per il resto grana regolare, grandiosa, anche fine","Frattura irregolare ed i taglio . Per il restiratao grana regolare, granulosa, anche fine",2018,C0G,TG_04
1283,FUORI_ATTRIBUTO,Frattura presente.,Frattura presente,Frattura presente,2018,C0G,TG_05
1284,FUORI_ATTRIBUTO,Frattura irregolare con una crepa.,"Frattura irregolare,una crepa","Frattura irregolare,una crepa",2018,C0G,TG_11
1285,OK,"La pasta del campione presenta una grana bella, con una spaccatura visibile.","Grana bella, spacco","Grana bella, spacco",2018,C0G,TG_15
1286,OK,"La pasta del campione mostra una grana evidente, con una frattura non ottimale e una grossa spaccatura.","Frattura non bellissima ma pasta con grana evidente, presenza di una grossa spaccatura","Frattura non bellissima ma pastirataa con grana evidente, presenza di una grossa spaccatura",2018,C0G,TG_20
1287,FUORI_ATTRIBUTO,Struttura molto grossolana con spaccatura evidente e leggera stiratura.,Molto grossolana  con spaccatura evidente ...e leggera stiratura,Molto grossolana  con spaccatura evidente ...e leggera stiratairatura,2018,C0G,TG_24
1288,OK,La pasta presenta una frattura grossolana e una bella grana fine.,Frattura  grossolana  fessura grande bella grana fine,Frattura  grossolana  fessura grande bella grana fine,2018,C0G,TG_26
1289,FUORI_ATTRIBUTO,Frattura con profondo avvallamento e striature che si diramano da un piatto.,Frattura con profondo avvallamento e striature che si dipartono da un piatto,Frattura con profondo avvallamento e stiratariature che si dipartono da un piatto,2018,C0D,Q_09
1290,OK,"La pasta ha una grana fine e omogenea, sebbene presenti una frattura irregolare.","Grana fine, anche omogenea. Peccato la frattura irregolare","Grana fine, anche omogenea. Peccato la frattura irregolare",2018,C0D,TG_04
1291,OK,La pasta presenta una grana granulosa.,Granulosa,Granulosa,2018,C0D,TG_05
1292,OK,La pasta mostra una grana granulosa fine.,Granulosa fine,Granulosa fine,2018,C0D,TG_11
1293,FUORI_ATTRIBUTO,Zone stirate con microocchiatura.,"Zone stirata, Microocchiatura","Zone stiratairata, microocchiaturaroocchiatura",2018,C0D,TG_12
1294,OK,La pasta presenta una grana omogenea e grossolana.,"Grana omogenea, grossolana","Grana omogenea, grossolana",2018,C0D,TG_13
1295,OK,"La pasta ha una frattura abbastante regolare, con grana visibile e nessuna occhiatura.","Frattura abbastanza regolare, grana visibile, nessuna occhiatura,","Frattura abbastirataanza regolare, grana visibile, nessuna occhiatura,",2018,C0D,TG_14
1296,OK,La pasta presenta una particolare frattura su un piatto e una grana evidente.,"Particolare frattura su un piatto, grana evidente","Particolare frattura su un piatto, grana evidente",2018,C0D,TG_19
1297,OK,"La pasta mostra una frattura non ottimale, con grana granulosa e abbastante definita.","Frattura non bellissima ma pasta granulosa, con grana abbastanza definita","Frattura non bellissima ma pastirataa granulosa, con grana abbastirataanza definita",2018,C0D,TG_20
1298,OK,"La pasta ha una bella grana, con una frattura non del tutto regolare ma senza difetti.",Grana Bella frattura non del tutto regolare ma assenza di difetti,Grana Bella frattura non del tutto regolare ma assenza di difetti,2018,C0D,TG_26
1299,FUORI_ATTRIBUTO,Frattura integra.,Frattura integolare,Frattura integolare,2018,C0D,TG_35
1300,FUORI_ATTRIBUTO,Frattura irregolare con fine bocciatura molto fitta anche sotto la crosta.,Frattura irregolare fine bocciatura molto fitta anche sotto crosta,Frattura irregolare fine occhiatura molto fitta anche sotto crostirataa,2018,C0H,Q_09
1301,FUORI_ATTRIBUTO,Occhiatura nel terzo centrale con buona frattura e grana non omogenea.,Occhiatura nel terzo centrale. Buona frattura.  Grana non omogenea per una certa discrezionalità centrale. Non fine comunque il rimanente,Occhiatura nel terzo centrale. Buona frattura.  Grana non omogenea per una certa disomogeneità centrale. Non fine comunque il rimanente,2018,C0H,TG_04
1302,FUORI_ATTRIBUTO,Presenti molte occhiature stirate.,Presenti molte occhiatura Stirata,Presenti molte occhiatura stiratairata,2018,C0H,TG_05
1303,FUORI_ATTRIBUTO,Frattura irregolare con microocchiatura diffusa.,Frattura irregolare e Microocchiatura diffusa,Frattura irregolare e microocchiaturaroocchiatura diffusa,2018,C0H,TG_11
1304,FUORI_ATTRIBUTO,"Microocchiatura diffusa, zone stirate e occhiatura di notevoli dimensioni vicino al sottocrosta.","Microocchiatura diffusa, zone stirata, occhiatura di notevoli dimensioni  in un punto vicino al sottocrosta","microocchiaturaroocchiatura diffusa, zone stiratairata, occhiatura di notevoli dimensioni  in un punto vicino al sottocrostirataa",2018,C0H,TG_12
1305,FUORI_ATTRIBUTO,Struttura in parte stirata e non omogenea.,"Struttura in parte stirata, non omogenea.","stirataruttura in parte stiratairata, non omogenea.",2018,C0H,TG_13
1306,FUORI_ATTRIBUTO,Struttura spinosa e non regolare con occhiature diffuse.,"Spinosa, non regolare con occhiatura diffuse","spugnosa, non regolare con occhiatura diffuse",2018,C0H,TG_14
1307,FUORI_ATTRIBUTO,"Struttura stirata con occhiatura diffusa, soprattutto in metà forma.","Stirata, occhiatura diffusa soprattutto in metà forma e sotto un piatto nell altra metà","stiratairata, occhiatura diffusa soprattutto in metà forma e sotto un piatto nell altra metà",2018,C0H,TG_19
1308,FUORI_ATTRIBUTO,"Struttura difettosa, stirata con presenza di microocchiatura.","Difettosa, stirata, con zona con presenza di micro occhiatura","Difettosa, stiratairata, con zona con presenza di microocchiaturaro occhiatura",2018,C0H,TG_20
1309,FUORI_ATTRIBUTO,Frattura evidente con striature e struttura assente.,Frattura evidente striature struttura assente,Frattura evidente stiratariature stirataruttura assente,2018,C0H,TG_26
1310,FUORI_ATTRIBUTO,"Un lato della forma è spugnoso, di colore paglierino carico con leggera nota verdognola e cristalli.","Un lato della forma è spugnosa, colore omogeneamente paglierino carico, con leggera nota verdognola e presenza di cristalli.","Un lato della forma è spugnosa, colore omogeneamente paglierino carico, con leggera nota verdognola e presenza di cristirataalli.",2018,C0H,TG_35
1311,FUORI_ATTRIBUTO,Grana abbastanza fine con striature e cristalli ben visibili.,Grana abbastanza fine ma con Striature1 strappo di 5 cm cristalli ben visibili e qualche perla di Roma 5 mm,Grana abbastirataanza fine ma con stiratariature1 stiratarappo di 5 cm cristirataalli ben visibili e qualche perla rotonda 5 mm,2018,C0L,Q_09
1312,OK,"La pasta presenta una buona grana, dotata di finezza, ma evidenzia una certa disomogeneità delle fibre centrali.","1 spacco 3 cm. Buona grana, dotata di finezza. Una certa discrezionalità delle fibre centrale","1 spacco 3 cm. Buona grana, dotata di finezza. Una certa disomogeneità delle fibre centrale",2018,C0L,TG_04
1313,FUORI_ATTRIBUTO,Frattura regolare con una crepa interna.,"Frattura regolare,una crepa interna","Frattura regolare,una crepa interna",2018,C0L,TG_11
1314,FUORI_ATTRIBUTO,Presenza di uno spacco.,Spacco,Spacco,2018,C0L,TG_13
1315,OK,"La frattura è regolare, la pasta appare compatta e poco granulosa, con una fessura evidente.","Frattura regolare, pasta all'apparenza compatta e poco grandiosa, fessura","Frattura regolare, pastirataa all'apparenza compatta e poco granulosa, fessura",2018,C0L,TG_14
1316,FUORI_ATTRIBUTO,Strappo evidente.,Strappo evidente,stiratarappo evidente,2018,C0L,TG_19
1317,OK,"La frattura è conforme, ma si riscontra la presenza di uno spacco e la grana non è molto profilata.","Frattura ok ma presenza di spacco, grana non molto profilata","Frattura ok ma presenza di spacco, grana non molto profilata",2018,C0L,TG_20
1318,FUORI_ATTRIBUTO,La fessura è grossa e la grana è poco formata con stiratura.,Grossa fessura grana poco formata stiratura,Grossa fessura grana poco formata stiratairatura,2018,C0L,TG_26
1319,OK,"Evidente sfoglia di 4 cm, con frattura regolare.","Evidente sfoglia di 4 cm, frattura regolare","Evidente sfoglia di 4 cm, frattura regolare",2018,C0L,TG_35
1320,FUORI_ATTRIBUTO,La pasta è stirata con microocchiature centrali e frattura arrotondata.,Pasta stirata con microocchiature centrali con frattura arrotondata,Pastirataa stiratairata con microocchiaturaroocchiature centrali con frattura arrotondata,2018,C0M,Q_09
1321,OK,"La pasta del campione presenta una buona stiratura al centro, con una occhiatura centrale di dimensioni significative e una frattura di buona qualità.",Nettamente stirato al centro. Occhiatura centrale anche di una certa dimensione. Frattura buona,Nettamente stiratairato al centro. Occhiatura centrale anche di una certa dimensione. Frattura buona,2018,C0M,TG_04
1322,CONFORME,"La pasta è stirata, mostrando una struttura conforme e una buona compattezza.",Stirata,stiratairata,2018,C0M,TG_05
1323,FUORI_ATTRIBUTO,La frattura è irregolare e la microocchiatura è localizzata.,"Frattura irregolare,Microocchiatura localizzata","Frattura irregolare,microocchiaturaroocchiatura localizzata",2018,C0M,TG_11
1324,FUORI_ATTRIBUTO,Ci sono microocchiature e zone stirate.,"Microocchiatura, zone stirate","microocchiaturaroocchiatura, zone stiratairate",2018,C0M,TG_12
1325,OK,"La pasta del campione è stirata soprattutto al centro, con presenza di microocchiature.",Stirata soprattutto al centro. In una zona presente Microocchiatura,stiratairata soprattutto al centro. In una zona presente microocchiaturaroocchiatura,2018,C0M,TG_13
1326,OK,"La pasta del campione è pastosa e stirata al centro, con leggera occhiatura e frattura di buona regolarità.","Pasta stirata in centro, leggera occhiatura, frattura abbastanza regolare","Pastirataa stiratairata in centro, leggera occhiatura, frattura abbastirataanza regolare",2018,C0M,TG_14
1327,OK,La pasta presenta una grande area stirata e una occhiatura non trascurabile.,Grande area stirata e con bocciatura non trascurabile,Grande area stiratairata e con occhiatura non trascurabile,2018,C0M,TG_19
1328,OK,"La pasta è visibilmente stirata, con presenza di microocchiature e occhiatura a tratti.",Visibilmente stirata con presenza di micro occhiatura a tratti,Visibilmente stiratairata con presenza di microocchiaturaro occhiatura a tratti,2018,C0M,TG_20
1329,FUORI_ATTRIBUTO,"Nella parte centrale è assente, fortemente stirata e presenta molte microocchiature, anche grosse.",Nella parte centrale assente fortemente  stirata tanta occhiatura anche grossa nella  parte centrale,Nella parte centrale assente fortemente  stiratairata tanta occhiatura anche grossa nella  parte centrale,2018,C0M,TG_26
1330,FUORI_ATTRIBUTO,La frattura è irregolare con impugnatura evidente centralmente e bocciatura media grossa.,Frattura irregolare impugnatura evidente centralmente bocciatura media grosda,Frattura irregolare spugnatura evidente centralmente occhiatura media grosda,2018,C0M,TG_35
1331,FUORI_ATTRIBUTO,"La frattura è irregolare in una zona sotto un piatto che si sgretola, con un leggero strappo.",Frattura irregolare zona sotto un piatto che si sgretola leggero strappo,Frattura irregolare zona sotto un piatto che si sgretola leggero stiratarappo,2018,C0Q,Q_09
1332,OK,"La pasta presenta una stiratura granulosa, non fine ma omogenea.",Struttura grandiosa non fine ma omogenea,stirataruttura granulosa non fine ma omogenea,2018,C0Q,TG_04
1333,OK,"La pasta presenta una grana granulosa, conferendo una texture interessante e una buona friabilità.",Granulosa,Granulosa,2018,C0Q,TG_05
1334,OK,La pasta presenta una frattura irregolare e una texture granulosa.,"Frattura irregolare,texture granulosa","Frattura irregolare,texture granulosa",2018,C0Q,TG_11
1335,OK,"La pasta presenta una stiratura slegata e disomogenea, con presenza di una fessura.","Struttura slegata, disomogenea. Presente una spacco","stirataruttura slegata, disomogenea. Presente una spacco",2018,C0Q,TG_13
1336,OK,La pasta presenta una frattura di buona regolarità e una stiratura granulosa.,"Frattura abbastanza regolare, struttura granulare,","Frattura abbastirataanza regolare, stirataruttura granulare,",2018,C0Q,TG_14
1337,OK,"La pasta presenta una grana grossa, con qualche strappetto e frattura.","Grana grossa, qualche strappetto, frattura","Grana grossa, qualche stiratarappetto, frattura",2018,C0Q,TG_19
1338,OK,"La pasta presenta una frattura evidente, una leggera fessura e una grana presente ma grossolana.","Frattura non bellissima, pasta granulosa con una bella struttura","Frattura non bellissima, pastirataa granulosa con una bella stirataruttura",2018,C0Q,TG_20
1339,OK,"La pasta presenta una frattura molto irregolare, granulosa con cristalli di tirosina.",Frattura evidente  fessura leggera grana presente ma grossolana,Frattura evidente  fessura leggera grana presente ma grossolana,2018,C0Q,TG_26
1340,ERRORE_PARSING,,"Frattura molto irregolare, grandiosa con cristalli","Frattura molto irregolare, granulosa con cristirataalli",2018,C0Q,TG_35
1341,FUORI_ATTRIBUTO,"La grana è fine, stirata con frattura circolare e strappo.",Grana fine è stirata con frattura circolate con strappo,Grana fine è stiratairata con frattura circolate con stiratarappo,2018,C0R,Q_09
1342,FUORI_ATTRIBUTO,"Ci sono grosse scaglie e la grana tende ad avere una direzione, non è stirata. La grana è meno evidente al centro con frattura discreta.","Presenza di degustazioni, grosse scaglie.. La grana tende ad avere una direzione, non stirata. Grana meno evidente al centro, frattura discreta","Presenza di degustirataazioni, grosse scaglie.. La grana tende ad avere una direzione, non stiratairata. Grana meno evidente al centro, frattura discreta",2018,C0R,TG_04
1343,FUORI_ATTRIBUTO,È presente uno spacco centrale.,Presente spacco centrale,Presente spacco centrale,2018,C0R,TG_05
1344,OK,La pasta presenta una grana fine e una frattura irregolare.,Frattura irregolare ma grana fine,Frattura irregolare ma grana fine,2018,C0R,TG_11
1345,FUORI_ATTRIBUTO,Ci sono zone stirate.,Zone stirate,Zone stiratairate,2018,C0R,TG_12
1346,FUORI_ATTRIBUTO,Tende allo stirato e presenta uno spacco.,"Tende allo stirato, spacco","Tende allo stiratairato, spacco",2018,C0R,TG_13
1347,OK,La pasta mostra una frattura non regolare con fessure.,"Frattura non regolare, fessure","Frattura non regolare, fessure",2018,C0R,TG_14
1348,OK,"La pasta presenta una frattura un po' irregolare, con qualche strappo, diversa sotto i due piatti.","Frattura un po' irregolare, qualche strappo, diversa sotto i due piatti","Frattura un po' irregolare, qualche stiratarappo, diversa sotto i due piatti",2018,C0R,TG_19
1349,OK,"La frattura è evidente e leggermente stirata, con presenza di qualche spacco nella pasta, la grana è poco profilata e tende allo stirato.","Frattura non bellissima, presenza di qualche spacco nella pasta, grana poco profilata tendente allo stirato","Frattura non bellissima, presenza di qualche spacco nella pastirataa, grana poco profilata tendente allo stiratairato",2018,C0R,TG_20
1350,FUORI_ATTRIBUTO,La frattura è evidente e leggermente stirata.,Frattura evidente leggermente stirata federazioni,Frattura evidente leggermente stiratairata federazioni,2018,C0R,TG_26
1351,FUORI_ATTRIBUTO,La frattura è abbastanza irregolare.,Frattura abbastanza inregolare,Frattura abbastirataanza inregolare,2018,C0R,TG_35
1352,OK,"La pasta è asciutta, granulosa, non molto solubile, con poche microocchiature.","asciutta, granulosa, non molto solubile, pochi microcristalli","asciutta, granulosa, non molto solubile, pochi microocchiaturarocristirataalli",2018,C0A,Q_02
1353,OK,"La pasta è curata e consistente, poco friabile, con grana fine ma percepibile, leggermente asciutta e con cristalli sensibili.","curo econsistente , poco friabile, con grana fine ma percepibile, leggermete asciutto, cristalli sensibili","curo econsistirataente , poco friabile, con grana fine ma percepibile, leggermete asciutto, cristirataalli sensibili",2018,C0A,Q_09
1354,OK,"La pasta è morbida, asciutta e granolosa, tende ad impastarsi e presenta cristalli evidenti.",morbido asciutto granoloso tende ad impastare e cristalli evidenti,morbido asciutto granoloso tende ad impastirataare e cristirataalli evidenti,2018,C0A,TG_04
1355,OK,"La pasta presenta una grana ridotta e una scarsa solubilità, evidenziando una compattezza non ottimale.","poca grana, poco solubile","poca grana, poco solubile",2018,C0A,TG_11
1356,OK,"La solubilità e la friabilità del campione sono moderate, suggerendo una pasta non completamente sviluppata.",solubilità e friabilità MODERATO,solubilità e friabilità MODERATO,2018,C0A,TG_13
1357,OK,La pasta è pastosa e presenta pochi cristalli.,pastoso;pochi cristalli,pastirataoso;pochi cristirataalli,2018,C0A,TG_19
1358,OK,"La pasta è friabile ma morbida al morso, troppo plastica e incolla ai denti.",Friabile ma morbido al morso. troppo plastico. incolla ai denti,Friabile ma morbido al morso. troppo plastirataico. incolla ai denti,2018,C0A,TG_20
1359,CONFORME,"Il campione mostra caratteristiche di solubilità conformi agli standard, con una buona struttura della pasta.",buona solibulit',buona solibulit',2018,C0A,TG_26
1360,OK,"La pasta è leggermente cedevole, mediamente granulosa, mediamente solubile, con pochi microocchiature.","leggermente cedevole, mediamente granulosa, mediamente solubile, pochi microcristalli","leggermente cedevole, mediamente granulosa, mediamente solubile, pochi microocchiaturarocristirataalli",2018,C0C,Q_02
1361,FUORI_ATTRIBUTO,"È duro, friabile, con grana grossolana e cristalli ben percepibili, abbastanza solubile.","duro, friabile, grana grossolana, con cristalli ben percepibili, abbastanza solubile","duro, friabile, grana grossolana, con cristirataalli ben percepibili, abbastirataanza solubile",2018,C0C,Q_09
1362,FUORI_ATTRIBUTO,È granuloso ma tende ad impastare e lascia un residuo polveroso con qualche cristallo.,granuloso ma tende ad impastare e lascia residuo polversos qualche cristallo,granuloso ma tende ad impastirataare e lascia residuo polversos qualche cristirataallo,2018,C0C,TG_04
1363,FUORI_ATTRIBUTO,"Ci sono alcuni cristalli, ma è positivo.",qualche cristallo ma positiva,qualche cristirataallo ma positiva,2018,C0C,TG_05
1364,OK,"La pasta del campione presenta una buona friabilità e una leggera solubilità, con cristalli di tirosina ben percepibili.",friabilità e solubilità MODERATE;TIROSINA leggera,friabilità e solubilità MODERATE;TIROSINA leggera,2018,C0C,TG_13
1365,OK,"La pasta del campione è compatta e umida, con una consistenza pastosa e pochi cristalli di tirosina, evidenziando una discreta solubilità.","compatto, umido, pastoso, poco granuloso, solubile, pochi cristalli","compatto, umido, pastirataoso, poco granuloso, solubile, pochi cristirataalli",2018,C0C,TG_14
1366,FUORI_ATTRIBUTO,Ci sono pochi cristalli.,pochi cristalli,pochi cristirataalli,2018,C0C,TG_19
1367,OK,"La pasta si presenta cedevole al dente, con fratture in microocchiatura e una struttura grossolana, con cristalli di tirosina presenti.",cedevole al dente. si frattura in microstruttura grossolana. cristalli presneti. impasta la bocca,cedevole al dente. si frattura in microocchiaturarostirataruttura grossolana. cristirataalli presneti. impastirataa la bocca,2018,C0C,TG_20
1368,OK,"La pasta è poco solubile e tende a essere pastosa, mostrando una certa cedevolezza.","poco solubile, tende a essere pastoso","poco solubile, tende a essere pastirataoso",2018,C0C,TG_26
1369,OK,"La pasta è cedevole, umida e presenta una bassa granulosa.","cedevole, umida, poco granulosa","cedevole, umida, poco granulosa",2018,C0F,Q_02
1370,OK,"La pasta è dura e compatta, con una grana fine e pochi cristalli di tirosina, mostrando una discreta solubilità.","duro, compatto, grana fine, pochi cristalli, abbastanza solubile","duro, compatto, grana fine, pochi cristirataalli, abbastirataanza solubile",2018,C0F,Q_09
1371,OK,"La pasta presenta una grana e cristalli di tirosina evidenti, con una discreta solubilità.",grana e cristalli evidenti abbastanza sol,grana e cristirataalli evidenti abbastirataanza sol,2018,C0F,TG_04
1372,OK,La pasta è dura e poco friabile.,duro e poco friabile,duro e poco friabile,2018,C0F,TG_11
1373,OK,"La pasta presenta granuli di tirosina moderati, con una leggera gommosità e una friabilità e solubilità leggera.",granuli si tirosina MODERATI;gommoso LEGGERO;friabilità e solubilità LEGGERO,granuli si tirosina MODERATI;gommoso LEGGERO;friabilità e solubilità LEGGERO,2018,C0F,TG_13
1374,OK,La pasta è compatta e poco friabile.,"compatto, poco friabile","compatto, poco friabile",2018,C0F,TG_14
1375,OK,"La pasta presenta cristalli di tirosina, è friabile ma troppo morbida al morso.",cristalli presenti. friabile ma troppo morbido al morso,cristirataalli presenti. friabile ma troppo morbido al morso,2018,C0F,TG_20
1376,OK,"La pasta è secca e farinoso, con buoni cristalli di tirosina e una media solubilità.","secco e farinoso, buoni i cristalli, media solubilit'","secco e farinoso, buoni i cristirataalli, media solubilit'",2018,C0F,TG_26
1377,OK,"La pasta è molto cedevole, presenta molti microocchiature e cristalli di tirosina, con una leggera sabbiosità.","molto cedevole, molti microcristalli, solubile, leggera sabbiosit'","molto cedevole, molti microocchiaturarocristirataalli, solubile, leggera sabbiosit'",2018,C0G,Q_02
1378,OK,"La pasta è morbida e friabile, con una grana fine e solubile, pochi cristalli di tirosina e tende a impastarsi.","morbido, friabile, grana fine e solubile, pochi cristalli, tende a impastare","morbido, friabile, grana fine e solubile, pochi cristirataalli, tende a impastirataare",2018,C0G,Q_09
1379,OK,La pasta è friabile e presenta cristalli di tirosina.,friabile con cristalli,friabile con cristirataalli,2018,C0G,TG_04
1380,FUORI_ATTRIBUTO,È troppo tenero e presenta cristalli.,troppo tenero cristalli,troppo tenero cristirataalli,2018,C0G,TG_05
1381,FUORI_ATTRIBUTO,"È molle, pastoso e asciutto.",molle e pastoso e asciutto,molle e pastirataoso e asciutto,2018,C0G,TG_11
1382,OK,"La pasta del campione presenta una buona friabilità e solubilità, con una moderata presenza di cristalli di tirosina.",friabilità e solubilità FORTE;tirosina MODERATA,friabilità e solubilità FORTE;tirosina MODERATA,2018,C0G,TG_13
1383,OK,"La pasta è friabile e presenta una certa solubilità, ma potrebbe risultare più granulosa.","friabile, abastanza solubile, potrebbe essere più granuloso","friabile, abastirataanza solubile, potrebbe essere più granuloso",2018,C0G,TG_14
1384,OK,"La pasta si presenta friabile, indicando una buona qualità e una corretta stagionatura.",friabile,friabile,2018,C0G,TG_19
1385,ILLEGGIBILE,,non asciutto. estremamente friabile. struttura molto fine. giusta adesivita'. cristalli fini,non asciutto. estirataremamente friabile. stirataruttura molto fine. giustirataa adesivita'. cristirataalli fini,2018,C0G,TG_20
1386,OK,La pasta è friabile e presenta una buona presenza di cristalli di tirosina.,friabile ma con buona presenza di cristalli,friabile ma con buona presenza di cristirataalli,2018,C0G,TG_26
1387,OK,"La pasta è mediamente dura, granulosa, solubile e presenta una media presenza di microocchiature.","mediamente dura, granulosa, solubile, con media presenza di microcristalli","mediamente dura, granulosa, solubile, con media presenza di microocchiaturarocristirataalli",2018,C0M,Q_02
1388,FUORI_ATTRIBUTO,"Compatto, con grana inesistente, asciutto e impastato, con cristalli poco percepibili.","comaptto, grana inesistente, asciutto e impasta, cristalli poco percepibili","comaptto, grana inesistirataente, asciutto e impastirataa, cristirataalli poco percepibili",2018,C0M,Q_09
1389,OK,La pasta tende a impastarsi e lascia un residuo polveroso; la grana è poco evidente ma presenta alcuni cristalli.,tende a impastare e lasciare residuo polveroso  grana poco evidente ma qualche cristallo,tende a impastirataare e lasciare residuo polveroso  grana poco evidente ma qualche cristirataallo,2018,C0M,TG_04
1390,OK,"La consistenza del campione è molto morbida, suggerendo una pasta ben lavorata.",molto morbido,molto morbido,2018,C0M,TG_05
1391,FUORI_ATTRIBUTO,Pastoso.,pastoso,pastirataoso,2018,C0M,TG_11
1392,OK,"La pasta presenta una buona friabilità, solubilità e una forte presenza di cristalli di tirosina.","friabilita, solubilita e tirosina FORTE","friabilita, solubilita e tirosina FORTE",2018,C0M,TG_13
1393,OK,"La pasta è compatta, solubile, poco granulosa e umida.","compatto, solubile, poco granuloso, umido","compatto, solubile, poco granuloso, umido",2018,C0M,TG_14
1394,OK,La pasta ha una discreta friabilità e risulta comunque morbida; nel finale si presenta impastata in bocca con cristalli percepiti.,discreta friabilita' di una pasta comunque morbia. nel finale impasta la bocca. cristalli percepiti,discreta friabilita' di una pastirataa comunque morbia. nel finale impastirataa la bocca. cristirataalli percepiti,2018,C0M,TG_20
1395,OK,La pasta presenta una scarsissima microocchiatura e diventa quasi crema in bocca.,"microstruttura scarsissima, diventa quasi crema in bocca","microocchiaturarostirataruttura scarsissima, diventa quasi crema in bocca",2018,C0M,TG_26
1396,OK,"La pasta è cedevole, poco granulosa e presenta pochi cristalli.","cedevole, poco granulosa, pochi microcristalli","cedevole, poco granulosa, pochi microocchiaturarocristirataalli",2018,C0N,Q_02
1397,OK,"La pasta è dura, compatta, poco friabile, con una grana finissima e asciutta.","duro, compatto ,poco friabile , grana finissima, asciutto,","duro, compatto ,poco friabile , grana finissima, asciutto,",2018,C0N,Q_09
1398,OK,"La pasta è granulosa, morbida e presenta cristalli evidenti.",granuloso morbido e cristalli evidenti,granuloso morbido e cristirataalli evidenti,2018,C0N,TG_04
1399,OK,La pasta è poco friabile e solubile.,poco friabile e solubile,poco friabile e solubile,2018,C0N,TG_11
1400,OK,"La pasta presenta assenza di tirosina, con una moderata friabilità e solubilità.",tirosina ASSENTE;friabilità e solubilità MODERATA,tirosina ASSENTE;friabilità e solubilità MODERATA,2018,C0N,TG_13
1401,FUORI_ATTRIBUTO,"Compatto, quasi gommoso e deformabile, non friabile.","compatto, quasi gommoso e deformabile, non friabile","compatto, quasi gommoso e deformabile, non friabile",2018,C0N,TG_14
1402,ILLEGGIBILE,,Struttura non fine. cristalli non percepiti,stirataruttura non fine. cristirataalli non percepiti,2018,C0N,TG_20
1403,FUORI_ATTRIBUTO,"Microstruttura scarsa, ma nel complesso solubile.",microstruttura scarsa ma nel complesso solubile,microocchiaturarostirataruttura scarsa ma nel complesso solubile,2018,C0N,TG_26
1404,OK,La pasta presenta una frattura irregolare e una grana non omogenea.,Frattura irregolare e grana non omogenea,Frattura irregolare e grana non omogenea,2018,C0A,Q_09
1405,FUORI_ATTRIBUTO,Taglio irregolare con lievi striature centrali.,Taglio irregolare. Lieve striature centrale,Taglio irregolare. Lieve stiratariature centrale,2018,C0A,TG_04
1406,OK,La pasta è leggermente stirata in alcuni punti.,Leggermente stirata in alcuni punti,Leggermente stiratairata in alcuni punti,2018,C0A,TG_05
1407,OK,"La pasta presenta una frattura irregolare, con una grana grossa esternamente e più liscia al centro.","Frattura irregolare, grana grossa esternamente,più liscia al centro","Frattura irregolare, grana grossa estirataernamente,più liscia al centro",2018,C0A,TG_11
1408,OK,"La pasta appare disomogenea e grossolana, con una distribuzione irregolare degli occhi.","Disomogenea, grossolana","Disomogenea, grossolana",2018,C0A,TG_12
1409,OK,"La pasta presenta una brutta grana, con evidenti stirature e qualche microocchiatura.","Brutta grana , striature evidente qualche micro occhiatura","Brutta grana , stiratariature evidente qualche microocchiaturaro occhiatura",2018,C0A,TG_15
1410,OK,La pasta presenta una frattura non regolare.,Frattura non regolare,Frattura non regolare,2018,C0A,TG_35
1411,OK,"La grana è regolare con uno stiramento multiplo e piccoli strappi su un lato, dove tende al gessato.",Grana regolare con uno strappo multiplo e piccoli strappi su un lato dove la grana tende al gessato,Grana regolare con uno stiratarappo multiplo e piccoli stiratarappi su un lato dove la grana tende al gessato,2018,C0B,Q_09
1412,OK,"Il taglio è molto bello, con una grana omogenea e fine, e poche microocchiature.","Taglio molto bello. Grana bella, omogenea, fine. Poche microcchiature","Taglio molto bello. Grana bella, omogenea, fine. Poche microocchiaturarocchiature",2018,C0B,TG_04
1413,ILLEGGIBILE,,Microocchiatura,microocchiaturaroocchiatura,2018,C0B,TG_05
1414,OK,"La pasta presenta una frattura regolare, una crepa e una grana omogenea grossolana.","Frattura regolare, una crepa,grana omogenea grossolana","Frattura regolare, una crepa,grana omogenea grossolana",2018,C0B,TG_11
1415,OK,La pasta presenta qualche microocchiatura e alcune fenditure.,"Qualche microocch, alcune fenditure","Qualche microocchiaturaroocch, alcune fenditure",2018,C0B,TG_12
1416,OK,"La pasta ha una struttura granulosa e omogenea, con grana grossa.",Struttura grandiosa e omogenea. Grana grossa,stirataruttura granulosa e omogenea. Grana grossa,2018,C0B,TG_13
1417,OK,"La grana è troppo arrotondata, con microocchiature centrali e uno spacco.","Grana troppo arrotondata, micro occhiatura centrale, spacco","Grana troppo arrotondata, microocchiaturaro occhiatura centrale, spacco",2018,C0B,TG_15
1418,OK,La frattura è omogenea e leggermente stirata.,Frattura omogenea leggermente stirata,Frattura omogenea leggermente stiratairata,2018,C0B,TG_35
1419,OK,"La pasta presenta microocchiature molto fitte, con piccole fratture e stirature evidenti.",Microocchiatura molto fitta on piccole fratture e grana che forma striature evidenti cristalli,microocchiaturaroocchiatura molto fitta on piccole fratture e grana che forma stiratariature evidenti cristirataalli,2018,C0C,Q_09
1420,FUORI_ATTRIBUTO,Struttura con microocchitura e tagli.,"Struttura, microocchitura, tagli","stirataruttura, microocchiaturaroocchitura, tagli",2018,C0C,TG_04
1421,ILLEGGIBILE,,Cristalli evidenti  Struttura regolare,Cristirataalli evidenti  stirataruttura regolare,2018,C0C,TG_05
1422,FUORI_ATTRIBUTO,Irregolare con microocchiatura diffusa.,"Irregolare,microochiatura diffusa","Irregolare,microocchiaturaroochiatura diffusa",2018,C0C,TG_11
1423,FUORI_ATTRIBUTO,"Microocchiature molto diffuse, zone stirate e diverse fenditure.","Microocch molto diffusa, zone stirata, diverse fenditure","microocchiaturaroocch molto diffusa, zone stiratairata, diverse fenditure",2018,C0C,TG_12
1424,OK,La pasta presenta una leggera microocchiatura che conferisce un aspetto spugnoso.,Un po' di microocchiatura che conferisce aspetto un po' spugnoso.,Un po' di microocchiaturaroocchiatura che conferisce aspetto un po' spugnoso.,2018,C0C,TG_13
1425,FUORI_ATTRIBUTO,Microocchiature e stiratura nella parte centrale.,Microocchiature e stiratura parte centrale,microocchiaturaroocchiature e stiratairatura parte centrale,2018,C0C,TG_15
1426,FUORI_ATTRIBUTO,"Spinosa con striature, non regolare.","Spinosa con striature, non regolare","spugnosa con stiratariature, non regolare",2018,C0C,TG_35
1427,OK,"La microocchiatura non è fitta, con occhi di dimensioni variabili, evidenziando una grana fine.",Microocchiatura non fitta con siam 2 mm e qualche occhio di 5 o6 mm cristalli evidente e grana fine,microocchiaturaroocchiatura non fitta con siam 2 mm e qualche occhio di 5 o6 mm cristirataalli evidente e grana fine,2018,C0E,Q_09
1428,OK,Il campione mostra un buon taglio con tre occhiature visibili di grandi dimensioni e una grana omogenea.,"Buon taglio.  Tre occhiatura visibili, grandi 4-5 mm, oltre ad altre più  piccole diffuse. Grana  omogenea per lo più, in zone limitate stirata","Buon taglio.  Tre occhiatura visibili, grandi 4-5 mm, oltre ad altre più  piccole diffuse. Grana  omogenea per lo più, in zone limitate stiratairata",2018,C0E,TG_04
1429,ILLEGGIBILE,,Evidenti e numerose occhiature  Evidenti cristalli,Evidenti e numerose occhiature  Evidenti cristirataalli,2018,C0E,TG_05
1430,FUORI_ATTRIBUTO,Striature e occhi importanti.,Striature e occhi importanti,stiratariature e occhi importanti,2018,C0E,TG_11
1431,OK,La pasta presenta microocchiature e occhiature di notevoli dimensioni.,"Microocchiatura, occhiatura di notevoli dimensioni","microocchiaturaroocchiatura, occhiatura di notevoli dimensioni",2018,C0E,TG_12
1432,OK,"La struttura non è omogenea, con presenza di occhiature simili a quelle dell'emmentaler.",Struttura non omogenea in parte stirata. Presente occhiatura da emmentaler,stirataruttura non omogenea in parte stiratairata. Presente occhiatura da emmentaler,2018,C0E,TG_13
1433,ILLEGGIBILE,,"OCchiatura anche di ,0,5 distribuita abbastanza ovunque, zona di stiratura","OCchiatura anche di ,0,5 distirataribuita abbastirataanza ovunque, zona di stiratairatura",2018,C0E,TG_15
1434,OK,"L'occhiatura è presente in modo più evidente su un piatto e uno scalzo, con occhi di varie dimensioni.","Occhiatura presente più  su un piatto e uno scalzo, anche di grandi dimensioni, 1 occhi >5mm, 2 occhi da 5mm e altri da 2mm","Occhiatura presente più  su un piatto e uno scalzo, anche di grandi dimensioni, 1 occhi >5mm, 2 occhi da 5mm e altri da 2mm",2018,C0E,TG_35
1435,OK,"La frattura è irregolare e stirata, con piccoli strappi a raggio.",Frattura irregolare e Stirata con strappi piccoli e a raggio,Frattura irregolare e stiratairata con stiratarappi piccoli e a raggio,2018,C0H,Q_09
1436,OK,"La pasta è stirata centralmente, con una buona frattura.",Stirato centralmente. Frattura buona,stiratairato centralmente. Frattura buona,2018,C0H,TG_04
1437,OK,"Sono presenti microocchiature e una frattura, con una leggera stiratura.",Presenti Microocchiature  Presente frattura  Leggermente stirata,Presenti microocchiaturaroocchiature  Presente frattura  Leggermente stiratairata,2018,C0H,TG_05
1438,OK,La frattura è irregolare e presenta stirature.,Frattura irregolare e striature,Frattura irregolare e stiratariature,2018,C0H,TG_11
1439,OK,"La pasta mostra microocchiature e una frattura irregolare, con zone stirate.","Area con microocch, frattura irregolare, zone stirate","Area con microocchiaturaroocch, frattura irregolare, zone stiratairate",2018,C0H,TG_12
1440,OK,"La struttura è leggermente stirata, con qualche spacco.",Struttura leggermente stirata. Qualche spacco,stirataruttura leggermente stiratairata. Qualche spacco,2018,C0H,TG_13
1441,FUORI_ATTRIBUTO,"Striature centrali evidenti, avvallamenti e microocchiature vicino al piatto.","Striature centrale evidente ,avvallamenti , microocchiature vicino a piatto","stiratariature centrale evidente ,avvallamenti , microocchiaturaroocchiature vicino a piatto",2018,C0H,TG_15
1442,FUORI_ATTRIBUTO,Frattura non omogenea con striature evidenti localizzate su un lato.,Frattura non omogenea con striature di evidenti localizzate su un lato,Frattura non omogenea con stiratariature di evidenti localizzate su un lato,2018,C0H,TG_35
1443,FUORI_ATTRIBUTO,"Frattura a scaglie con grana, striature e qualche piccolo strappo.",Frattura a scaglie grana con striature e qualche piccolo strappi,Frattura a scaglie grana con stiratariature e qualche piccolo stiratarappi,2018,C0Q,Q_09
1444,OK,"La pasta del campione presenta una grana granulosa, con fratture interne e tendenza a scagliare, evidenziando una buona presenza di microocchiature.","Frattura buona. Ben Granulosa. Presenza di frattura interne, tendenza a scagliare. Area microocchiata","Frattura buona. Ben Granulosa. Presenza di frattura interne, tendenza a scagliare. Area microocchiaturaroocchiata",2018,C0Q,TG_04
1445,FUORI_ATTRIBUTO,Frattura irregolare con striature leggere.,"Frattura irregolare,striature leggere","Frattura irregolare,stiratariature leggere",2018,C0Q,TG_11
1446,FUORI_ATTRIBUTO,"Sporadiche microocchiature, molto grossolana, con piccole zone stirate.","Sporadiche  microocch, molto grossolana, piccole zone stirate","Sporadiche  microocchiaturaroocch, molto grossolana, piccole zone stiratairate",2018,C0Q,TG_12
1447,FUORI_ATTRIBUTO,"Bella grana, ma la struttura è slegata e il formaggio è pieno di piccoli spacchi.",Bella grana ma la struttura è slegata e il formaggio è pieno di piccoli spacchi,Bella grana ma la stirataruttura è slegata e il formaggio è pieno di piccoli spacchi,2018,C0Q,TG_13
1448,FUORI_ATTRIBUTO,Brutta grana con frequenti spacchi e microocchiatura centrale.,Brutta grana con frequenti spacchi e micro occhiatura centrale,Brutta grana con frequenti spacchi e microocchiaturaro occhiatura centrale,2018,C0Q,TG_15
1449,FUORI_ATTRIBUTO,Occhiatura poco presente con frattura irregolare.,Occhiatura poco presente frattura inregolare,Occhiatura poco presente frattura inregolare,2018,C0Q,TG_35
1450,FUORI_ATTRIBUTO,"Non omogenea, granulosa con aree tendenti allo stirato.",Non omogenea Granulosa  Aree tendente allo Stirato,Non omogenea Granulosa  Aree tendente allo stiratairato,2018,C0A,Q_02
1451,FUORI_ATTRIBUTO,Disomogenea con un centro striato.,Disomogenea con centro striato,Disomogenea con centro stiratariato,2018,C0A,Q_09
1452,FUORI_ATTRIBUTO,"Struttura grossolana, poco sviluppata e non omogenea.",Struttura grossolana. Quasi non ben sviluppata . Non omogenea comunque,stirataruttura grossolana. Quasi non ben sviluppata . Non omogenea comunque,2018,C0A,TG_04
1453,FUORI_ATTRIBUTO,Frattura abbastanza regolare con scaglie grosse e cristalli.,"Frattura abbastanza regolare, presenti scaglie grosse e cristalli","Frattura abbastirataanza regolare, presenti scaglie grosse e cristirataalli",2018,C0A,TG_11
1454,FUORI_ATTRIBUTO,Struttura non omogenea con frattura irregolare.,Struttura non omogenea  Frattura irregolare,stirataruttura non omogenea  Frattura irregolare,2018,C0A,TG_13
1455,OK,"La pasta del campione presenta una frattura regolare e una buona granulosa, evidenziando una buona compattezza.","Frattura regolare, pasta granulare","Frattura regolare, pastirataa granulare",2018,C0A,TG_14
1456,FUORI_ATTRIBUTO,"Presente una sfoglia, con grana troppo piatta.","Sfoglia mt presente, grana troppo piatta","Sfoglia mt presente, grana troppo piatta",2018,C0A,TG_15
1457,CONFORME,"Il campione non presenta caratteristiche particolari, mantenendo un profilo conforme agli standard.",Niente di particolare,Niente di particolare,2018,C0A,TG_19
1458,FUORI_ATTRIBUTO,Struttura grossolana e non omogenea.,Grossolana non omogenea,Grossolana non omogenea,2018,C0A,TG_24
1459,CONFORME,"Il campione si presenta in modo gradevole, rispettando le normative di qualità.",Bella,Bella,2018,C0A,TG_26
1460,FUORI_ATTRIBUTO,Frattura regolare e grossolana.,Frattura regolare grossolana,Frattura regolare grossolana,2018,C0A,TG_35
1461,ILLEGGIBILE,,Stirata e leggera microocchiatura,stiratairata e leggera microocchiaturaroocchiatura,2018,C0C,Q_02
1462,ILLEGGIBILE,,Stirata ma niforme,stiratairata ma niforme,2018,C0C,Q_09
1463,FUORI_ATTRIBUTO,"Bella frattura con microocchiatura rada e fine al centro, disomogenea per la presenza di una dittatura centrale e tende a sfogliare.",Bella la frattura. Microocchiatura rada e fine nella porzione centrale. Disomogenea per dittatura al centro. Tende a sfogliare,Bella la frattura. microocchiaturaroocchiatura rada e fine nella porzione centrale. Disomogenea per occhiatura al centro. Tende a sfogliare,2018,C0C,TG_04
1464,ILLEGGIBILE,,"STRUTTURA liscia, frammentazione regolare ma presenza di molte scaglie","stirataRUTTURA liscia, frammentazione regolare ma presenza di molte scaglie",2018,C0C,TG_11
1465,OK,"La pasta del campione presenta zone leggermente stirate, con microocchiature ben distribuite.","Zone leggermente stirata, qualche Microocchiatura","Zone leggermente stiratairata, qualche microocchiaturaroocchiatura",2018,C0C,TG_13
1466,OK,"La frattura è regolare e la pasta presenta una grana granulosa, con una piccola zona stirata e leggera microocchiatura.","Frattura regolare, pasta grandiosa con piccola zona stirata e leggera micro occhiatura.","Frattura regolare, pastirataa granulosa con piccola zona stiratairata e leggera microocchiaturaro occhiatura.",2018,C0C,TG_14
1467,FUORI_ATTRIBUTO,Sfogliata con micro bocciature centrali e un po' stirata.,"Sfogliata e micro bocciature centrali, un po' stirata","Sfogliata e microocchiaturaro bocciature centrali, un po' stiratairata",2018,C0C,TG_15
1468,OK,"La pasta mostra una scarsa presenza di grana, suggerendo una struttura non ottimale.","Poca grana,","Poca grana,",2018,C0C,TG_19
1469,OK,Alcune aree sono leggermente stirate e presentano una frattura media.,Alcune aree stirare e frattura media,Alcune aree stiratairare e frattura media,2018,C0C,TG_24
1470,OK,La pasta è stirata centralmente con una grana leggera e occhiature sparse.,Stirata centralmente grana leggera  occhiatura sparse,stiratairata centralmente grana leggera  occhiatura sparse,2018,C0C,TG_26
1471,CONFORME,"Il campione presenta una struttura regolare, conforme agli standard di qualità.",Regolare,Regolare,2018,C0C,TG_35
1472,OK,"La microocchiatura è diffusa, ma la pasta non è regolare.",Microocchiatura diffusa  Non regolare,microocchiaturaroocchiatura diffusa  Non regolare,2018,C0D,Q_02
1473,OK,La pasta è leggermente disomogenea con fitta microocchiatura di diametro inferiore a 1 mm nella parte centrale.,Leggermente disomogenea con fitta Microocchiatura dia inf 1 mm nella parte centrale,Leggermente disomogenea con fitta microocchiaturaroocchiatura dia inf 1 mm nella parte centrale,2018,C0D,Q_09
1474,OK,"La pasta presenta una buona grana fine, con microocchiature di scarso rilievo e un bel taglio.",Buona grana fine. Microocchiatura di scarso rilievo. Bel taglio,Buona grana fine. microocchiaturaroocchiatura di scarso rilievo. Bel taglio,2018,C0D,TG_04
1475,OK,La pasta è leggermente stirata.,Leggermente stirata,Leggermente stiratairata,2018,C0D,TG_05
1476,ILLEGGIBILE,,Striature e microocchiature centrali,stiratariature e microocchiaturaroocchiature centrali,2018,C0D,TG_11
1477,FUORI_ATTRIBUTO,Presente microocchiatura.,Microocchiatura,microocchiaturaroocchiatura,2018,C0D,TG_13
1478,OK,La pasta presenta una struttura granulare con stiratura centrale e microocchiatura.,Struttura granulare con stiratura centrale e micro occhiatura.,stirataruttura granulare con stiratairatura centrale e microocchiaturaro occhiatura.,2018,C0D,TG_14
1479,OK,La pasta è sfogliata con microocchiature centrali e una grana un po' arrotondata.,"Sfoglia e micro bocciature centrali, grana un po' arrotondata","Sfoglia e microocchiaturaro bocciature centrali, grana un po' arrotondata",2018,C0D,TG_15
1480,OK,La microocchiatura centrale rovina leggermente una buona struttura della pasta.,Microocchiatura centrale che rovina un po' una struttura buona,microocchiaturaroocchiatura centrale che rovina un po' una stirataruttura buona,2018,C0D,TG_19
1481,OK,"La pasta del campione presenta una bella presenza di grana fine, con una frattura omogenea e una distribuzione regolare.",Bella presenza di grana anche fine. Omogenea anche la frattura e la distribuzione,Bella presenza di grana anche fine. Omogenea anche la frattura e la distirataribuzione,2018,C0D,TG_24
1482,FUORI_ATTRIBUTO,"Grana fine, ma con un'ampia zona occhiata.",Grana fine peccato per ampia zona occhiata,Grana fine peccato per ampia zona occhiata,2018,C0D,TG_26
1483,OK,La frattura del campione è regolare e presenta una consistenza grossolana.,Frattura regolare grossolana,Frattura regolare grossolana,2018,C0D,TG_35
1484,FUORI_ATTRIBUTO,"Non omogenea, ma granulosa.",Non omogenea ma granulosa,Non omogenea ma granulosa,2018,C0I,Q_02
1485,OK,"La frattura è irregolare, ma la grana è conforme; tuttavia, sotto un piatto tende a sgretolarsi, mostrando evidenti stirature e cristalli.",Frattura un Po irregolare grana ok ma sotto un piatto tende a sgretolarsi con qualche strappo evidenti perle e cristalli,Frattura un Po irregolare grana ok ma sotto un piatto tende a sgretolarsi con qualche stiratarappo evidenti perle e cristirataalli,2018,C0I,Q_09
1486,OK,"Il taglio presenta una stiratura granulosa media, ma è omogeneo.",Taglio non perfetto. Struttura grandiosa media.. Omogenea,Taglio non perfetto. stirataruttura granulosa media.. Omogenea,2018,C0I,TG_04
1487,OK,La frattura è regolare e la grana è fine.,Frattura regolare e grana fine,Frattura regolare e grana fine,2018,C0I,TG_11
1488,FUORI_ATTRIBUTO,Struttura non del tutto omogenea con spacchi in una zona e qualche microocchio.,Struttura non del tutto omogenea con presenza di spacchi in una zona. Qualche microocchio,stirataruttura non del tutto omogenea con presenza di spacchi in una zona. Qualche microocchiaturaroocchio,2018,C0I,TG_13
1489,OK,"La frattura è abbastirata e regolare, poco granulosa, con leggera microocchiatura.","Frattura abbastanza regolare, poco granulosa leggera micro occhiatura","Frattura abbastirataanza regolare, poco granulosa leggera microocchiaturaro occhiatura",2018,C0I,TG_14
1490,OK,"La stiratura centrale tende a spaccare, ma la grana è abbastirata e bella.","Stiratura centrale, tende a spaccare a grana abbastanza bella","stiratairatura centrale, tende a spaccare a grana abbastirataanza bella",2018,C0I,TG_15
1491,OK,La spaccatura è abbastirata e omogenea.,Spaccatura abbastanza omogenea,Spaccatura abbastirataanza omogenea,2018,C0I,TG_19
1492,OK,"La pasta presenta una grana grossolana e fine, con una frattura omogenea.",Grossolana  e anche fine. Omogenea. Bella frattura!,Grossolana  e anche fine. Omogenea. Bella frattura!,2018,C0I,TG_24
1493,OK,La grana e la frattura del campione sono entrambe belle.,Bella grana frattura bella,Bella grana frattura bella,2018,C0I,TG_26
1494,CONFORME,"Il campione si distingue per la sua regolarità, mantenendo le caratteristiche previste dalla norma.",Regolare,Regolare,2018,C0I,TG_35
1495,FUORI_ATTRIBUTO,Non omogenea e granulosa.,Non omogenea granulosa,Non omogenea granulosa,2018,C0N,Q_02
1496,OK,"La grana è fine, ma su un lato presenta stirature e cristalli piccoli evidenti.",Grana fine ma su un lato strappo cristalli piccoli evidenti,Grana fine ma su un lato stiratarappo cristirataalli piccoli evidenti,2018,C0N,Q_09
1497,OK,"La frattura è buona, la grana è regolare e fine; una serie di tagli in un punto non penalizza troppo.","Frattura buona. Grana regolare, fine. Serie di tagli in un punto,non penalizza troppo.","Frattura buona. Grana regolare, fine. Serie di tagli in un punto,non penalizza troppo.",2018,C0N,TG_04
1498,ILLEGGIBILE,,Rosa ai piatti,Rosa ai piatti,2018,C0N,TG_05
1499,OK,"La frattura è regolare, la grana è fine; un difetto del piatto crea una macchia marrone e presenta una crepa.","Frattura regolare,grana fine, un difetto del piatto crea macchia marrone,presente una crepa","Frattura regolare,grana fine, un difetto del piatto crea macchia marrone,presente una crepa",2018,C0N,TG_11
1500,OK,"La grana è grossa e abbastirata, uniforme.",Grana grossa abbastanza uniforme,Grana grossa abbastirataanza uniforme,2018,C0N,TG_13
1501,FUORI_ATTRIBUTO,"Struttura dall'apparenza granulosa ma compatta, con frattura regolare e fessura interna.",Struttura l'apparenza granulosa ma compatta. Frattura regolare fessura interna,stirataruttura l'apparenza granulosa ma compatta. Frattura regolare fessura interna,2018,C0N,TG_14
1502,FUORI_ATTRIBUTO,Spacco laterale con leggera sfoglia al centro e grana discreta.,"Spacco laterale,leggera sfoglia centro, grana discreta","Spacco laterale,leggera sfoglia centro, grana discreta",2018,C0N,TG_15
1503,FUORI_ATTRIBUTO,Rottura regolare con strappo e una zona rovinata sotto un piatto.,"Rottura regolare, strappo, zona rovinata sotto un piatto che non so se valutare qui","Rottura regolare, stiratarappo, zona rovinata sotto un piatto che non so se valutare qui",2018,C0N,TG_19
1504,FUORI_ATTRIBUTO,Granulosa e grossolana con qualche frattura.,Granulosa grossolana con qualche frattura,Granulosa grossolana con qualche frattura,2018,C0N,TG_24
1505,OK,"La pasta del campione presenta una grana compatta e uniforme, con una fessura che ne compromette leggermente l'integrità.",Bella grana peccato per la fessura,Bella grana peccato per la fessura,2018,C0N,TG_26
1506,OK,"La pasta è regolare e presenta una piccola occhiatura, evidenziando una buona compattezza.",Regolare con piccola dittatura,Regolare con piccola occhiatura,2018,C0N,TG_35
1507,ILLEGGIBILE,,Stirata,stiratairata,2018,C0O,Q_02
1508,ILLEGGIBILE,,Stirata,stiratairata,2018,C0O,Q_09
1509,ILLEGGIBILE,,Sbrinz,Sbrinz,2018,C0O,TG_04
1510,ILLEGGIBILE,,Stirata,stiratairata,2018,C0O,TG_05
1511,OK,"La grana è molto fine, con una buona frammentazione e scaglie grosse, accompagnata da stiratariature presenti.","Grana molto fine, frammentazione buona con scaglie grosse, striature presenti","Grana molto fine, frammentazione buona con scaglie grosse, stiratariature presenti",2018,C0O,TG_11
1512,FUORI_ATTRIBUTO,Tendente allo stirato.,Tendente allo stirato,Tendente allo stiratairato,2018,C0O,TG_13
1513,FUORI_ATTRIBUTO,"Compatta, stirata e senza grana.","Compatta, stirata, senza grana","Compatta, stiratairata, senza grana",2018,C0O,TG_14
1514,FUORI_ATTRIBUTO,"La grana è brutta, con sfoglia e micro occhiature centrali, e tende a sfogliare.","Grana mt brutta con sfoglia e micro occhiature centrali, tende a sfogliare","Grana mt brutta con sfoglia e microocchiaturaro occhiature centrali, tende a sfogliare",2018,C0O,TG_15
1515,FUORI_ATTRIBUTO,La pasta è stirata e presenta qualche microocchiatura.,Stirata e qualche microocchiatura,stiratairata e qualche microocchiaturaroocchiatura,2018,C0O,TG_19
1516,FUORI_ATTRIBUTO,È leggermente stirata e presenta una microocchiatura.,Leggermente  stirata.. Microocchitura presente.,Leggermente  stiratairata.. microocchiaturaroocchitura presente.,2018,C0O,TG_24
1517,FUORI_ATTRIBUTO,È poco stirata e ha una occhiatura.,Stirata poco formata occhiatura,stiratairata poco formata occhiatura,2018,C0O,TG_26
1518,OK,"La frattura è regolare e la grana è fine, evidenziando una buona qualità della pasta.",Frattura regolare grana fine,Frattura regolare grana fine,2018,C0O,TG_35
1519,FUORI_ATTRIBUTO,La frattura è disomogenea e irregolare.,Disomogenea  Frattura irregolare,Disomogenea  Frattura irregolare,2018,C0A,Q_02
1520,FUORI_ATTRIBUTO,La frattura della grana non è omogenea e presenta striature e microocchiature.,Frattura  grana non omogenee con striature e microocchiature,Frattura  grana non omogenee con stiratariature e microocchiaturaroocchiature,2018,C0A,Q_09
1521,FUORI_ATTRIBUTO,Tende alla stiratura nel cuore e ha una frattura discreta.,Tende alla stiratura nel cuore. Frattura discreta,Tende alla stiratairatura nel cuore. Frattura discreta,2018,C0A,TG_04
1522,OK,"La pasta è leggermente stirata, indicando una lavorazione che ha influito sulla sua struttura.",Leggermente stirata,Leggermente stiratairata,2018,C0A,TG_05
1523,OK,"La frattura è regolare, con una leggera stiratura e microocchiature ben distribuite.","Frattura regolare,leggermente striato e microcchiatura","Frattura regolare,leggermente stiratariato e microocchiaturarocchiatura",2018,C0A,TG_11
1524,FUORI_ATTRIBUTO,La struttura della pasta non è omogenea e in alcune zone tende allo stirato.,"Struttura della pasta non omogenea, in alcune zone tendente allo stirato","stirataruttura della pastirataa non omogenea, in alcune zone tendente allo stiratairato",2018,C0A,TG_13
1525,OK,"La frattura è leggermente affossata, con una stiratura granulare e piccole zone di occhiatura superiori a 2 mm.","Frattura leggermente affossata, struttura granulare, piccola zona con Occhiatura >2 mm, 2/3 occhi,","Frattura leggermente affossata, stirataruttura granulare, piccola zona con Occhiatura >2 mm, 2/3 occhi,",2018,C0A,TG_14
1526,OK,"La frattura è abbastanza regolare, con uno spigolo che appare più secco e una grana omogenea.","Frattura abbastanza regolare, in un punto otto uno spigolo pare più secca del resto, grana abbastanza omogenea","Frattura abbastirataanza regolare, in un punto otto uno spigolo pare più secca del restiratao, grana abbastirataanza omogenea",2018,C0A,TG_19
1527,OK,"La stiratura è grossolana, con fratture grossolane e microocchiature ben visibili.",Struttura grossolana  Frattura grossolana  microocchitura,stirataruttura grossolana  Frattura grossolana  microocchiaturaroocchitura,2018,C0A,TG_26
1528,OK,"La pasta è granulosa, con assenza di spugnatura e frattura abbastanza regolare.","Grandiosa assenza si impugnatura, frattura abbastanza regolare","granulosa assenza si spugnatura, frattura abbastirataanza regolare",2018,C0A,TG_35
1529,FUORI_ATTRIBUTO,Non è omogenea e presenta aree stirate.,Non omogenea aree stirate,Non omogenea aree stiratairate,2018,C0C,Q_02
1530,FUORI_ATTRIBUTO,È stirata e presenta profonde fratture.,Stirata con profonde fratture,stiratairata con profonde fratture,2018,C0C,Q_09
1531,FUORI_ATTRIBUTO,Presenta evidenti fratture centrali ed è stirata.,Evidenti fratture centrali Stirata,Evidenti fratture centrali stiratairata,2018,C0C,TG_05
1532,FUORI_ATTRIBUTO,Ci sono striature e presenza di crepe.,"Striature,presenza di crepe","stiratariature,presenza di crepe",2018,C0C,TG_11
1533,FUORI_ATTRIBUTO,"È stirata in varie parti, non ha grana e presenta spacchi.","Stirata in varie parti, non da grana. Presenti spacchi","stiratairata in varie parti, non da grana. Presenti spacchi",2018,C0C,TG_13
1534,OK,"La pasta è compatta e stirata, con una fessura interna e non presenta una grana granulosa.","Pasta non granulosa, compatta e stirata, con fessura interna","Pastirataa non granulosa, compatta e stiratairata, con fessura interna",2018,C0C,TG_14
1535,FUORI_ATTRIBUTO,È stirata e presenta fratture.,"Stirata, fratture","stiratairata, fratture",2018,C0C,TG_19
1536,FUORI_ATTRIBUTO,Ci sono grandi fessure e la pasta è stirata.,Grandi fessure stirata,Grandi fessure stiratairata,2018,C0C,TG_26
1537,FUORI_ATTRIBUTO,Tra il paglierino carico e dorato c'è una distribuzione omogenea.,Tra Paglierino carico e dorato distribuzione omogenea,Tra Paglierino carico e dorato distirataribuzione omogenea,2018,C0C,TG_35
1538,OK,"La pasta è regolare e granulosa, con presenza di microocchiature.",Regolare granulosa Presenza Microocchiatura,Regolare granulosa Presenza microocchiaturaroocchiatura,2018,C0E,Q_02
1539,OK,"La frattura è molto regolare e granulosa, con cristalli piccoli e frequenti e microocchiature fitte in centro e su un lato.",Frattura molto regolare e grandiosa con cristalli piccoli e frequenti e microocchiatura p fitta in centro e su un lato,Frattura molto regolare e granulosa con cristirataalli piccoli e frequenti e microocchiaturaroocchiatura p fitta in centro e su un lato,2018,C0E,Q_09
1540,OK,"La frattura è buona, con microocchiature diffuse e diametri superiori al millimetro. La grana è omogenea e fine.","Buona frattura. Microcchiatura diffusa, anche diametri superiori al mm. Grana omogenea e fine","Buona frattura. microocchiaturarocchiatura diffusa, anche diametri superiori al mm. Grana omogenea e fine",2018,C0E,TG_04
1541,FUORI_ATTRIBUTO,Ci sono molte microocchiature e la pasta è leggermente gessata.,Presenza di molte Microocchiature  Leggermente gessata,Presenza di molte microocchiaturaroocchiature  Leggermente gessata,2018,C0E,TG_05
1542,OK,"La pasta del campione presenta una grana fine e una frattura regolare, con microocchiature diffuse che evidenziano una buona friabilità.",Frattura regolare e grana fine ma microcchiatura diffusa,Frattura regolare e grana fine ma microocchiaturarocchiatura diffusa,2018,C0E,TG_11
1543,OK,"La pasta del campione presenta microocchiature diffuse, evidenziando una certa omogeneità.",Presente microocchiature diffuse,Presente microocchiaturaroocchiature diffuse,2018,C0E,TG_13
1544,OK,"La pasta del campione mostra una frattura regolare, con una consistenza compatta e occhiatura diffusa, sebbene poco granulosa.","Frattura regolare ma pasta compatta, poco grandiosa e con Occhiatura diffusa","Frattura regolare ma pastirataa compatta, poco granulosa e con Occhiatura diffusa",2018,C0E,TG_14
1545,OK,Il campione presenta microocchiature diffuse e una frattura regolare.,"Microocchitura diffusa, frattura regolare","microocchiaturaroocchitura diffusa, frattura regolare",2018,C0E,TG_19
1546,OK,"La pasta è granulosa con frattura regolare, ma presenta un'ampia occhiatura diffusa.",Granulosa  frattura regolare peccato per occhiatura diffusa,Granulosa  frattura regolare peccato per occhiatura diffusa,2018,C0E,TG_26
1547,OK,La pasta risulta molto spugnosa con occhiature di dimensioni fino a 2 mm e una frattura molto regolare.,"Molto spinosa con occhi fino e 2 mm , frattura molto regolare","Molto spugnosa con occhi fino e 2 mm , frattura molto regolare",2018,C0E,TG_35
1548,OK,La pasta presenta una frattura disomogenea e granulosa.,Frattura non omogenea  Disomogenea e granulosa,Frattura non omogenea  Disomogenea e granulosa,2018,C0G,Q_02
1549,OK,La frattura è caratterizzata da gobbe e la grana appare leggermente grossolana.,Frattura con gobbe e grana un Po grossolana,Frattura con gobbe e grana un Po grossolana,2018,C0G,Q_09
1550,OK,"La frattura non è regolare, ma la struttura omogenea e grumosa è ben visibile.",Frattura non regolare. Per il resto bella struttura omogenea e grumosa,Frattura non regolare. Per il restiratao bella stirataruttura omogenea e grumosa,2018,C0G,TG_04
1551,OK,"La frattura è irregolare, ma la grana fine presenta cristalli di tirosina visibili.","Frattura irregolare ma grana fine, cristalli visibili","Frattura irregolare ma grana fine, cristirataalli visibili",2018,C0G,TG_11
1552,OK,"La grana del campione è grossa e omogenea, suggerendo una buona qualità della pasta.",Grana grossa omogenea,Grana grossa omogenea,2018,C0G,TG_13
1553,OK,La frattura non è regolare e la struttura risulta poco granulare.,"Frattura non regolare, struttura poco granulare,","Frattura non regolare, stirataruttura poco granulare,",2018,C0G,TG_14
1554,OK,"La frattura è non troppo regolare, con una granulosità più sottile al centro.","Frattura non troppo regolare, granulosità più sottile al centro","Frattura non troppo regolare, granulosità più sottile al centro",2018,C0G,TG_19
1555,OK,La frattura è grossolana e la grana appare bella.,Frattura grossolana bella grana,Frattura grossolana bella grana,2018,C0G,TG_26
1556,FUORI_ATTRIBUTO,Il taglio è grandioso e irregolare.,Grandiosa taglio inregolare,granulosa taglio inregolare,2018,C0G,TG_35
1557,OK,Il campione presenta microocchiature diffuse e una frattura non regolare e disomogenea.,Microocchiatura diffusa  Frattura non regolare Disomogenea,microocchiaturaroocchiatura diffusa  Frattura non regolare Disomogenea,2018,C0N,Q_02
1558,OK,La pasta mostra un effetto spugna con occhiature di 15 mm.,Microocchiatura effetto spugna con occhiob15 mm,microocchiaturaroocchiatura effetto spugna con occhiob15 mm,2018,C0N,Q_09
1559,OK,"La pasta è granulosa, con venature centrali e non stirata. La frattura è buona e presenta microocchiature finissime e diffuse.","Granulosa, ma  un po'  di venature centrali, non stirato. Frattura buona. Microcchiatura finissima e diffusa","Granulosa, ma  un po'  di venature centrali, non stiratairato. Frattura buona. microocchiaturarocchiatura finissima e diffusa",2018,C0N,TG_04
1560,OK,È evidente la presenza di un'ampia occhiatura centrale.,Evidente occhiatura centrale,Evidente occhiatura centrale,2018,C0N,TG_05
1561,FUORI_ATTRIBUTO,"La frattura è regolare, la grana è abbastanza fine, con microocchiatura diffusa e un occhio di diametro 1 cm.","Frattura regolare,grana abbastanza fine, microocchiatura diffusa e presenza di un occhio ddiamentro 1 cm","Frattura regolare,grana abbastirataanza fine, microocchiaturaroocchiatura diffusa e presenza di un occhio ddiamentro 1 cm",2018,C0N,TG_11
1562,OK,"La pasta presenta una grana fine, con microocchiature diffuse e un grosso occhio ben visibile.","Grana fine, presente microocchiature diffuse. C'è un grosso occhio.","Grana fine, presente microocchiaturaroocchiature diffuse. C'è un grosso occhio.",2018,C0N,TG_13
1563,FUORI_ATTRIBUTO,"La pasta è stirata con microocchiatura sottile e diffusa in area centrale, con una grossa bolla superiore a 1 cm.","Pasta stirata e con micro Occhiatura, sottile e diffusa in area centrale, grossa bolla > 1 cm","Pastirataa stiratairata e con microocchiaturaro Occhiatura, sottile e diffusa in area centrale, grossa bolla > 1 cm",2018,C0N,TG_14
1564,OK,La pasta mostra una microocchiatura diffusa e un grande occhio.,"Microocchitura diffusa, grande occhio","microocchiaturaroocchitura diffusa, grande occhio",2018,C0N,TG_19
1565,OK,"La pasta presenta un occhio enorme e un'ottima occhiatura diffusa, con una bella grana.",Occhio enorme  occhiatura diffusa bella grana tiratura,Occhio enorme  occhiatura diffusa bella grana tiratura,2018,C0N,TG_26
1566,OK,"La frattura è abbastanza regolare, evidenziando una buona lavorazione del formaggio.",Frattura abbastanza regolare,Frattura abbastirataanza regolare,2018,C0N,TG_35
1567,FUORI_ATTRIBUTO,La parte centrale è non omogenea e tende a essere stirata e grossolana.,Non omogenea  Area centrale tendente allo stirata Grossolana,Non omogenea  Area centrale tendente allo stiratairata Grossolana,2018,C0Q,Q_02
1568,FUORI_ATTRIBUTO,"La frattura è a scaglie con grana non omogenea, presenta striature al centro e microocchiature all'esterno con grana più grossa.",Frattura a scaglie grana non omogenea  in centro striature nella grana con microocchiature alla esterno grana più grossa,Frattura a scaglie grana non omogenea  in centro stiratariature nella grana con microocchiaturaroocchiature alla estirataerno grana più grossa,2018,C0Q,Q_09
1569,OK,"La grana è omogenea, sebbene presenti alcune imperfezioni.",Grana omogenea nella sua incompiutezza,Grana omogenea nella sua incompiutezza,2018,C0Q,TG_04
1570,OK,"Si osserva una leggera striatura nella pasta, che può indicare una lavorazione particolare.",Leggera striatura,Leggera stiratariatura,2018,C0Q,TG_11
1571,OK,"La pasta è in parte un po' stirata, suggerendo una lavorazione che ha influito sulla sua consistenza.",In parte un po'  stirata,In parte un po'  stiratairata,2018,C0Q,TG_13
1572,OK,"La frattura è regolare, con leggera microocchiatura e una piccola zona leggermente stirata.","Frattura abbastanza regolare, leggera micro Occhiatura, leggermente stirata in una piccola zona","Frattura abbastirataanza regolare, leggera microocchiaturaro Occhiatura, leggermente stiratairata in una piccola zona",2018,C0Q,TG_14
1573,FUORI_ATTRIBUTO,Il formaggio è leggermente stirato e non omogeneo.,"Leggermente stirato, non omogeneo","Leggermente stiratairato, non omogeneo",2018,C0Q,TG_19
1574,FUORI_ATTRIBUTO,L'area centrale ha occhiature e la struttura è leggermente disomogenea con frattura regolare.,Area centrale con occhiatura struttura leggermente  disomogenea frattura regolare,Area centrale con occhiatura stirataruttura leggermente  disomogenea frattura regolare,2018,C0Q,TG_26
1575,OK,"Il taglio è regolare, con una leggera spugnosa al centro.","Taglio regolare, leggermente spagnola a centro","Taglio regolare, leggermente spugnosa a centro",2018,C0Q,TG_35
1576,OK,"La frattura è irregolare, con stirature presenti nella grana.",Frattura irregolare on striature nella grana,Frattura irregolare on stiratariature nella grana,2018,C0F,Q_09
1577,FUORI_ATTRIBUTO,"La frattura è irregolare e grandiosa, con una tendenza delle fibre al centro, ma non stirata.","Frattura irregolare. Grandioso. Tendenza ad una direzione delle fibbre al centro, ma non stirato.","Frattura irregolare. Grandioso. Tendenza ad una direzione delle fibbre al centro, ma non stiratairato.",2018,C0F,TG_04
1578,FUORI_ATTRIBUTO,La frattura è irregolare e presenta striature centrali.,"Frattura irregolare, striature centrali","Frattura irregolare, stiratariature centrali",2018,C0F,TG_11
1579,ILLEGGIBILE,,Stirata,stiratairata,2018,C0F,TG_12
1580,FUORI_ATTRIBUTO,La frattura non è regolare e la pasta è leggermente stirata al centro.,"Frattura non regolare, pasta leggermente stirata in centro","Frattura non regolare, pastirataa leggermente stiratairata in centro",2018,C0F,TG_14
1581,ILLEGGIBILE,,"Frattura abbastanza regolare, pasta granulosa con evidenti andamenti striati","Frattura abbastirataanza regolare, pastirataa granulosa con evidenti andamenti stiratariati",2018,C0F,TG_20
1582,FUORI_ATTRIBUTO,Ci sono striature con grana grossolana.,Striature grana grossolana,stiratariature grana grossolana,2018,C0F,TG_26
1583,FUORI_ATTRIBUTO,"La frattura non è molto regolare, la pasta è grossolana e manca di occhiature.",F. Non molto regolare p. Grossolana assenza  di occhiatura,F. Non molto regolare p. Grossolana assenza  di occhiatura,2018,C0F,TG_35
1584,ILLEGGIBILE,,Frattura con profondi avvallamenti  una strappo microocchiatura piccola molto fitta al ccentro,Frattura con profondi avvallamenti  una stiratarappo microocchiaturaroocchiatura piccola molto fitta al ccentro,2018,C0H,Q_09
1585,OK,"La pasta presenta una frattura irregolare, ma la grana è buona, fine e piuttosto omogenea.","Frattura da bombardamento. Peccato perché  grana buona, fine è piuttosto omogenea","Frattura frattura irregolare. Peccato perché  grana buona, fine è piuttostiratao omogenea",2018,C0H,TG_04
1586,FUORI_ATTRIBUTO,Il formaggio ha un aspetto gessato.,Gessata,Gessata,2018,C0H,TG_05
1587,OK,La pasta presenta una frattura irregolare e una microocchiatura diffusa.,"Frattura irregolare,Microocchiatura diffusa","Frattura irregolare,microocchiaturaroocchiatura diffusa",2018,C0H,TG_11
1588,ILLEGGIBILE,,"Microocc, una fornitura, grossolana","microocchiaturaroocc, una fornitura, grossolana",2018,C0H,TG_12
1589,OK,Qualche microocchiatura e uno spacco della pasta. La struttura è media e regolare.,Qualche microocchio e uno spacco della pasta. La struttura è media e regolare,Qualche microocchiaturaroocchio e uno spacco della pastirataa. La stirataruttura è media e regolare,2018,C0H,TG_13
1590,OK,La pasta presenta una frattura irregolare e una leggera microocchiatura.,"Frattura irregolare,leggera micro occhiatura,","Frattura irregolare,leggera microocchiaturaro occhiatura,",2018,C0H,TG_14
1591,OK,"La pasta ha una brutta frattura e presenza di microocchiatura in una porzione, ma è granulosa.","Brutta frattura, presenza di microocchiatura in una porzione, ma pasta granulosa","Brutta frattura, presenza di microocchiaturaroocchiatura in una porzione, ma pastirataa granulosa",2018,C0H,TG_20
1592,OK,"La pasta presenta una frattura profonda, grana fine e microocchiatura nella zona centrale.",Frattura profonda grana fine microocchitura  zona centrale fessura,Frattura profonda grana fine microocchiaturaroocchitura  zona centrale fessura,2018,C0H,TG_26
1593,OK,"La pasta presenta una frattura non omogenea, ma una sfoglia di 3 cm molto granulosa.","Frattura non omogenea, ma sfoglia di 3 cm molto granulosa","Frattura non omogenea, ma sfoglia di 3 cm molto granulosa",2018,C0H,TG_35
1594,OK,"La pasta presenta una frattura regolare, grana grossolana e cristallina.",Frattura regolare grana grossolana cristalli piccoli,Frattura regolare grana grossolana cristirataalli piccoli,2018,C0I,Q_09
1595,OK,"Il taglio è molto buono, con una grana regolare che tende al fine, evidenziando una buona qualità.",Taglio molto buono. Grana regolare tendente al fine,Taglio molto buono. Grana regolare tendente al fine,2018,C0I,TG_04
1596,OK,"La frattura è regolare e la grana è di medio fine, indicando una buona lavorazione.","Frattura regolare,grana medio fine","Frattura regolare,grana medio fine",2018,C0I,TG_11
1597,ILLEGGIBILE,,Disomogenea,Disomogenea,2018,C0I,TG_12
1598,OK,"La frattura è regolare, la grana ha dimensione media ma non è omogenea.","Frattura regolare, grana di dimensione media ma non omogenea","Frattura regolare, grana di dimensione media ma non omogenea",2018,C0I,TG_13
1599,OK,La struttura è granulosa e la frattura è regolare.,"Struttura granulosa, frattura regolare","stirataruttura granulosa, frattura regolare",2018,C0I,TG_14
1600,OK,"La frattura è regolare, la grana è a tratti ben strutturata e a tratti grossolana.","Frattura regolare, grana a tratti ben strutturata a tratti grossolana","Frattura regolare, grana a tratti ben stiratarutturata a tratti grossolana",2018,C0I,TG_20
1601,FUORI_ATTRIBUTO,"La frattura è regolare, la pasta è granulosa e manca di occhiature.",Frattura regolare pasta Granulosa assenza di occhiatura,Frattura regolare pastirataa Granulosa assenza di occhiatura,2018,C0I,TG_35
1602,FUORI_ATTRIBUTO,Il formaggio è stirato con un occhio da 8 mm.,Stirata con occhio da 8 mm,stiratairata con occhio da 8 mm,2018,C0O,Q_09
1603,FUORI_ATTRIBUTO,È stirato in un'ampia zona centrale e presenta microocchiature diffuse.,Stirato in ampia zona centrale. Microocchiature diffusa,stiratairato in ampia zona centrale. microocchiaturaroocchiature diffusa,2018,C0O,TG_04
1604,FUORI_ATTRIBUTO,C'è un foro centrale evidente.,Foro centrale evidente,Foro centrale evidente,2018,C0O,TG_05
1605,FUORI_ATTRIBUTO,"La frattura è regolare, striata e presenta un occhio da 8 mm.","Frattura regolare,striato e con un occhio da 8mm","Frattura regolare,stiratariato e con un occhio da 8mm",2018,C0O,TG_11
1606,FUORI_ATTRIBUTO,È stirato con microocchiature e presenta una 'bolla'.,"Stirata, Microocch. , una ""bolla""","stiratairata, microocchiaturaroocch. , una ""bolla""",2018,C0O,TG_12
1607,OK,"La pasta presenta una microocchiatura ben distribuita, evidenziando una buona compattezza.",Microocchiatura,microocchiaturaroocchiatura,2018,C0O,TG_13
1608,FUORI_ATTRIBUTO,"La pasta è stirata, con una bolla e non è granulosa.","Pasta stirata, con bolla, non granulosa","Pastirataa stiratairata, con bolla, non granulosa",2018,C0O,TG_14
1609,FUORI_ATTRIBUTO,Il formaggio è difettoso e stirato.,"Difettosa, stirata","Difettosa, stiratairata",2018,C0O,TG_20
1610,OK,"La pasta è stirata con un occhio grande e presenta microocchiature, evidenziando una buona grana.",Stirata zona centrale occhio grande zone con microocchitura grana presente,stiratairata zona centrale occhio grande zone con microocchiaturaroocchitura grana presente,2018,C0O,TG_26
1611,OK,"La pasta presenta un occhio centrale di 7 mm, con una buona compattezza.",Regolare un occhio a centro da 7mm,Regolare un occhio a centro da 7mm,2018,C0O,TG_35
1612,OK,Numerosi piccoli strappi e una bella grana caratterizzano il campione.,Numerosi piccoli strappi bella grana,Numerosi piccoli stiratarappi bella grana,2018,C0Q,Q_09
1613,FUORI_ATTRIBUTO,"Ci sono molti tagli e fessure sottili in ogni direzione, la grana non è perfettamente omogenea e la frattura è solo discreta.","Tanti tagli, fessure sottili in ogni verso. Grana non perfettamente omogenea. Frattura solo discreta","Tanti tagli, fessure sottili in ogni verso. Grana non perfettamente omogenea. Frattura solo discreta",2018,C0Q,TG_04
1614,FUORI_ATTRIBUTO,La frattura è irregolare e presenta crepe interne.,Frattura irregolare con crepe interne,Frattura irregolare con crepe interne,2018,C0Q,TG_11
1615,FUORI_ATTRIBUTO,Sono presenti diverse fratture.,Diverse fratture,Diverse fratture,2018,C0Q,TG_12
1616,FUORI_ATTRIBUTO,"La grana è grossa e omogenea, ma ci sono numerosi spacchi e sfoglie.",Grana grossa e omogenea ma sono presenti numerosi spacchi e sfoglie,Grana grossa e omogenea ma sono presenti numerosi spacchi e sfoglie,2018,C0Q,TG_13
1617,FUORI_ATTRIBUTO,"La frattura è non regolare, stirata e presenta fessure.","Frattura non regolare,  stirata, con fessure","Frattura non regolare,  stiratairata, con fessure",2018,C0Q,TG_14
1618,OK,"La frattura è regolare e la pasta presenta una grana granulosa, con uno spacco centrale.","Frattura ok, pasta granulosa con grana non sempre ben definita, presenza di spacco centrale","Frattura ok, pastirataa granulosa con grana non sempre ben definita, presenza di spacco centrale",2018,C0Q,TG_20
1619,FUORI_ATTRIBUTO,Ci sono molte fessure e la frattura è grossolana con grana grossolana.,Tante fessure frattura  grossolana  Grana grossolana,Tante fessure frattura  grossolana  Grana grossolana,2018,C0Q,TG_26
1620,FUORI_ATTRIBUTO,"La frattura è abbastanza omogenea, con due grosse venditore di oltre 4 cm al centro.","Frattura abbastanza omogenea, centralmente ha due grosse venditore di oltre 4 cm","Frattura abbastirataanza omogenea, centralmente ha due grosse venditore di oltre 4 cm",2018,C0Q,TG_35
1621,FUORI_ATTRIBUTO,"La frattura è regolare e la grana è fine, ma presenta striature.",Frattura regolare e grana fine ma con striature,Frattura regolare e grana fine ma con stiratariature,2018,C0R,Q_09
1622,FUORI_ATTRIBUTO,"La struttura è disomogenea; il centro sinistro tende allo stirato, mentre il centro destro ha una migliore struttura.",Disomogenea la struttura. Centro sx tende allo stirato. Centro dx migliore struttura. Ruotando la forma di 180° invertire sx con dx,Disomogenea la stirataruttura. Centro sx tende allo stiratairato. Centro dx migliore stirataruttura. Ruotando la forma di 180° invertire sx con dx,2018,C0R,TG_04
1623,OK,"La pasta del campione presenta una frattura regolare e una grana fine, con lievi segni di stiratura.",Frattura regolare leggermente striato,Frattura regolare leggermente stiratariato,2018,C0R,TG_11
1624,FUORI_ATTRIBUTO,Ci sono zone leggermente stirate.,Zone legg  stirate,Zone legg  stiratairate,2018,C0R,TG_12
1625,OK,"La pasta del campione mostra una grana fine, con lievi segni di stiratura.",Grana fine forse in parte leggero stirata,Grana fine forse in parte leggero stiratairata,2018,C0R,TG_13
1626,OK,"La stiratura della pasta è granulosa, con una frattura regolare e assenza di particolari difetti.","Struttura granulosa, frattura abbastanza regolare, assenza di particolari difetti","stirataruttura granulosa, frattura abbastirataanza regolare, assenza di particolari difetti",2018,C0R,TG_14
1627,OK,"La frattura è regolare, la grana è poco profilata con andamenti stirati e presenza di lieve occhiatura.","Frattura ok, grana poco profilata con andamenti striati, presenza di lieve occhiatura","Frattura ok, grana poco profilata con andamenti stiratariati, presenza di lieve occhiatura",2018,C0R,TG_20
1628,FUORI_ATTRIBUTO,La pasta è stirata con grana grossolana.,Stirata occhiatura  Grana grossolana,stiratairata occhiatura  Grana grossolana,2018,C0R,TG_26
1629,CONFORME,"Il campione si presenta in modo regolare, rispettando le caratteristiche previste dalla norma.",Regolare,Regolare,2018,C0R,TG_35
1630,FUORI_ATTRIBUTO,"La frattura è irregolare e la struttura è disomogenea, con aree tendenti allo stirato.",Frattura irregolare  Struttura irregolare!are disomogenea con aree tendenti allo stirato,Frattura irregolare  stirataruttura irregolare!are disomogenea con aree tendenti allo stiratairato,2018,C0A,Q_02
1631,OK,La pasta è leggermente stirata con qualche frattura.,Leggermente stirata con qualche frattura,Leggermente stiratairata con qualche frattura,2018,C0A,Q_09
1632,OK,"La pasta presenta una grana grossa ma omogenea, con una frattura molto buona.","Grana grossa ma Anna omogenea, Frattura molto buona,","Grana grossa ma grana omogenea, Frattura molto buona,",2018,C0A,TG_04
1633,OK,"La frattura è regolare, la grana è fine e presenta uno spacco della pasta.","Frattura regolare, grana fine, Presente uno spacco della pasta!","Frattura regolare, grana fine, Presente uno spacco della pastirataa!",2018,C0A,TG_13
1634,OK,"La pasta mostra una grana grossolana, una frattura regolare e segni di stiratura.","Grana grossolana, frattura regolare, strappo","Grana grossolana, frattura regolare, stiratarappo",2018,C0A,TG_19
1635,FUORI_ATTRIBUTO,La grana è molto grossolana e poco profilata.,Grana molto grossolana poco profilata,Grana molto grossolana poco profilata,2018,C0A,TG_20
1636,OK,"La frattura è regolare, con una frattura di 4,5 cm.","Frattura  abbastanza regolare, con una frattua di 4,5 cm","Frattura  abbastirataanza regolare, con una frattua di 4,5 cm",2018,C0A,TG_35
1637,FUORI_ATTRIBUTO,La pasta è stirata.,Stirata,stiratairata,2018,C0C,Q_02
1638,FUORI_ATTRIBUTO,La pasta è stirata con microocchiature di 1 o 2 mm.,Stirata con microocchiature 1o 2 mm,stiratairata con microocchiaturaroocchiature 1o 2 mm,2018,C0C,Q_09
1639,FUORI_ATTRIBUTO,La microocchiatura è di dimensioni non piccolissime; la pasta è stirata e non strutturata.,"Microocchiatura  neanche piccolissima, Pasta stirata, non strutturata","microocchiaturaroocchiatura  neanche piccolissima, Pastirataa stiratairata, non stiratarutturata",2018,C0C,TG_04
1640,OK,È presente una microocchiatura.,Presenza di microcchiature,Presenza di microocchiaturarocchiature,2018,C0C,TG_05
1641,ILLEGGIBILE,,Stirata,stiratairata,2018,C0C,TG_13
1642,FUORI_ATTRIBUTO,La pasta è stirata con microocchiature diffuse.,"Stirata, microocchiatura diffusa","stiratairata, microocchiaturaroocchiatura diffusa",2018,C0C,TG_19
1643,FUORI_ATTRIBUTO,"La pasta è difettosa, stirata e presenta a tratti microocchiature.","Difettosa, stirata, a tratti micro occhiatura","Difettosa, stiratairata, a tratti microocchiaturaro occhiatura",2018,C0C,TG_20
1644,OK,"La pasta presenta una frattura regolare, con spugnatura presente e diffusa, massima dimensione di 2 mm. La superficie si presenta molto asciutta.","Frattura regolare, impugnatura presente e diffusa, Max 2mm, la superficie si presenta molto asciutta","Frattura regolare, spugnatura presente e diffusa, Max 2mm, la superficie si presenta molto asciutta",2018,C0C,TG_35
1645,FUORI_ATTRIBUTO,È presente una microocchiatura ruvida.,Presenza Microocchiatura  RUVIDA,Presenza microocchiaturaroocchiatura  RUVIDA,2018,C0E,Q_02
1646,OK,La pasta mostra una grana grossolana e un' occhiatura fitta con effetto spugna.,Grana grossolana e occhiatura fitta con effetto spugna,Grana grossolana e occhiatura fitta con effetto spugna,2018,C0E,Q_09
1647,OK,"La microocchiatura è presente in vasta zona, anche di grosse dimensioni. La grana è omogenea e fine, con un taglio discreto.","Microocchiatura in vasta zona anche di grosse dimensioni, Peccato perché la grana è omogenea e fine, Il taglio più che discreto","microocchiaturaroocchiatura in vastirataa zona anche di grosse dimensioni, Peccato perché la grana è omogenea e fine, Il taglio più che discreto",2018,C0E,TG_04
1648,OK,Sono evidenti microocchiature nella pasta.,Microcchiature evidenti,microocchiaturarocchiature evidenti,2018,C0E,TG_05
1649,FUORI_ATTRIBUTO,"La struttura ha un aspetto anomalo, non è granulosa e presenta occhiature.","Struttura dall' aspetto anomalo, non granulosa, Ristrutturata, Presente occhiatura,","stirataruttura dall' aspetto anomalo, non granulosa, Ristiratarutturata, Presente occhiatura,",2018,C0E,TG_13
1650,OK,"La pasta presenta una granulosità decisa, con occhiatura anche di 3 mm, soprattutto in mezza forma.","Granulosità decisa, occhiatura anche di 3 mm soprattutto in mezza forma,","Granulosità decisa, occhiatura anche di 3 mm soprattutto in mezza forma,",2018,C0E,TG_19
1651,OK,"La grana è evidente ma presenta grani di tirosina grossi, con occhiatura a tratti diffusa.","Grana evidente ma con grani di tirosina grossi, occhiatura a tratti diffusa","Grana evidente ma con grani di tirosina grossi, occhiatura a tratti diffusa",2018,C0E,TG_20
1652,OK,"La frattura è regolare ma con spugnatura largamente diffusa su tutta la superficie, con occhi fino a un massimo di 4 mm.",Frattura regolare ma con impugnatura largamente diffusa su tutta la superficie con occhi fino a un massimo di 4mm,Frattura regolare ma con spugnatura largamente diffusa su tutta la superficie con occhi fino a un massimo di 4mm,2018,C0E,TG_35
1653,OK,"Un'area presenta microocchiature. La frattura è molto irregolare, con una struttura granulosa e aree tendenti allo stirato.",Un'area con Microocchiatura  Frattura molto irregolare Struttura grandiosa con aree tendente allo stirato,Un'area con microocchiaturaroocchiatura  Frattura molto irregolare stirataruttura granulosa con aree tendente allo stiratairato,2018,C0L,Q_02
1654,OK,"La frattura è a blocchi, con pasta pastosa e stirata, fitta microocchiature e piccoli strappi sotto un piatto.",Frattura a blocchi pasta stirata fitta microocchiature piccoli strappi sotto un piatto,Frattura a blocchi pastirataa stiratairata fitta microocchiaturaroocchiature piccoli stiratarappi sotto un piatto,2018,C0L,Q_09
1655,OK,"La microocchiatura è fine in diversi punti, con stirature accennate che hanno differenti versi e fratture.","Microocchiatura fine in diversi  punti, Striature accennate che hanno differenti versi,  Fratture,","microocchiaturaroocchiatura fine in diversi  punti, stiratariature accennate che hanno differenti versi,  Fratture,",2018,C0L,TG_04
1656,OK,"La pasta è pastosa, leggermente stirata, con microocchiature.",Pasta leggermente stirata con microocchiatura,Pastirataa leggermente stiratairata con microocchiaturaroocchiatura,2018,C0L,TG_13
1657,OK,"La frattura non è proprio regolare, la grana è a tratti discreta, in altri casi quasi stirata, con microocchiature diffuse.","Frattura non proprio regolare, grana a tratti discreta, in altri quasi stirata, Microocchiatura diffusa","Frattura non proprio regolare, grana a tratti discreta, in altri quasi stiratairata, microocchiaturaroocchiatura diffusa",2018,C0L,TG_19
1658,OK,"La frattura è molto irregolare, ma la grana è presente anche se grossolana, con microocchiature a tratti.",Frattura molto irregolare ma grana presente anche se grossolana presenza di microocchitura a tratti,Frattura molto irregolare ma grana presente anche se grossolana presenza di microocchiaturaroocchitura a tratti,2018,C0L,TG_20
1659,OK,"La spugnatura è molto fine ma diffusa nella parte centrale della forma, con frattura irregolare.","Spugnatura molto fine, ma diffusa nella parte centrale della forma, Frattura inregolare","Spugnatura molto fine, ma diffusa nella parte centrale della forma, Frattura inregolare",2018,C0L,TG_35
1660,OK,"La microocchiatura è finissima, con una struttura regolare.",Finissima Microocchiatura  Struttura Regolare,Finissima microocchiaturaroocchiatura  stirataruttura Regolare,2018,C0M,Q_02
1661,FUORI_ATTRIBUTO,"La pasta è cessata, tende a sgretolarsi ed è disidratata verso l'esterno con microocchiature inferiori a 1 mm.",Cessata che tende a sgretolarsi e disidratata verso l'esterno microocchiature inf 1,gessata che tende a sgretolarsi e disidratata verso l'estirataerno microocchiaturaroocchiature inf 1,2018,C0M,Q_09
1662,OK,"La pasta presenta microocchiature fini e rade, con una struttura buona e fine. Si osserva una maggiore asciuttezza verso un piatto.","Ovunque Microocchiatura  fine è rada, Struttura buona, fine, Pare che verso un piatto la pasta sia più  asciutta,","Ovunque microocchiaturaroocchiatura  fine è rada, stirataruttura buona, fine, Pare che verso un piatto la pastirataa sia più  asciutta,",2018,C0M,TG_04
1663,OK,"Si nota la presenza di un po' di microocchiatura, suggerendo una buona distribuzione della pasta.",Un po' di microocchiatura,Un po' di microocchiaturaroocchiatura,2018,C0M,TG_13
1664,OK,"La frattura è abbastirataanza regolare, con microocchiature molto diffuse e sottili, quasi impercettibili.","Frattura abbastanza regolare, microocchiatura molto diffusa cosi sottile che si potrebbe quasi non vedere","Frattura abbastirataanza regolare, microocchiaturaroocchiatura molto diffusa cosi sottile che si potrebbe quasi non vedere",2018,C0M,TG_19
1665,OK,"La frattura è regolare, con presenza di microocchiature a tratti. La grana è presente ma poco profilata.","Frattura regolare, presenza di microocchitura a tratti, grana presente ma poco profilata","Frattura regolare, presenza di microocchiaturaroocchitura a tratti, grana presente ma poco profilata",2018,C0M,TG_20
1666,OK,"La frattura è regolare, con presenza di spugnatura centrale e superficie molto asciutta.","Frattura regolare, presenza di impugnatura centrale, superficie molto asciutta","Frattura regolare, presenza di spugnatura centrale, superficie molto asciutta",2018,C0M,TG_35
1667,FUORI_ATTRIBUTO,La zona sotto un piatto è disomogenea e stirata.,Disomogenea Area sotto un piatto stirata,Disomogenea Area sotto un piatto stiratairata,2018,C0N,Q_02
1668,OK,"La frattura è irregolare, con grana disomogenea e cristalli bianchi piccoli. È presente un occhio di 6 mm.",Frattura irregolare  grana un Po disomogenea cristalli bianchi piccoli e un occhio 6 mm microcchiatura,Frattura irregolare  grana un Po disomogenea cristirataalli bianchi piccoli e un occhio 6 mm microocchiaturarocchiatura,2018,C0N,Q_09
1669,OK,"Sono presenti alcune zone di microocchiatura, rade e fini. Il taglio è buono e la grana è omogenea, non fine e non evoluta.","Qualche zona di microocchiatura  c'è, rada e fine, Buon taglio, Grana omogenea, non fine, non evoluta","Qualche zona di microocchiaturaroocchiatura  c'è, rada e fine, Buon taglio, Grana omogenea, non fine, non evoluta",2018,C0N,TG_04
1670,FUORI_ATTRIBUTO,La struttura è non omogenea e parzialmente stirata.,Struttura non omogenea stirata in parte,stirataruttura non omogenea stiratairata in parte,2018,C0N,TG_13
1671,OK,"La pasta presenta microocchiature diffuse e un occhio di 6 mm, con una struttura non omogenea.","Non omogeneo, Microocchiatura diffusa, un occhio di 6 mm,","Non omogeneo, microocchiaturaroocchiatura diffusa, un occhio di 6 mm,",2018,C0N,TG_19
1672,OK,"La frattura è ok, con pasta umida a tratti e microocchiature a tratti stirate, accompagnate da una grana fine.","Frattura ok, pasta a tratti umida con microocchitura a tratti stirata a tratti con grana fine","Frattura ok, pastirataa a tratti umida con microocchiaturaroocchitura a tratti stiratairata a tratti con grana fine",2018,C0N,TG_20
1673,OK,"La pasta presenta una finissima spugnatura centrale, con occhiatura e un occhio di circa 6 mm.","Finissima impugnatura centrale, con dittatura e un'occhio di circa 6 mm","Finissima spugnatura centrale, con occhiatura e un'occhio di circa 6 mm",2018,C0N,TG_35
1674,OK,La frattura non è regolare.,Frattura non regolare,Frattura non regolare,2018,C0A,Q_02
1675,OK,La frattura e la grana sono abbastirataanza regolari.,Frattura e grana abbastanza regolare,Frattura e grana abbastirataanza regolare,2018,C0A,Q_09
1676,OK,"La frattura è irregolare, con grana grossa ed omogenea.",Frattura irregolare. Grana grossa ed omogenea.,Frattura irregolare. Grana grossa ed omogenea.,2018,C0A,TG_04
1677,OK,La frattura è irregolare e presenta microocchiature.,Frattura irregolare e Microocchiatura,Frattura irregolare e microocchiaturaroocchiatura,2018,C0A,TG_11
1678,OK,"La frattura è abbastirataanza regolare, con grana grossolana e ruvida, risultando omogenea.","Frattura abbastanza regolare, grana grossolana, ruvida. Omogenea","Frattura abbastirataanza regolare, grana grossolana, ruvida. Omogenea",2018,C0A,TG_13
1679,OK,"La frattura presenta avvallamenti, con una struttura poco granulare, compatta e leggermente stirata.","Frattura con avvallamenti, struttura poco granulare, compatta, leggermente stirata.","Frattura con avvallamenti, stirataruttura poco granulare, compatta, leggermente stiratairata.",2018,C0A,TG_14
1680,OK,La frattura è regolare e presenta una bella grana.,Frattura regolare bella grana,Frattura regolare bella grana,2018,C0A,TG_19
1681,OK,"La pasta del campione presenta una bella presenza di grana, con una buona compattezza e microocchiature ben distribuite.",Bella presenza di grana anche fine...,Bella presenza di grana anche fine...,2018,C0A,TG_24
1682,OK,"La pasta mostra una grana fine e una buona occhiatura, con una presentazione visiva molto bella.",Grana fine al che occhio fine molto bella,Grana fine al che occhio fine molto bella,2018,C0A,TG_26
1683,ILLEGGIBILE,,Microocchiatura  Non regolare Centro stirato,microocchiaturaroocchiatura  Non regolare Centro stiratairato,2018,C0C,Q_02
1684,OK,"La pasta presenta una grana fine, tendente allo stirato, con microocchiature fini di dimensione inferiore a 1 mm.",Grana fine tendente allo stirato microocchiatura fine inf 1 mm,Grana fine tendente allo stiratairato microocchiaturaroocchiatura fine inf 1 mm,2018,C0C,Q_09
1685,OK,La pasta è stirata al centro e presenta microocchiature ben distribuite.,Stiratina al centro e microcchiata,stiratairatina al centro e microocchiaturarocchiata,2018,C0C,TG_04
1686,OK,La pasta appare stirata centralmente con microocchiature diffuse.,Striato centralmente con Microocchiatura diffusa,stiratariato centralmente con microocchiaturaroocchiatura diffusa,2018,C0C,TG_11
1687,OK,La pasta è in parte stirata.,In parte stirata,In parte stiratairata,2018,C0C,TG_13
1688,OK,"La frattura è regolare, con una struttura poco granulosa e compatta, e microocchiature in zona centrale.","Frattura abbastanza regolare,struttura poco graulare e compatta a con microocchitura  in zona centrale,","Frattura abbastirataanza regolare,stirataruttura poco graulare e compatta a con microocchiaturaroocchitura  in zona centrale,",2018,C0C,TG_14
1689,OK,"La pasta presenta microocchiature, soprattutto nella metà forma, mentre l'altra appare più bella anche per la grana.","Microocchiatura soprattutto in metà forma, l'altra appare più bella anche per grana","microocchiaturaroocchiatura soprattutto in metà forma, l'altra appare più bella anche per grana",2018,C0C,TG_19
1690,OK,La pasta è fine con microocchiature regolari.,Fine con Microocchiatura regolare,Fine con microocchiaturaroocchiatura regolare,2018,C0C,TG_24
1691,FUORI_ATTRIBUTO,Si osserva una stirata con occhiatura.,Stirata Occhiatura,stiratairata Occhiatura,2018,C0C,TG_26
1692,OK,La pasta non è omogenea e presenta parti ruvide.,Non omogenea con parti ruvide,Non omogenea con parti ruvide,2018,C0G,Q_02
1693,FUORI_ATTRIBUTO,"L'effetto è grandioso, con alcuni occhi di 1 mm sparsi e cristalli.",Effetto grandioso qualche occhio 1 mm sparso e cristalli,Effetto grandioso qualche occhio 1 mm sparso e cristirataalli,2018,C0G,Q_09
1694,OK,La pasta è granulosa fine e piuttosto omogenea.,Granulare fine piuttosto omogenea,Granulare fine piuttostiratao omogenea,2018,C0G,TG_04
1695,OK,"La frattura è regolare, con una grana semi fine.","Frattura abbastanza regolare,grana semi fine","Frattura abbastirataanza regolare,grana semi fine",2018,C0G,TG_11
1696,OK,La pasta è ruvida e grossolana.,"Ruvida, grossolana","Ruvida, grossolana",2018,C0G,TG_13
1697,OK,"La frattura è regolare, la struttura appare granulosa e senza particolari difetti.","Frattura abbastanza regolare, struttura appare granulosa, senza particolari difetti","Frattura abbastirataanza regolare, stirataruttura appare granulosa, senza particolari difetti",2018,C0G,TG_14
1698,OK,La frattura è regolare e presenta una bella grana.,"Frattura regolare, bella grana","Frattura regolare, bella grana",2018,C0G,TG_19
1699,OK,"La pasta presenta una grana fine e compatta, evidenziando una buona friabilità.",Bella grana fine!!!!,Bella grana fine!!!!,2018,C0G,TG_24
1700,OK,"La struttura mostra una grana fine e uniforme, con una buona distribuzione degli occhi.",Bella granito fine,Bella granito fine,2018,C0G,TG_26
1701,FUORI_ATTRIBUTO,La microocchiatura è non regolare e non omogenea.,Microocchiatura Non regolare Non omogenea,microocchiaturaroocchiatura Non regolare Non omogenea,2018,C0H,Q_02
1702,OK,"La pasta presenta una fitta microocchiatura e una grana che forma stirature sotto un piatto, tendente al gessato.",Fitta microocchiatura  e grana che forma striature sotto un piatto tende al gessato,Fitta microocchiaturaroocchiatura  e grana che forma stiratariature sotto un piatto tende al gessato,2018,C0H,Q_09
1703,OK,"La microocchiatura è diffusa, con una zona centrale lievemente stirata e meno strutturata. La frattura è molto irregolare e scalinata.",Microocchitura diffusa.zona central lievementecstirata e meno strutturata. Frattura  molto irregolare e scalinata,microocchiaturaroocchitura diffusa.zona central lievementecstiratairata e meno stiratarutturata. Frattura  molto irregolare e scalinata,2018,C0H,TG_04
1704,OK,"È presente una microocchiatura ben distribuita, che contribuisce alla qualità della pasta.",Presenza di Microocchiatura,Presenza di microocchiaturaroocchiatura,2018,C0H,TG_05
1705,OK,"La frattura è irregolare e stirata, con occhiatura su di un lato.","Frattura irregolare e stirata,occhiatura su di un lato","Frattura irregolare e stiratairata,occhiatura su di un lato",2018,C0H,TG_11
1706,OK,"La stiratura non è omogenea, con presenza di microocchiatura in una parte.","Struttura non omogenea, presente Microocchiatura in una parte","stirataruttura non omogenea, presente microocchiaturaroocchiatura in una parte",2018,C0H,TG_13
1707,OK,"La frattura presenta avvallamenti, con stiratura stirata e microocchiatura diffusa.","Frattura con avvallamenti, struttura stirata con microocchitura diffusa ma tara.","Frattura con avvallamenti, stirataruttura stiratairata con microocchiaturaroocchitura diffusa ma tara.",2018,C0H,TG_14
1708,OK,"La frattura non è molto regolare, con microocchiatura soprattutto in metà forma.","Frattura non molto regolare, microocchiatura soprattutto in metà forma","Frattura non molto regolare, microocchiaturaroocchiatura soprattutto in metà forma",2018,C0H,TG_19
1709,OK,"La pasta è granulosa con una grana abbastanza regolare, ma presenta fratture a salti.","Grandiosa abbastanza  regolare, ma frattura a salti","granulosa abbastirataanza  regolare, ma frattura a salti",2018,C0H,TG_24
1710,OK,"La pasta è stirata al centro, con ampia zona di occhiatura anche grossa e frattura grossolana.",Stirata molto al centro ampia zona con Occhiatura anche grossa effetto spugna frattura grossolana,stiratairata molto al centro ampia zona con Occhiatura anche grossa effetto spugna frattura grossolana,2018,C0H,TG_26
1711,OK,"La microocchiatura è presente, con una dimensione di circa 1 o 2 mm, e la grana è parzialmente stirata.",Microocchiatura  Circa meta forma stirata  Non omogenea non regolare,microocchiaturaroocchiatura  Circa meta forma stiratairata  Non omogenea non regolare,2018,C0M,Q_02
1712,OK,"La microocchiatura, anche grossa, è presente in ampia area. La stiratura non è omogenea e al centro non è definita.",Microocchiatura 1 o 2 mm molto fitta è grana stirata in parte,microocchiaturaroocchiatura 1 o 2 mm molto fitta è grana stiratairata in parte,2018,C0M,Q_09
1713,OK,"La frattura è regolare, ma l'occhiatura è importante e diffusa.","Microocchitura, anche grossa, in ampia area. Struttura non omogenea: al centro non definita","microocchiaturaroocchitura, anche grossa, in ampia area. stirataruttura non omogenea: al centro non definita",2018,C0M,TG_04
1714,OK,"La stiratura non è omogenea, con parte stirata e occhiatura piccola e media. Al centro presenta un aspetto spugnoso.",Frattura regolare ma occhiatura importante diffusa,Frattura regolare ma occhiatura importante diffusa,2018,C0M,TG_11
1715,OK,"La frattura è abbastanza regolare, ma la stiratura è compatta e la microocchiatura è diffusa su tutta la superficie, con diametro anche di 2 mm.","Struttura non omogenea, in parte stirata con occhiatura piccola e media. Al centro aspetto spugnoso.","stirataruttura non omogenea, in parte stiratairata con occhiatura piccola e media. Al centro aspetto spugnoso.",2018,C0M,TG_13
1716,OK,"La pasta è quasi stirata, con microocchiatura diffusa.","Frattura abbastanza regolare  ma struttura stirata e compatta , microocchitura diffusa a tutta la superficie, con diametro anche sul. 2 mm.","Frattura abbastirataanza regolare  ma stirataruttura stiratairata e compatta , microocchiaturaroocchitura diffusa a tutta la superficie, con diametro anche sul. 2 mm.",2018,C0M,TG_14
1717,OK,"La microocchiatura è presente anche fino a 5 mm, con grana media e fine, e frattura scomposta.","Quasi stirata, Microocchiatura diffusa","Quasi stiratairata, microocchiaturaroocchiatura diffusa",2018,C0M,TG_19
1718,FUORI_ATTRIBUTO,"È presente microocchiatura anche da 5 mm, con grana media e fine e frattura scomposta.","Microocchiatura presente anche da 5 mm, grana media e fine, frattura scomposta","microocchiaturaroocchiatura presente anche da 5 mm, grana media e fine, frattura scompostirataa",2018,C0M,TG_24
1719,OK,"La grana è poco formata, con grandi occhiature che ne influenzano la compattezza.",Grana poco formata grandi occhiature,Grana poco formata grandi occhiature,2018,C0M,TG_26
1720,OK,"La pasta presenta una frattura molto buona, con una struttura regolare e compatta.",Regolare. Frattura molto buona.,Regolare. Frattura molto buona.,2018,C0N,TG_04
1721,FUORI_ATTRIBUTO,"La frattura è leggermente irregolare, con grana fine e microocchiatura diffusa.","Frattura leggermente irregolare ma grana fine,microocchiatura diffusa","Frattura leggermente irregolare ma grana fine,microocchiaturaroocchiatura diffusa",2018,C0N,TG_11
1722,OK,La pasta del campione presenta una grana fine e una frattura regolare.,"Frattura regolare, grana fine.","Frattura regolare, grana fine.",2018,C0N,TG_13
1723,OK,La pasta del campione presenta una struttura granulare omogenea e una frattura regolare.,"Frattura regolare, struttura granulare omogenea,","Frattura regolare, stirataruttura granulare omogenea,",2018,C0N,TG_14
1724,CONFORME,Il campione mostra una struttura regolare e una grana di buona qualità.,"Regolare, bella grana","Regolare, bella grana",2018,C0N,TG_19
1725,OK,La pasta del campione presenta una bella grana fine e una buona frattura.,"Bella con grana anche fine, frattura buona","Bella con grana anche fine, frattura buona",2018,C0N,TG_24
1726,CONFORME,"Il campione è privo di difetti, presentando una buona compattezza.",Bella no difetti,Bella no difetti,2018,C0N,TG_26
1727,OK,La pasta del campione presenta una frattura regolare e una grana fine che forma stirature.,Frattura regolare con grana fine che forma striature,Frattura regolare con grana fine che forma stiratariature,2018,C0A,Q_09
1728,OK,"La pasta del campione presenta una bella frattura e una grana omogenea, tendente al fine.","Bella frattura, omogenea la grana, tendente al fine.","Bella frattura, omogenea la grana, tendente al fine.",2018,C0A,TG_04
1729,OK,La pasta del campione presenta una frattura regolare e una grana media con microocchiature diffuse.,"Frattura regolare,grana media ma microocchiature diffuse","Frattura regolare,grana media ma microocchiaturaroocchiature diffuse",2018,C0A,TG_11
1730,FUORI_ATTRIBUTO,Ci sono rade microocchiature e qualche zona stirata.,"Rade  microocch, qualche zona stirata","Rade  microocchiaturaroocch, qualche zona stiratairata",2018,C0A,TG_12
1731,FUORI_ATTRIBUTO,La struttura è regolare e abbastanza fine.,"Regolare, abbastanza fine","Regolare, abbastirataanza fine",2018,C0A,TG_13
1732,OK,La pasta del campione presenta una frattura regolare e una struttura omogenea con grana fine.,"Frattura  regolare, struttura omogenea, grana fine","Frattura  regolare, stirataruttura omogenea, grana fine",2018,C0A,TG_19
1733,OK,"La pasta del campione presenta una frattura accettabile ma una grana grossolana, con microocchiature a tratti.",Frattura ok ma grana grossolana pasta a tratti stirata presenza di Microocchiatura a tratti,Frattura ok ma grana grossolana pastirataa a tratti stiratairata presenza di microocchiaturaroocchiatura a tratti,2018,C0A,TG_20
1734,OK,La pasta del campione è omogenea con piccole stirature.,Omogenea con piccole stirature...,Omogenea con piccole stiratairature...,2018,C0A,TG_24
1735,OK,"La pasta del campione presenta una frattura regolare e una grana tendente alla grossolana, con occhiatura fine al centro.",Frattura regolare grana presente tendente grossolana  zone al centro  con occhiatura fine,Frattura regolare grana presente tendente grossolana  zone al centro  con occhiatura fine,2018,C0A,TG_26
1736,OK,La pasta del campione presenta una frattura regolare con ampia e diffusa spugnatura fine.,Frattura regolare con ampia e diffusa impugnatura fine,Frattura regolare con ampia e diffusa spugnatura fine,2018,C0A,TG_35
1737,OK,La pasta del campione presenta una grana grossolana e parti che tendono a sgretolarsi.,Grana grossolana e parti che tendono a sgretolarsi,Grana grossolana e parti che tendono a sgretolarsi,2018,C0D,Q_09
1738,OK,"La pasta del campione presenta una grana uniforme e granulosa, con una frattura a forma di cratere.","Grana uniforme, granulosa.  Frattura con cratere.","Grana uniforme, granulosa.  Frattura con cratere.",2018,C0D,TG_04
1739,FUORI_ATTRIBUTO,La frattura è abbastanza regolare con grana media.,Frattura abbastanza regolare con grana media,Frattura abbastirataanza regolare con grana media,2018,C0D,TG_11
1740,OK,La pasta del campione presenta una grana grossolana e una frattura non molto regolare.,"Abb grossolana, frattura non molto regolare","Abb grossolana, frattura non molto regolare",2018,C0D,TG_12
1741,FUORI_ATTRIBUTO,La struttura presenta grana grossa e ruvida.,Struttura con grana grossa ruvida,stirataruttura con grana grossa ruvida,2018,C0D,TG_13
1742,FUORI_ATTRIBUTO,La frattura è abbastanza regolare e la grana è grossolana.,"Frattura abbastanza regolare, grana grossolana","Frattura abbastirataanza regolare, grana grossolana",2018,C0D,TG_19
1743,OK,"La frattura è regolare, con una grana presente e ben definita.","Frattura ok, grana presente e ben definita","Frattura ok, grana presente e ben definita",2018,C0D,TG_20
1744,OK,"La grana è molto presente, con una frattura di media intensità.",Molto presente la grana...Frattura media.,Molto presente la grana...Frattura media.,2018,C0D,TG_24
1745,OK,"La pasta è grossolana ma priva di difetti, mostrando una certa robustezza.",Grossolana no difetti,Grossolana no difetti,2018,C0D,TG_26
1746,FUORI_ATTRIBUTO,"La frattura è leggermente irregolare e la superficie è molto asciutta, quasi secca in alcuni punti.","Frattura  leggermente inregolare, superficie molto asciutta in alcuni punti quasi secca","Frattura  leggermente inregolare, superficie molto asciutta in alcuni punti quasi secca",2018,C0D,TG_35
1747,OK,"La frattura è regolare e la grana è grossolana, con qualche cristallo ben visibile.",Frattura regolare e grana grossolana qualche cristallo,Frattura regolare e grana grossolana qualche cristirataallo,2018,C0E,Q_09
1748,OK,La pasta è granulosa e omogenea.,"Granulosa, omogenea","Granulosa, omogenea",2018,C0E,TG_04
1749,OK,La frattura è regolare e la grana è fine.,Frattura regolare e grana fine,Frattura regolare e grana fine,2018,C0E,TG_11
1750,OK,La pasta è granulosa e regolare.,Granulosa  e regolare,Granulosa  e regolare,2018,C0E,TG_12
1751,OK,"La frattura è regolare, con una grana di media intensità.","Frattura regolare, grana media","Frattura regolare, grana media",2018,C0E,TG_13
1752,FUORI_ATTRIBUTO,La frattura è regolare.,"Frattura regolare,","Frattura regolare,",2018,C0E,TG_19
1753,OK,"La frattura è ok, con una grana presente e abbondante.","Frattura ok, grana presente abbastanza profilata","Frattura ok, grana presente abbastirataanza profilata",2018,C0E,TG_20
1754,OK,"La grana è fine e presente, con una frattura circa omogenea.",Grana fine presente! Circa omogenea la frattura.,Grana fine presente! Circa omogenea la frattura.,2018,C0E,TG_24
1755,OK,"La grana è bella e priva di difetti, evidenziando una buona qualità della pasta.",Grana bella assenza di difetti,Grana bella assenza di difetti,2018,C0E,TG_26
1756,OK,"La frattura è regolare, con pochi cristalli bianchi grossi e ben visibili.","Frattura  regolare, pochi cristalki bianchi grossi e ben visibili","Frattura  regolare, pochi cristirataalki bianchi grossi e ben visibili",2018,C0E,TG_35
1757,FUORI_ATTRIBUTO,"La frattura è ad arco, con striature nella grana al centro e microocchiature con cristalli ben visibili.",Frattura ad arco con striature nella grana in centro e microocchiatura crostalli ben visibili,Frattura ad arco con stiratariature nella grana in centro e microocchiaturaroocchiatura crostirataalli ben visibili,2018,C0H,Q_09
1758,FUORI_ATTRIBUTO,Nel cuore si evidenziano nervature e direzioni; la grana tende a essere disomogenea e la frattura è scomposta.,"Nel cuore si evidenziano nervature, direzioni. Non stirato, ma tende allo. Quindi disomogenea la grana. Frattura scomposta","Nel cuore si evidenziano nervature, direzioni. Non stiratairato, ma tende allo. Quindi disomogenea la grana. Frattura scompostirataa",2018,C0H,TG_04
1759,FUORI_ATTRIBUTO,"La frattura è poco regolare, con striature e microocchiature centrali.","Frattura poco regolare, striature e microocchiature centrali","Frattura poco regolare, stiratariature e microocchiaturaroocchiature centrali",2018,C0H,TG_11
1760,ILLEGGIBILE,,Rade microocch,Rade microocchiaturaroocch,2018,C0H,TG_12
1761,FUORI_ATTRIBUTO,"La frattura è abbastanza regolare, ma la struttura è un po' slegata.","Frattura abbastanza regolare, struttura un po' slegata","Frattura abbastirataanza regolare, stirataruttura un po' slegata",2018,C0H,TG_13
1762,FUORI_ATTRIBUTO,La frattura è abbastanza regolare e la microocchiatura è molto fine.,"Frattura abbastanza regolare, micro occhiatura molto fine,","Frattura abbastirataanza regolare, microocchiaturaro occhiatura molto fine,",2018,C0H,TG_19
1763,FUORI_ATTRIBUTO,"La frattura non è bellissima, la grana è poco definita con tratti stirati e presenza di microocchiatura.",Frattura non bellissima grana poco definita tratti stirati presenza a tratti di Microocchiatura,Frattura non bellissima grana poco definita tratti stiratairati presenza a tratti di microocchiaturaroocchiatura,2018,C0H,TG_20
1764,OK,"La pasta è leggermente stirata, conferendo una buona consistenza.",Leggermente stirata!!!!,Leggermente stiratairata!!!!,2018,C0H,TG_24
1765,FUORI_ATTRIBUTO,La frattura è evidente con leggera occhiatura e granulosità.,Frattura evidente leggera occhiatura  Leggermente dittatura Granulosità,Frattura evidente leggera occhiatura  Leggermente occhiatura Granulosità,2018,C0H,TG_26
1766,FUORI_ATTRIBUTO,"La frattura è abbastanza regolare, di colore paglierino chiaro con un alone grigio e un'area pugnosa centrale poco estesa.","Frattura abbastanza regolare, paglierino chiaro con alone grigio, centralmente area pugnosa poco estesa","Frattura abbastirataanza regolare, paglierino chiaro con alone grigio, centralmente area pugnosa poco estirataesa",2018,C0H,TG_35
1767,FUORI_ATTRIBUTO,"La frattura è ad arco, con pasta stirata e microocchiatura, e una fascia esterna biancastra dall'aspetto disidratato.",Frattura ad arco pasta stirata con tutta microocchiatura  fascia esterna biancastra con aspetto disidratato,Frattura ad arco pastirataa stiratairata con tutta microocchiaturaroocchiatura  fascia estirataerna biancastiratara con aspetto disidratato,2018,C0M,Q_09
1768,FUORI_ATTRIBUTO,"C'è una lieve microocchiatura, ma è diffusa e la pasta è stirata centralmente.","Lieve Microocchiatura, ma diffusa e stirato centralmente","Lieve microocchiaturaroocchiatura, ma diffusa e stiratairato centralmente",2018,C0M,TG_04
1769,FUORI_ATTRIBUTO,"La frattura è irregolare, con striature e occhiatura diffusa.",Frattura irregolare con striature e occhiatura diffusa,Frattura irregolare con stiratariature e occhiatura diffusa,2018,C0M,TG_11
1770,FUORI_ATTRIBUTO,"Ci sono microocchiature, zone stirate e disidratate vicino alla crosta.","Microocch, zone stirata, disidratata vicino alla crosta","microocchiaturaroocch, zone stiratairata, disidratata vicino alla crostirataa",2018,C0M,TG_12
1771,FUORI_ATTRIBUTO,"La frattura è abbastanza regolare, con una struttura forse un po' stirata a zone e qualche occhiolino. La sottocrosta è anomala su un piatto.","Frattura abbastanza regolare, struttura forse un po' stirata a zone. Qualche occhiolino. Sottocrosta anomalo su un piatto","Frattura abbastirataanza regolare, stirataruttura forse un po' stiratairata a zone. Qualche occhiolino. Sottocrostirataa anomalo su un piatto",2018,C0M,TG_13
1772,FUORI_ATTRIBUTO,"La frattura presenta una vasca, con microocchiatura diffusa, è leggermente stirata e poco granulosa.","Frattura con vasca, micro occhiatura diffusa, leggermente stirata, poco granulosa","Frattura con vasca, microocchiaturaro occhiatura diffusa, leggermente stiratairata, poco granulosa",2018,C0M,TG_19
1773,OK,"Frattura ok, grana presente ma poco definita, tendente alla stiratura, presenza a tratti di microocchiatura.","Frattura ok, grana presente ma poco definita, tendente alla stiratura presenza a tratti di Microocchiatura","Frattura ok, grana presente ma poco definita, tendente alla stiratairatura presenza a tratti di microocchiaturaroocchiatura",2018,C0M,TG_20
1774,FUORI_ATTRIBUTO,"Ci sono grane sia grosse che fini. La frattura non è regolare e sono presenti microocchiature, sebbene piccole.","Presenza di grana grossa e fine anche! Frattura non regolare, microocchiature presenti....sebbene piccole","Presenza di grana grossa e fine anche! Frattura non regolare, microocchiaturaroocchiature presenti....sebbene piccole",2018,C0M,TG_24
1775,FUORI_ATTRIBUTO,La frattura è evidente e presenta una dittatura di occhiatura anche grossolana.,Dittatura occhiatura  anche grossolana frattura evidente,occhiatura occhiatura  anche grossolana frattura evidente,2018,C0M,TG_26
1776,FUORI_ATTRIBUTO,La frattura è irregolare con un'impugnatura centrale.,Frattura  Irregolare  con impugnatura centrale,Frattura  Irregolare  con spugnatura centrale,2018,C0M,TG_35
1777,FUORI_ATTRIBUTO,"La frattura è regolare, con fitta microocchiatura, qualche piccolo strappo e cristalli, con un occhio di 8 mm.",Frattura regolare Fitta microocchiatura  e qualche piccolo strappo  e cristalli un occhio 8mm,Frattura regolare Fitta microocchiaturaroocchiatura  e qualche piccolo stiratarappo  e cristirataalli un occhio 8mm,2018,C0Q,Q_09
1778,OK,Microocchiatura centrale. Ottimo taglio. Grana grossa ma omogena.,Microocchiatura centrale. Ottimo taglio. Grana grossa ma omogena,microocchiaturaroocchiatura centrale. Ottimo taglio. Grana grossa ma omogena,2018,C0Q,TG_04
1779,FUORI_ATTRIBUTO,C'è un'evidente occhiatura centrale.,Evidente Occhiatura centrale,Evidente Occhiatura centrale,2018,C0Q,TG_05
1780,FUORI_ATTRIBUTO,"La frattura è regolare, ma presenta microocchiature diffuse e un occhio di 1 cm al centro.",Frattura regolare ma microocchiature diffuse e un occhio da 1 cm al centro,Frattura regolare ma microocchiaturaroocchiature diffuse e un occhio da 1 cm al centro,2018,C0Q,TG_11
1781,FUORI_ATTRIBUTO,"La microocchiatura è diffusa, con una bolla e diverse fenditure.","Microocch  diffusa, una bolla, diverse fenditure","microocchiaturaroocch  diffusa, una bolla, diverse fenditure",2018,C0Q,TG_12
1782,FUORI_ATTRIBUTO,"La struttura è disomogenea, con occhiatura e spacchi, e presenta grana grossa.",Struttura disomogenea  con occhiatura e spacchi. Grana grossa,stirataruttura disomogenea  con occhiatura e spacchi. Grana grossa,2018,C0Q,TG_13
1783,OK,"La pasta presenta una frattura regolare, con microocchiature e occhiatura per lo più in zona centrale, evidenziando un occhio di 12 mm centrale.","Frattura regolare, micro occhiatura per lo più in zona centrale, occhio di 12 mm centrale","Frattura regolare, microocchiaturaro occhiatura per lo più in zona centrale, occhio di 12 mm centrale",2018,C0Q,TG_19
1784,OK,"La pasta è granulosa, ma presenta a tratti microocchiature e piccoli spacchi, con un occhio centrale di grandi dimensioni.","Granulosa ma con presenza a tratti di Microocchiatura e piccoli spacchi, un occhio centrale di grandi dimensioni","Granulosa ma con presenza a tratti di microocchiaturaroocchiatura e piccoli spacchi, un occhio centrale di grandi dimensioni",2018,C0Q,TG_20
1785,OK,"La pasta presenta una grana grossolana e occhi di dimensioni anche grandi, circa 4-5 mm.",Grana grossolana e occhi anche grandi 4:-)5 mm,Grana grossolana e occhi anche grandi 4:-)5 mm,2018,C0Q,TG_24
1786,OK,"La pasta mostra una grande occhiatura e fessure, con una grana grossolana.",Occhiatura  anche grande occhio grande e fessura Grana grossolana,Occhiatura  anche grande occhio grande e fessura Grana grossolana,2018,C0Q,TG_26
1787,OK,"La pasta presenta una frattura regolare, con spugnatura fine diffusa e un occhio centrale di 6 mm.","Frattura regolare, impugnatura fine è diffusa, centralmente un occhio di 6mm","Frattura regolare, spugnatura fine è diffusa, centralmente un occhio di 6mm",2018,C0Q,TG_35
1788,FUORI_ATTRIBUTO,C'è una profonda frattura di 6 cm con un occhio di 1 cm e altre fratture più piccole sotto un piatto con cristalli.,Profonda frattura 6 cm con occhio di 1 cm altre fratture più piccole sotto un piatto cristalli e,Profonda frattura 6 cm con occhio di 1 cm altre fratture più piccole sotto un piatto cristirataalli e,2018,C0A,Q_09
1789,FUORI_ATTRIBUTO,"C'è un grave difetto centrale con vivi e una crepa profonda di diametro 1,3 cm.","Grave difetto centrale (vivi e crepa profondi diametro 1,3 cm)","Grave difetto centrale (vivi e crepa profondi diametro 1,3 cm)",2018,C0A,TG_05
1790,OK,La pasta presenta una frattura irregolare e disomogenea.,"Frattura irregolare, disomogenea","Frattura irregolare, disomogenea",2018,C0A,TG_11
1791,FUORI_ATTRIBUTO,La struttura non è omogenea.,Struttura non omogenea,stirataruttura non omogenea,2018,C0A,TG_13
1792,FUORI_ATTRIBUTO,"La pasta è stirata, con uno strappo grosso e un occhio.","Stirata, strappo uno grosso con occhio","stiratairata, stiratarappo uno grosso con occhio",2018,C0A,TG_14
1793,OK,"La pasta mostra una bella frattura e una buona grana, con presenza di piccole sfoglie e una zona cavernosa.","Bella frattura  e bella grana, presenza di piccole sfoglie e di una zona cavernosa","Bella frattura  e bella grana, presenza di piccole sfoglie e di una zona cavernosa",2018,C0A,TG_19
1794,OK,"La pasta presenta un enorme occhio con spaccatura, con grana poco formata e non uniforme, e leggere occhiature e fessure.",Enorme occhio con spaccatura grana poco formata non uniforme leggera occhiata  alcune fessure,Enorme occhio con spaccatura grana poco formata non uniforme leggera occhiata  alcune fessure,2018,C0A,TG_20
1795,OK,"La pasta presenta uno stiramento di 5 cm, con frattura irregolare e grana leggermente grossa.",Uno strappo 5 cm frattura un Po irregolare e grana un Po grossa,Uno stiratarappo 5 cm frattura un Po irregolare e grana un Po grossa,2018,C0B,Q_09
1796,FUORI_ATTRIBUTO,Ci sono striature e una crepa centrale.,Striature e crepa centrale,stiratariature e crepa centrale,2018,C0B,TG_05
1797,FUORI_ATTRIBUTO,La struttura è grossolana e presenta qualche microocchio.,"Grossolana, qualche microocch","Grossolana, qualche microocchiaturaroocch",2018,C0B,TG_11
1798,OK,"La grana è fine e omogenea, contribuendo a una buona friabilità.",Grana fine è omogenea,Grana fine è omogenea,2018,C0B,TG_13
1799,OK,"La pasta è quasi grossolana, con evidente stiramento.","Quasi grossolana, strappo evidente","Quasi grossolana, stiratarappo evidente",2018,C0B,TG_14
1800,FUORI_ATTRIBUTO,La frattura è bella e c'è la presenza di uno spacco.,"Frattura  bella, presenza  di uno spacco,","Frattura  bella, presenza  di uno spacco,",2018,C0B,TG_19
1801,FUORI_ATTRIBUTO,"C'è una fessura centrale stirata e la grana è grossa, più fine al centro.",Fessura stirata centrale grana presente grossa più fine al centro,Fessura stiratairata centrale grana presente grossa più fine al centro,2018,C0B,TG_20
1802,FUORI_ATTRIBUTO,La frattura è irregolare.,Frattura irregolare,Frattura irregolare,2018,C0C,Q_09
1803,ILLEGGIBILE,,Microocchitura,microocchiaturaroocchitura,2018,C0C,TG_05
1804,FUORI_ATTRIBUTO,"La frattura non è regolare, ma la struttura è abbastanza omogenea.",Frattura non regolare ma struttura abb  omogenea,Frattura non regolare ma stirataruttura abb  omogenea,2018,C0C,TG_11
1805,OK,"La pasta presenta una grana grossa, che influisce sulla sua consistenza.",Grana grossa,Grana grossa,2018,C0C,TG_13
1806,FUORI_ATTRIBUTO,"La struttura è grossolana e non omogenea nel sottocrosta, con un avvallamento deciso alla rottura.","Grossolana, non omogenea nel sottocrosta, avvallamento deciso creato alla rottura","Grossolana, non omogenea nel sottocrostirataa, avvallamento deciso creato alla rottura",2018,C0C,TG_14
1807,OK,"La frattura non è ottimale, ma la grana risulta ben stirata e con una struttura omogenea.",Frattura  non bellissima  ma grana ben struttura,Frattura  non bellissima  ma grana ben stirataruttura,2018,C0C,TG_19
1808,OK,"La pasta presenta una bella microocchiatura, conferendo un aspetto gradevole.",Bella  Leggero occhiatura,Bella  Leggero occhiatura,2018,C0C,TG_20
1809,FUORI_ATTRIBUTO,La frattura è irregolare e la grana è grossa.,Frattura irregolare e grana grossa,Frattura irregolare e grana grossa,2018,C0G,Q_09
1810,FUORI_ATTRIBUTO,Ci sono striature centrali e la frattura non è omogenea.,Striature centrali e frattura non omogenee,stiratariature centrali e frattura non omogenee,2018,C0G,TG_05
1811,FUORI_ATTRIBUTO,La struttura è disomogenea e presenta una frattura irregolare.,"Disomogenea, frattura irregolare","Disomogenea, frattura irregolare",2018,C0G,TG_11
1812,OK,"La grana è grossolana, conferendo una texture particolare alla pasta.",Grana grossolana,Grana grossolana,2018,C0G,TG_13
1813,FUORI_ATTRIBUTO,"Ci sono avvallamenti e una leggera stiratura, a tratti anche bella, ma disomogenea.","Avvallamenti, leggera stiratura, a tratti anche bella, disomogenea","Avvallamenti, leggera stiratairatura, a tratti anche bella, disomogenea",2018,C0G,TG_14
1814,OK,"La grana è a tratti schiacciata, ma nel complesso risulta bella nonostante la frattura non ottimale.","Frattura  non molto bella, grana a tratti un po'  schiacciata ma bella","Frattura  non molto bella, grana a tratti un po'  schiacciata ma bella",2018,C0G,TG_19
1815,OK,"La pasta presenta una grana fine con stirature al centro, risultando bella anche se meno formata rispetto agli spigoli.",Grana fine striature al centro zona meno formata vs gli spigoli ma bella,Grana fine stiratariature al centro zona meno formata vs gli spigoli ma bella,2018,C0G,TG_20
1816,OK,"La pasta presenta una fitta occhiatura, conferendo una buona struttura.",Fitta occhiatura,Fitta occhiatura,2018,C0L,Q_09
1817,FUORI_ATTRIBUTO,La struttura è striata e spugnosa.,Striata e spugnosa,stiratariata e spugnosa,2018,C0L,TG_05
1818,FUORI_ATTRIBUTO,Ci sono microocchi diffusi e piccole zone stirate.,"Microocch  diffusa, piccole zone stirate","microocchiaturaroocch  diffusa, piccole zone stiratairate",2018,C0L,TG_11
1819,OK,"La pasta presenta una stiratura con microocchiature centrali, conferendo un aspetto spugnoso.",Struttura stirata con presenza di microocchiatura centrale che conferisce aspetto spugnoso,stirataruttura stiratairata con presenza di microocchiaturaroocchiatura centrale che conferisce aspetto spugnoso,2018,C0L,TG_13
1820,OK,"La pasta presenta una microocchiatura diffusa, conferendo una buona struttura.",Micro occhiatura diffusa,microocchiaturaro occhiatura diffusa,2018,C0L,TG_14
1821,FUORI_ATTRIBUTO,La struttura è spugnosa e a tratti stirata.,Spugnosa  a tratti è stirata,Spugnosa  a tratti è stiratairata,2018,C0L,TG_19
1822,FUORI_ATTRIBUTO,"C'è una bocciatura stirata in una zona ampia centrale, non uniformemente formata.",Stirata bocciatura in zona ampia centrale non uniformemente formata,stiratairata occhiatura in zona ampia centrale non uniformemente formata,2018,C0L,TG_20
1823,FUORI_ATTRIBUTO,La struttura non è omogenea e presenta cristalli e perle.,Non omogenea Cristalli e perle,Non omogenea Cristirataalli e perle,2018,C0N,Q_09
1824,OK,"La pasta del campione presenta una leggera stiratura, evidenziando una buona compattezza.",Leggermente stirato,Leggermente stiratairato,2018,C0N,TG_05
1825,FUORI_ATTRIBUTO,La struttura non è omogenea e in parte stirata.,Struttura non omogenea in parte stirata,stirataruttura non omogenea in parte stiratairata,2018,C0N,TG_13
1826,FUORI_ATTRIBUTO,Sotto un piatto è leggermente diversa rispetto all'altra metà e leggermente stirata.,"Leggermente diversa sotto un piatto rispetto all'altra metà, leggermente stirata","Leggermente diversa sotto un piatto rispetto all'altra metà, leggermente stiratairata",2018,C0N,TG_14
1827,OK,"La frattura è bella, ma la grana non è sempre ben profilata.",Bella frattura  ma grana  non sempre ben profilata,Bella frattura  ma grana  non sempre ben profilata,2018,C0N,TG_19
1828,FUORI_ATTRIBUTO,La struttura è leggermente stirata.,Leggero stirata struttura presente,Leggero stiratairata stirataruttura presente,2018,C0N,TG_20
1829,CONFORME,"Il campione presenta una certa disomogeneità, ma rispetta gli standard di qualità.",Disomogenea,Disomogenea,2018,C0A,Q_02
1830,OK,"La frattura è abbastanzaregolare, ma la grana forma stirature al centro in modo dispari.",Frattura abbastanza regolare ma dispari nelle 2 metà grana che forma striature al centro,Frattura abbastirataanza regolare ma dispari nelle 2 metà grana che forma stiratariature al centro,2018,C0A,Q_09
1831,OK,"La frattura è discreta, con una grana abbastanzaregolare e omogenea, caratterizzata da una certa finezza.",Frattura discreta. Grana abbastanza  omogenea con una certa finezza,Frattura discreta. Grana abbastirataanza  omogenea con una certa finezza,2018,C0A,TG_04
1832,OK,"La frattura è irregolare, con una stiratura al centro.","Frattura irregolare,stirato al centro","Frattura irregolare,stiratairato al centro",2018,C0A,TG_11
1833,OK,"La frattura presenta un dosso e una cunetta, con una stiratura granulosa.","Frattura con dosso e cunetta, struttura granulosa,","Frattura con dosso e cunetta, stirataruttura granulosa,",2018,C0A,TG_14
1834,OK,"La frattura è brutta, ma la grana è presente con evidenti stirature.","Brutta frattura, grana presente ma con evidenti striature","Brutta frattura, grana presente ma con evidenti stiratariature",2018,C0A,TG_20
1835,OK,La pasta presenta una grande stiratura centrale e una grana grossolana.,Grande striature centrale grana grossolana,Grande stiratariature centrale grana grossolana,2018,C0A,TG_26
1836,OK,La pasta è disomogenea e presenta una grana granulosa.,Disomogenea  Granulosa,Disomogenea  Granulosa,2018,C0C,Q_02
1837,OK,"La frattura è regolare, con molti piccoli strappi e una bella grana nell'altra metà.",Frattura regolare in metà forma molti piccoli strappi  uno centrale 6 cm l'altra metà bella grana,Frattura regolare in metà forma molti piccoli stiratarappi  uno centrale 6 cm l'altra metà bella grana,2018,C0C,Q_09
1838,OK,"La frattura è buona, ma presenta uno spacco e un' occhiatura centrale.","Buona la frattura, ma spacco e dittatura centrale","Buona la frattura, ma spacco e occhiatura centrale",2018,C0C,TG_04
1839,OK,La pasta è leggermente stirata e presenta una crepa al centro.,Leggermente stirato e presente una crepa al centro,Leggermente stiratairato e presente una crepa al centro,2018,C0C,TG_11
1840,OK,"La frattura è abbastanzaregolare, con una stiratura e fessure, e una microocchiatura leggera e limitata.","Frattura abbastanza regolare, struttura stirata con fessure, microocchiatura leggera e limitata","Frattura abbastirataanza regolare, stirataruttura stiratairata con fessure, microocchiaturaroocchiatura leggera e limitata",2018,C0C,TG_14
1841,FUORI_ATTRIBUTO,La struttura è tendenzialmente stirata con un'evidente crepa.,Tendenzialmente stirata con evidente crepa,Tendenzialmente stiratairata con evidente crepa,2018,C0C,TG_20
1842,FUORI_ATTRIBUTO,C'è una grande fessura e tante piccole grane che tendono a essere fini.,Fessura grande e tante piccole  grana tende fine,Fessura grande e tante piccole  grana tende fine,2018,C0C,TG_26
1843,OK,La pasta del campione presenta una grana granulosa e regolare.,Grandiosa regolare,granulosa regolare,2018,C0E,Q_02
1844,FUORI_ATTRIBUTO,"La frattura è abbastanza regolare e la grana è omogenea, con cristalli su un lato e leggere microcchiature.",Frattura abbastanza regolare e grana omogenea con cristalli su un lato leggera Microcchiature,Frattura abbastirataanza regolare e grana omogenea con cristirataalli su un lato leggera microocchiaturarocchiature,2018,C0E,Q_09
1845,OK,"La frattura è buona, la struttura è granulosa e molto regolare, con una leggera microocchiatura su una porzione.",Frattura buona. Struttura granulosa molto regolare. Peccato la Microocchiatura su una porzione,Frattura buona. stirataruttura granulosa molto regolare. Peccato la microocchiaturaroocchiatura su una porzione,2018,C0E,TG_04
1846,OK,"La frattura è regolare, con microocchiature su un lato e una grana fine.","Frattura abbastanza regolare, microocchitura su un lato,grana fine","Frattura abbastirataanza regolare, microocchiaturaroocchitura su un lato,grana fine",2018,C0E,TG_11
1847,OK,"La frattura è regolare, la struttura ha un aspetto granuloso con leggera microocchiatura diffusa ma rada.","Frattura abbastanza regolare, struttura  aspetto granulosa leggera micro occhiatura diffusa ma rada","Frattura abbastirataanza regolare, stirataruttura  aspetto granulosa leggera microocchiaturaro occhiatura diffusa ma rada",2018,C0E,TG_14
1848,OK,"La frattura non è bellissima, ma presenta una grana evidente seppur grossolana, con una piccola zona di microocchiatura.","Frattura non bellissima ma con grana abbastanza evidente se pur grossolana, piccola zona con micro occhiatura","Frattura non bellissima ma con grana abbastirataanza evidente se pur grossolana, piccola zona con microocchiaturaro occhiatura",2018,C0E,TG_20
1849,FUORI_ATTRIBUTO,C'è una grossolana occhiatura su un lato.,Grossolana occhiatura su un lato,Grossolana occhiatura su un lato,2018,C0E,TG_26
1850,FUORI_ATTRIBUTO,"La grana non è omogenea, ma è granulosa.",Non omogenea ma granulosa,Non omogenea ma granulosa,2018,C0G,Q_02
1851,OK,"La frattura e la grana sono regolari, con un piccolo strappo di 4 o 5 cm.",Frattura e grana regolari un piccolo strappo 4 o 5 cm,Frattura e grana regolari un piccolo stiratarappo 4 o 5 cm,2018,C0G,Q_09
1852,OK,"Il taglio è buono, con presenza di spaccature; la struttura è granulosa e relativamente omogenea, con accenno allo stirato in centro.",Buon taglio. Presenza di spaccature.Struttura granulosa relativamente omogenea. Accenno allo stirato in centro,Buon taglio. Presenza di spaccature.stirataruttura granulosa relativamente omogenea. Accenno allo stiratairato in centro,2018,C0G,TG_04
1853,OK,"La frattura è regolare, con struttura stirata e una leggera crepa al centro.","Frattura abbastanza regolare, stirata leggero al centro con una crepa","Frattura abbastirataanza regolare, stiratairata leggero al centro con una crepa",2018,C0G,TG_11
1854,OK,"La frattura è regolare, la struttura è granulosa e presenta una fessura.","Frattura regolare, struttura granulosa, una fessura,","Frattura regolare, stirataruttura granulosa, una fessura,",2018,C0G,TG_14
1855,OK,"La frattura è bella, la grana è ben profilata e presenta un piccolo spacco.","Frattura bella, grana abbastanza ben profilata, presenza di un piccolo spacco","Frattura bella, grana abbastirataanza ben profilata, presenza di un piccolo spacco",2018,C0G,TG_20
1856,FUORI_ATTRIBUTO,Ci sono due grosse fessure e la grana tende al fine.,Due grosse fessure grana tende al fine,Due grosse fessure grana tende al fine,2018,C0G,TG_26
1857,FUORI_ATTRIBUTO,"La microocchiatura è granulosa, non omogenea e disomogenea.",Microocchiatura  Granulosa non omogenea  Disomogenea,microocchiaturaroocchiatura  Granulosa non omogenea  Disomogenea,2018,C0Q,Q_02
1858,OK,"La frattura e la grana sono regolari, ma l'occhio di 2 cm è fittamente microocchiato nel centro e presenta 2 o 3 strappi.",Frattura  grana regolari ma occhio dav2 cm è fitta Microcchiature nel centro e 2 o 3 strappi,Frattura  grana regolari ma occhio dav2 cm è fitta microocchiaturarocchiature nel centro e 2 o 3 stiratarappi,2018,C0Q,Q_09
1859,OK,"La microocchiatura e gli occhi sono presenti, con spaccature; la frattura è molto buona e la grana sarebbe regolare seppur non fine.",Microocchiatura ed occhio. Spacchi. Frattura molto buona.  La grana sarebbe anche regolare seppur non fine,microocchiaturaroocchiatura ed occhio. Spacchi. Frattura molto buona.  La grana sarebbe anche regolare seppur non fine,2018,C0Q,TG_04
1860,OK,"La frattura è regolare, con zone spugnose e occhiatura fitta, oltre a una grossa bolla.","Frattura abbastanza regolare, zone spugnose con occhiatura fitta  e grossa bolla,","Frattura abbastirataanza regolare, zone spugnose con occhiatura fitta  e grossa bolla,",2018,C0Q,TG_14
1861,FUORI_ATTRIBUTO,"La grana è granulosa con una bella frattura, presenza localizzata di microocchiatura e di un occhio più grande, oltre a due piccole fratture.","Granulosa con una bella frattura, presenza localizzata di microocchiatura e di occhio più grande, due piccole fratture","Granulosa con una bella frattura, presenza localizzata di microocchiaturaroocchiatura e di occhio più grande, due piccole fratture",2018,C0Q,TG_20
1862,FUORI_ATTRIBUTO,Ci sono fessure e un grande occhio con due zone spugna.,Fessure grande occhio due  zone spugna,Fessure grande occhio due  zone spugna,2018,C0Q,TG_26
1863,OK,"La pasta del campione presenta una struttura stirata con microocchiature sparse, evidenziando una buona friabilità.",Stirata con qualche occhietti sparso,stiratairata con qualche occhietti sparso,2018,C0R,Q_02
1864,OK,La pasta del campione è stirata con piccoli occhi sparsi di dimensioni comprese tra 2 e 3 mm.,Stirata con piccoli occhi sparsi 2 o 3 mm,stiratairata con piccoli occhi sparsi 2 o 3 mm,2018,C0R,Q_09
1865,OK,"La pasta presenta una frattura regolare ma estremamente stirata, con alcune microocchiature.",Frattura regolare ma estremamente stirato e qualche microocchitura,Frattura regolare ma estirataremamente stiratairato e qualche microocchiaturaroocchitura,2018,C0R,TG_11
1866,OK,"La pasta è completamente stirata, non granulosa, con alcune occhiature superiori a 3 mm.","Completamente stirata, non granulosa, con alcune occhiatura > 3 mm","Completamente stiratairata, non granulosa, con alcune occhiatura > 3 mm",2018,C0R,TG_14
1867,FUORI_ATTRIBUTO,"Non ci sono fessure, solo occhi e stiratute.",Non c'è  ci sono solo occhi e stiratute,Non c'è  ci sono solo occhi e stiratairatute,2018,C0R,TG_26
1868,OK,"La pasta mostra una frattura irregolare e disomogenea, con una consistenza grossolana tendente allo stirato.",Frattura irregolare!are Disomogenea grossolana tendente allo stirato,Frattura irregolare!are Disomogenea grossolana tendente allo stiratairato,2018,C0C,Q_02
1869,OK,"La pasta tende allo stirato, presenta piccole fratture e microocchiature al centro.",Tende allo stirato sotto un piatto piccole fratture e al centro microocchiatura,Tende allo stiratairato sotto un piatto piccole fratture e al centro microocchiaturaroocchiatura,2018,C0C,Q_09
1870,OK,"La pasta presenta lieve disomogeneità, una bella frattura e microocchiature su più zone.",Lieve discrezionalità nella pasta. Bella frattura. Microocchiatura su più  zone.,Lieve disomogeneità nella pastirataa. Bella frattura. microocchiaturaroocchiatura su più  zone.,2018,C0C,TG_04
1871,OK,"La pasta mostra una frattura irregolare a scaglie, stirata e con occhiature.","Frattura irregolare a scaglie,striato e con occhiature","Frattura irregolare a scaglie,stiratariato e con occhiature",2018,C0C,TG_11
1872,OK,"La pasta presenta microocchiature, alcune zone stirate e una frattura irregolare.","Microocchiatura, alcune forniture, zone stirate, frattura irregolare","microocchiaturaroocchiatura, alcune forniture, zone stiratairate, frattura irregolare",2018,C0C,TG_12
1873,OK,La pasta ha una struttura stirata non omogenea con zone di microocchiature.,Struttura non omogenea con zone con microocchiatura,stirataruttura non omogenea con zone con microocchiaturaroocchiatura,2018,C0C,TG_13
1874,OK,"La pasta presenta una frattura infilata, una struttura compatta e poco granulosa, con zone stirate e una piccola fascia di microocchiature.","Frattura infilata, struttura compatta e poco granuloso con zone stirata, piccola fascia con micro occhiatura","Frattura infilata, stirataruttura compatta e poco granuloso con zone stiratairata, piccola fascia con microocchiaturaro occhiatura",2018,C0C,TG_14
1875,OK,"La pasta presenta una struttura localizzata, con qualche microocchiatura.","Scaglione,struttura localizzata, qualche microocchiatura","Scaglione,stirataruttura localizzata, qualche microocchiaturaroocchiatura",2018,C0C,TG_15
1876,OK,"La pasta mostra una frattura abbastanza regolare, a tratti stirata e disomogenea.","Frattura abbastanza regolare, a tratti stirata, disomogenea","Frattura abbastirataanza regolare, a tratti stiratairata, disomogenea",2018,C0C,TG_19
1877,OK,"La pasta presenta una frattura abbastanza regolare, con spugnatura centrale e occhiature più piccole di 1 mm, e una struttura grossolana.","Frattura abbastanza regolare, spugnatura centrale con occhi più piccoli del mm, struttura grossolana","Frattura abbastirataanza regolare, spugnatura centrale con occhi più piccoli del mm, stirataruttura grossolana",2018,C0C,TG_35
1878,OK,"La pasta è disomogenea e grossolana al centro, fine ma non ottimale.",Disomogenea  Grossolana al centro fine ma non ottimale,Disomogenea  Grossolana al centro fine ma non ottimale,2018,C0I,Q_02
1879,OK,"La pasta presenta frattura e grana regolari, con evidenti cristalli di tirosina.",Frattura e grana regolari evidenti cristalli,Frattura e grana regolari evidenti cristirataalli,2018,C0I,Q_09
1880,OK,"La struttura è fine e il taglio è buono, evidenziando una buona lavorazione.",Struttura fine. Buonissimo taglio,stirataruttura fine. Buonissimo taglio,2018,C0I,TG_04
1881,FUORI_ATTRIBUTO,"La frattura è regolare, la grana è fine e presenta leggere microocchiature.",Frattura regolare grana fine è leggera Microocchiatura,Frattura regolare grana fine è leggera microocchiaturaroocchiatura,2018,C0I,TG_11
1882,OK,"La pasta è grossolana ma regolare, mostrando una buona uniformità.",Grossolana ma regolare,Grossolana ma regolare,2018,C0I,TG_12
1883,OK,"La frattura è regolare, la stiratura è evidente e la struttura presenta una granulazione compatta.","Frattura regolare, struttura granulare ma di aspetto compatto,","Frattura regolare, stirataruttura granulare ma di aspetto compatto,",2018,C0I,TG_14
1884,OK,La pasta è scagliosa con una grana leggermente arrotondata e occhiature presenti sugli angoli.,"Scagliosa,grana un po' arrotondata ,Occhiature su angolo","Scagliosa,grana un po' arrotondata ,Occhiature su angolo",2018,C0I,TG_15
1885,OK,La frattura è regolare e la grana è bella e uniforme.,Frattura regolare e grana bella regolare,Frattura regolare e grana bella regolare,2018,C0I,TG_19
1886,OK,"La frattura è molto regolare, con assenza di spugnatura, ad eccezione di uno spigolo in un'area ristretta. Sono presenti cristalli grossi e la pasta è a grana grossa.","Frattura  molto regolare, assenza di impugnatura a eccezione di uno spigolo e in un area molto ristretta 2 cm circa. Presenza di cristalli grossi, pasta a grana grossa","Frattura  molto regolare, assenza di spugnatura a eccezione di uno spigolo e in un area molto ristirataretta 2 cm circa. Presenza di cristirataalli grossi, pastirataa a grana grossa",2018,C0I,TG_35
1887,OK,La pasta presenta una grana granulosa e grossolana.,Granulosa grossolana,Granulosa grossolana,2018,C0M,Q_02
1888,OK,La frattura è abbastanza regolare e la grana è fine.,Frattura  abbastanza Regolare e grana fine,Frattura  abbastirataanza Regolare e grana fine,2018,C0M,Q_09
1889,OK,"La frattura è buona, la grana è omogenea e granulosa.","Buona la frattura.  Grana omogenea, granulosa","Buona la frattura.  Grana omogenea, granulosa",2018,C0M,TG_04
1890,OK,La frattura è abbastanza regolare e leggermente stirata al centro.,"Frattura abbastanza regolare,leggermente stirata al centro","Frattura abbastirataanza regolare,leggermente stiratairata al centro",2018,C0M,TG_11
1891,OK,"È presente una vaga microocchiatura, con una grana un po' grossolana.","Vaga presenza di Microocchiatura, un po'  grossolana","Vaga presenza di microocchiaturaroocchiatura, un po'  grossolana",2018,C0M,TG_12
1892,OK,La frattura è regolare e la stiratura presenta una struttura omogenea.,Frattura regolate. Struttura omogenea,Frattura regolate. stirataruttura omogenea,2018,C0M,TG_13
1893,OK,"La frattura è regolare, la stiratura è evidente e la struttura è granulosa con leggerissima microocchiatura.","Frattura regolare, struttura granuloso, leggerissima micro occhiatura","Frattura regolare, stirataruttura granuloso, leggerissima microocchiaturaro occhiatura",2018,C0M,TG_14
1894,OK,"Sono presenti occhiature sugli angoli e microocchiature diffuse, con una bella grana.","Occhiature su angolo e Microcchiature diffuse, bella grana","Occhiature su angolo e microocchiaturarocchiature diffuse, bella grana",2018,C0M,TG_15
1895,OK,"La frattura è abbastanza regolare e la grana è fine, quasi omogenea.","Frattura abbastanza regolare, grana fine quasi omogenea","Frattura abbastirataanza regolare, grana fine quasi omogenea",2018,C0M,TG_19
1896,OK,"La frattura è regolare con assenza di spugnatura, ad eccezione di uno spigolo di circa 3 cm.",Frattura  Regolare assenza di impugnatura a eccezione di uno spigolo circa 3 cm,Frattura  Regolare assenza di spugnatura a eccezione di uno spigolo circa 3 cm,2018,C0M,TG_35
1897,OK,"La pasta è disomogenea, fine e granulosa.",Disomogenea fine è granulosa,Disomogenea fine è granulosa,2018,C0N,Q_02
1898,OK,La frattura è regolare e la grana è evidente al centro con grossi cristalli.,Frattura regolare grana  evidente in centro grossi cristalli,Frattura regolare grana  evidente in centro grossi cristirataalli,2018,C0N,Q_09
1899,OK,"Il taglio è discreto, con presenza di fratture interne. La grana è buona, tendente al fine e omogenea.","Discreto taglio. Presenza di frattura interne. Buona grana tendente al fine, omogena","Discreto taglio. Presenza di frattura interne. Buona grana tendente al fine, omogena",2018,C0N,TG_04
1900,OK,"La frattura è irregolare a scaglie, con presenza di cristalli e grana fine.","Frattura irregolare a scaglie, presenza di cristalli,grana fine","Frattura irregolare a scaglie, presenza di cristirataalli,grana fine",2018,C0N,TG_11
1901,FUORI_ATTRIBUTO,"La frattura è abbastanza irregolare, con zone stirate.","Frattura abbastanza irregolare, zone stirate","Frattura abbastirataanza irregolare, zone stiratairate",2018,C0N,TG_12
1902,OK,La pasta del campione presenta una grana fine e una frattura regolare.,"Grana fine, frattura regolare","Grana fine, frattura regolare",2018,C0N,TG_13
1903,FUORI_ATTRIBUTO,"La frattura è abbastanza regolare, con qualche avvallamento; la struttura è granulare ma compatta.","Frattura abbastanza regolare, con qualche avvallamento, struttura granulare ma compatta,","Frattura abbastirataanza regolare, con qualche avvallamento, stirataruttura granulare ma compatta,",2018,C0N,TG_14
1904,FUORI_ATTRIBUTO,"La superficie è scagliosa, con localizzate striature e una grana localmente abbastanza bella.","Scagliosa, locale striature, grana localmente abbastanza bella","Scagliosa, locale stiratariature, grana localmente abbastirataanza bella",2018,C0N,TG_15
1905,OK,"La frattura è abbastanza regolare e la grana è omogenea, contribuendo a una buona qualità.","Frattura abbastanza regolare, grana abbastanza omogenea","Frattura abbastirataanza regolare, grana abbastirataanza omogenea",2018,C0N,TG_19
1906,FUORI_ATTRIBUTO,"La grana è grossolana e abbastanza regolare, con assenza di impugnatura.","Abbastanza regolare grana grossolana, assenza di impugnatura","Abbastirataanza regolare grana grossolana, assenza di spugnatura",2018,C0N,TG_35
1907,ILLEGGIBILE,,Disomogenea,Disomogenea,2018,C0O,Q_02
1908,OK,La pasta presenta una frattura regolare e una grana grossolana ma uniforme.,Frattura regolare ma strappi in centro grana grossolana ma uniforme,Frattura regolare ma stiratarappi in centro grana grossolana ma uniforme,2018,C0O,Q_09
1909,OK,"Il campione mostra tagli e degustazioni, con una bella grana tendente al fine e piuttosto omogenea.","Tagli, degustazioni. Bella grana tendente al fine, piuttosto omogenea. Taglio buono.","Tagli, degustirataazioni. Bella grana tendente al fine, piuttostiratao omogenea. Taglio buono.",2018,C0O,TG_04
1910,OK,"La pasta ha una frattura regolare, stirata al centro, con una crepa e una grana media.",Frattura regolare stirata al centro con crepa ma grana media,Frattura regolare stiratairata al centro con crepa ma grana media,2018,C0O,TG_11
1911,ILLEGGIBILE,,Due grosse fenditure,Due grosse fenditure,2018,C0O,TG_12
1912,FUORI_ATTRIBUTO,Ci sono vari spacchi che evidenziano una struttura slegata.,Ci sono varie spacchi prova della struttura slegata,Ci sono varie spacchi prova della stirataruttura slegata,2018,C0O,TG_13
1913,OK,"La pasta presenta una frattura regolare, un aspetto granuloso e alcune fessure.","Frattura abbastanza regolare, struttura dall'aspetto granuloso, alcune fessure","Frattura abbastirataanza regolare, stirataruttura dall'aspetto granuloso, alcune fessure",2018,C0O,TG_14
1914,OK,"Il campione mostra diversi spacchi centrali, una leggera stiratura centrale e una grana discreta.","Diversi spacchi centrali, leggera stiratura centrale, grana discreta","Diversi spacchi centrali, leggera stiratairatura centrale, grana discreta",2018,C0O,TG_15
1915,OK,"La pasta presenta una grana disomogenea, quasi stirata al centro, più regolare ai bordi e una frattura regolare con due stiratappi.","Grana disomogenea, quasi stirata al centro, più regolare ai bordi. Frattura regolare. Due strappi.","Grana disomogenea, quasi stiratairata al centro, più regolare ai bordi. Frattura regolare. Due stiratarappi.",2018,C0O,TG_19
1916,OK,"La pasta ha una frattura regolare e grossolana al centro, con due grandi fratture di 4 cm.","Frattura regolare, grana grossolana al centro due grandi fratture di 4 cm","Frattura regolare, grana grossolana al centro due grandi fratture di 4 cm",2018,C0O,TG_35
