id,classe,caption,commento_raw,commento_prenorm,anno,prodotto,panelista
1,FUORI_ATTRIBUTO,Non ci sono cristalli.,Si intende no cristalli,Si intende no cristalli,2019,C0A,TG_24
2,OK,"Il campione presenta pochi cristalli, evidenziando una microstruttura meno sviluppata.",Pochi cristalli,Pochi cristalli,2019,C0N,TG_24
3,OK,"Il campione presenta pochi cristalli, il che è un peccato per la sua qualità.",Pochi cristalli..peccato,Pochi cristalli..peccato,2019,C0O,TG_24
4,FUORI_ATTRIBUTO,"Non è granuloso, ma presenta un residuo sabbioso faticoso.","Non granuloso, aggiungere residuo a faticoso sabbioso ,,...","Non granuloso, aggiungere residuo a faticoso sabbioso ,,...",2019,C0N,Q_09
5,FUORI_ATTRIBUTO,Assenza di cristalli.,No cristalli!,No cristalli!,2019,C0D,TG_24
6,CONFORME,"Il campione presenta una texture conforme, con caratteristiche di compattezza e assenza di difetti.",Pochi,Pochi,2019,C0E,TG_24
7,FUORI_ATTRIBUTO,Non presenta grana.,Senza grana,Senza grana,2019,C0C,TG_14
8,OK,Il campione presenta cristalli quasi assenti e una pasta compatta.,"Cristalli quasi assenti, compatto","Cristalli quasi assenti, compatto",2019,C0C,TG_19
9,OK,"Il campione è poco granuloso, con una texture relativamente uniforme.",Poco granuloso,Poco granuloso,2019,C0L,TG_19
10,OK,Il campione presenta pochi cristalli.,Pochi cristalli,Pochi cristalli,2019,C0C,TG_24
11,ILLEGGIBILE,,Difficile da giudicare perché immagiabile,Difficile da giudicare perché immasticabile,2019,C0F,Q_02
12,OK,Il campione è malleabile e deformabile.,Malleabile deformabile,Mmalleabile deformabile,2019,C0P,TG_11
13,OK,Il campione è indeformabile e presenta una consistenza plastica.,Indeformabile plastico,Indeformabile plastico,2019,C0G,Q_09
14,OK,Il campione non è friabile e non presenta granulosità.,Non friabile non granuloso,Non friabile non granuloso,2019,C0I,Q_09
15,OK,Il campione evidenzia una mancanza di cristalli.,Mancanza di cristalli,Mancanza di cristalli,2019,C0I,TG_11
16,FUORI_ATTRIBUTO,Non è granuloso.,Non granuloso,Non granuloso,2019,C0H,TG_19
17,OK,Il campione è deformabile.,Deformabile,Deformabile,2019,C0O,Q_09
18,OK,Il campione è deformabile.,Deformabile,Deformabile,2019,C0E,Q_09
19,OK,Il campione è poco friabile.,Poco friabile,Poco friabile,2019,C0M,Q_09
20,OK,Il campione non è friabile e presenta una pasta compatta.,"Non friabile, compatto","Non friabile, compatto",2019,C0O,TG_14
21,FUORI_ATTRIBUTO,Non ha granulosità.,Senza granulosità,Senza granulosità,2019,C0A,TG_19
22,FUORI_ATTRIBUTO,Assenza di granulosità.,Non granulosità,Non granulosità,2019,C0I,TG_19
23,FUORI_ATTRIBUTO,Non ci sono granulosità.,No granulosità,No granulosità,2019,C0E,TG_19
24,FUORI_ATTRIBUTO,È solubile.,Solubile,Solubile,2019,C0I,Q_02
25,FUORI_ATTRIBUTO,È deformabile.,Deformabile,Deformabile,2019,C0G,Q_09
26,FUORI_ATTRIBUTO,Manca di cristalli.,Manca di cristalli,Manca di cristalli,2019,C0G,TG_08
27,FUORI_ATTRIBUTO,È completamente privo di cristalli.,Manca completamente di cristalli,Manca completamente di cristalli,2019,C0R,TG_08
28,FUORI_ATTRIBUTO,Ha poca grana.,Poca grana,Poca grana,2019,C0G,TG_19
29,OK,Il campione presenta una pasta compatta.,Compatto,Compatto,2019,C0O,TG_19
30,OK,"Il campione presenta una pasta compatta, con poca grana.","Compatto, poca grana","Compatto, poca grana",2019,C0R,TG_19
31,FUORI_ATTRIBUTO,Non è friabile.,Non friabile,Non friabile,2019,C0A,Q_09
32,FUORI_ATTRIBUTO,Non è friabile.,Non friabile,Non friabile,2019,C0C,Q_09
33,FUORI_ATTRIBUTO,Non presenta grana.,Senza grana,Senza grana,2019,C0A,TG_19
34,OK,"Il campione presenta una pasta compatta, poco friabile.","Compatto, poco friabile","Compatto, poco friabile",2019,C0N,TG_19
35,FUORI_ATTRIBUTO,Ci sono pochi cristalli.,Pochi cristalli,Pochi cristalli,2019,C0M,TG_24
36,FUORI_ATTRIBUTO,Ci sono pochi cristalli.,Pochi cristalli,Pochi cristalli,2019,C0P,TG_24
37,OK,Il campione presenta una pasta molto compatta.,Molto compatto,Molto compatto,2019,C0H,TG_19
38,FUORI_ATTRIBUTO,"È compatto, non friabile e senza grana.","Compatto,non friabile,senza grana","Compatto,non friabile,senza grana",2019,C0P,TG_19
39,FUORI_ATTRIBUTO,Non presenta grana.,Senza grana,Senza grana,2019,C0E,TG_19
40,FUORI_ATTRIBUTO,Senza grana,Senza grana,Senza grana,2019,C0D,TG_19
41,FUORI_ATTRIBUTO,Senza grana,Senza grana,Senza grana,2019,C0I,TG_19
42,FUORI_ATTRIBUTO,"Sono molto freddi, strutturati poco friabili ma deformabili",Sono molto freddi struttur poco friabile ma deformabile,Sono molto freddi struttur poco friabile ma deformabile,2019,C0E,Q_09
43,ILLEGGIBILE,,Molto intressante,Molto intressante,2019,C0D,TG_24
44,FUORI_ATTRIBUTO,Pochi cristalli,Pochi cristalli,Pochi cristalli,2019,C0E,TG_24
45,OK,"Il campione presenta una pasta solubile, con una buona capacità di sciogliersi.",Solubile,Solubile,2019,C0C,Q_02
46,FUORI_ATTRIBUTO,Poco granuloso e deformabile,Poco granuloso  deformabile,Poco granuloso  deformabile,2019,C0A,Q_09
47,FUORI_ATTRIBUTO,Non granuloso,Non granuloso,Non granuloso,2019,C0O,Q_09
48,FUORI_ATTRIBUTO,Nessun cristallo e nessuna grana,"No cristalli,no grana","No cristalli,no grana",2019,C0A,TG_19
49,OK,Il campione non presenta granulosità e si scioglie bene.,"Non granulosa, si scioglie","Non granulosa, si scioglie",2019,C0D,TG_19
50,OK,"Il campione presenta una pasta compatta e friabile, con una microocchiatura uniforme.",Compatto,Compatto,2019,C0M,TG_19
51,OK,"Il campione è compatto, non presenta granulosità e risulta non friabile.","Compatto,non granulosa,non friabile","Compatto,non granulosa,non friabile",2019,C0O,TG_19
52,FUORI_ATTRIBUTO,Forse pochi cristalli,Forse pochi cristalli,Forse pochi cristalli,2019,C0M,TG_24
53,OK,"Il campione presenta una pasta malleabile, con buona elasticità.",Alleabile,malleabile,2019,C0M,Q_09
54,OK,"Il campione è poco friabile, con una certa compattezza.",Poco friabile,Poco friabile,2019,C0P,TG_04
55,FUORI_ATTRIBUTO,Nessuna grana,No grana,No grana,2019,C0A,TG_19
56,FUORI_ATTRIBUTO,Nessun cristallo,No cristalli,No cristalli,2019,C0B,TG_19
57,OK,"Il campione è poco friabile, mostrando una certa compattezza.",Poco friabile,Poco friabile,2019,C0I,TG_19
58,FUORI_ATTRIBUTO,Nessun cristallo,No cristalli,No cristalli,2019,C0P,TG_19
59,FUORI_ATTRIBUTO,Nessun cristallo,No cristalli,No cristalli,2019,C0R,TG_19
60,FUORI_ATTRIBUTO,Pochi cristalli,Pochi cristalli,Pochi cristalli,2019,C0Q,TG_24
61,FUORI_ATTRIBUTO,Molle,molle,molle,2019,C0H,TG_13
62,FUORI_ATTRIBUTO,Non friabile e senza cristalli,"No friabile, no cristalli","No friabile, no cristalli",2019,C0A,TG_19
63,OK,"La pasta si presenta compatta, con una buona struttura e senza difetti evidenti.",Compatto,Compatto,2019,C0Q,TG_19
64,FUORI_ATTRIBUTO,Poco friabile,Poco friabile,Poco friabile,2019,C0C,TG_04
65,FUORI_ATTRIBUTO,Ingozza,Ingozza,Ingozza,2019,C0E,TG_04
66,OK,"Il campione presenta una pasta poco friabile e granulosa, ben solubile, con cristalli di tirosina.","Poco friabile e Granulosa. Ma ben solubile, con cristalli","Poco friabile e Granulosa. Ma ben solubile, con cristalli",2019,C0H,TG_04
67,OK,"Il campione mostra una pasta poco friabile e granulosa, cedevole, con assenza di cristalli.",Poco friabile e granuloso. Cedevole . Cristalli assenti,Poco friabile e granuloso. Cedevole . Cristalli assenti,2019,C0M,TG_04
68,OK,"Il campione è friabile con piccoli cristalli, presenta una sensazione farinoso e asciutta nel finale.",Friabile con piccoli cristalli. Farinoso ed asciutto nel finale,Friabile con piccoli cristalli. farinososo ed asciutto nel finale,2019,C0N,TG_04
69,OK,"Il campione non è friabile, risulta duro e asciutto, con scarsa solubilità.","Non friabile. Duro, asciutto. Non solubile","Non friabile. Duro, asciutto. Non solubile",2019,C0P,TG_04
70,OK,"La texture è compatta, evidenziando una buona compattezza e una microstruttura uniforme.",Compatto,Compatto,2019,C0M,TG_19
71,FUORI_ATTRIBUTO,Ingozza,Ingozza,Ingozza,2019,C0N,TG_04
72,FUORI_ATTRIBUTO,Poco friabile,Poco friabile,Poco friabile,2019,C0O,TG_04
73,FUORI_ATTRIBUTO,Leggermente allappante,Leggermente allappante,Leggermente allappante,2019,C0N,TG_19
74,OK,"Il campione presenta una pasta compatta e poco friabile, con una microocchiatura uniforme e cristalli di tirosina ben sviluppati.","Compatto, poco friabile","Compatto, poco friabile",2019,C0L,TG_19
75,FUORI_ATTRIBUTO,È poco friabile.,Poco friabile,Poco friabile,2019,C0O,TG_19
76,FUORI_ATTRIBUTO,È solubile.,Solubile,Solubile,2019,C0Q,TG_26
77,FUORI_ATTRIBUTO,Ingozza.,Ingozza,Ingozza,2019,C0E,TG_04
78,OK,Il campione mostra una elevata friabilità e granulosità.,Friabilità e granulosità elevate,Friabilità e granulosità elevate,2019,C0F,TG_04
79,FUORI_ATTRIBUTO,Ingozza.,Ingozza,Ingozza,2019,C0H,TG_04
80,FUORI_ATTRIBUTO,È tenero.,Tenero,Tenero,2020,C0G,TG_04
81,FUORI_ATTRIBUTO,È appena tenero.,Appena tenero,Appena tenero,2020,C0H,TG_04
82,FUORI_ATTRIBUTO,Non è friabile.,Non friabile,Non friabile,2020,C0M,TG_04
83,OK,"Il campione presenta una pasta asciutta, mentre altri dati di texture sono buoni.",Molto asciutto. Altri dati di texture  sono buoni,Molto asciutto. Altri dati di texture  sono buoni,2020,C0F,TG_04
84,FUORI_ATTRIBUTO,Non ha struttura da grana.,Non ha struttura da grana,Non ha struttura da grana,2020,C0O,TG_04
85,ILLEGGIBILE,,Un disastro!,Un disastro!,2020,C0B,TG_24
86,OK,"Il campione mostra un equilibrio nella texture, con una buona compattezza e assenza di difetti.",Equilibrato,Equilibrato,2020,C0N,TG_24
87,FUORI_ATTRIBUTO,È appena appena asciutto.,Appena appena asciutto,Appena appena asciutto,2020,C0P,TG_04
88,FUORI_ATTRIBUTO,"È molto asciutto, quasi secco.",Molto asciutto. Quasi secco,Molto asciutto. Quasi secco,2020,C0Q,TG_04
89,FUORI_ATTRIBUTO,È senza corpo.,Senza corpo,Senza corpo,2020,C0A,TG_19
90,CONFORME,"Il campione risulta conforme, presentando una buona texture senza difetti strutturali.",Nel complesso non male però,Nel complesso non male però,2020,C0A,TG_24
91,FUORI_ATTRIBUTO,Peccato per il tenero.,Peccato per il tenero,Peccato per il tenero,2020,C0N,TG_24
92,OK,Il campione è ben umido e lascia una piacevole sensazione in bocca.,Ben umido. Lascia una bella bocca,Ben umido. Lascia una bella bocca,2020,C0M,TG_04
93,FUORI_ATTRIBUTO,Ingozza.,Ingozza,Ingozza,2020,C0A,TG_04
94,OK,Il campione presenta una pasta compatta.,Compatto,Compatto,2020,C0M,TG_19
95,OK,Il campione presenta una pasta compatta.,Compatto,Compatto,2020,C0Q,TG_19
96,OK,"La pasta è molto equilibrata, con una compattezza ottimale e senza difetti.",Molto equilibrato,Molto equilibrato,2020,C0Q,TG_24
97,FUORI_ATTRIBUTO,"È molto solubile, in realtà è troppo solubile.",Molto solubile in realtà è TROPPO SOLUBILE,Molto solubile in realtà è TROPPO SOLUBILE,2020,C0C,TG_28
98,FUORI_ATTRIBUTO,Ingozza.,Ingozza,Ingozza,2020,C0C,TG_04
99,OK,Il campione presenta una pasta molto pastosa.,Molto patatoso,Molto pastoso,2020,C0C,TG_35
100,FUORI_ATTRIBUTO,Ci sono gnocchetti duri.,Presenza di gnocchetti duri,Presenza di gnocchetti duri,2020,C0B,TG_19
101,FUORI_ATTRIBUTO,Sotto i denti non si sentono cristalli molto grossi o perle.,Sotto i denti no sentito cristalli molto grossi o perle,Sotto i denti no sentito cristalli molto grossi o perle,2020,C0A,TG_04
102,ILLEGGIBILE,,Ingozza,Ingozza,2020,C0Q,TG_04
103,OK,"La texture è compatta, con una buona struttura e assenza di difetti.",Compatto,Compatto,2020,C0Q,TG_19
104,FUORI_ATTRIBUTO,È anche patatoso.,Anche patatoso..,Anche pastoso..,2020,C0P,TG_24
105,ILLEGGIBILE,,Ingozza,Ingozza,2020,C0C,TG_04
106,OK,"Il campione presenta una pasta compatta, caratterizzata da una microstruttura uniforme.",Compatto,Compatto,2020,C0N,TG_19
107,OK,"La pasta è compatta, mostrando una buona compattezza e senza difetti evidenti.",Compatto,Compatto,2020,C0P,TG_19
108,OK,"Il campione presenta una pasta troppo friabile, con una microocchiatura non uniforme e cristalli di tirosina poco sviluppati.",Troppo friabile,Troppo friabile,2020,C0G,TG_28
109,OK,"Il campione presenta pochi cristalli e molte perle, con cristalli grandi non ben cristallizzati e una consistenza non scrocchiarelli.","Perplesso. Sembrano pochi cristalli  ma molte perle. Oppure cristalli grandi, non cristallizzato, non scrocchiarelli","Perplesso. Sembrano pochi cristalli  ma molte perle. Oppure cristalli grandi, non cristallizzato, non scrocchiarelli",2020,C0E,TG_04
110,OK,"Il campione contiene perle piuttosto dure, che risultano poco piacevoli alla masticazione.","Contiene perle piuttosto dure, non piacevoli alla masticazione","Contiene perle piuttosto dure, non piacevoli alla masticazione",2020,C0E,TG_14
111,OK,"La texture è pastosa e asciutta, ma nel complesso mantiene una buona qualità.",Pastoso e o asciutto ma nel complesso buono!,Pastoso e o asciutto ma nel complesso buono!,2020,C0D,TG_24
112,OK,"Il campione presenta una leggera schioccantezza, con una microocchiatura uniforme.",Leggermente schioccante,Leggermente schioccante,2020,C0E,TG_24
113,OK,"Peccato per la secchezza, che influisce sulla piacevolezza della pasta.",Peccato per asciutto,Peccato per asciutto,2020,C0M,TG_24
114,OK,"Il campione è un po' troppo umido, ma non presenta bagnato.","Un Po troppo umido, ma non è  bagnato","Un Po troppo umido, ma non è  bagnato",2020,C0E,TG_35
115,OK,"Il campione presenta una leggera sabbiosità, che influisce sulla consistenza.",Leggermente sabbioso,Leggermente sabbioso,2020,C0N,TG_35
116,OK,"Il campione è leggermente duro e schioccante, con una microocchiatura uniforme.",Leggermente  duro e schioccante,Leggermente  duro e schioccante,2020,C0H,TG_24
117,OK,"Il campione è leggermente asciutto, ma non compromette la qualità complessiva.",Leggermente  asciutto!,Leggermente  asciutto!,2020,C0M,TG_24
118,OK,"Il difetto è che il campione risulta troppo tenero, influenzando la struttura.",Difetto é che troppo tenero,Difetto é che troppo tenero,2020,C0G,TG_04
119,OK,"Il campione è poco solubile e asciutto in gola, compromettendo la piacevolezza.",Poco solubile e asciutto in gola,Poco solubile e asciutto in gola,2020,C0Q,TG_04
120,OK,"Il campione è un po' duro, ma non compromette la qualità complessiva.",Un po duro,Un po duro,2020,C0P,TG_35
121,ILLEGGIBILE,,Ingozza,Ingozza,2020,C0E,TG_04
122,OK,"Il campione presenta una pasta che lega in bocca, evidenziando una buona struttura.",Lega in bocca!,Lega in bocca!,2020,C0F,TG_24
123,OK,"Il campione ingozza nel finale, mostrando una buona persistenza al palato.",ingozza nel finale,ingozza nel finale,2020,C0A,TG_04
124,OK,"Il campione è solo un po' tenero, ma mantiene una buona compattezza.",solo un po’ tenero,solo un po’ tenero,2020,C0G,TG_04
125,OK,"Il campione è molto tenero, con una buona sensazione al palato.",Molto tenero,Molto tenero,2020,C0Q,TG_04
126,OK,"Il campione è molto compatto, con una struttura ben definita.",Molto compatto,Molto compatto,2020,C0C,TG_19
127,OK,"La pasta si presenta compatta, con una buona struttura e senza difetti.",Compatto,Compatto,2020,C0N,TG_19
128,OK,"Il campione ha una bella struttura, con una buona consistenza.",Bella struttura,Bella struttura,2020,C0A,TG_24
129,OK,Il campione è leggermente tenero ma presenta una bella struttura.,Leggermente  tenero ma bella struttura,Leggermente  tenero ma bella struttura,2020,C0G,TG_24
130,OK,"La texture è compatta, evidenziando una buona compattezza e assenza di difetti.",Compatto,Compatto,2020,C0B,TG_19
131,OK,"Il campione impasta, mostrando una certa adesività al palato.",Ingrossa un pochetto,impasta,2020,C0M,TG_04
132,OK,"Il campione è molto compatto, con una struttura ben definita.",Molto compatto,Molto compatto,2020,C0M,TG_19
133,FUORI_ATTRIBUTO,"Scricchiola, ma non per cristalli.",Scricchiola ma non per cristalli,Scricchiola ma non per cristalli,2020,C0H,TG_24
134,OK,"Il campione è solo leggermente asciutto o pastoso, senza difetti evidenti.",Solo leggermente  asciutto o pastoso,Solo leggermente  asciutto o pastoso,2020,C0N,TG_24
135,OK,"Il campione presenta una sensazione astringente, che lega la bocca.",Astringente,Astringente,2020,C0I,TG_12
136,OK,"La pasta è compatta, mostrando una buona struttura e senza difetti evidenti.",Compatto,Compatto,2020,C0M,TG_19
137,OK,"La texture è compatta, con una buona compattezza e assenza di difetti.",Compatto,Compatto,2020,C0P,TG_19
138,OK,"Il campione è leggermente asciutto e anche pastoso, ma senza difetti evidenti.",Leggermente  asciutto e anche pastoso,Leggermente  asciutto e anche pastoso,2020,C0M,TG_24
139,OK,"La pasta è forse leggermente tenera, ma mantiene una buona compattezza.",Forse leggermente tenero,Forse leggermente tenero,2020,C0Q,TG_24
140,OK,"Il campione presenta una leggera sensazione sabbiosa, senza difetti evidenti.",Leggermente sabbioso,Leggermente sabbioso,2020,C0F,TG_19
141,OK,"Il campione è leggermente asciutto, ma presenta una buona compattezza.",Leggermente asciutto,Leggermente asciutto,2020,C0F,TG_24
142,FUORI_ATTRIBUTO,"È anche solubile, sebbene leggermente asciutto.",Anche solubile sebbene leggermente  asciutto,Anche solubile sebbene leggermente  asciutto,2020,C0G,TG_24
143,FUORI_ATTRIBUTO,La pasta è stirata.,Pasta stirata,Pasta stirata,2020,C0M,Q_02
144,OK,"La pasta è abbastanza solubile, mostrando una buona struttura.",Abbastanza solubile,Abbastanza solubile,2020,C0H,TG_04
145,FUORI_ATTRIBUTO,Potrebbe essere poco solubile.,Forse anche poco solubile,Forse anche poco solubile,2020,C0E,TG_24
146,FUORI_ATTRIBUTO,Potrebbero esserci pochi cristalli.,Forse pochi cristalli,Forse pochi cristalli,2020,C0H,TG_24
147,FUORI_ATTRIBUTO,Tende ad essere duro.,Tende al duro,Tende al duro,2020,C0M,TG_24
148,ILLEGGIBILE,,"Non ottimale, anzi non bella!","Non ottimale, anzi non bella!",2020,C0P,TG_24
149,FUORI_ATTRIBUTO,È un po' umido.,Un po umido,Un po umido,2020,C0N,TG_35
150,FUORI_ATTRIBUTO,È abbastanza solubile e ingozza.,"Abbastanza solubile, ingozza","Abbastanza solubile, ingozza",2020,C0N,TG_04
151,OK,Il campione presenta una pasta compatta.,Compatto,Compatto,2020,C0L,TG_19
152,ILLEGGIBILE,,Non ok,Non ok,2020,C0A,TG_24
153,FUORI_ATTRIBUTO,C'è un contrasto tra umidità e untuosità.,Contrasto umidità e untuosita..,Contrasto umidità e untuosita..,2020,C0L,TG_24
154,FUORI_ATTRIBUTO,È leggermente poco solubile e faticoso.,Leggermente  poco solubile e faticoso?,Leggermente  poco solubile e duro,2020,C0O,TG_24
155,ILLEGGIBILE,,Strano!,Strano!,2020,C0R,TG_24
156,FUORI_ATTRIBUTO,Ha anche poca solubilità.,Anche poca solUBILITA!,Anche poca solUBILITA!,2020,C0C,TG_24
157,OK,"Il campione è solo leggermente asciutto, ma mantiene una buona compattezza.",Solo leggermente  asciutto,Solo leggermente  asciutto,2020,C0D,TG_24
158,FUORI_ATTRIBUTO,Ingozza.,Ingozza,Ingozza,2020,C0L,TG_04
159,OK,Il campione presenta una pasta discretamente granulosa e asciuga le fauci.,Discretamente granulosa. Asciuga le fauci,Discretamente granulosa. Asciuga le fauci,2020,C0Q,TG_04
160,FUORI_ATTRIBUTO,È astringente.,Astringente,Astringente,2020,C0A,TG_13
161,OK,Il campione presenta una pasta compatta.,Compatto,Compatto,2020,C0A,TG_19
162,OK,"La pasta è leggermente asciutta, ma presenta una buona compattezza.",Leggermente  asciutto?,Leggermente  asciutto?,2020,C0L,TG_24
163,FUORI_ATTRIBUTO,È piacevole però.,Piacevole però,Piacevole però,2020,C0R,TG_24
164,OK,"Il campione presenta una buona solubilità, con una pasta compatta e friabile, senza difetti strutturali evidenti.",Discretamente solubile,Discretamente solubile,2020,C0B,TG_04
165,FUORI_ATTRIBUTO,Sembrava avere una grana giovane.,Sembrata grana giovane,Sembrata grana giovane,2020,C0A,TG_14
166,OK,Il campione presenta una pasta compatta.,Compatto,Compatto,2020,C0B,TG_19
167,OK,Il campione presenta una pasta compatta.,Compatto,Compatto,2020,C0M,TG_19
168,OK,"Il campione presenta una pasta con una sensazione di astringenza, che lega la bocca, senza difetti strutturali evidenti.",Lega la bocca,Lega la bocca,2020,C0B,TG_24
169,OK,"Il campione presenta una leggera asciuttezza, che potrebbe influenzare la percezione complessiva della texture.",Solo leggermente asciutto,Solo leggermente asciutto,2020,C0C,TG_24
170,FUORI_ATTRIBUTO,Potrebbe essere pastoso.,Forse  pastoso,Forse  pastoso,2020,C0E,TG_24
171,OK,"Il campione presenta una pasta con una certa adesività, che incolla la bocca, senza difetti strutturali evidenti.",Anche adesivo,Anche adesivo,2020,C0M,TG_24
172,OK,"Il campione presenta una buona friabilità, con una pasta compatta e friabile, senza difetti strutturali evidenti.",Abbastanza friabile,Abbastanza friabile,2020,C0A,TG_04
173,OK,"Il campione presenta una buona friabilità, con una pasta compatta e friabile, senza difetti strutturali evidenti.",Leggermente friabile,Leggermente friabile,2020,C0H,TG_04
174,OK,"Il campione presenta una buona solubilità, con una pasta compatta e friabile, senza difetti strutturali evidenti.",Buona solubilità,Buona solubilità,2020,C0P,TG_04
175,OK,Il campione presenta una pasta compatta.,Compatto,Compatto,2020,C0A,TG_19
176,FUORI_ATTRIBUTO,Potrebbe essere un po' tenero e asciutto.,Forse un po'  tenero e asciutto,Forse un po'  tenero e asciutto,2020,C0H,TG_24
177,OK,"Il campione presenta una pasta con una sensazione di astringenza, che lega la bocca, senza difetti strutturali evidenti.",Lega in bocca,Lega in bocca,2020,C0N,TG_24
178,FUORI_ATTRIBUTO,È strano ma interessante.,Strano ma interessante,Strano ma interessante,2020,C0P,TG_24
179,FUORI_ATTRIBUTO,È controverso.,Controverso,Controverso,2020,C0C,TG_24
180,OK,"Il campione presenta una buona solubilità, ma risulta leggermente asciutto, con una pasta compatta e friabile, senza difetti strutturali evidenti.",Anche buona solubilita! Peccato per asciutto,Anche buona solubilita! Peccato per asciutto,2020,C0F,TG_24
181,FUORI_ATTRIBUTO,È leggermente pastoso.,Leggermente  pastoso,Leggermente  pastoso,2020,C0L,TG_24
182,OK,"Il campione presenta una pasta che impasta la bocca, con una texture che suggerisce una certa adesività.",Impasta la bocca,Impasta la bocca,2020,C0C,TG_24
183,FUORI_ATTRIBUTO,Ha una consistenza strana.,Consistenza strana,Consistenza strana,2020,C0M,TG_24
184,FUORI_ATTRIBUTO,È fastidioso in bocca.,Fastidioso in bocca,Fastidioso in bocca,2020,C0P,TG_24
185,FUORI_ATTRIBUTO,Ci sono quasi troppi cristalli.,Quasi troppi cristalli...,Quasi troppi cristalli...,2020,C0E,TG_35
186,OK,"Il campione mostra una media solubilità e friabilità, con una pasta che si sbriciola in bocca.",Media solvibilità e friabilita,Media solvibilità e friabilita,2020,C0A,TG_24
187,FUORI_ATTRIBUTO,La consistenza è strana.,Strana consistenza,Strana consistenza,2020,C0M,TG_24
188,ILLEGGIBILE,,Pessima,Pessima,2020,C0Q,TG_24
189,FUORI_ATTRIBUTO,"È interessante, anche se asciutta.",Interessante anche se asciutta,Interessante anche se asciutta,2020,C0I,TG_24
190,FUORI_ATTRIBUTO,È leggermente asciutta.,Leggermente  asciutto,Leggermente  asciutto,2020,C0G,TG_24
191,OK,Il campione presenta una pasta asciutta.,Asciutto,Asciutto,2021,C0N,TG_14
192,OK,Il campione presenta una pasta asciutta.,Asciutto,Asciutto,2021,C0P,TG_14
193,OK,Il campione presenta una pasta asciutta.,Asciutto,Asciutto,2021,C0M,TG_14
194,OK,Il campione presenta una pasta asciutta.,Asciutto,Asciutto,2021,C0F,TG_04
195,FUORI_ATTRIBUTO,"Ci sono cristalli, anche troppi.",Cristalli anche troppi,Cristalli anche troppi,2021,C0G,TG_19
196,OK,Il campione presenta una pasta asciutta.,Asciutto,Asciutto,2021,C0M,TG_14
197,CONFORME,"Il campione mostra una texture mediamente conforme, senza evidenti difetti strutturali.",Gestire mediocre,Gestire mediocre,2021,C0A,TG_19
198,OK,Il campione presenta una pasta asciutta.,Asciutto,Asciutto,2021,C0P,TG_14
199,CONFORME,"Il campione si presenta senza particolari pregi o difetti, conforme agli standard di qualità.",Senza infamia senza lode,Senza infamia senza lode,2021,C0D,TG_19
200,OK,"Il campione presenta una granulosità irregolare, con una texture non uniforme.",Granulosità irregolare,Granulosità irregolare,2021,C0Q,TG_14
201,FUORI_ATTRIBUTO,La texture è irregolare.,Texture irregolare,Texture irregolare,2021,C0Q,TG_14
202,OK,"Il campione evidenzia una texture asciutta, che potrebbe risultare poco gradevole al palato.",Asciutto,Asciutto,2021,C0M,TG_28
203,OK,"La pasta del campione è asciutta, con una sensazione di secchezza al palato.",Asciutto,Asciutto,2021,C0O,TG_19
204,FUORI_ATTRIBUTO,Sembra più giovane.,Sembra più giovane,Sembra più giovane,2021,C0F,TG_19
205,OK,"Il campione mostra una texture asciutta, che potrebbe influenzare la sua piacevolezza.",Asciutto,Asciutto,2021,C0P,TG_04
206,OK,"La pasta è asciutta, con una sensazione di secchezza che potrebbe non risultare gradevole.",Asciutto,Asciutto,2021,C0G,TG_04
207,OK,"Il campione presenta una texture asciutta, che potrebbe compromettere l'esperienza gustativa.",Asciutto,Asciutto,2021,C0A,TG_35
208,OK,"La pasta è asciutta, con una sensazione di secchezza al palato.",Asciutto,Asciutto,2021,C0Q,TG_04
209,OK,"Il campione è secco e presenta una texture poco piacevole, che influisce sulla degustazione.","Secco, non piacevole","Secco, non piacevole",2021,C0Q,TG_19
210,RIFERIMENTO,,Modificare voto 6 e non 7 Grazie,Modificare voto 6 e non 7 Grazie,2021,C0B,Q_02
211,OK,"Il campione presenta una texture non omogenea, molle con pezzi duri, che si spappola senza essere granulosa.","Texture non omogenea,  molle con pezzi duri , si spappola senza essere granulosa","Texture non omogenea,  molle con pezzi duri , si spappola senza essere granulosa",2021,C0E,TG_14
212,OK,"La pasta del campione è asciutta, contribuendo a una sensazione di secchezza in bocca.",Asciutto,Asciutto,2021,C0B,TG_04
213,OK,"Il campione lascia una sensazione di asciuttezza in bocca, che potrebbe non essere apprezzata.",Lascia la bocca asciutta,Lascia la bocca asciutta,2021,C0I,TG_04
214,OK,"Non presenta cristalli, ma è probabile la presenza di molte perle di tirosina.","Non cristalli, Ma probabile molte perle di tirosina","Non cristalli, Ma probabile molte perle di tirosina",2021,C0E,TG_04
215,OK,"Il campione presenta una texture asciutta, che potrebbe risultare poco gradevole al palato.",Asciutto,Asciutto,2021,C0C,TG_04
216,OK,Sento la presenza di perle di tirosina.,Sento le perle,Sento le perle,2021,C0C,TG_04
217,OK,Sento la presenza di perle di tirosina.,Sento le perle,Sento le perle,2021,C0C,TG_04
218,OK,"La pasta è asciutta, contribuendo a una sensazione di secchezza al palato.",Asciutto,Asciutto,2021,C0R,TG_04
219,OK,Le perle di tirosina risultano fastidiose.,Perle fastidiose,perle fastidiose,2021,C0G,TG_19
220,OK,"Il campione mostra una texture asciutta, con una sensazione di secchezza in bocca.",Asciutto,Asciutto,2021,C0Q,TG_14
221,FUORI_ATTRIBUTO,"La consistenza della grana è stranissima, come se ci fossero scagliette.",Stranissima consistenza della grana come rimanessero scagliette,Stranissima consistenza della grana come rimanessero scagliette,2021,C0Q,TG_19
222,FUORI_ATTRIBUTO,Ci sono scagliette e non granuli.,Scagliette e non granuli,Scagliette e non granuli,2021,C0A,TG_19
223,FUORI_ATTRIBUTO,È un po' umido.,"Un po’ umido,","Un po’ umido,",2021,C0E,TG_24
224,OK,"La pasta del campione è asciutta, con una sensazione di secchezza che potrebbe non risultare gradevole.",Asciutto,Asciutto,2021,C0Q,TG_04
225,OK,"Il campione presenta una texture asciutta, che potrebbe influenzare la piacevolezza della degustazione.",Asciutto,Asciutto,2021,C0A,TG_19
226,OK,Ho segnato durezza positiva perché ritengo abbia una bella espressione.,"Ho segnato durezza positiva perché ritengo abbia una bella espressione,","Ho segnato durezza positiva perché ritengo abbia una bella espressione,",2021,C0L,TG_24
227,OK,"Il campione è molto asciutto, il che potrebbe compromettere l'esperienza gustativa.",Molto asciutto,Molto asciutto,2021,C0B,TG_19
228,OK,"La pasta è asciutta, con una sensazione di secchezza che potrebbe non essere apprezzata.",Asciutto,Asciutto,2021,C0O,TG_04
229,FUORI_ATTRIBUTO,È difficile da ingoiare.,Ingozza,Ingozza,2021,C0C,TG_04
230,FUORI_ATTRIBUTO,Ha una presunta struttura stirata.,Presunta struttura stirata,Presunta struttura stirata,2021,C0A,Q_02
231,OK,Il campione presenta una buona presenza di cristalli e perle.,Tanti cristalli e perle,Tanti cristalli e perle,2021,C0N,TG_04
232,FUORI_ATTRIBUTO,I pezzi sono molto diversi tra loro.,Pezzi molto diversi,Pezzi molto diversi,2021,C0L,TG_19
233,OK,"Il campione è granuloso, giustamente umido e solubile.","granulosa, giustamente umida, solubile","granulosa, giustamente umida, solubile",2018,C0A,TG_20
234,FUORI_ATTRIBUTO,È asciutto con cristalli.,asciutto cristalli sol,asciutto cristalli sol,2018,C0A,Q_09
235,OK,Il campione presenta pochi cristalli di tirosina.,pochi cristalli di tirosina,pochi cristalli di tirosina,2018,C0A,Q_02
236,OK,"Il campione ha una bella presenza di granuli, consistenza media, umidità e durezza OK.","bella presenza di granuli, consistenza media, unidita e durezza OK","bella presenza di granuli, consistenza media, umidità e durezza OK",2018,C0A,TG_24
237,FUORI_ATTRIBUTO,"Ha un po' di struttura, ma manca di cristalli e si scioglie bene.","un po di struttura, mancanza dicristalli, di scioglie bene","un po di struttura, mancanza dicristalli, di scioglie bene",2018,C0A,TG_08
238,OK,"Il campione è morbido, leggermente pastoso e presenta pochi microcristalli.","morbido, un pocchetto pastoso, pochi microcristalli","morbido, un pocchetto pastoso, pochi microcristalli",2018,C0A,TG_04
239,OK,"Il campione presenta un po' di asciuttezza, che potrebbe influenzare la percezione della texture.",un po- asciutto,un po' asciutto,2018,C0A,TG_12
240,FUORI_ATTRIBUTO,C'è un po' di sabbiosità finale.,"un po di sabbiosita finale, ma","un po di sabbiosita finale, ma",2018,C0A,TG_19
241,FUORI_ATTRIBUTO,"È quasi elastica, poco granulosa ma solubile.","quasi elastica, poco granulosa ma solubile","quasi elastica, poco granulosa ma solubile",2018,C0C,TG_20
242,OK,"Il campione presenta una consistenza pastosa, con una buona pastosità che conferisce una sensazione morbida al palato.",pastoso,pastoso,2018,C0C,TG_13
243,FUORI_ATTRIBUTO,"È morbido, asciutto con cristalli, l'impasto è ok.",morbido asciutto cristalli ok impasto,morbido asciutto cristalli ok impasto,2018,C0C,Q_09
244,FUORI_ATTRIBUTO,C'è pochissima tirosina.,"pochissima tirosina, a","pochissima tirosina, a",2018,C0C,Q_02
245,OK,"Il campione mostra una bassa durezza, una discreta pastosità e farinosità, con umidità nella norma.","poca durezza, ma discreta pastosita e farinosita, umidita a posto","poca durezza, ma discreta pastosita e farinososita, umidita a posto",2018,C0C,TG_24
246,OK,"La pasta presenta poca struttura, qualche granulo e si scioglie bene in bocca.","poca struttura, qualche granulo, si scioglie bene in bocca,","poca struttura, qualche granulo, si scioglie bene in bocca,",2018,C0C,TG_08
247,OK,"La microstruttura è grossolana, elastica e poco franabile.","microstruttura grossolana.. elastico, poco franabile","microstruttura grossolana.. elastico, poco franabile",2018,C0C,TG_04
248,FUORI_ATTRIBUTO,È pastoso e morbido.,pastoso&morbido,pastoso&morbido,2018,C0C,TG_11
249,OK,"Il campione risulta pastoso e sabbioso alla fine, senza grana.","pastoso e sabbioso alla fine, senza grana","pastoso e sabbioso alla fine, senza grana",2018,C0C,TG_19
250,OK,"Il campione è piuttosto umido, poco granuloso ma solubile.","piuttosto umida, poco granulosa ma solubile","piuttosto umida, poco granulosa ma solubile",2018,C0D,TG_20
251,OK,"La pasta è asciutta e pastosa, con poca grana che lascia una sensazione sabbiosa in bocca.",asciutto pastoso poca grana lascia sabbia in bocca,asciutto pastoso poca grana lascia sabbia in bocca,2018,C0D,Q_09
252,OK,I cristalli di tirosina sono percepibili e ben distribuiti nella grana.,cristalli di tirosina percepibili come la grana,cristalli di tirosina percepibili come la grana,2018,C0D,Q_02
253,OK,"Il campione presenta una buona pastosità, durezza media e non è asciutto.",buona pastosita e nel contempo durezza media e non asciutto,buona pastosita e nel contempo durezza media e non asciutto,2018,C0D,TG_24
254,OK,"La granulometria è buona, con una struttura micro equilibrata e cristalli ben sviluppati.",buona granulometria struttura micro equilibrata con i cristalli,buona granulometria struttura micro equilibrata con i cristalli,2018,C0D,TG_08
255,OK,"La microstruttura è scarsa, morbido ma crea secchezza delle fauci.","Poca microstruttura. Morbido, ciononostante crea secchezza delle fauci","Poca microstruttura. Morbido, ciononostante crea secchezza delle fauci",2018,C0D,TG_04
256,FUORI_ATTRIBUTO,Il formaggio è umido.,umido,umido,2018,C0D,TG_11
257,OK,"Il campione è umido, ancora elastico, poco granuloso e poco solubile.","umida, ancora elastica, poco granulosa, poco solubile","umida, ancora elastica, poco granulosa, poco solubile",2018,C0I,TG_20
258,FUORI_ATTRIBUTO,È asciutto e pastoso.,asciutto pastoso sol,asciutto pastoso sol,2018,C0I,Q_09
259,FUORI_ATTRIBUTO,,pochi cristalli di tirosina,pochi cristalli di tirosina,2018,C0I,Q_02
260,OK,"Il campione risulta troppo pastoso, asciutto e farinoso.","troppo pastoso, asciutto e farinoso","troppo pastoso, asciutto e farinososo",2018,C0I,TG_24
261,FUORI_ATTRIBUTO,"È friabile, con poca struttura e qualche cristallo.","friabile, poco struttura e qualche cristallo","friabile, poco struttura e qualche cristallo",2018,C0I,TG_08
262,OK,"Il campione presenta una pasta asciutta che asciuga la bocca, senza difetti strutturali evidenti.","asciutto, asciuga la bocca","asciutto, asciuga la bocca",2018,C0I,TG_04
263,FUORI_ATTRIBUTO,Ha una consistenza leggermente gommoso.,legg gommoso,legg gommoso,2018,C0I,TG_12
264,OK,"Il campione è asciutto e friabile, con una grana fine e senza difetti strutturali evidenti.","asciutto, friabile, grana fine","asciutto, friabile, grana fine",2018,C0I,TG_19
265,OK,"Il campione è asciutto e presenta una granulosa solubilità, senza difetti strutturali evidenti.","evidentemente asciutta, ma granulosa, solubile","evidentemente asciutta, ma granulosa, solubile",2018,C0M,TG_20
266,OK,"Il campione è poco solubile e presenta una consistenza pastosa, senza difetti strutturali evidenti.","poco solubile, pastoso","poco solubile, pastoso",2018,C0M,TG_13
267,OK,"Il campione è morbido con cristalli, asciutto all'inizio ma poi solubile, senza difetti strutturali evidenti.",morbido con cristalli aciutto all-inizio ma poi solubile,morbido con cristalli asciutto all-inizio ma poi solubile,2018,C0M,Q_09
268,OK,"Il campione presenta cristalli di tirosina percepibili e una grana persistente, senza difetti strutturali evidenti.",cristalli tirosina percepibili e grana persistente,cristalli tirosina percepibili e grana persistente,2018,C0M,Q_02
269,OK,"Il formaggio mostra una bella presenza di granuli, con una pastosità e umidità che risultano conformi agli standard.","bella presenza di grabuli, pastosita e umidita OK","bella presenza di grabuli, pastosita e umidita OK",2018,C0M,TG_24
270,FUORI_ATTRIBUTO,Non presenta granuli e cristalli.,senza granumelotria e cristalli,senza granumelotria e cristalli,2018,C0M,TG_08
271,OK,"Il campione è friabile, leggermente asciutto, con molti cristalli, anche grossi, senza difetti strutturali evidenti.","friabile, un pochetto asciutto, cristalli molti, anche grossi","friabile, un pochetto asciutto, cristalli molti, anche grossi",2018,C0M,TG_04
272,FUORI_ATTRIBUTO,È asciutto e friabile.,"asciutto, friabile,","asciutto, friabile,",2018,C0M,TG_19
273,OK,"Il campione è cedevole, poco granulosa e presenta una sensazione quasi sabbiosa, senza difetti strutturali evidenti.","cedevole, poco granulosa, quasi sabbiosa","cedevole, poco granulosa, quasi sabbiosa",2018,C0Q,TG_20
274,OK,"Il campione è granuloso e solubile, senza difetti strutturali evidenti.",granuloso e solubile,granuloso e solubile,2018,C0Q,TG_13
275,OK,"Il campione è morbido e pastoso con cristalli, lasciando una sensazione di sabbia in bocca, senza difetti strutturali evidenti.",morbido pastoso con cristalli lascia sensazione di sabbia in bocca,morbido pastoso con cristalli lascia sensazione di sabbia in bocca,2018,C0Q,Q_09
276,OK,"Il campione presenta una percepibile presenza di granuli di tirosina e una grana della pasta, senza difetti strutturali evidenti.",percepibile presenza granuli di tirosina e grana della pasta,percepibile presenza granuli di tirosina e grana della pasta,2018,C0Q,Q_02
277,OK,"Il campione è asciutto e pastoso, senza difetti strutturali evidenti.",asciutta e pastosa,asciutta e pastosa,2018,C0Q,TG_24
278,OK,"Il campione presenta poca struttura, si scioglie bene in bocca e ha qualche granulo, senza difetti strutturali evidenti.","poca struttura, si scioglie bene in bocca, qualche granulo","poca struttura, si scioglie bene in bocca, qualche granulo",2018,C0Q,TG_08
279,OK,"Il campione è morbido, friabile e presenta cristalli, senza difetti strutturali evidenti.",morbido. Friabile. Cristalli presenti,morbido. Friabile. Cristalli presenti,2018,C0Q,TG_04
280,OK,"Il campione è pastoso e manca leggermente di granulosa, senza difetti strutturali evidenti.","pastoso, manca un po di granulosita,","pastoso, manca un po di granulosita,",2018,C0Q,TG_19
281,FUORI_ATTRIBUTO,È pastoso e persistente in bocca.,"pastoso, persistente in bocca","pastoso, persistente in bocca",2018,C0B,TG_13
282,FUORI_ATTRIBUTO,"È asciutto e poco solubile, lasciando una sensazione di farina in bocca.",asciutto e poco sol lascia sensazione di farina in bocca,asciutto e poco sol lascia sensazione di farina in bocca,2018,C0B,Q_09
283,FUORI_ATTRIBUTO,I cristalli di tirosina sono molto scarsi.,tirosina molto scarsa,tirosina molto scarsa,2018,C0B,Q_02
284,OK,"Il campione presenta una pasta friabile e morbida, con pochi cristalli, che impasta la bocca.",Friabile e morbido. pochi cristalli. impasta la bocca,Friabile e morbido. pochi cristalli. impasta la bocca,2018,C0B,TG_04
285,FUORI_ATTRIBUTO,Presenta cristalli.,con cristalli,con cristalli,2018,C0B,TG_35
286,FUORI_ATTRIBUTO,È leggermente asciutto.,legg asciutto,legg asciutto,2018,C0B,TG_12
287,FUORI_ATTRIBUTO,È secco.,secco,secco,2018,C0B,TG_11
288,OK,"Il campione mostra una pasta poco friabile, compatta, poco granulosa e abbastanza solubile.","poco friabile, compatto, poco granuloso, abbastanza solubile","poco friabile, compatto, poco granuloso, abbastanza solubile",2018,C0B,TG_19
289,OK,Il campione presenta una pasta granulosa e solubile.,granuloso e solubile,granuloso e solubile,2018,C0D,TG_13
290,OK,Il campione è friabile ma asciutto.,friabile ma asciutto,friabile ma asciutto,2018,C0D,Q_09
291,FUORI_ATTRIBUTO,Tende al molliccio.,tendente al molliccio,tendente al molliccio,2018,C0D,Q_02
292,OK,"Il campione è ben friabile, con una struttura fine, si scioglie bene in bocca e non è asciutto.","Ben friabile, lascia un struttura fine. Si scioglie bene in bocca, non asciutto","Ben friabile, lascia un struttura fine. Si scioglie bene in bocca, non asciutto",2018,C0D,TG_04
293,FUORI_ATTRIBUTO,Ci sono cristalli.,Cristalli,Cristalli,2018,C0D,TG_35
294,OK,Il campione presenta un grana presente e compatto.,"grana presente, compatto,","grana presente, compatto,",2018,C0D,TG_19
295,OK,"Il campione è granuloso e asciutto, con percezione dei cristalli.",granuoloso asciutto si percepiscono i cristalli,granulososo asciutto si percepiscono i cristalli,2018,C0F,Q_09
296,FUORI_ATTRIBUTO,È asciutto.,asciutto,asciutto,2018,C0F,Q_02
297,OK,Il campione è friabile e appena asciutto.,"Friabile, appena asciutto","Friabile, appena asciutto",2018,C0F,TG_04
298,OK,Il campione lascia la bocca pulita.,lascia la bocca pulita,lascia la bocca pulita,2018,C0F,TG_35
299,FUORI_ATTRIBUTO,È asciutto.,asciutto,asciutto,2018,C0F,TG_12
300,FUORI_ATTRIBUTO,È secco e asciutto.,"secco, asciutto","secco, asciutto",2018,C0F,TG_11
301,FUORI_ATTRIBUTO,"È deformabile, compatto, poco friabile e poco granuloso.","deformabile, compatto, poco friabile, poco granuloso","deformabile, compatto, poco friabile, poco granuloso",2018,C0F,TG_19
302,OK,"Il campione presenta una pasta compatta e pastosa, con una solubilità limitata.",compatta e poco solubile. pastoso,compatta e poco solubile. pastoso,2018,C0I,TG_13
303,FUORI_ATTRIBUTO,È morbido con poca grana e impasta.,morbido poca grana impasta,morbido poca grana impasta,2018,C0I,Q_09
304,FUORI_ATTRIBUTO,"Il formaggio è morbido, poco friabile e presenta poca microstruttura.","morbido, poco friabile, poca microstruttura","morbido, poco friabile, poca microstruttura",2018,C0I,TG_04
305,OK,Il campione presenta una grana ben percettibile e una presenza di cristalli.,"Grana ben percettibile, presenza di cristalli","Grana ben percettibile, presenza di cristalli",2018,C0I,TG_35
306,FUORI_ATTRIBUTO,Il formaggio ha una consistenza gommosa.,gommosa,gommosa,2018,C0I,TG_11
307,FUORI_ATTRIBUTO,"È morbido, si sentono i cristalli, poco granuloso e molto sol.",morbido si sentono i cristalli poco granuloso molto sol,morbido si sentono i cristalli poco granuloso molto sol,2018,C0L,Q_09
308,OK,"Il campione risulta umido, cedevole e quasi colloso, con una sensazione di pastosità.","Umido, cedevole, quasi colloso. Sembra di mangiare pongo","Umido, cedevole, quasi colloso. Sembra di mangiare pongo",2018,C0L,TG_04
309,OK,"Il campione presenta cristalli di dimensioni medio-grosse, lasciando la bocca pulita.","cristalli medio grossi, la bocca nel complesso rimane pulita","cristalli medio grossi, la bocca nel complesso rimane pulita",2018,C0L,TG_35
310,OK,"Il campione è molto umido, solubile e poco granuloso.","molto umido, solubile, poco granuloso","molto umido, solubile, poco granuloso",2018,C0L,TG_19
311,OK,Si sentono bene i cristalli nel campione.,si sentono bene i cristalli,si sentono bene i cristalli,2018,C0O,Q_09
312,OK,Il campione è friabile e lascia la bocca impastata.,"Friabile, lascia la bocca impastata","Friabile, lascia la bocca impastata",2018,C0O,TG_04
313,OK,Il campione presenta una texture granulosa con pochi cristalli.,granulosa con pochi cristalli,granulosa con pochi cristalli,2018,C0O,TG_35
314,OK,Il campione è pastoso e persistente in bocca.,"pastoso, persistente in bocca","pastoso, persistente in bocca",2018,C0A,TG_20
315,OK,"Il campione è asciutto e poco solubile, lasciando una sensazione di farina in bocca.",asciutto e poco sol lascia sensazione di farina in bocca,asciutto e poco sol lascia sensazione di farina in bocca,2018,C0A,TG_15
316,OK,La presenza di tirosina è molto scarsa nel campione.,tirosina molto scarsa,tirosina molto scarsa,2018,C0A,Q_09
317,OK,"Il campione è friabile e morbido, con pochi cristalli che impastano la bocca.",Friabile e morbido. pochi cristalli. impasta la bocca,Friabile e morbido. pochi cristalli. impasta la bocca,2018,C0A,TG_13
318,FUORI_ATTRIBUTO,Il formaggio presenta dei cristalli.,con cristalli,con cristalli,2018,C0A,TG_24
319,FUORI_ATTRIBUTO,È leggermente asciutto.,legg asciutto,legg asciutto,2018,C0A,Q_02
320,FUORI_ATTRIBUTO,Il formaggio è secco.,secco,secco,2018,C0A,TG_05
321,FUORI_ATTRIBUTO,"È poco friabile, compatto, poco granuloso e abbastanza solubile.","poco friabile, compatto, poco granuloso, abbastanza solubile","poco friabile, compatto, poco granuloso, abbastanza solubile",2018,C0A,TG_11
322,OK,"Il campione presenta una pasta granulosa e solubile, con una buona consistenza.",granuloso e solubile,granuloso e solubile,2018,C0A,TG_14
323,OK,"Il campione è friabile ma asciutto, mostrando una certa compattezza.",friabile ma asciutto,friabile ma asciutto,2018,C0A,TG_19
324,FUORI_ATTRIBUTO,Tende a essere molliccio.,tendente al molliccio,tendente al molliccio,2018,C0C,TG_20
325,OK,"Il campione è ben friabile, con una struttura fine e si scioglie bene in bocca, senza asciuttezza.","Ben friabile, lascia un struttura fine. Si scioglie bene in bocca, non asciutto","Ben friabile, lascia un struttura fine. Si scioglie bene in bocca, non asciutto",2018,C0C,TG_15
326,FUORI_ATTRIBUTO,Presenta cristalli.,Cristalli,Cristalli,2018,C0C,Q_09
327,OK,"Il campione presenta una buona grana, compatta e senza difetti.","grana presente, compatto,","grana presente, compatto,",2018,C0C,Q_02
328,OK,"Il campione è granuloso e asciutto, con cristalli ben percepibili.",granuoloso asciutto si percepiscono i cristalli,granulososo asciutto si percepiscono i cristalli,2018,C0C,TG_11
329,FUORI_ATTRIBUTO,Il formaggio è asciutto.,asciutto,asciutto,2018,C0C,TG_14
330,OK,"Il campione è friabile e appena asciutto, mostrando una buona consistenza.","Friabile, appena asciutto","Friabile, appena asciutto",2018,C0C,TG_19
331,FUORI_ATTRIBUTO,Lascia la bocca pulita.,lascia la bocca pulita,lascia la bocca pulita,2018,C0E,TG_20
332,FUORI_ATTRIBUTO,È asciutto.,asciutto,asciutto,2018,C0E,TG_15
333,FUORI_ATTRIBUTO,È secco e asciutto.,"secco, asciutto","secco, asciutto",2018,C0E,Q_09
334,OK,"Il campione è deformabile, compatto, poco friabile e con una granulosità limitata.","deformabile, compatto, poco friabile, poco granuloso","deformabile, compatto, poco friabile, poco granuloso",2018,C0E,TG_13
335,OK,"Il campione è compatto e poco solubile, con una certa pastosità.",compatta e poco solubile. pastoso,compatta e poco solubile. pastoso,2018,C0E,TG_24
336,OK,"Il campione è morbido, con poca grana e una certa adesività.",morbido poca grana impasta,morbido poca grana impasta,2018,C0E,Q_02
337,OK,"Il campione è morbido, poco friabile e presenta una microstruttura limitata.","morbido, poco friabile, poca microstruttura","morbido, poco friabile, poca microstruttura",2018,C0E,TG_11
338,OK,Il campione ha una grana ben percettibile e presenta cristalli.,"Grana ben percettibile, presenza di cristalli","Grana ben percettibile, presenza di cristalli",2018,C0E,TG_14
339,OK,Il campione ha una consistenza gommosa.,gommosa,gommosa,2018,C0G,TG_20
340,OK,"Il campione è morbido, con cristalli ben percepibili e poco granuloso.",morbido si sentono i cristalli poco granuloso molto sol,morbido si sentono i cristalli poco granuloso molto sol,2018,C0G,TG_13
341,FUORI_ATTRIBUTO,"È umido, cedevole e quasi colloso, sembra di mangiare pongo.","Umido, cedevole, quasi colloso. Sembra di mangiare pongo","Umido, cedevole, quasi colloso. Sembra di mangiare pongo",2018,C0G,Q_02
342,OK,"Il campione presenta cristalli di dimensioni medio-grosse, con una sensazione di pulizia in bocca.","cristalli medio grossi, la bocca nel complesso rimane pulita","cristalli medio grossi, la bocca nel complesso rimane pulita",2018,C0G,TG_05
343,OK,"Il campione è molto umido, solubile e presenta una bassa granulosità.","molto umido, solubile, poco granuloso","molto umido, solubile, poco granuloso",2018,C0G,TG_19
344,OK,I cristalli sono ben percepibili nel campione.,si sentono bene i cristalli,si sentono bene i cristalli,2018,C0N,TG_15
345,OK,Il campione è friabile e lascia una sensazione di impasto in bocca.,"Friabile, lascia la bocca impastata","Friabile, lascia la bocca impastata",2018,C0N,TG_13
346,OK,Il campione presenta una texture granulosa con pochi cristalli.,granulosa con pochi cristalli,granulosa con pochi cristalli,2018,C0N,TG_24
347,OK,"Il campione è leggermente cedevole, poco aggregato ma solubile.","leggermente cedevole, poco aggregata ma solubile","leggermente cedevole, poco aggregata ma solubile",2018,C0A,TG_20
348,FUORI_ATTRIBUTO,È adesivo.,ADESIVA,ADESIVA,2018,C0A,TG_15
349,FUORI_ATTRIBUTO,È solubile.,solubile,solubile,2018,C0A,TG_13
350,FUORI_ATTRIBUTO,Ha una consistenza pastosa.,pastoso,pastoso,2018,C0A,TG_26
351,OK,"Il campione è asciutto, granuloso, presenta cristalli ed è ben solubile.",asciutto granuloso con cristalli e ben solubile,asciutto granuloso con cristalli e ben solubile,2018,C0A,Q_09
352,OK,"Il campione è umido, cedevole, con poca struttura e presenta una pastosità immatura.","umido, cedevole, poca struttura. Pastoso. immaturo","umido, cedevole, poca struttura. Pastoso. immaturo",2018,C0A,TG_04
353,OK,"Il campione è asciutto, pastoso e poco solubile.","asciutto, pastoso e poco solubile","asciutto, pastoso e poco solubile",2018,C0A,TG_24
354,FUORI_ATTRIBUTO,È leggermente gommoso.,legg gommoso,legg gommoso,2018,C0A,TG_12
355,OK,"Il campione si distingue per una buona solubilità e una texture granulosa, che contribuiscono a una piacevole esperienza sensoriale.","buona, solubile, granulosa","buona, solubile, granulosa",2018,C0C,TG_20
356,OK,"Il formaggio è discretamente solubile, presentando una texture che si scioglie bene in bocca.",DISCRETAMENTE SOLUBILE,DISCRETAMENTE SOLUBILE,2018,C0C,TG_15
357,OK,Il campione è un po' pastoso e poco solubile.,un po pastoso e poco solubile,un po pastoso e poco solubile,2018,C0C,TG_13
358,OK,Il campione è pastoso e poco friabile.,pastoso poco friabile,pastoso poco friabile,2018,C0C,Q_10
359,OK,"Il campione è morbido e pastoso, con cristalli ben sviluppati.",morbido pastoso con cristalli,morbido pastoso con cristalli,2018,C0C,Q_09
360,OK,"Il campione è morbido, anche friabile, ma presenta una pastosità eccessiva che incolla, risultando non fine.","morbido, Anche friabile, ma pastosita' eccessiva che incolla. non fine","morbido, Anche friabile, ma pastosita' eccessiva che incolla. non fine",2018,C0C,TG_04
361,OK,Il campione presenta una pasta molto compatta.,molto compatto,molto compatto,2018,C0C,TG_19
362,FUORI_ATTRIBUTO,"È molto pastoso e asciutto, con granuli ok.",molto pastoso e aciutto... granuli ok,molto pastoso e asciutto... granuli ok,2018,C0C,TG_24
363,OK,"Il campione si presenta asciutto, con una consistenza che non risulta umida al tatto.",asciutto,asciutto,2018,C0C,TG_12
364,OK,"Il campione presenta una pasta granulosa, mediamente umida e solubile, con una microocchiatura uniforme e cristalli di tirosina ben sviluppati.","granulosa, mediamente umida, solubile","granulosa, mediamente umida, solubile",2018,C0D,TG_20
365,CONFORME,"Il campione rispetta gli standard di qualità, presentando caratteristiche conformi alla norma.",DISCRETA,DISCRETA,2018,C0D,TG_15
366,OK,"Il campione presenta una pasta granulosa e solubile, con una microocchiatura uniforme e cristalli di tirosina ben sviluppati.",granuloso e solubile,granuloso e solubile,2018,C0D,TG_13
367,FUORI_ATTRIBUTO,"È morbido e pastoso con cristalli, lascia una sensazione di sabbietta finale.",orbido pastoso con cristalli lascia sabbietta finale,orbido pastoso con cristalli lascia sabbietta finale,2018,C0D,Q_09
368,OK,"Il campione è morbido e friabile, con pochi cristalli fini e una leggera asciuttezza.","morbido, friabile, cristalli pochi  fini. un po asciutto al piu'","morbido, friabile, cristalli pochi  fini. un po asciutto al piu'",2018,C0D,TG_04
369,FUORI_ATTRIBUTO,Umidità media abbastanza prevalente.,media con umidit' abbastanza prevalente,media con umidit' abbastanza prevalente,2018,C0D,TG_24
370,OK,"Il formaggio mostra una consistenza asciutta, senza eccesso di umidità.",asciutto,asciutto,2018,C0D,TG_12
371,OK,"Il campione è ancora leggermente umido ma solubile, con una microocchiatura uniforme e cristalli di tirosina ben sviluppati.",ancora leggermente umida ma solubile,ancora leggermente umida ma solubile,2018,C0G,TG_20
372,CONFORME,"Il campione è considerato di qualità accettabile, conforme agli standard previsti.",ABBASTANZA BUONA,ABBASTANZA BUONA,2018,C0G,TG_15
373,FUORI_ATTRIBUTO,Pastoso con poca grana.,pastoso poca  grana granuli,pastoso poca  grana granuli,2018,C0G,TG_26
374,OK,"Il campione si sfalda in mano e in bocca, presenta una consistenza granulosa e una leggera asciuttezza, con chiari cristalli e un residuo sabbioso.",si sfalda in mano in bocca granuolo e po asciutto chiari cristalli e poco sol lascia in bocca sabbia fine,si sfalda in mano in bocca granuloso e po asciutto chiari cristalli e poco sol lascia in bocca sabbia fine,2018,C0G,Q_09
375,OK,"Il campione è cedevole sotto i denti e fondente, con una microocchiatura uniforme e cristalli di tirosina ben sviluppati.",cedevole sotto  identi. Fondente,cedevole sotto  identi. Fondente,2018,C0G,TG_04
376,OK,"Il campione è umido e pastoso, quasi liquefabile, con una microocchiatura uniforme e cristalli di tirosina ben sviluppati.","umido e pastoso, quasi liquefabile","umido e pastoso, quasi liquefabile",2018,C0G,TG_19
377,FUORI_ATTRIBUTO,"Pochi granuli, consistenza e pasta media.","pochi granuli, consistenza e pasta media","pochi granuli, consistenza e pasta media",2018,C0G,TG_24
378,FUORI_ATTRIBUTO,"Umido con qualche cristallo, peccato, l'odore era buono.","umida anche se presenti qualche cristallo, peccato, l-odore era buono","umida anche se presenti qualche cristallo, peccato, l-odore era buono",2018,C0G,TG_11
379,OK,"Il campione è granuloso, solubile, mediamente asciutto e molto gradevole, con una microocchiatura uniforme e cristalli di tirosina ben sviluppati.","granulosa, solubile, mediamente asciutta, molto gradevole","granulosa, solubile, mediamente asciutta, molto gradevole",2018,C0H,TG_20
380,FUORI_ATTRIBUTO,Molto adesivo.,MOLTO ADESIVA,MOLTO ADESIVA,2018,C0H,TG_15
381,FUORI_ATTRIBUTO,Pastoso.,pastoso,pastoso,2018,C0H,TG_13
382,FUORI_ATTRIBUTO,Granuloso.,granuloso,granuloso,2018,C0H,TG_26
383,OK,"Il campione presenta una pasta asciutta e granulosa, con cristalli evidenti e una solubilità soddisfacente.",asciutto e granuloso cristalli evidenti solub,asciutto e granuloso cristalli evidenti solub,2018,C0H,Q_09
384,OK,"Il campione è duro e friabile, con una microstruttura fine. Presenta una tendenza all'asciutto, ma non eccessiva.","Duro, friabile. microstruttura fine. tendenzialmente asciutto ma non troppo","Duro, friabile. microstruttura fine. tendenzialmente asciutto ma non troppo",2018,C0H,TG_04
385,OK,"Il campione potrebbe essere più solubile, mostrando una leggera sabbiosità alla fine.","Potrrebbe essere piu solubile, leggermente sabbioso alla fine","Potrrebbe essere piu solubile, leggermente sabbioso alla fine",2018,C0H,TG_19
386,OK,Il campione è molto duro e poco friabile.,"molto duro, poco friabile","molto duro, poco friabile",2018,C0H,TG_24
387,OK,"La texture è eterogenea a seconda del pezzo, variando da umida ad asciutta con diverse solubilità.","eterogenea a seconda del pezzo, da umida ad asciutta con solubilit' diversa","eterogenea a seconda del pezzo, da umida ad asciutta con solubilit' diversa",2018,C0Q,TG_20
388,FUORI_ATTRIBUTO,Adesivo.,ADESIVA,ADESIVA,2018,C0Q,TG_15
389,FUORI_ATTRIBUTO,Molle e cedevole in alcuni pezzetti.,molle e cedevole in alcuni pezzetti,molle e cedevole in alcuni pezzetti,2018,C0Q,TG_13
390,OK,Il campione presenta troppi granuli.,troppi granuli,troppi granuli,2018,C0Q,TG_26
391,FUORI_ATTRIBUTO,Morbido senza cristalli.,morbido no cristalli,morbido no cristalli,2018,C0Q,Q_09
392,OK,"Il campione è morbido, umido ma friabile, con una pastosità evidente a fine bocca.","morbido, umido ma friabile. pastoso a fine bocca","morbido, umido ma friabile. pastoso a fine bocca",2018,C0Q,TG_04
393,OK,"Il campione è bello, ma molto asciutto, con un'ottima presenza di granuli.","bella, ma molto asciutto...ottima presenza di granuli","bella, ma molto asciutto...ottima presenza di granuli",2018,C0Q,TG_24
394,OK,"Il campione è umido, poco granuloso e poco solubile.","umida, poco granulosa, poco solubile","umida, poco granulosa, poco solubile",2018,C0A,TG_20
395,OK,"Il campione non è troppo solubile, mostrando una leggera sabbiosità, ma solo in certi pezzi.","non troppo solubile, un po sabbioso ma solo in certi pezzi","non troppo solubile, un po sabbioso ma solo in certi pezzi",2018,C0A,TG_19
396,FUORI_ATTRIBUTO,"Morbido con poca grana, non lascia sensazione di farina.",morbido poca granaimpasta  non sol lascvia sensazione di farina,morbido poca granaimpasta  non sol lascvia sensazione di farina,2018,C0A,Q_09
397,FUORI_ATTRIBUTO,Adesivo.,adesiva,adesiva,2018,C0A,TG_15
398,OK,Il campione presenta una media morbidezza e una leggera asciuttezza.,media morbidezza e leggermente asciutto,media morbidezza e leggermente asciutto,2018,C0A,TG_24
399,OK,"Il campione è morbido, anche se presenta cristalli.",morbido anche se presenti cristalli,morbido anche se presenti cristalli,2018,C0A,TG_11
400,FUORI_ATTRIBUTO,Pressoché assente.,pressoche assente,pressoche assente,2018,C0A,Q_02
401,FUORI_ATTRIBUTO,"Umido, troppo morbido e fondente, senza struttura.",umidi. troppo morbido e fondente. nessuna struttura,umidi. troppo morbido e fondente. nessuna struttura,2018,C0A,TG_04
402,OK,"Il campione presenta una pasta abbastanza dura, con grana fine, asciutta, pochi cristalli e solubile.","abbastanza duro, grana fine, asciutta, pochi cristalli, solubile","abbastanza duro, grana fine, asciutta, pochi cristalli, solubile",2018,C0A,TG_14
403,FUORI_ATTRIBUTO,"Umido, poco granuloso e poco solubile.","umida, poco granulosa, poco solubile","umida, poco granulosa, poco solubile",2018,C0C,TG_20
404,FUORI_ATTRIBUTO,Pochissimi granuli di tirosina.,pochissimi granuli tirosina,pochissimi granuli tirosina,2018,C0C,TG_19
405,FUORI_ATTRIBUTO,Morbido con poca grana.,morbido poca grana,morbido poca grana,2018,C0C,Q_09
406,FUORI_ATTRIBUTO,Un po' granulosa.,un po- granulosa,un po' granulosa,2018,C0C,TG_15
407,OK,"Il campione presenta una pasta morbida e pastosa, con umidità media e granuli medio/alti.","morbido e pastoso, umidit' media e granuli medio/alti","morbido e pastoso, umidit' media e granuli medio/alti",2018,C0C,TG_24
408,FUORI_ATTRIBUTO,Pastoso.,pastoso,pastoso,2018,C0C,TG_11
409,FUORI_ATTRIBUTO,"Morbido, sembra giovane, impasta e non pronto.","morbido, sembra giovane. Impasta. non pronto","morbido, sembra giovane. Impasta. non pronto",2018,C0C,TG_04
410,FUORI_ATTRIBUTO,"La consistenza è morbida, con cristalli e umida.","morbida, cristalli, umida","morbida, cristalli, umida",2018,C0C,TG_14
411,FUORI_ATTRIBUTO,È granulosa ma non molto solubile e ancora umida.,"granulosa ma non molto solubile, ancora umida","granulosa ma non molto solubile, ancora umida",2018,C0M,TG_20
412,OK,Il campione presenta una pasta pastosa con cristalli.,pastoso con cristalli,pastoso con cristalli,2018,C0M,Q_09
413,FUORI_ATTRIBUTO,La consistenza è adesiva.,adesiva,adesiva,2018,C0M,TG_15
414,OK,Il campione presenta molti granuli e una bella friabilità.,"molti granuli, bella friabilit'","molti granuli, bella friabilit'",2018,C0M,TG_24
415,OK,"Il campione non è asciutto, è friabile e presenta una buona microstruttura.","non asciutto, friabile. buona microstruttura","non asciutto, friabile. buona microstruttura",2018,C0M,TG_04
416,OK,"Il campione è abbastanza asciutto, granuloso e solubile.","abbastanza asciutta, granulosa, solubile","abbastanza asciutta, granulosa, solubile",2018,C0N,TG_20
417,FUORI_ATTRIBUTO,È poco solubile alla fine.,poco solubile alla fine,poco solubile alla fine,2018,C0N,TG_19
418,FUORI_ATTRIBUTO,Presenta un granuloso con cristalli e un leggero residuo finale che ricorda la sabbia.,granuloso cristalli leggero residuo alla fine sensazione di sabbia,granuloso cristalli leggero residuo alla fine sensazione di sabbia,2018,C0N,Q_09
419,FUORI_ATTRIBUTO,È granulosa.,granulosa,granulosa,2018,C0N,TG_15
420,ILLEGGIBILE,,media...,media...,2018,C0N,TG_24
421,OK,"Il campione presenta una pasta morbida e umida, già friabile, con cristalli di tirosina ben sviluppati.","morbido e umido, ma  gia' friabile. Cristalli anche grossi","morbido e umido, ma  gia' friabile. Cristalli anche grossi",2018,C0N,TG_04
422,OK,"Il campione mostra una texture granulosa e solubile, con umidità conforme e leggera sabbiosità in chiusura.","granulosa, solubile, umidita ok, leggera sabbiosit' in chiusura","granulosa, solubile, umidita ok, leggera sabbiosit' in chiusura",2018,C0O,TG_20
423,FUORI_ATTRIBUTO,La consistenza è pastosa.,pastoso,pastoso,2018,C0O,TG_19
424,OK,"Il campione è asciutto, ma impasta e lascia un residuo in bocca.",asciutto poi impasta e lascia residuo in bocca,asciutto poi impasta e lascia residuo in bocca,2018,C0O,Q_09
425,OK,Il campione presenta una pasta pastosa e adesiva.,"pastoso, adesivo","pastoso, adesivo",2018,C0O,TG_13
426,OK,Il campione è umido e adesivo.,"umido, adesivo","umido, adesivo",2018,C0O,TG_15
427,OK,"Il campione è asciutto, con pochi granuli.","asciutto asciutto, pochi granuli","asciutto asciutto, pochi granuli",2018,C0O,TG_24
428,OK,"Il campione ha una friabilità non perfetta, è un po' plastico e morbido.","friabilit' non perfetta. un pochetto plastico, morbido","friabilit' non perfetta. un pochetto plastico, morbido",2018,C0O,TG_04
429,OK,"Il campione è duro, asciutto, con cristalli ben percepibili e non molto solubile.","duro, asciutto, cristalli ben percepibili, non molto solubile.","duro, asciutto, cristalli ben percepibili, non molto solubile.",2018,C0O,TG_14
430,OK,"Il campione è cedevole, poco granuloso, umido e quasi adesivo.","cedevole, poco granulosa, umida, quasi adesiva","cedevole, poco granulosa, umida, quasi adesiva",2018,C0Q,TG_20
431,OK,"Il campione è compatto, molto solubile ma non friabile, con poca grana.","Compatto, molto solubile ma non friabile, poca grana","Compatto, molto solubile ma non friabile, poca grana",2018,C0Q,TG_19
432,OK,"Il campione è morbido, asciutto e presenta poca grana.",morbido asciutto poca grana,morbido asciutto poca grana,2018,C0Q,Q_09
433,OK,Il campione è adesivo.,adesivo,adesivo,2018,C0Q,TG_15
434,OK,"Il campione è molto morbido, con umidità e pastosità molto buone, e pochi granuli.","molto morbido .. umidit' e pastosita molto buone, pochi granuli","molto morbido .. umidit' e pastosita molto buone, pochi granuli",2018,C0Q,TG_24
435,OK,Il campione è leggermente umido e presenta cristalli.,leggermente umido ma con cristalli,leggermente umido ma con cristalli,2018,C0Q,TG_11
436,OK,"Il campione è umido e, a fine bocca, fondente.","umido, a fine bocca fondente","umido, a fine bocca fondente",2018,C0Q,TG_04
437,OK,"Il campione è umido, morbido e solubile.","umida , morbida, solubile","umida , morbida, solubile",2018,C0Q,TG_14
438,OK,"Il campione è tendenzialmente umido e cedevole, con poca granulosa.","tendenzialmente umida e cedevole, poco granulosa","tendenzialmente umida e cedevole, poco granulosa",2018,C0A,TG_20
439,OK,"Il campione è umido e pastoso, con assenza di granuli.",umido e pastoso. assenza di granuli,umido e pastoso. assenza di granuli,2018,C0A,TG_11
440,OK,Il campione presenta una struttura non presente e si impasta.,"struttura non presente, si impasta","struttura non presente, si impasta",2018,C0A,TG_08
441,OK,Il campione presenta una pasta pastosa con granuli e cristalli ben sviluppati.,pastoso con granuli e cristalli,pastoso con granuli e cristalli,2018,C0A,Q_09
442,OK,"Il campione presenta una consistenza pastosa, che conferisce una sensazione di morbidezza al palato.",pastoso,pastoso,2018,C0A,TG_12
443,OK,Il campione mostra un buon equilibrio tra umidità e friabilità.,"buona, con equilibrio tra umidit' e friabilit'","buona, con equilibrio tra umidit' e friabilit'",2018,C0A,TG_24
444,OK,"Il campione impasta la bocca, risultando morbido e fondente.","impasta la bocca. morbido, e fondente","impasta la bocca. morbido, e fondente",2018,C0A,TG_04
445,FUORI_ATTRIBUTO,"È umido, pastoso, non friabile e non solubile, con pezzi molto diversi tra loro.","umido, pastoso, non friabile, non solubile / molto diversi i pezzi fra loro","umido, pastoso, non friabile, non solubile / molto diversi i pezzi fra loro",2018,C0A,TG_19
446,OK,"Il campione è morbido, umido, con una microstruttura sottile e solubile.","morbido, umido, microstruttura sottile, solubile","morbido, umido, microstruttura sottile, solubile",2018,C0A,TG_14
447,OK,"Il campione è umido, cedevole e poco solubile.","umido, cedevole, poco solubile","umido, cedevole, poco solubile",2018,C0E,TG_20
448,OK,Il campione è pastoso con poca grana e qualche cristallo.,pastoso poca grana qualche cristallo,pastoso poca grana qualche cristallo,2018,C0E,Q_09
449,OK,"Il campione è pastoso e burroso, con una buona presenza di granuli.","patoso e burroso/unto, bei granuli","patoso e burroso/unto, bei granuli",2018,C0E,TG_24
450,OK,"Il campione è morbido, ma presenta una leggera friabilità.","morbido, ma friabile quel minimo","morbido, ma friabile quel minimo",2018,C0E,TG_04
451,OK,"Il campione è compatto, non troppo friabile, con una grana fresca.","compatto non troppo friabile, da grana fresco","compatto non troppo friabile, da grana fresco",2018,C0E,TG_19
452,OK,"Il campione è abbastanza morbido, sottile, leggermente asciutto e solubile.","abbastanza morbida, sottile, leggermente asciutta, solubile","abbastanza morbida, sottile, leggermente asciutta, solubile",2018,C0E,TG_14
453,CONFORME,"Il formaggio si attesta su un livello medio di qualità, conforme alle aspettative.",nella media,nella media,2018,C0F,TG_20
454,OK,Il campione risulta molto secco.,molto secco,molto secco,2018,C0F,TG_11
455,OK,Il campione presenta una buona grana e una presenza di microcristalli.,"buona la grana, presnza di microcristalli","buona la grana, presnza di microcristalli",2018,C0F,TG_08
456,OK,"Il campione è asciutto e granuloso, con cristalli che lasciano residuo in bocca.",asciutto granuloso con crist lascia residuo in bocca,asciutto granuloso con crist lascia residuo in bocca,2018,C0F,Q_09
457,OK,"Il campione presenta molti granuli, con umidità circa OK.","molti granuli, umidit' circa OK","molti granuli, umidit' circa OK",2018,C0F,TG_24
458,OK,Il campione è solo un pochetto asciutto nel finale in bocca.,solo un pochetto asciutto nel fine bocca,solo un pochetto asciutto nel fine bocca,2018,C0F,TG_04
459,OK,Il campione presenta una sensazione sabbiosa.,sabbioso,sabbioso,2018,C0F,TG_19
460,OK,"Il campione è duro, poco solubile, moderatamente umido, con una microstruttura piuttosto grossolana.","duro, poco solubile, moderatametne umido, microstruttura piuttosto grossolana","duro, poco solubile, moderatametne umido, microstruttura piuttosto grossolana",2018,C0F,TG_14
461,CONFORME,"Il campione è giudicato buono, rispettando i criteri di conformità richiesti.",buona,buona,2018,C0H,TG_20
462,FUORI_ATTRIBUTO,La consistenza è farinoso.,farinoso,farinososo,2018,C0H,TG_11
463,FUORI_ATTRIBUTO,"È asciutto e granuloso, con cristalli e ben solubile.",ascoiutto e granuloso cristalli e ben solub,ascoiutto e granuloso cristalli e ben solub,2018,C0H,Q_09
464,FUORI_ATTRIBUTO,È asciutto e ha poca solubilità.,"asciutto, poca solubilit'","asciutto, poca solubilit'",2018,C0H,TG_24
465,OK,"Il campione è friabile e presenta una buona microstruttura con qualche microcristallo, senza essere asciutto.","Friabile, non asciutto. qulache microcristallo. buona microstruttura","Friabile, non asciutto. qulache microcristallo. buona microstruttura",2018,C0H,TG_04
466,OK,"Il campione presenta una leggera sabbiosità finale, che influisce sulla texture.",peccato per la leggera sabbiosita finale,peccato per la leggera sabbiosita finale,2018,C0H,TG_19
467,OK,"Il campione è duro con grana fine, solubile e presenta pochi cristalli.","duro, grana fine, solubile, pochi critalli","duro, grana fine, solubile, pochi critalli",2018,C0H,TG_14
468,OK,Il campione è granuloso ma presenta una leggera cedevolezza.,granulosa ma un po legata,granulosa ma un po legata,2018,C0M,TG_20
469,OK,"Il campione è leggermente farinoso, con una texture che tende a essere granulosa.",leggermente farinoso,leggermente farinososo,2018,C0M,TG_11
470,OK,"Il campione è morbido e poco granuloso, con qualche cristallo poco solubile.",morbido poco granuloso qualche cris poco sol,morbido poco granuloso qualche cris poco sol,2018,C0M,Q_09
471,FUORI_ATTRIBUTO,Ha una consistenza gommoso.,legg gommoso,legg gommoso,2018,C0M,TG_12
472,OK,Il campione è troppo pastoso e non presenta solubilità.,troppo pastoso.....non solubile,troppo pastoso.....non solubile,2018,C0M,TG_24
473,OK,"Il campione è immaturo, non friabile e non particolarmente umido, con microstruttura grossolana.",immaturo. non friabile ma non particolarmente umido. microstruttura grossolana,immaturo. non friabile ma non particolarmente umido. microstruttura grossolana,2018,C0M,TG_04
474,OK,"Il campione è molto compatto, non friabile, privo di cristalli e poco solubile, risultando non caratteristico.","molto compatto, non friabile, no cristalli, poco solubile, non caratteristico","molto compatto, non friabile, no cristalli, poco solubile, non caratteristico",2018,C0M,TG_19
475,OK,"Il campione è moderatamente duro, asciutto, con microstruttura fine, solubile e presenta pochi cristalli.","moderatamente duro, asciutto, microstruttura fine, solubile, pochi cristalli","moderatamente duro, asciutto, microstruttura fine, solubile, pochi cristalli",2018,C0M,TG_14
476,OK,"Il campione è mediamente asciutto, granuloso e solubile.","mediamente asciutta, granulosa, solubile","mediamente asciutta, granulosa, solubile",2018,C0Q,TG_20
477,OK,Il campione è asciutto e presenta una texture granulosa con cristalli.,asciutto granuloso cristalli,asciutto granuloso cristalli,2018,C0Q,Q_09
478,FUORI_ATTRIBUTO,È molto morbido.,morbido morbido... troppo,morbido morbido... troppo,2018,C0Q,TG_24
479,FUORI_ATTRIBUTO,La pasta è eccessivamente umida.,pasta eccessivamente umida,pasta eccessivamente umida,2018,C0Q,TG_35
480,OK,"Il campione è friabile ma umido, con struttura fine e morbidezza, risultando non pastoso.","friabile ma umido. struttura fine , morbido. non pastoso","friabile ma umido. struttura fine , morbido. non pastoso",2018,C0Q,TG_04
481,OK,"Il formaggio mostra una buona presenza di cristalli di tirosina, che arricchiscono la sua texture.",buona presenza di tirosina,buona presenza di tirosina,2018,C0Q,Q_02
482,FUORI_ATTRIBUTO,"È buono, ma ha una sensazione di sabbia finale.","bene, peccato per sensazione di sabbia finale","bene, peccato per sensazione di sabbia finale",2018,C0Q,TG_19
483,OK,"Il campione è morbido, abbastanza asciutto, con una grana fine e cristalli percepibili.","morbido, abbastanza asciutto, grana fine, solubuile, critalli percepibili","morbido, abbastanza asciutto, grana fine, solubuile, critalli percepibili",2018,C0Q,TG_14
484,OK,Il campione è morbido e presenta molti cristalli.,"morbido, molti cristalli","morbido, molti cristalli",2018,C0B,TG_14
485,FUORI_ATTRIBUTO,Presenta una scarsa microstruttura e mancanza di cristalli.,scarsa microstruttura e mancanza cristalli,scarsa microstruttura e mancanza cristalli,2018,C0B,TG_08
486,OK,Il campione risulta troppo friabile e asciutto.,"troppo friabile, asciutto...","troppo friabile, asciutto...",2018,C0B,TG_24
487,OK,Il campione presenta cristalli evidenti e una texture granulosa.,granuloso cristalli evidenti solub,granuloso cristalli evidenti solub,2018,C0B,Q_09
488,OK,"Il campione è leggermente asciutto, ma mantiene una buona consistenza generale.",legg asciutto,legg asciutto,2018,C0B,TG_12
489,OK,Il campione presenta molti grani di tirosina.,molti grani di tirosina,molti grani di tirosina,2018,C0B,Q_02
490,OK,"Il campione è estremamente friabile, con una struttura fine e quasi asciutta.","estremamente friabile, struttura fine. quasi asciutto","estremamente friabile, struttura fine. quasi asciutto",2018,C0B,TG_04
491,OK,Il campione presenta una leggera sabbiosità finale.,leggera sabbiosità finale,leggera sabbiosità finale,2018,C0B,TG_19
492,FUORI_ATTRIBUTO,È granulosa.,granulosa,granulosa,2018,C0B,TG_15
493,OK,"Il campione è morbido, pastoso, con una grana molto fine e solubile.","morbido, pastoso, grana molto fine e solubuile","morbido, pastoso, grana molto fine e solubuile",2018,C0D,TG_14
494,OK,"Il campione presenta una media struttura con granuli, è pastoso e ha poca umidità, risultando discreto.","media stuttura con granuli e pastoso/poca umidit', ma discretooo","media stuttura con granuli e pastoso/poca umidit', ma discretooo",2018,C0D,TG_24
495,OK,"Il campione è morbido, poco granuloso e presenta cristalli.",morbido poco granuloso cristalli,morbido poco granuloso cristalli,2018,C0D,Q_09
496,OK,"Il campione è morbido, sufficientemente cedevole e friabile, con una struttura fine e pochi cristalli presenti.","morbido. sufficientemente cedevole, quindi friabile. struttura fine. cristalli presenti, ma pochi","morbido. sufficientemente cedevole, quindi friabile. struttura fine. cristalli presenti, ma pochi",2018,C0D,TG_04
497,OK,"Il campione ha poca struttura in bocca, è leggermente cedevole e presenta poca granulosità.","poca struttura in bocca, leggermente cedevole, poca granulosità","poca struttura in bocca, leggermente cedevole, poca granulosità",2018,C0D,TG_19
498,OK,"Il formaggio è abbastanza solubile, presentando una texture che si scioglie bene.",abbastanza solubile,abbastanza solubile,2018,C0D,TG_15
499,OK,"Il campione è abbastanza duro, asciutto, con grana fine e solubile, e presenta cristalli.","abbastanza duro, asciutto, granafine, solubile, cristalli","abbastanza duro, asciutto, granafine, solubile, cristalli",2018,C0I,TG_14
500,OK,Il campione presenta pochi cristalli e una struttura non ben definita.,"pochi cristalli,  struttura non ben definita","pochi cristalli,  struttura non ben definita",2018,C0I,TG_08
501,FUORI_ATTRIBUTO,"È asciutto, con molti granuli e di media durezza.","asciutto, molti granuli... media durezza","asciutto, molti granuli... media durezza",2018,C0I,TG_24
502,OK,"Il campione presenta una pasta morbida e umida, con una buona presenza di cristalli.",morbido e umido impasta cristalli,morbido e umido impasta cristalli,2018,C0I,Q_09
503,FUORI_ATTRIBUTO,"È un formaggio con pasta dura 'anomala', legata alla pasta compatta e presenta cristalli di tirosina.","formaggio con pasta dura ""anomala"" legata alla pasta compatta dovuta ala struttura stirata tipo sbrinz;presenza di cristalli di tirosina","formaggio con pasta dura ""anomala"" legata alla pasta compatta dovuta ala struttura stirata tipo sbrinz;presenza di cristalli di tirosina",2018,C0I,Q_02
504,FUORI_ATTRIBUTO,Ci sono cristalli.,cristalli,cristalli,2018,C0I,TG_26
505,OK,"Il campione è morbido e umido, con una buona friabilità.","Morbido, umido. comunque friabile","Morbido, umido. comunque friabile",2018,C0I,TG_04
506,OK,Il campione è poco solubile e presenta una granulosità elevata.,"poco solubile, molto granuloso","poco solubile, molto granuloso",2018,C0I,TG_19
507,FUORI_ATTRIBUTO,Il formaggio è adesivo.,adesiva,adesiva,2018,C0I,TG_15
508,OK,"Il campione è duro, con grana fine, abbastanza solubile e cristalli poco percepibili.","duro, grana fine, abbastanza solubile, cristalli poco percepibili","duro, grana fine, abbastanza solubile, cristalli poco percepibili",2018,C0M,TG_14
509,FUORI_ATTRIBUTO,C'è una mancanza di microstruttura e cristalli.,mancanza di microstuttura e cristalli,mancanza di microstuttura e cristalli,2018,C0M,TG_08
510,OK,"Il campione è poco friabile, asciutto e presenta pochi granuli.","poco friabile, asciutto, pochi granuli...","poco friabile, asciutto, pochi granuli...",2018,C0M,TG_24
511,FUORI_ATTRIBUTO,"È morbido, asciutto e con pochi cristalli.",morbido asciutto poco cristalli,morbido asciutto poco cristalli,2018,C0M,Q_09
512,FUORI_ATTRIBUTO,Ha una consistenza gommoso e asciutta.,legg gommoso e asciutto,legg gommoso e asciutto,2018,C0M,TG_12
513,OK,"Il campione mostra buona friabilità, ma risulta asciutto alla deglutizione.","buona friabilità, ma asciutto alla deglutizione ingozza","buona friabilità, ma asciutto alla deglutizione ingozza",2018,C0M,TG_04
514,OK,"Il campione è compatto, poco friabile e non molto solubile, con scagliette strane sotto i denti.","compatto, non molto friabile e né solubile, rimangono scagliette strane sotto i denti","compatto, non molto friabile e né solubile, rimangono scagliette strane sotto i denti",2018,C0M,TG_19
515,FUORI_ATTRIBUTO,La consistenza è farinoso.,farinoso,farinososo,2018,C0M,TG_11
516,OK,Il campione presenta buona solubilità.,buona solubilit',buona solubilit',2018,C0M,TG_15
517,OK,"Il campione è morbido, pastoso e asciutto.","morbido, pastoso, asciutto,","morbido, pastoso, asciutto,",2018,C0O,TG_14
518,OK,Il campione presenta pochi cristalli e una struttura presente.,"pochi cristalli, strutturapresente","pochi cristalli, strutturapresente",2018,C0O,TG_08
519,OK,Il campione è troppo asciutto e poco solubile.,troppo asciutto e poco solubile,troppo asciutto e poco solubile,2018,C0O,TG_24
520,OK,"Il campione è morbido, con poca grana e qualche cristallo poco solubile.",morbido poca grana qualche cristallo poco sol,morbido poca grana qualche cristallo poco sol,2018,C0O,Q_09
521,FUORI_ATTRIBUTO,È molle con qualche granello di tirosina.,MOLLE con qualche granello di tirosina,MOLLE con qualche granello di tirosina,2018,C0O,Q_02
522,FUORI_ATTRIBUTO,Presenta dei cristalli teneri.,tenero cristalli,tenero cristalli,2018,C0O,TG_26
523,OK,"Il campione presenta una pasta compatta, leggermente umida e adesiva, con una microocchiatura uniforme.","compatto, leggermente umido, adesivo","compatto, leggermente umido, adesivo",2018,C0O,TG_19
524,FUORI_ATTRIBUTO,È abbastanza solubile.,abbastanza solubile,abbastanza solubile,2018,C0O,TG_15
525,OK,"Il campione è abbastanza duro, umido, con grana fine e solubilità presente.","abbastanza duro, umido, grana fine, solubile","abbastanza duro, umido, grana fine, solubile",2018,C0R,TG_14
526,FUORI_ATTRIBUTO,Ha poca microstruttura e cristalli.,poca microstruttura e cristalli,poca microstruttura e cristalli,2018,C0R,TG_08
527,OK,"Il campione è leggermente asciutto, ma nel complesso risulta di buona qualità.",leggermente asciutto...nel complesso bene,leggermente asciutto...nel complesso bene,2018,C0R,TG_24
528,FUORI_ATTRIBUTO,"È asciutto, poco solubile e lascia residuo.",asciutto poco sol lascia residuo,asciutto poco sol lascia residuo,2018,C0R,Q_09
529,OK,"Il formaggio si presenta asciutto, senza eccessi di umidità.",asciutto,asciutto,2018,C0R,TG_12
530,FUORI_ATTRIBUTO,Una porzione è da pasta stirata.,una porzione è da pasta stirata,una porzione è da pasta stirata,2018,C0R,Q_02
531,OK,Il campione presenta una consistenza molto pastosa.,pastoso molto,pastoso molto,2018,C0R,TG_26
532,OK,"Il campione è un pochetto morbido al morso, con microstruttura carente.",un pochetto morbido  al morso. microastruttura carente,un pochetto morbido  al morso. microastruttura carente,2018,C0R,TG_04
533,OK,Il campione presenta una leggera sabbiosità finale.,leggera sabbiosità finale,leggera sabbiosità finale,2018,C0R,TG_19
534,FUORI_ATTRIBUTO,Il formaggio è adesivo.,adesiva,adesiva,2018,C0R,TG_15
535,OK,"Il campione è ancora umido, un po' cedevole e mediamente solubile.","ancora umida, un po cedevole, mediamente solubile","ancora umida, un po cedevole, mediamente solubile",2018,C0A,TG_20
536,FUORI_ATTRIBUTO,Ha poca struttura granulare e manca di cristalli.,poca struttura granulare mancanza di cristalli,poca struttura granulare mancanza di cristalli,2018,C0A,TG_08
537,OK,Il campione è granuloso ma impasta e ha poca solubilità.,granuloso ma impasta e poco sol,granuloso ma impasta e poco sol,2018,C0A,Q_09
538,OK,"Il campione non è friabile ma cedevole, solubile in bocca ma non alla deglutizione, con poca grana e un po' untuoso.","non friabile ma cedevole, solubile in bocca ma non alla deglutizione, poca grana, un po' untuoso","non friabile ma cedevole, solubile in bocca ma non alla deglutizione, poca grana, un po' untuoso",2018,C0A,TG_19
539,OK,"Il campione è morbido e pastoso, con grana fine e solubile, e pochi cristalli.","morbido e pastoso, grana fine e solubile, pochi cristalli","morbido e pastoso, grana fine e solubile, pochi cristalli",2018,C0A,TG_14
540,OK,"Il campione è troppo fondente nel finale, impasta la bocca e risulta troppo morbido.","troppo fondente nel finale, impasta la bocca, troppo morbido","troppo fondente nel finale, impasta la bocca, troppo morbido",2018,C0A,TG_04
541,FUORI_ATTRIBUTO,"È molto pastoso e oleoso, con tanti cristalli, ma troppo morbido.","molto pastosa/oleosa, tanti cristalli, troppo morbido","molto pastosa/oleosa, tanti cristalli, troppo morbido",2018,C0A,TG_24
542,OK,"Il campione presenta una pasta morbida, con una presenza di cristalli di tirosina, ma risulta scarsa nella compattezza.",scarsa (molle) ma con presenza di cristalli di tirosina,scarsa (molle) ma con presenza di cristalli di tirosina,2018,C0A,Q_02
543,OK,"Il campione presenta una pasta solubile e granulosa, con una sensazione piacevole al palato.","solubile e granulosa, piacevole","solubile e granulosa, piacevole",2018,C0C,TG_20
544,OK,Il campione mostra una buona struttura e una microocchiatura con cristalli ben sviluppati.,buona struttura e microcristalli,buona struttura e microcristalli,2018,C0C,TG_08
545,OK,Il campione è caratterizzato da una granulosità con cristalli e una sensazione asciutta.,granuloso cristalli asciutto,granuloso cristalli asciutto,2018,C0C,Q_09
546,OK,"Il campione presenta una grana fine, è pastoso e asciutto, con una solubilità abbastanza buona e una consistenza piuttosto morbida.","grana fine, pastoso, asciutto, abbastanza solubile, piuttosto morbido","grana fine, pastoso, asciutto, abbastanza solubile, piuttosto morbido",2018,C0C,TG_14
547,FUORI_ATTRIBUTO,"È morbido, non friabile, sembra giovane e non riuscito.","morbido, non friabile, sembra giovane, non riuscito","morbido, non friabile, sembra giovane, non riuscito",2018,C0C,TG_04
548,OK,"Il campione mostra bei granuli e un interessante equilibrio tra umidità e friabilità, con una durezza apprezzabile.","bei granuli, interessante equilibrio umidit' e friabilit', durezza","bei granuli, interessante equilibrio umidit' e friabilit', durezza",2018,C0C,TG_24
549,OK,Il campione è caratterizzato da una consistenza granulosa e solubile.,granulosa e solubile,granulosa e solubile,2018,C0D,TG_20
550,OK,Il campione presenta un buon equilibrio tra microstruttura e cristalli.,"buon equilibrio tra microstruttura e cristalli,","buon equilibrio tra microstruttura e cristalli,",2018,C0D,TG_08
551,OK,"Il campione è granuloso e asciutto, con cristalli che lasciano un po' di residuo.",granuloso asciutto cristalli lascia un po di residuo,granuloso asciutto cristalli lascia un po di residuo,2018,C0D,Q_09
552,OK,Il campione risulta duro e poco solubile.,duro e poco solubile,duro e poco solubile,2018,C0D,TG_13
553,OK,Il campione non è troppo solubile.,non troppo solubile,non troppo solubile,2018,C0D,TG_19
554,OK,"Il campione presenta una grana fine, è asciutto e pastoso.","grana fine, asciutto, pastoso,","grana fine, asciutto, pastoso,",2018,C0D,TG_14
555,OK,"Il campione è friabile, non asciutto e non presenta una buona adesività.","friabile, non asciutto, non impasta","friabile, non asciutto, non impasta",2018,C0D,TG_04
556,OK,"Il campione è asciutto e mostra poco equilibrio tra umidità, solubilità e friabilità.",asciutto......poco equilibrio tra umidit/solubil/friabilit;,asciutto......poco equilibrio tra umidit/solubil/friabilit;,2018,C0D,TG_24
557,OK,"Il campione è scadente, con cristalli di tirosina impercettibili.",scarsa;soprattutto impercettibili i cristalli di tirosina,scarsa;soprattutto impercettibili i cristalli di tirosina,2018,C0D,Q_02
558,OK,"Il campione è umido, cedevole e poco solubile.","umida, cedevole, poco solubile","umida, cedevole, poco solubile",2018,C0G,TG_20
559,ILLEGGIBILE,,buona l agran ae i mmicrocristalli,buona l agran ae i mmicrocristalli,2018,C0G,TG_08
560,OK,"Il campione è morbido e granuloso, con pochi cristalli.",morbido granuloso pochi cristalli,morbido granuloso pochi cristalli,2018,C0G,Q_09
561,FUORI_ATTRIBUTO,È umido e solubile in bocca.,"umido, solubile in bocca","umido, solubile in bocca",2018,C0G,TG_19
562,OK,"Il campione presenta una pasta morbida a grana fine, leggermente pastosa e asciutta, con cristalli ben percepibili e una buona solubilità.","morbido a grana fine, leggermente pastoso e asciutto, con cristalli ben percepibili e piuttosto solubile.","morbido a grana fine, leggermente pastoso e asciutto, con cristalli ben percepibili e piuttosto solubile.",2018,C0G,TG_14
563,OK,"Il campione è morbido e umido, cedevole, con una friabilità non perfetta e una microstruttura media.","morbido e umido. cedevole, anche se friabilit' non perfetta. microstruttura media, non fine","morbido e umido. cedevole, anche se friabilit' non perfetta. microstruttura media, non fine",2018,C0G,TG_04
564,FUORI_ATTRIBUTO,"È morbido, umido e solubile.","morbido, umido e solubile...","morbido, umido e solubile...",2018,C0G,TG_24
565,ILLEGGIBILE,,scarsa,scarsa,2018,C0G,Q_02
566,OK,"Il campione presenta una pasta granulosa, solubile e abbastanza asciutta.","granulosa, solubile, abbastanza asciutta","granulosa, solubile, abbastanza asciutta",2018,C0N,TG_20
567,OK,Il campione è privo di struttura e cristalli.,senza struttura e cristalli,senza struttura e cristalli,2018,C0N,TG_08
568,OK,"Il campione presenta una pasta che impasta, asciutta, poco granulosa e con qualche cristallo.",impasta asciutto poco granuloso poco sol qualche cristallo,impasta asciutto poco granuloso poco sol qualche cristallo,2018,C0N,Q_09
569,OK,Il campione è pastoso in bocca e poco solubile.,"pastoso in bocca, poco solubile","pastoso in bocca, poco solubile",2018,C0N,TG_13
570,OK,"Il campione è compatto, un po' adesivo, poco friabile e poco solubile.","compatto, un po' adesivo, poco friabile e poco solubile","compatto, un po' adesivo, poco friabile e poco solubile",2018,C0N,TG_19
571,FUORI_ATTRIBUTO,Ha una consistenza pastosa con cristalli.,pastoso cristalli,pastoso cristalli,2018,C0N,TG_26
572,OK,"Il campione presenta una grana fine, asciutta e pastosa, con una consistenza morbida.","grana fine, sciutto e pastoso, morbido","grana fine, sciutto e pastoso, morbido",2018,C0N,TG_14
573,FUORI_ATTRIBUTO,"È troppo morbido e non strutturato, sembra la pasta dell'Emmental.",troppo morbido astrutturato. sembra la pasta dell emmental,troppo morbido astrutturato. sembra la pasta dell emmental,2018,C0N,TG_04
574,OK,"Il campione è asciutto, troppo pastoso e poco friabile, con cristalli di dimensione media.","asciutto, troppo pastoso e poco friabile, cristalli medii","asciutto, troppo pastoso e poco friabile, cristalli medii",2018,C0N,TG_24
575,OK,Il campione è duro ma presenta una pasta stirata.,duro ma da pasta stirata,duro ma da pasta stirata,2018,C0N,Q_02
576,OK,"Il campione è ancora un po' umido ma solubile, compatto e mediamente granuloso.","ancora un po umida umida ma solubile, compatta, mediamente granulosa","ancora un po umida umida ma solubile, compatta, mediamente granulosa",2018,C0Q,TG_20
577,FUORI_ATTRIBUTO,Ci sono pochi microcristalli e un po' di grana.,poco microcristalli m aun p; di grana,poco microcristalli m aun p; di grana,2018,C0Q,TG_08
578,OK,"Il campione è pastoso, asciutto, poco solubile e presenta qualche cristallo.",pastoso asciutto poco sol qualche crist,pastoso asciutto poco sol qualche crist,2018,C0Q,Q_09
579,OK,"Il campione è pastoso e poco solubile, con una consistenza molle sotto i denti.",pastoso e poco solubile. consistenza molle sotto i denti;,pastoso e poco solubile. consistenza molle sotto i denti;,2018,C0Q,TG_13
580,OK,Il campione presenta un finale granuloso.,granuloso finale,granuloso finale,2018,C0Q,TG_19
581,FUORI_ATTRIBUTO,Gommoso.,gommoso,gommoso,2018,C0Q,TG_26
582,OK,"Il campione presenta una pasta moderatamente dura, pastosa e asciutta, con una granulosità evidente.","moderatamente duro, pastoso e asciutto, granuloso","moderatamente duro, pastoso e asciutto, granuloso",2018,C0Q,TG_14
583,FUORI_ATTRIBUTO,Presenta microcristalli ed è un po' morbido.,microcristalli. un pochetto morbido,microcristalli. un pochetto morbido,2018,C0Q,TG_04
584,OK,"Il campione mostra una durezza elevata, buona presenza di granuli e un'umidità adeguata.","durezza elevata, buona presenza di granuli, umidit' a posto...","durezza elevata, buona presenza di granuli, umidit' a posto...",2018,C0Q,TG_24
585,OK,"Il campione è asciutto e granuloso, con cristalli poco solubili.",asciutto granuloso cristalli poco sol,asciutto granuloso cristalli poco sol,2018,C0B,Q_09
586,OK,"Il formaggio è leggermente asciutto, ma mantiene una buona consistenza.",legg asciutto,legg asciutto,2018,C0B,TG_12
587,FUORI_ATTRIBUTO,È un po' adesivo.,un po adesivo,un po adesivo,2018,C0B,TG_13
588,FUORI_ATTRIBUTO,"È solubile, ma non ha molta grana.","solubile, non molta grana","solubile, non molta grana",2018,C0B,TG_19
589,OK,"Il campione è leggermente cedevole, non molto solubile ma presenta una buona granulosità.","leggermente cedevole, non molto solubile ma granulosa","leggermente cedevole, non molto solubile ma granulosa",2018,C0B,TG_20
590,OK,Il campione è tenerissimo e presenta cristalli.,tenerissimo cristalli,tenerissimo cristalli,2018,C0B,TG_26
591,OK,"Il campione è pastoso e morbido, con qualche cristallo poco solubile.",pastoso morbido qualche cristallo poco sol,pastoso morbido qualche cristallo poco sol,2018,C0C,Q_09
592,OK,"Il campione è un po' asciutto, ma nel complesso risulta accettabile.",un po-asciutto,un po'asciutto,2018,C0C,TG_12
593,FUORI_ATTRIBUTO,È molto solubile.,molto solubile,molto solubile,2018,C0C,TG_13
594,OK,Il campione potrebbe essere più friabile.,potrebbe essere più friabile,potrebbe essere più friabile,2018,C0C,TG_19
595,OK,"Il campione è granuloso, solubile e gradevole.","granulosa, solubile, gradevole","granulosa, solubile, gradevole",2018,C0C,TG_20
596,FUORI_ATTRIBUTO,Presenta cristalli.,cristali,cristali,2018,C0C,TG_26
597,OK,"Il campione è asciutto e presenta una consistenza che impasta poco, con solubilità limitata.",asciutto impasta poco solub,asciutto impasta poco solub,2018,C0D,Q_09
598,OK,"Il campione ha una struttura cedevole, molle e pastosa.","struttura cedevole, molle e pastosa","struttura cedevole, molle e pastosa",2018,C0D,TG_13
599,FUORI_ATTRIBUTO,Il finale potrebbe essere più solubile.,finale potrebbe essere più solubile,finale potrebbe essere più solubile,2018,C0D,TG_19
600,OK,"Il campione è granuloso, asciutto, solubile e duro, ma potrebbe essere poco umido.","granulosa, asciutta, solubile, dura, forse poco umida","granulosa, asciutta, solubile, dura, forse poco umida",2018,C0D,TG_20
601,FUORI_ATTRIBUTO,"Cristalli granulosi, asciutti ma solubili.",cristalli granuloso asciutto ma solubilie,cristalli granuloso asciutto ma solubilie,2018,C0F,Q_09
602,OK,"Il formaggio presenta una consistenza asciutta e granulosa, con una texture interessante.","asciutto, granuloso","asciutto, granuloso",2018,C0F,TG_12
603,FUORI_ATTRIBUTO,È molto granuloso e persistente.,molto granuloso e persistente,molto granuloso e persistente,2018,C0F,TG_19
604,FUORI_ATTRIBUTO,È ancora un po' elastico e non molto granuloso.,"ancora un po elastica, non molto granulosa","ancora un po elastica, non molto granulosa",2018,C0F,TG_20
605,FUORI_ATTRIBUTO,"È asciutto, morbido, poco granuloso e poco solubile.",asciutto morbibo poco granuloso e poco sol,asciutto morbibo poco granuloso e poco sol,2018,C0N,Q_09
606,OK,"Il campione presenta una pasta granulosa e solubile, con una sensazione piacevole al palato.",solubile e granuloso. piacevole,solubile e granuloso. piacevole,2018,C0N,TG_13
607,OK,Il campione presenta una pasta compatta.,compatto,compatto,2018,C0N,TG_19
608,FUORI_ATTRIBUTO,"È granulosa, solubile, un po' asciutta e a tratti più umida.","granulosa, solubile, un po asciutta, a tratti pi\ umida","granulosa, solubile, un po asciutta, a tratti pi\ umida",2018,C0N,TG_20
609,FUORI_ATTRIBUTO,Presenta cristalli.,cristalli,cristalli,2018,C0N,TG_26
610,FUORI_ATTRIBUTO,"È asciutto e impasta poco, inizialmente poco solubile, poi si avvertono i cristalli.",asciutto e impasta poco solub all'inizio poi si avvertono i cristalli,asciutto e impasta poco solub all'inizio poi si avvertono i cristalli,2018,C0R,Q_09
611,OK,"Il campione presenta una pasta pastosa, con una consistenza morbida e gradevole.",pastoso,pastoso,2018,C0R,TG_05
612,FUORI_ATTRIBUTO,È secco.,secco,secco,2018,C0R,TG_11
613,OK,"Il campione presenta una texture asciutta e granulosa, con una sensazione tattilmente interessante.","asciutto, granuloso","asciutto, granuloso",2018,C0R,TG_12
614,FUORI_ATTRIBUTO,È poco solubile e duro.,poco solubile. duro,poco solubile. duro,2018,C0R,TG_13
615,FUORI_ATTRIBUTO,È molto asciutto e non solubile.,"molto asciutto, non solubile","molto asciutto, non solubile",2018,C0R,TG_19
616,OK,"Il campione presenta una pasta granulosa e solubile, con una sensazione gradevole al palato.","granulosa, solubile, gradevole","granulosa, solubile, gradevole",2018,C0R,TG_20
617,FUORI_ATTRIBUTO,È sabbioso e molto friabile.,sabbioso molto fiabile,sabbioso molto fiabile,2018,C0R,TG_26
618,OK,"Il campione presenta una pasta morbida e pastosa, con una leggera granulosità e solubilità.",morbido pastoso poco granul poco sol,morbido pastoso poco granul poco sol,2018,C0E,Q_09
619,OK,"Il campione presenta una pasta morbida, solubile, con grana fine e qualche cristallo di tirosina.","morbido, solubile, grana fine, qualche cristallo","morbido, solubile, grana fine, qualche cristallo",2018,C0E,TG_14
620,FUORI_ATTRIBUTO,I granuli di tirosina sono molto scarsi.,granuli di tirosina molto scarsi,granuli di tirosina molto scarsi,2018,C0E,Q_02
621,FUORI_ATTRIBUTO,"Presenta molti cristalli, è troppo morbido e umido, con microstruttura assente e non friabile.",cristalli a gogo. troppo morbido e umido. microstruttura assente. non friabile,cristalli molti. troppo morbido e umido. microstruttura assente. non friabile,2018,C0E,TG_04
622,OK,Il campione potrebbe essere più friabile.,potrebbe essere più friabile,potrebbe essere più friabile,2018,C0E,TG_19
623,OK,Il campione presenta la presenza di numerosi cristalli di tirosina.,presenza di numerosi cristalli di tirosina,presenza di numerosi cristalli di tirosina,2018,C0E,TG_35
624,FUORI_ATTRIBUTO,Il formaggio è adesivo.,adesiva,adesiva,2018,C0E,TG_15
625,FUORI_ATTRIBUTO,Il formaggio è inconsistente.,inconsistente,inconsistente,2018,C0G,TG_11
626,OK,Il campione è pastoso.,pastoso,pastoso,2018,C0G,TG_05
627,OK,"Il campione è asciutto, pastoso e presenta qualche cristallo.",asciutto pastoso qualche crist,asciutto pastoso qualche crist,2018,C0G,Q_09
628,OK,"Il campione è morbido, con grana molto fine e solubile, umido e con cristalli presenti.","morbido, grana molto fine e solubile, umido, cristalli presenti","morbido, grana molto fine e solubile, umido, cristalli presenti",2018,C0G,TG_14
629,OK,Il campione presenta assenza di granuli di tirosina ed è pastoso.,assenza granuli di tirosina;pastoso,assenza granuli di tirosina;pastoso,2018,C0G,Q_02
630,OK,"Il campione è friabile con microstruttura finissima, ma presenta uno strano finale che sembra sabbioso, anomalo.","friabile, microstruttura finissima. strano finale> sembra sabbioso. Anomalo","friabile, microstruttura finissima. strano finale> sembra sabbioso. Anomalo",2018,C0G,TG_04
631,OK,Il campione è pastoso.,pastoso,pastoso,2018,C0G,TG_26
632,OK,"Il campione è molto solubile, umido e manca di consistenza.","molto solubile, umido, manca di consistenza","molto solubile, umido, manca di consistenza",2018,C0G,TG_19
633,OK,Il campione è abbastanza solubile.,abbastanza solubile,abbastanza solubile,2018,C0G,TG_15
634,OK,Il campione presenta cristalli evidenti e granuloso.,cristalli evidenti granuloso,cristalli evidenti granuloso,2018,C0I,Q_09
635,OK,"Il campione è duro, granuloso, leggermente asciutto e presenta cristalli.","duro, granuloso, leggermente asciutto, cristalli","duro, granuloso, leggermente asciutto, cristalli",2018,C0I,TG_14
636,OK,Il campione non è asciutto ma è friabile; nel finale asciuga le fauci. Sono presenti microcristalli grossi.,"non asciutto ma friabile, nel finale asciuga le fauci. microcristalli presenti, grossi","non asciutto ma friabile, nel finale asciuga le fauci. microcristalli presenti, grossi",2018,C0I,TG_04
637,OK,Il campione presenta cristalli abbondanti.,cristalli abbondanti,cristalli abbondanti,2018,C0I,TG_26
638,OK,Il campione è leggermente adesivo.,leggermente adesiva,leggermente adesiva,2018,C0I,TG_15
639,FUORI_ATTRIBUTO,È troppo umido e presenta pochi cristalli.,troppo umido;pochi cristialli...,troppo umido;pochi cristialli...,2018,C0L,TG_05
640,OK,"Il campione è morbido, asciutto con qualche cristallo.",morbido asciutto con qualche crist,morbido asciutto con qualche crist,2018,C0L,Q_09
641,OK,"Il campione presenta una pasta morbida con grana fine, cristalli ben percepibili e una buona solubilità.","morbido, grana fine, cristaali ben percepibili, solubile","morbido, grana fine, cristaali ben percepibili, solubile",2018,C0L,TG_14
642,OK,"La pasta del campione risulta leggermente pastosa, conferendo una consistenza morbida al palato.",un po pastoso,un po pastoso,2018,C0L,TG_13
643,OK,"Il campione risulta asciutto, asciuga e impasta la bocca, creando una sensazione di ingozzamento.","asciutto, asciuga e impasta la bocca, ingozza","asciutto, asciuga e impasta la bocca, ingozza",2018,C0L,TG_04
644,FUORI_ATTRIBUTO,È tenerissimo e presenta cristalli.,tenerissimo cristalli,tenerissimo cristalli,2018,C0L,TG_26
645,OK,"Il campione è pastoso, umido e presenta una bassa granulosità.","pastoso, umido, poco granuloso","pastoso, umido, poco granuloso",2018,C0L,TG_19
646,OK,Il campione mostra una consistenza abbastanza adesiva.,abbastanza adesivo,abbastanza adesivo,2018,C0L,TG_15
647,OK,Il campione diventa inconsistente.,diventa inconsistente,diventa inconsistente,2018,C0M,TG_11
648,OK,"Il campione è morbido e granuloso, con pochi cristalli che lasciano residuo.",morbido granuloso poco sol qualche cristallo lascia residuo,morbido granuloso poco sol qualche cristallo lascia residuo,2018,C0M,Q_09
649,OK,"Il campione è duro, asciutto e praticamente privo di grana.","duro, asciutto, praticamnte privo di grana,","duro, asciutto, praticamnte privo di grana,",2018,C0M,TG_14
650,FUORI_ATTRIBUTO,È molle e privo di grana.,molle e senza grana,molle e senza grana,2018,C0M,TG_13
651,OK,Il campione presenta una scarsa presenza di cristalli di tirosina.,scarsa presenza di tirosina,scarsa presenza di tirosina,2018,C0M,Q_02
652,OK,"Il campione è molto buono, simile a un emmental, ed è addirittura elastico.","molto buona, fosse un emmental. e' addirittura elastico","molto buona, fosse un emmental. e' addirittura elastico",2018,C0M,TG_04
653,OK,Il campione presenta cristalli non da stagionato ma da fresco.,cristalli non da stagionato ma da fresco,cristalli non da stagionato ma da fresco,2018,C0M,TG_26
654,OK,Il campione mostra poca granulosità in bocca.,"poca granulosità in bocca,","poca granulosità in bocca,",2018,C0M,TG_19
655,OK,Il campione è molto adesivo.,molto adesiva,molto adesiva,2018,C0M,TG_15
656,OK,"Il campione è asciutto, granuloso e presenta pochi cristalli solubili.",asciutto granoloso pochi cristalli solub,asciutto granoloso pochi cristalli solub,2018,C0O,Q_09
657,OK,"Il campione è duro, con grana ben definita e grossolana.","duro, grana ben definita, grossolana,","duro, grana ben definita, grossolana,",2018,C0O,TG_14
658,OK,Il campione è privo di grana.,senza grana,senza grana,2018,C0O,TG_13
659,OK,"Il campione presenta consistenza, solubilità e friabilità molto buone, ma la tirosina non è ben distribuita.","consistenza, solubilità e friabilità molto buone;non ben distribuita la tirosina","consistenza, solubilità e friabilità molto buone;non ben distribuita la tirosina",2018,C0O,Q_02
660,OK,"Il campione è cedevole ai denti, ma non morbido; è friabile con una microstruttura apprezzabile e presenta anche umidità.","cedevole ai denti, ma non morbido. friabile . microstruttura apprezzabile. anche umido","cedevole ai denti, ma non morbido. friabile . microstruttura apprezzabile. anche umido",2018,C0O,TG_04
661,FUORI_ATTRIBUTO,I cristalli sono consistenti e il formaggio è tenerissimo.,cristalli consistenti tenerissimo,cristalli consistenti tenerissimo,2018,C0O,TG_26
662,OK,"Il campione presenta una pasta leggermente granulosa, con una consistenza che non compromette la qualità.",alla fine un po granuloso,alla fine un po granuloso,2018,C0O,TG_35
663,OK,"Il campione mostra una moderata adesività, che non influisce negativamente sulla qualità complessiva.",abbastanza adesivo,abbastanza adesivo,2018,C0O,TG_15
664,OK,"Il campione è morbido, con una bella presenza di granuli, friabile e equilibrato in termini di umidità.","morbido, bella presenza di granuli, friabile e equilibrato come umidit'","morbido, bella presenza di granuli, friabile e equilibrato come umidit'",2018,C0A,TG_24
665,OK,"Il campione è moderatamente duro, con grana fine, solubile e presenta molti cristalli, risultando asciutto.","moderatamente duro, grana fine, solubile, molti cristalli , asciutto","moderatamente duro, grana fine, solubile, molti cristalli , asciutto",2018,C0A,TG_14
666,OK,"Il campione mostra una texture leggermente asciutta, che contribuisce a una sensazione di secchezza al gusto.",legg asciutto,legg asciutto,2018,C0A,TG_12
667,OK,Il campione è pastoso e presenta una buona quantità di cristalli.,pastoso e tanti cristalli,pastoso e tanti cristalli,2018,C0A,TG_26
668,FUORI_ATTRIBUTO,Il formaggio è adesivo.,adesiva,adesiva,2018,C0A,TG_15
669,OK,"Il campione è asciutto, poco friabile e presenta pochi granuli.","asciutto, poco friabile e non molti granuli","asciutto, poco friabile e non molti granuli",2018,C0C,TG_24
670,OK,"Il campione è granuloso, molto asciutto e poco solubile.","grnuloso, molto asciutto, poco solubile.","grnuloso, molto asciutto, poco solubile.",2018,C0C,TG_14
671,FUORI_ATTRIBUTO,Alcune porzioni presentano una solubilità da struttura stirata.,la solubilità di alcune porzioni sono da struttura stirata.,la solubilità di alcune porzioni sono da struttura stirata.,2018,C0C,Q_02
672,OK,Il campione è un po' granuloso ma abbastanza solubile.,un po- granulosa ma abbastanza solubile,un po' granulosa ma abbastanza solubile,2018,C0C,TG_15
673,OK,"Il campione è deformabile, pastoso e non molto friabile.","deformabile, pastoso, non molto friabile","deformabile, pastoso, non molto friabile",2018,C0C,TG_19
674,OK,Il campione si scioglie bene in bocca.,si scioglie,si scioglie,2018,C0C,TG_11
675,OK,Il campione presenta pochissimi cristalli.,pochissimi cristalli,pochissimi cristalli,2018,C0D,TG_05
676,OK,"Il campione è asciutto, presenta molti granuli e poca solubilità.","asciutto, molti granuli e poca solubilit'","asciutto, molti granuli e poca solubilit'",2018,C0D,TG_24
677,OK,"Il campione si sbriciola in bocca, risultando granuloso e cristalloso.","si sbriciola in bocca, granuloso, cristalloso","si sbriciola in bocca, granuloso, cristalloso",2018,C0D,TG_14
678,OK,Il campione è abbastanza solubile.,abbastanza solubile,abbastanza solubile,2018,C0D,TG_15
679,OK,"Il campione presenta una texture sabbiosa, poco solubile e molti cristalli.","sabbioso, poco solubile, molti cristalli","sabbioso, poco solubile, molti cristalli",2018,C0D,TG_19
680,OK,"La pasta si presenta secca, con una consistenza che non risulta eccessivamente umida.",secco,secco,2018,C0D,TG_11
681,FUORI_ATTRIBUTO,La durezza è alta e ci sono pochi granuli.,"durezza alta , pochi granuli","durezza alta , pochi granuli",2018,C0I,TG_24
682,FUORI_ATTRIBUTO,La grana è praticamente assente e il formaggio è duro.,"grana praticemnte nulla, duro","grana praticemnte nulla, duro",2018,C0I,TG_14
683,OK,"La texture è leggermente asciutta, suggerendo una buona conservazione del campione.",legg asciutto,legg asciutto,2018,C0I,TG_12
684,FUORI_ATTRIBUTO,È pastoso e poco solubile.,pastoso e poco solubile,pastoso e poco solubile,2018,C0I,TG_13
685,OK,"Il campione presenta porzioni pastose scarsamente frabili, con una struttura compatta e stirata.",presenza di porzioni pastose scarsamente frabili da formaggio a pasta compatta= struttura stirata,presenza di porzioni pastose scarsamente frabili da formaggio a pasta compatta= struttura stirata,2018,C0I,Q_02
686,FUORI_ATTRIBUTO,La grana è assente.,grana assente,grana assente,2018,C0I,TG_26
687,OK,Il campione mostra una buona solubilità.,abbastanza solubile,abbastanza solubile,2018,C0I,TG_15
688,OK,Il campione è compatto e presenta una bassa friabilità.,"compatto, poco friabile","compatto, poco friabile",2018,C0I,TG_19
689,OK,Il campione è morbido.,morbido,morbido,2018,C0M,TG_05
690,FUORI_ATTRIBUTO,Manca di umidità ed è troppo asciutto.,"manca di umidit', troppo asciutto","manca di umidit', troppo asciutto",2018,C0M,TG_24
691,OK,"Il campione è duro, solubile, con granulometria grossolana e cristalli percepibili.","duro, solubile, granulometria grossolana ma solubile, cristalli percepibili","duro, solubile, granulometria grossolana ma solubile, cristalli percepibili",2018,C0M,TG_14
692,OK,Il campione è pastoso e molle.,pastoso e molle,pastoso e molle,2018,C0M,TG_13
693,OK,Il campione è molto tenero e presenta cristalli.,molto tenero cristalli,molto tenero cristalli,2018,C0M,TG_26
694,OK,Il campione è cedevole e leggermente adesivo.,cedevole e un po- adesivo,cedevole e un po' adesivo,2018,C0M,TG_15
695,OK,Il campione è compatto.,compatto,compatto,2018,C0M,TG_19
696,OK,Il campione presenta un buon equilibrio con una bella presenza di granuli. Struttura e umidità sono conformi.,equilibrio con bella presenza di granuli. Struttura e umidit' OK,equilibrio con bella presenza di granuli. Struttura e umidit' OK,2018,C0N,TG_24
697,OK,"Il campione è morbido, con granulometria media, umido e solubile.","morbido, granulometria media, umido, solubile","morbido, granulometria media, umido, solubile",2018,C0N,TG_14
698,OK,Il campione è cedevole.,cedevole,cedevole,2018,C0N,TG_12
699,FUORI_ATTRIBUTO,"C'è una differente solubilità tra le quattro porzioni, una ha una struttura stirata.","differente solubilità tra le 4 porzioni, una da struttura stirata.","differente solubilità tra le 4 porzioni, una da struttura stirata.",2018,C0N,Q_02
700,OK,Il campione è discretamente solubile.,discretamente solubile,discretamente solubile,2018,C0N,TG_15
701,CONFORME,"Il campione rispetta gli standard attesi, presentando una texture conforme alle normative.",come atteso,come atteso,2018,C0N,TG_19
702,FUORI_ATTRIBUTO,I cristalli sono asciutti.,asciutto cristalli,asciutto cristalli,2018,C0A,Q_09
703,FUORI_ATTRIBUTO,"La friabilità non è perfetta, è troppo plastico al morso e morbido.","friabilita' non perfetta. troppo plastico al morso, morbido","friabilita' non perfetta. troppo plastico al morso, morbido",2018,C0A,TG_04
704,FUORI_ATTRIBUTO,È troppo pastoso.,troppo pastoso,troppo pastoso,2018,C0A,TG_05
705,FUORI_ATTRIBUTO,Il formaggio si sfalda.,si sfalda,si sfalda,2018,C0A,TG_11
706,FUORI_ATTRIBUTO,È pastoso.,pastoso,pastoso,2018,C0A,TG_13
707,FUORI_ATTRIBUTO,È compatto e adesivo.,"compatto, adesivo","compatto, adesivo",2018,C0A,TG_19
708,FUORI_ATTRIBUTO,Asciutto e granuloso con cristalli.,asciutto granuloso cristalli,asciutto granuloso cristalli,2018,C0C,Q_09
709,FUORI_ATTRIBUTO,Morbido e pastoso.,"morbido, pastoso","morbido, pastoso",2018,C0C,TG_04
710,FUORI_ATTRIBUTO,Adesivo e non troppo solubile.,"adesivo, non troppo solubile","adesivo, non troppo solubile",2018,C0C,TG_19
711,FUORI_ATTRIBUTO,Granuloso e umido con cristalli solubili.,granuloso umido con cristalli solub,granuloso umido con cristalli solub,2018,C0G,Q_09
712,FUORI_ATTRIBUTO,"Friabile, troppo asciutto e con scarsa presenza di cristalli.","friabile, troppo asciutto, scarsa presenzaa di crisrtalli","friabile, troppo asciutto, scarsa presenzaa di crisrtalli",2018,C0G,Q_10
713,FUORI_ATTRIBUTO,"Morbido ma friabile, tende ad asciugare la bocca.","Morbido ma friabile. tende ad asciugare la bocca, anche se non lo direi asciutto","Morbido ma friabile. tende ad asciugare la bocca, anche se non lo direi asciutto",2018,C0G,TG_04
714,FUORI_ATTRIBUTO,Troppo pastoso.,troppo pastoso,troppo pastoso,2018,C0G,TG_05
715,FUORI_ATTRIBUTO,"Molle e cedevole, non presenta grana.",molle e cedevole. non da grana,molle e cedevole. non da grana,2018,C0G,TG_13
716,FUORI_ATTRIBUTO,Poco solubile.,poco solubile,poco solubile,2018,C0G,TG_19
717,FUORI_ATTRIBUTO,"Asciutto e granuloso, tende ad impastare verso la fine con qualche cristallo poco solubile.",asciutto granuloso tende ad impastare verso la fine con qualche cristallo poco sol,asciutto granuloso tende ad impastare verso la fine con qualche cristallo poco sol,2018,C0M,Q_09
718,FUORI_ATTRIBUTO,"Difetta di friabilità, morbido.","difetta di friabilit', morbido","difetta di friabilit', morbido",2018,C0M,TG_04
719,FUORI_ATTRIBUTO,Troppo morbido.,troppo morbido,troppo morbido,2018,C0M,TG_05
720,FUORI_ATTRIBUTO,Secco.,secco,secco,2018,C0M,TG_11
721,FUORI_ATTRIBUTO,Pastoso e con poca grana.,pastoso e con poca grana,pastoso e con poca grana,2018,C0M,TG_13
722,FUORI_ATTRIBUTO,Potrebbe essere più solubile.,potrrebbe essere più solubile,potrrebbe essere più solubile,2018,C0M,TG_19
723,FUORI_ATTRIBUTO,"Gommoso, con poca grana e cristalli.",gommoso poca grana cristalli,gommoso poca grana cristalli,2018,C0M,TG_26
724,FUORI_ATTRIBUTO,"Morbido e asciutto, tende ad impastare e lascia residuo con qualche cristallo.",morbido asciutto tende ad impastare e lasciar  residuo  qualche cristalli,morbido asciutto tende ad impastare e lasciar  residuo  qualche cristalli,2018,C0O,Q_09
725,OK,"Il campione presenta una buona presenza di cristalli di tirosina, evidenziando una texture gradevole.",buona presenza di cristalli,buona presenza di cristalli,2018,C0O,Q_10
726,OK,"La microstruttura tende al fine e risulta friabile, con microcristalli presenti ma non grossi. Tuttavia, tende all'asciutto.","miceostruttura tendente al fine, friabile. Microcristalli presenti, non grossi.  daltra parte tende all-asciutto","miceostruttura tendente al fine, friabile. Microcristalli presenti, non grossi.  daltra parte tende all-asciutto",2018,C0O,TG_04
727,FUORI_ATTRIBUTO,Pochi cristalli.,pochi cristalli,pochi cristalli,2018,C0O,TG_05
728,FUORI_ATTRIBUTO,Si scioglie.,si scioglie,si scioglie,2018,C0O,TG_11
729,FUORI_ATTRIBUTO,"Pastoso, asciutto, poco solubile e senza cristalli.",pastoso asciutto poco solub no cristalli,pastoso asciutto poco solub no cristalli,2018,C0Q,Q_09
730,OK,"Il campione risulta polveroso e poco solubile, con granellini di tirosina che rimangono a lungo.","polveroso poco solubile alla fine, granellini di tirosina rimangono a lungo","polveroso poco solubile alla fine, granellini di tirosina rimangono a lungo",2018,C0Q,TG_19
731,OK,"Il campione è morbido e pastoso, con cristalli evidenti che arricchiscono la texture.",morbido e pastoso cristalli evidenti,morbido e pastoso cristalli evidenti,2018,C0A,Q_09
732,OK,"A tratti, il campione risulta troppo morbido, impastando e incollando la bocca.","a tratti troppo morbido, impasta e incolla labocca","a tratti troppo morbido, impasta e incolla labocca",2018,C0A,TG_04
733,FUORI_ATTRIBUTO,Il formaggio è pastoso e poco solubile.,pastoso e poco solubile,pastoso e poco solubile,2018,C0A,TG_13
734,FUORI_ATTRIBUTO,"È morbido, poco granuloso e sembra troppo fresco.","morbido, poco granuloso, smbra troppo fresco","morbido, poco granuloso, smbra troppo fresco",2018,C0A,TG_14
735,OK,"Il campione è deformabile, pastoso e presenta una certa adesività.","deformabile, pastoso, adesivo","deformabile, pastoso, adesivo",2018,C0A,TG_19
736,OK,"La texture è granulosa ma ancora umida, con una solubilità medio-bassa.","granulosa ma ancora umida, solubilit' medio bassa","granulosa ma ancora umida, solubilit' medio bassa",2018,C0A,TG_20
737,FUORI_ATTRIBUTO,È morbido e presenta pochi granuli.,morbido e pochi granuli...,morbido e pochi granuli...,2018,C0A,TG_24
738,OK,"Il campione è morbido e grasso, con cristalli evidenti che ne caratterizzano la texture.",morbido grasso cristalli evidenti,morbido grasso cristalli evidenti,2018,C0C,Q_09
739,OK,"Il campione è morbido, non talmente da perdere friabilità, con microstruttura grossolana e pochissimi cristalli.","morbido, non talmente da perdere friabilita'. microstruttura grossolana. pochissimi cristalli","morbido, non talmente da perdere friabilita'. microstruttura grossolana. pochissimi cristalli",2018,C0C,TG_04
740,OK,"Il campione risulta molto asciutto, con grana fine e cristalli numerosi.","molto asciutta, grana fine, cristalli numerosi,","molto asciutta, grana fine, cristalli numerosi,",2018,C0C,TG_14
741,FUORI_ATTRIBUTO,"È adesivo, poco friabile e poco solubile.","adesivo, poco friabile e poco solubile","adesivo, poco friabile e poco solubile",2018,C0C,TG_19
742,OK,"Il campione presenta una pasta granulosa, mediamente asciutta e solubile.","granulosa, mediamente asciutta, solubile","granulosa, mediamente asciutta, solubile",2018,C0C,TG_20
743,FUORI_ATTRIBUTO,È asciutto e presenta pochi cristalli.,asciutto asciutto.... e pochi cristalli,asciutto asciutto.... e pochi cristalli,2018,C0C,TG_24
744,ILLEGGIBILE,,cristalli gommoso,cristalli gommoso,2018,C0C,TG_26
745,OK,"Il campione è morbido, granuloso e presenta cristalli evidenti.",morbido granuloso cristalli evidenti,morbido granuloso cristalli evidenti,2018,C0D,Q_09
746,OK,"Il campione è morbido al morso, estremamente friabile con una struttura finissima, quasi sabbiosa, e non asciutto, risultando interessante.","morbido al morso, estremamente friabile in una struttura finissima, quasi sabbiosa. non essendo asciutto interessantissimo","morbido al morso, estremamente friabile in una struttura finissima, quasi sabbiosa. non essendo asciutto interessantissimo",2018,C0D,TG_04
747,ILLEGGIBILE,,un p; secco,un p; secco,2018,C0D,TG_11
748,OK,"Il campione è molto asciutto, conferendo una sensazione di secchezza marcata al palato.",molto asciutto,molto asciutto,2018,C0D,TG_12
749,OK,"Il campione è molto friabile, presenta numerosi cristalli ed è solubile.","molto firabile, numerosi cristaali, solubile.","molto friabile, numerosi cristaali, solubile.",2018,C0D,TG_14
750,FUORI_ATTRIBUTO,Potrebbe essere più solubile.,Potrrebbe essere più solubile,Potrrebbe essere più solubile,2018,C0D,TG_19
751,OK,"Il campione è granuloso, solubile e asciutto.","granulosa, solubile, asciutta","granulosa, solubile, asciutta",2018,C0D,TG_20
752,FUORI_ATTRIBUTO,"Ha molti cristalli, è molto pastoso e asciutto.","molti cristalli, molto pastoso e asciutto per;...","molti cristalli, molto pastoso e asciutto per;...",2018,C0D,TG_24
753,FUORI_ATTRIBUTO,Se non fosse per i troppi cristalli...,se non fosse per i troppi cristalli...,se non fosse per i troppi cristalli...,2018,C0D,TG_26
754,OK,Il campione è duro con solubilità difficoltosa e presenta scarsissimi granuli di tirosina.,DURO CON SOLUBILITà DIFFICOLTOSA;SCARSSISIMI GRANULI DI TIROSINA,DURO CON SOLUBILITà DIFFICOLTOSA;SCARSSISIMI GRANULI DI TIROSINA,2018,C0H,Q_02
755,OK,"Il campione è morbido con cristalli, granuloso e lascia un po' di residuo.",morbido con cristalli granuloso lascia un po di residuo,morbido con cristalli granuloso lascia un po di residuo,2018,C0H,Q_09
756,OK,"Il campione presenta molti cristalli, anche grossi, è friabile, asciutto e ha una microstruttura fine.","molti cristalli, anche grossi. friabile, asciutto. microstruttura fine","molti cristalli, anche grossi. friabile, asciutto. microstruttura fine",2018,C0H,TG_04
757,FUORI_ATTRIBUTO,C'è assenza di cristalli e granulosità.,assenza di cristalli e granulosit';,assenza di cristalli e granulosit';,2018,C0H,TG_11
758,OK,"La pasta del campione è asciutta, contribuendo a una texture piacevole e ben definita.",asciutto,asciutto,2018,C0H,TG_12
759,OK,"Il campione è compatto, praticamente non granuloso, solubile e asciutto.","compatto, praticamente non granuloso, solubile,asciutto.","compatto, praticamente non granuloso, solubile,asciutto.",2018,C0H,TG_14
760,ILLEGGIBILE,,"non  lo so, ho docuto sputarlo","non  lo so, ho docuto sputarlo",2018,C0H,TG_19
761,FUORI_ATTRIBUTO,"È cedevole, ancora umido e poco granuloso.","cedevole, ancora umida, poco granulosa","cedevole, ancora umida, poco granulosa",2018,C0H,TG_20
762,FUORI_ATTRIBUTO,Manca umidità e solubilità.,manca umidit' e solubilit',manca umidit' e solubilit',2018,C0H,TG_24
763,FUORI_ATTRIBUTO,Un cubetto non è di alta solubilità come gli altri.,UN CUBETTO NON è DI ALTA SOLUBILITà COME GLI ALTRI,UN CUBETTO NON è DI ALTA SOLUBILITà COME GLI ALTRI,2018,C0N,Q_02
764,OK,"Il campione presenta una pasta asciutta con cristalli evidenti, ma una solubilità che lascia un residuo.",asciutto cristalli evidenti poco solub rimane residuo,asciutto cristalli evidenti poco solub rimane residuo,2018,C0N,Q_09
765,OK,"Il campione è umido e morbido, con una friabilità fine e microcristalli presenti e ben sviluppati.","umido, morbido, comunque friabile finemente, microcristastalli presenti e fini","umido, morbido, comunque friabile finemente, microcristastalli presenti e fini",2018,C0N,TG_04
766,OK,"Il campione è duro e compatto, con una grana fine e una solubilità abbastanza buona.","duro, compatto, grna fine, abbastanza solubile","duro, compatto, grna fine, abbastanza solubile",2018,C0N,TG_14
767,OK,Il campione è molto friabile e presenta una buona solubilità.,"molto friabile, solubile","molto friabile, solubile",2018,C0N,TG_19
768,OK,"Il campione è granuloso, asciutto e presenta una buona solubilità.","granulosa, asciutta, solubile","granulosa, asciutta, solubile",2018,C0N,TG_20
769,OK,"Il campione mostra una bella presenza di cristalli, è asciutto e ha una buona solubilità.","bella presenza di cristalli, asciutto, ma buona solubilit'","bella presenza di cristalli, asciutto, ma buona solubilit'",2018,C0N,TG_24
770,OK,"Il campione è morbido, poco granuloso e presenta pochi cristalli.",morbido poco granuloso pochi cristalli,morbido poco granuloso pochi cristalli,2018,C0Q,Q_09
771,FUORI_ATTRIBUTO,"È cedevole, morbido e ingozza.","cedevole, morbido, ingozza","cedevole, morbido, ingozza",2018,C0Q,TG_04
772,ILLEGGIBILE,,tro,tro,2018,C0Q,TG_12
773,OK,Il campione è molle e cedevole.,"molle, cedevole","molle, cedevole",2018,C0Q,TG_13
774,OK,"Il campione è morbido e friabile, con una grana abbastanza sottile, buona solubilità e pochi cristalli.","morbido e friabile, grana abbastanza sottile, solubile, pochicristalli","morbido e friabile, grana abbastanza sottile, solubile, pochicristalli",2018,C0Q,TG_14
775,OK,"Il campione è leggermente cedevole, granuloso e ancora un po' umido.","leggermente cedevole ma granulosa, ancora un po umida","leggermente cedevole ma granulosa, ancora un po umida",2018,C0Q,TG_20
776,OK,Il campione presenta cristalli molto presenti e una consistenza conforme.,"cristalli molto presenti, consistenza OK","cristalli molto presenti, consistenza OK",2018,C0Q,TG_24
777,OK,"Il campione è asciutto, tende ad impastare e lascia un residuo con cristalli percepibili.",asciutto tende ad impastare e lascia residuo percepibili cristallo,asciutto tende ad impastare e lascia residuo percepibili cristallo,2018,C0H,Q_09
778,OK,Il campione è appena un po' plastico.,appena un po' plastico,appena un po' plastico,2018,C0H,TG_04
779,OK,"Il campione è duro ma friabile, con una grana abbastanza grossa, solubile e cristalli ben percepibili.","duro ma friabile, grana abbastanza grossa ma solubile, cristalli ben percepibili","duro ma friabile, grana abbastanza grossa ma solubile, cristalli ben percepibili",2018,C0H,TG_14
780,OK,"Il campione è asciutto, granuloso, solubile, a tratti sabbioso ma gradevole.","asciutto, granuloso, solubile, a tratti sabbioso ma gradevole","asciutto, granuloso, solubile, a tratti sabbioso ma gradevole",2018,C0H,TG_20
781,FUORI_ATTRIBUTO,Forse ci sono troppi cristalli.,forse troppi cristalli,forse troppi cristalli,2018,C0H,TG_26
782,FUORI_ATTRIBUTO,"Tende ad impastare, ha pochi cristalli ed è poco granuloso, lasciando un residuo farinoso.",tende ad impastare critalli pochi poco granuloso ladcia residuo farinoso,tende ad impastare critalli pochi poco granuloso ladcia residuo farinososo,2018,C0N,Q_09
783,OK,"Il campione presenta una pasta morbida, con una struttura grossolana e una friabilità limitata.","morbido, al morso lascia una struttura grossolana per poca friabilit'","morbido, al morso lascia una struttura grossolana per poca friabilit'",2018,C0N,TG_04
784,OK,Il campione mostra una texture farinososa.,farinoso,farinososo,2018,C0N,TG_13
785,OK,"Il campione è compatto e duro, con una consistenza piuttosto pastosa e privo di grana.","compatto, duro, piuttosto pastoso e rpivo di grana.","compatto, duro, piuttosto pastoso e rpivo di grana.",2018,C0N,TG_14
786,OK,Il campione è molto compatto e poco friabile.,"Molto  compatto, poco friabile,","Molto  compatto, poco friabile,",2018,C0N,TG_19
787,OK,"Il campione è giovane, umido, cedevole e poco granuloso.","giovane, umida, cedevole, poco granulosa","giovane, umida, cedevole, poco granulosa",2018,C0N,TG_20
788,OK,"Il campione è morbido, con cristalli ben evidenti; asciutto all'inizio, tende a impastare e lascia un po' di residuo.",morbido con cristalli ben evidenti asciutto all'inizio tende un po ad impastrare e lascia un po di residuo,morbido con cristalli ben evidenti asciutto all'inizio tende un po ad impastrare e lascia un po di residuo,2018,C0D,Q_09
789,OK,"Il campione è friabile e asciutto, con una microstruttura abbastanza fine; i cristalli sono presenti ma non numerosissimi, e impasta nel finale.","friabile, asciutto ma non troppo. Microstruttura abbastanza fine. cristalli non numerosissimi, presenti. impasta e ingozza nel finale","friabile, asciutto ma non troppo. Microstruttura abbastanza fine. cristalli non numerosissimi, presenti. impasta e ingozza nel finale",2018,C0D,TG_04
790,OK,"Il campione presenta una buona durezza, con strutture e microstrutture ottimali; permane in bocca senza impastare.","durezza buona struttura e microstrutture ottimali, permane in bocca  con struttura e non si impasta","durezza buona struttura e microstrutture ottimali, permane in bocca  con struttura e non si impasta",2018,C0D,TG_08
791,OK,Il campione è inconsistente e privo di cristalli.,inconsistente e senza cristalli,inconsistente e senza cristalli,2018,C0D,TG_11
792,OK,Il campione risulta un po' adesivo.,un po- adesiva,un po' adesiva,2018,C0D,TG_15
793,OK,"Il campione è granuloso, solubile, mediamente duro, con una buona presenza di microcristalli e molto gradevole.","granuloso, solubile, mediamente duro, buona presenza di microcristalli, molto gradevole","granuloso, solubile, mediamente duro, buona presenza di microcristalli, molto gradevole",2018,C0D,TG_20
794,OK,Il campione è molto asciutto e pastoso.,molto asciutto e pastoso,molto asciutto e pastoso,2018,C0D,TG_24
795,OK,Il campione è granuloso e leggermente pastoso.,granuloso legg pastoso,granuloso legg pastoso,2018,C0D,TG_26
796,OK,"Il campione è morbido, con cristalli evidenti; è pastoso ma non molto granuloso e poco solubile.",morbido con cristalli evidenti pastoso ma non molto granuloso e poso solubile,morbido con cristalli evidenti pastoso ma non molto granuloso e poso solubile,2018,C0E,Q_09
797,OK,"Il campione non è perfettamente friabile, cedevole al molare e morbido; i cristalli sono molto presenti, anche grossi.","non perfettamente friabile, cedevole al molare, morbido. Cristalli molto presenti, anche grossi, pure troppo","non perfettamente friabile, cedevole al molare, morbido. Cristalli molto presenti, anche grossi, pure troppo",2018,C0E,TG_04
798,OK,Il campione è troppo umido.,troppo umido,troppo umido,2018,C0E,TG_05
799,OK,"Il campione presenta cristalli, ma non ha microstruttura; si impasta, con durezza media e solubilità elevata.","presenza di cristalli, ma non microstruttura si impasta, durezza mediasolubilit' elevata","presenza di cristalli, ma non microstruttura si impasta, durezza mediasolubilit' elevata",2018,C0E,TG_08
800,OK,Il campione è pastoso e presenta scarsi cristalli.,pastoso e scarsi cristalli,pastoso e scarsi cristalli,2018,C0E,TG_11
801,FUORI_ATTRIBUTO,È adesiva.,adesiva,adesiva,2018,C0E,TG_15
802,OK,"Il campione presenta una pasta umida, cedevole e poco granulosa, con caratteristiche tattili che evidenziano una certa morbidezza.","umida, cedevole, poco granulosa","umida, cedevole, poco granulosa",2018,C0E,TG_20
803,OK,"Il campione mostra una media presenza di cristalli e un'umidità equilibrata, contribuendo a una buona texture.",media... presenza di cristalli e umidit' equilibrata,media... presenza di cristalli e umidit' equilibrata,2018,C0E,TG_24
804,OK,"Il campione presenta cristalli anche grossi e una leggera pastosità, suggerendo una texture interessante.",cristalli anche grossi e legg pastoso,cristalli anche grossi e legg pastoso,2018,C0E,TG_26
805,OK,"Il campione è granuloso e friabile, con cristalli evidenti e una solubilità leggermente residua sabbiosa.",granuloso e friabile cristalli evidenti solubile leggerero residuo sabbioso,granuloso e friabile cristalli evidenti solubile leggerero residuo sabbioso,2018,C0G,Q_09
806,OK,"Il campione è friabile, con una microstruttura fine e microcristalli presenti, non presenta asciuttezza.",friabile. microstruttura fine. microcristalli presenti. non asciutto,friabile. microstruttura fine. microcristalli presenti. non asciutto,2018,C0G,TG_04
807,OK,"Il campione mostra quasi assenza di cristalli e risulta troppo umido, compromettendo la texture.",quasi assenza di cristalli;troppo umido,quasi assenza di cristalli;troppo umido,2018,C0G,TG_05
808,OK,"Il campione è morbido, senza struttura e microcristalli, risultando troppo solubile.","morbido, senza struttura e microcristalli, troppo solubile","morbido, senza struttura e microcristalli, troppo solubile",2018,C0G,TG_08
809,OK,"Il campione presenta molti cristalli, contribuendo a una texture interessante.",molti cristalli,molti cristalli,2018,C0G,TG_11
810,OK,"Il campione mostra una buona solubilità, rendendolo adatto per diverse applicazioni culinarie.",abbastanza solubile,abbastanza solubile,2018,C0G,TG_15
811,OK,"Il campione è granuloso ma non molto solubile, con una leggera cedevolezza.","granulosa ma non molto solubile, leggermente cedevole","granulosa ma non molto solubile, leggermente cedevole",2018,C0G,TG_20
812,OK,"Il campione presenta molti cristalli, è ben friabile e in ottimo equilibrio tra umidità e solubilità.","molti cristalli, ben friabile e in ottimo equilibrio tra umidit. e soubilita-","molti cristalli, ben friabile e in ottimo equilibrio tra umidit. e soubilita-",2018,C0G,TG_24
813,OK,"Il campione è umido, cedevole, morbido, poco granuloso e poco solubile, evidenziando una certa fragilità.","umida, cedevole, morbida, poco granulosa, poco solubile","umida, cedevole, morbida, poco granulosa, poco solubile",2018,C0D,TG_20
814,OK,"Il campione lascia pochi frammenti, suggerendo una buona compattezza.",lascia pochi frammenti,lascia pochi frammenti,2018,C0D,TG_35
815,OK,"Il campione presenta una moderata durezza, è friabile, granuloso, solubile e con cristalli percepibili.","moderata durezza, friabile, granuloso, solubile, cristalli percepibili","moderata durezza, friabile, granuloso, solubile, cristalli percepibili",2018,C0D,TG_14
816,OK,"Il campione è asciutto, granuloso e presenta cristalli, risultando abbastanza solubile.",asciutto granuloso cristalli abbastanza solubile,asciutto granuloso cristalli abbastanza solubile,2018,C0D,Q_09
817,OK,"Il campione è friabile ma non asciutto, con microcristalli fini e presenti, mostrando una struttura fine.",friabile ma non asciutto. microcristalli fini e presenti. struttura fine,friabile ma non asciutto. microcristalli fini e presenti. struttura fine,2018,C0D,TG_04
818,OK,"Il campione è umido e solubile, evidenziando una certa fragilità.",umido e solubile,umido e solubile,2018,C0D,TG_19
819,OK,"Il campione presenta un po' più di grana, suggerendo una texture interessante.",un po- pi\ presente la grana,un po' pi\ presente la grana,2018,C0D,TG_26
820,OK,"Il campione presenta cristalli, ma la microstruttura tende a essere inesistente.","cristalli presenti, microstruttura tendente all-inesistente","cristalli presenti, microstruttura tendente all-inesistente",2018,C0D,TG_11
821,FUORI_ATTRIBUTO,È pastoso.,pastoso,pastoso,2018,C0D,TG_05
822,OK,"Il campione presenta una pasta mediamente umida, con granulosità moderata e solubilità, accompagnata da pochi cristalli.","un po umida, mediamente granulosa, mediamente solubile, pochi cristalli","un po umida, mediamente granulosa, mediamente solubile, pochi cristalli",2018,C0H,TG_20
823,OK,"Il campione lascia la bocca abbastanza pulita, con presenza di diversi cristalli.","lascia la bocca abbastanza pulita, presenza di diversi cristalli","lascia la bocca abbastanza pulita, presenza di diversi cristalli",2018,C0H,TG_35
824,OK,"Il campione è abbastanza duro, compatto ma friabile, con grana fine e buona solubilità.","abbastanza duro, compatto ma friabile, grana fine, solubile","abbastanza duro, compatto ma friabile, grana fine, solubile",2018,C0H,TG_14
825,OK,"Il campione è morbido, presenta qualche cristallo asciutto e tende ad impastare, con poca grana che si scioglie.",morbido con qualche cristallo asciutto tende ad impastare poca grana si scioglie,morbido con qualche cristallo asciutto tende ad impastare poca grana si scioglie,2018,C0H,Q_09
826,OK,"La pasta presenta una leggera pastosità, che offre una consistenza interessante al palato.",un po' pastoso,un po' pastoso,2018,C0H,TG_13
827,OK,"Il campione è friabile, con microstruttura non fine e cristalli presenti, numerosi e di diverse dimensioni; prima della deglutizione tende ad asciugare le fauci.","friabile. microstruttura non fine. cristalli presenti, numerosi, di diverse dimensioni.  prima della deglutizione tende ad asciugare le fauci","friabile. microstruttura non fine. cristalli presenti, numerosi, di diverse dimensioni.  prima della deglutizione tende ad asciugare le fauci",2018,C0H,TG_04
828,OK,Il campione non è troppo friabile né solubile.,non troppo friabile né solubile,non troppo friabile né solubile,2018,C0H,TG_19
829,FUORI_ATTRIBUTO,Ha poca grana.,poca grana,poca grana,2018,C0H,TG_26
830,FUORI_ATTRIBUTO,La microstruttura è assente.,microstruttura assente,microstruttura assente,2018,C0H,TG_11
831,ILLEGGIBILE,,;pastoso;,;pastoso;,2018,C0H,TG_05
832,OK,"Il campione è morbido, poco granuloso e poco solubile, con buona presenza di microcristalli e leggermente adesivo.","morbida, poco granulosa, poco solubile, buona presenza di microcristalli, leggermente adesiva","morbida, poco granulosa, poco solubile, buona presenza di microcristalli, leggermente adesiva",2018,C0L,TG_20
833,OK,"In bocca si scioglie bene, lasciando granelli percettibili, ma piccoli.","In bocca si sciogli bene, lasciando granelli percettibili, ma piccoli","In bocca si sciogli bene, lasciando granelli percettibili, ma piccoli",2018,C0L,TG_35
834,OK,"Il campione è duro, con pasta compatta e poco friabile, grana molto fine, cristalli praticamente assenti e buona solubilità.","duro, pasta compatta e poco friabile, grana molto fine, cristalli praticamente assenti, solubile.","duro, pasta compatta e poco friabile, grana molto fine, cristalli praticamente assenti, solubile.",2018,C0L,TG_14
835,OK,"Il campione presenta grana abbastanza evidente, è pastoso con pochi cristalli e lascia residuo.",grana abbastanza evidente pastoso con pochi cristalli lascia residuo,grana abbastanza evidente pastoso con pochi cristalli lascia residuo,2018,C0L,Q_09
836,OK,Il campione ha poca grana in bocca ed è pastoso.,"poca grana in bocca, pastoso","poca grana in bocca, pastoso",2018,C0L,TG_13
837,OK,"Il campione presenta cristalli presenti ma rari, tende al morbido, è umido e mostra discreta friabilità.","cristalli presenti, ma rari. tende al morbido. umido. comunque discreta friabilita'","cristalli presenti, ma rari. tende al morbido. umido. comunque discreta friabilita'",2018,C0L,TG_04
838,OK,"Il campione è compatto, poco friabile, poco granuloso, adesivo e quasi senza cristalli.","compatto, poco friabile, poco granuloso, adesivo, quasi senza cristalli","compatto, poco friabile, poco granuloso, adesivo, quasi senza cristalli",2018,C0L,TG_19
839,FUORI_ATTRIBUTO,La grana è assente e il formaggio è molto tenero.,grana assente molto tenero,grana assente molto tenero,2018,C0L,TG_26
840,FUORI_ATTRIBUTO,Il formaggio è poco umido.,poco umido,poco umido,2018,C0L,TG_11
841,FUORI_ATTRIBUTO,"La consistenza è quasi gommosa, poco granulosa ma solubile, più simile a un formaggio nostrano.","quasi gommosa, poco granulosa ma solubile, pi\ da formaggio nostrano","quasi gommosa, poco granulosa ma solubile, pi\ da formaggio nostrano",2018,C0M,TG_20
842,OK,Il campione presenta una pasta cremosa con residui in bocca e una buona presenza di cristalli.,"lascia in pocca dei residui cremoso, presenza di criatalli","lascia in pocca dei residui cremoso, presenza di criatalli",2018,C0M,TG_35
843,OK,"Il campione è duro e compatto, con assenza di grana e una solubilità limitata, suggerendo una stagionatura poco avanzata.","duro e copmatto ma senza grana, sembra poco stagionato, solubile","duro e copmatto ma senza grana, sembra poco stagionato, solubile",2018,C0M,TG_14
844,OK,"Il campione è morbido e cedevole, con cristalli presenti che lasciano un residuo in bocca.",morbido e impasta qualche cristalli lascia residuo in bocca,morbido e impasta qualche cristalli lascia residuo in bocca,2018,C0M,Q_09
845,ILLEGGIBILE,,legg gommoso,legg gommoso,2018,C0M,TG_12
846,OK,"Il campione è morbido e cedevole, impasta la bocca e presenta cristalli.",morbido e cedevole. impasta la bocca. cristalli presenti,morbido e cedevole. impasta la bocca. cristalli presenti,2018,C0M,TG_04
847,OK,"Il campione è compatto, adesivo, poco solubile e poco friabile, con una scarsa presenza di cristalli.","compatto, adesivo, poco solubile e poco friabile, poco granuloso, pochi cristalli","compatto, adesivo, poco solubile e poco friabile, poco granuloso, pochi cristalli",2018,C0M,TG_19
848,OK,"Il campione ha una grana assente e risulta tenerissimo, con una texture molto morbida.",grana assente tenerissimo,grana assente tenerissimo,2018,C0M,TG_26
849,OK,Il campione presenta una buona presenza di cristalli e una buona solubilità.,"presenza di cristalli, buona solubilit'","presenza di cristalli, buona solubilit'",2018,C0M,TG_11
850,OK,Il campione ha pochi cristalli ed è molto pastoso.,pochi cristalli;molto pastoso,pochi cristalli;molto pastoso,2018,C0M,TG_05
851,OK,"Il campione è asciutto, granuloso e poco solubile.","asciutta, granulosa, poco solubile","asciutta, granulosa, poco solubile",2018,C0Q,TG_20
852,OK,"Il campione non scioglie subito, ma lascia la bocca pulita e presenta molti cristalli.","non scioglie subito, ma lascia la bocca pulita, ci sono molti cristalli","non scioglie subito, ma lascia la bocca pulita, ci sono molti cristalli",2018,C0Q,TG_35
853,OK,"Il campione è asciutto, granuloso e poco solubile, lasciando residui in bocca e risultando quasi fastidioso.","asciutto, granuloso e poco solubile, restano residui in bocca, quasi fastidioso","asciutto, granuloso e poco solubile, restano residui in bocca, quasi fastidioso",2018,C0Q,TG_14
854,ILLEGGIBILE,,granuloso ma no cristalli abba stanza sol,granuloso ma no cristalli abba stanza sol,2018,C0Q,Q_09
855,OK,Il campione è poco solubile e presenta una consistenza farinoso.,poco solubile. farinoso,poco solubile. farinososo,2018,C0Q,TG_13
856,OK,"Il campione è friabile ma non asciutto, con microstruttura fine e nessun cristallo percepito.",friabile ma non asciutto. microstruttura fine. nessun cristallo percepito,friabile ma non asciutto. microstruttura fine. nessun cristallo percepito,2018,C0Q,TG_04
857,OK,Il campione non è molto solubile.,non molto solubile,non molto solubile,2018,C0Q,TG_19
858,OK,Il campione presenta una scarsa solubilità.,scarsa solubilit',scarsa solubilit',2018,C0Q,TG_11
859,OK,"Il campione è umido, poco granuloso e quasi adesivo.","umida, poco granulosa, quasi adesiva","umida, poco granulosa, quasi adesiva",2018,C0R,TG_20
860,OK,Il campione si scioglie con difficoltà e lascia frammenti medi.,Si scioglie con difficolta e lascia frammenti medi,Si scioglie con difficolta e lascia frammenti medi,2018,C0R,TG_35
861,FUORI_ATTRIBUTO,"È compatto e duro, ma con grana quasi assente e asciutto.","compatto e duro ma con grana quasi assente, asciutto","compatto e duro ma con grana quasi assente, asciutto",2018,C0R,TG_14
862,FUORI_ATTRIBUTO,"È morbido, con poca grana e senza cristalli, lasciando un residuo.",morbida poca grana no cristalli lascia residuo,morbida poca grana no cristalli lascia residuo,2018,C0R,Q_09
863,OK,"La texture è leggermente asciutta, suggerendo una buona maturazione del formaggio.",legg asciutto,legg asciutto,2018,C0R,TG_12
864,OK,"Il campione è morbido al morso, con una consistenza pastosa.","morbido al morso del molare, pastoso","morbido al morso del molare, pastoso",2018,C0R,TG_04
865,OK,"Il campione presenta una pasta compatta, poco friabile e con pochi cristalli, risultando poco solubile.","compatto, poco friabile, poco solubile, pochi cristalli","compatto, poco friabile, poco solubile, pochi cristalli",2018,C0R,TG_19
866,FUORI_ATTRIBUTO,È troppo tenero e ha poca grana.,troppo tenero poca grana,troppo tenero poca grana,2018,C0R,TG_26
867,OK,Il campione ha una grana fine e presenta una leggera farinosità.,"grana fine, leggermente farinoso","grana fine, leggermente farinososo",2018,C0R,TG_11
868,OK,Il campione presenta pochi cristalli.,pochi cristalli,pochi cristalli,2018,C0R,TG_05
869,OK,"Il campione è asciutto, granuloso e non molto solubile, con pochi microcristalli.","asciutta, granulosa, non molto solubile, pochi microcristalli","asciutta, granulosa, non molto solubile, pochi microcristalli",2018,C0A,TG_20
870,OK,"Il campione è duro e consistente, poco friabile, con grana fine ma percepibile, leggermente asciutto e con cristalli sensibili.","curo econsistente , poco friabile, con grana fine ma percepibile, leggermete asciutto, cristalli sensibili","curo econsistente , poco friabile, con grana fine ma percepibile, leggermete asciutto, cristalli sensibili",2018,C0A,TG_14
871,OK,"Il campione è morbido, asciutto e granuloso, tende ad impastare e presenta cristalli evidenti.",morbido asciutto granoloso tende ad impastare e cristalli evidenti,morbido asciutto granoloso tende ad impastare e cristalli evidenti,2018,C0A,Q_09
872,OK,Il campione ha poca grana e risulta poco solubile.,"poca grana, poco solubile","poca grana, poco solubile",2018,C0A,TG_13
873,FUORI_ATTRIBUTO,La solubilità e la friabilità sono moderate.,solubilità e friabilità MODERATO,solubilità e friabilità MODERATO,2018,C0A,Q_02
874,OK,Il campione è pastoso e presenta pochi cristalli.,pastoso;pochi cristalli,pastoso;pochi cristalli,2018,C0A,TG_05
875,OK,"Il campione è friabile ma morbido al morso, troppo plastico e tende ad incollarsi ai denti.",Friabile ma morbido al morso. troppo plastico. incolla ai denti,Friabile ma morbido al morso. troppo plastico. incolla ai denti,2018,C0A,TG_04
876,ILLEGGIBILE,,buona solibulit',buona solibulit',2018,C0A,TG_11
877,OK,"Il campione è leggermente cedevole, mediamente granuloso e solubile, con pochi microcristalli.","leggermente cedevole, mediamente granulosa, mediamente solubile, pochi microcristalli","leggermente cedevole, mediamente granulosa, mediamente solubile, pochi microcristalli",2018,C0C,TG_20
878,OK,"Il campione è duro, friabile, con grana grossolana e cristalli ben percepibili, risultando abbastanza solubile.","duro, friabile, grana grossolana, con cristalli ben percepibili, abbastanza solubile","duro, friabile, grana grossolana, con cristalli ben percepibili, abbastanza solubile",2018,C0C,TG_14
879,OK,"Il campione è granuloso ma tende ad impastare, lasciando un residuo polveroso e qualche cristallo.",granuloso ma tende ad impastare e lascia residuo polversos qualche cristallo,granuloso ma tende ad impastare e lascia residuo polversos qualche cristallo,2018,C0C,Q_09
880,OK,Il campione presenta qualche cristallo ma risulta positivo.,qualche cristallo ma positiva,qualche cristallo ma positiva,2018,C0C,TG_26
881,FUORI_ATTRIBUTO,"La friabilità e la solubilità sono moderate, con una leggera presenza di tirosina.",friabilità e solubilità MODERATE;TIROSINA leggera,friabilità e solubilità MODERATE;TIROSINA leggera,2018,C0C,Q_02
882,OK,"Il campione presenta una pasta compatta e umida, con una pastosità leggera, poco granulosa e solubile, accompagnata da pochi cristalli.","compatto, umido, pastoso, poco granuloso, solubile, pochi cristalli","compatto, umido, pastoso, poco granuloso, solubile, pochi cristalli",2018,C0C,TG_19
883,FUORI_ATTRIBUTO,Ci sono pochi cristalli.,pochi cristalli,pochi cristalli,2018,C0C,TG_05
884,OK,"Il campione si presenta cedevole al dente, con una microstruttura grossolana e cristalli presenti, che impastano la bocca.",cedevole al dente. si frattura in microstruttura grossolana. cristalli presneti. impasta la bocca,cedevole al dente. si frattura in microstruttura grossolana. cristalli presneti. impasta la bocca,2018,C0C,TG_04
885,OK,Il campione è poco solubile e tende a essere pastoso.,"poco solubile, tende a essere pastoso","poco solubile, tende a essere pastoso",2018,C0C,TG_11
886,OK,"Il campione è cedevole, umido e poco granuloso.","cedevole, umida, poco granulosa","cedevole, umida, poco granulosa",2018,C0F,TG_20
887,OK,"Il campione è duro, compatto, con grana fine, pochi cristalli e una solubilità abbastanza presente.","duro, compatto, grana fine, pochi cristalli, abbastanza solubile","duro, compatto, grana fine, pochi cristalli, abbastanza solubile",2018,C0F,TG_14
888,OK,"Il campione presenta grana e cristalli evidenti, con una solubilità abbastanza buona.",grana e cristalli evidenti abbastanza sol,grana e cristalli evidenti abbastanza sol,2018,C0F,Q_09
889,OK,Il campione è duro e poco friabile.,duro e poco friabile,duro e poco friabile,2018,C0F,TG_13
890,FUORI_ATTRIBUTO,"I granuli di tirosina sono moderati, con una leggera gommosità e una friabilità e solubilità leggera.",granuli si tirosina MODERATI;gommoso LEGGERO;friabilità e solubilità LEGGERO,granuli si tirosina MODERATI;gommoso LEGGERO;friabilità e solubilità LEGGERO,2018,C0F,Q_02
891,OK,Il campione è compatto e poco friabile.,"compatto, poco friabile","compatto, poco friabile",2018,C0F,TG_19
892,OK,"Il campione presenta cristalli, è friabile ma troppo morbido al morso.",cristalli presenti. friabile ma troppo morbido al morso,cristalli presenti. friabile ma troppo morbido al morso,2018,C0F,TG_04
893,OK,"Il campione è secco e farinoso, con buoni cristalli e una media solubilità.","secco e farinoso, buoni i cristalli, media solubilit'","secco e farinososo, buoni i cristalli, media solubilit'",2018,C0F,TG_11
894,OK,"Il campione è molto cedevole, con molti microcristalli, solubile e una leggera sabbiosità.","molto cedevole, molti microcristalli, solubile, leggera sabbiosit'","molto cedevole, molti microcristalli, solubile, leggera sabbiosit'",2018,C0G,TG_20
895,OK,"Il campione è morbido, friabile, con grana fine e solubile, pochi cristalli e tende a impastare.","morbido, friabile, grana fine e solubile, pochi cristalli, tende a impastare","morbido, friabile, grana fine e solubile, pochi cristalli, tende a impastare",2018,C0G,TG_14
896,OK,Il campione è friabile e presenta cristalli.,friabile con cristalli,friabile con cristalli,2018,C0G,Q_09
897,FUORI_ATTRIBUTO,È troppo tenero e presenta cristalli.,troppo tenero cristalli,troppo tenero cristalli,2018,C0G,TG_26
898,FUORI_ATTRIBUTO,"È molle, pastoso e asciutto.",molle e pastoso e asciutto,molle e pastoso e asciutto,2018,C0G,TG_13
899,FUORI_ATTRIBUTO,"La friabilità e la solubilità sono forti, con una presenza moderata di tirosina.",friabilità e solubilità FORTE;tirosina MODERATA,friabilità e solubilità FORTE;tirosina MODERATA,2018,C0G,Q_02
900,OK,"Il campione è friabile, abbastanza solubile e potrebbe essere più granuloso.","friabile, abastanza solubile, potrebbe essere più granuloso","friabile, abastanza solubile, potrebbe essere più granuloso",2018,C0G,TG_19
901,OK,"Il campione presenta una pasta friabile, con una buona consistenza al tatto.",friabile,friabile,2018,C0G,TG_05
902,OK,"Il campione è estremamente friabile, con una struttura molto fine e una giusta adesività. I cristalli sono fini.",non asciutto. estremamente friabile. struttura molto fine. giusta adesivita'. cristalli fini,non asciutto. estremamente friabile. struttura molto fine. giusta adesivita'. cristalli fini,2018,C0G,TG_04
903,OK,Il campione è friabile e presenta una buona presenza di cristalli.,friabile ma con buona presenza di cristalli,friabile ma con buona presenza di cristalli,2018,C0G,TG_11
904,OK,"Il campione ha una durezza mediamente alta, è granuloso e solubile, con una media presenza di microcristalli.","mediamente dura, granulosa, solubile, con media presenza di microcristalli","mediamente dura, granulosa, solubile, con media presenza di microcristalli",2018,C0M,TG_20
905,OK,"Il campione è compatto, con grana inesistente, asciutto e tende a impastare, con cristalli poco percepibili.","comaptto, grana inesistente, asciutto e impasta, cristalli poco percepibili","comaptto, grana inesistente, asciutto e impasta, cristalli poco percepibili",2018,C0M,TG_14
906,OK,Il campione tende a impastare e lascia un residuo polveroso; la grana è poco evidente ma presenta qualche cristallo.,tende a impastare e lasciare residuo polveroso  grana poco evidente ma qualche cristallo,tende a impastare e lasciare residuo polveroso  grana poco evidente ma qualche cristallo,2018,C0M,Q_09
907,OK,"Il campione è molto morbido, con una consistenza tenera.",molto morbido,molto morbido,2018,C0M,TG_26
908,OK,"Il campione presenta una consistenza pastosa, simile a una crema.",pastoso,pastoso,2018,C0M,TG_13
909,OK,"Il campione mostra una forte presenza di friabilità, solubilità e cristalli di tirosina.","friabilita, solubilita e tirosina FORTE","friabilita, solubilita e tirosina FORTE",2018,C0M,Q_02
910,OK,"Il campione è compatto, solubile, poco granuloso e presenta umidità.","compatto, solubile, poco granuloso, umido","compatto, solubile, poco granuloso, umido",2018,C0M,TG_19
911,OK,"Il campione ha una discreta friabilità, con una pasta comunque morbida. Nel finale impasta la bocca e i cristalli sono percepiti.",discreta friabilita' di una pasta comunque morbia. nel finale impasta la bocca. cristalli percepiti,discreta friabilita' di una pasta comunque morbia. nel finale impasta la bocca. cristalli percepiti,2018,C0M,TG_04
912,OK,"Il campione presenta una microstruttura scarsissima, diventando quasi crema in bocca.","microstruttura scarsissima, diventa quasi crema in bocca","microstruttura scarsissima, diventa quasi crema in bocca",2018,C0M,TG_11
913,OK,"Il campione è cedevole, poco granuloso e presenta pochi microcristalli.","cedevole, poco granulosa, pochi microcristalli","cedevole, poco granulosa, pochi microcristalli",2018,C0N,TG_20
914,OK,"Il campione è duro, compatto, poco friabile, con grana finissima e asciutto.","duro, compatto ,poco friabile , grana finissima, asciutto,","duro, compatto ,poco friabile , grana finissima, asciutto,",2018,C0N,TG_14
915,OK,"Il campione è granuloso, morbido e presenta cristalli evidenti.",granuloso morbido e cristalli evidenti,granuloso morbido e cristalli evidenti,2018,C0N,Q_09
916,OK,Il campione è poco friabile e solubile.,poco friabile e solubile,poco friabile e solubile,2018,C0N,TG_13
917,OK,"Il campione presenta assenza di tirosina, con una friabilità e solubilità moderate.",tirosina ASSENTE;friabilità e solubilità MODERATA,tirosina ASSENTE;friabilità e solubilità MODERATA,2018,C0N,Q_02
918,OK,"Il campione è compatto, quasi gommoso e deformabile, non friabile.","compatto, quasi gommoso e deformabile, non friabile","compatto, quasi gommoso e deformabile, non friabile",2018,C0N,TG_19
919,OK,Il campione ha una struttura non fine e i cristalli non sono percepiti.,Struttura non fine. cristalli non percepiti,Struttura non fine. cristalli non percepiti,2018,C0N,TG_04
920,OK,"Il campione presenta una microstruttura scarsa, ma nel complesso è solubile.",microstruttura scarsa ma nel complesso solubile,microstruttura scarsa ma nel complesso solubile,2018,C0N,TG_11
921,FUORI_ATTRIBUTO,"È morbido e ha poca grana, impasta poco e ha pochi cristalli.",morbido e poco grana impasta poco sol pochi crist,morbido e poco grana impasta poco sol pochi crist,2018,C0A,Q_09
922,OK,"Il campione presenta una pasta morbida, con una friabilità non perfetta e cristalli di tirosina ben sviluppati, risultando liquescente nel finale di bocca.","morbido, non prefetta la friabilita' . cristalli anche grossi. liquescente nel finale di bocca","morbido, non prefetta la friabilita' . cristalli anche grossi. liquescente nel finale di bocca",2018,C0A,TG_04
923,OK,Il campione ha una consistenza pastosa e presenta pochi cristalli.,pastoso;pochi cristalli;,pastoso;pochi cristalli;,2018,C0A,TG_05
924,OK,"Il campione è pastoso, poco solubile, ma con buoni cristalli.","pastoso, poco solubile, buoni i cristalli","pastoso, poco solubile, buoni i cristalli",2018,C0A,TG_11
925,OK,"Il campione presenta una texture leggermente asciutta, che contribuisce a una sensazione di freschezza.",legg asciutto,legg asciutto,2018,C0A,TG_12
926,OK,"Il campione è solubile, mostrando una buona capacità di sciogliersi in bocca.",solubile,solubile,2018,C0A,TG_13
927,OK,Il campione è poco solubile e non presenta cristalli di tirosina.,"poco solubile, no tirosina","poco solubile, no tirosina",2018,C0A,TG_15
928,OK,"Il campione è morbido, si liquefa velocemente e lascia la bocca pulitissima.","morbito, si liquefa velocemente e lascia la bocca pulitissima","morbito, si liquefa velocemente e lascia la bocca pulitissima",2018,C0A,TG_35
929,OK,"Il campione è asciutto e granuloso, con cristalli che lasciano un residuo.",asciutto gramuloso cristalli lascia residuo,asciutto gramuloso cristalli lascia residuo,2018,C0B,Q_09
930,OK,"Il campione presenta molti cristalli, è friabile finemente senza essere asciutto e lascia la bocca farinososa ma pulita.","tanti cristalli, friabile finemente senza essere asciutto. lascia bocca farinosa ma pulita","tanti cristalli, friabile finemente senza essere asciutto. lascia bocca farinososa ma pulita",2018,C0B,TG_04
931,OK,Il campione è poco umido e presenta pochi cristalli.,"poco umido, pochi cristalli","poco umido, pochi cristalli",2018,C0B,TG_11
932,OK,Il campione è molto asciutto e duro.,"molto asciutto, duro","molto asciutto, duro",2018,C0B,TG_12
933,OK,Il campione è asciutto e poco solubile.,"asciutto, poco solubile.","asciutto, poco solubile.",2018,C0B,TG_13
934,OK,Il campione ha una consistenza granulosa e presenta poca tirosina.,"granulosa, poca tirosina","granulosa, poca tirosina",2018,C0B,TG_15
935,OK,"Il campione è sabbioso, con molti cristalli e frammenti scarsamente solubili.",sabbioso con moltri cristalli e frammenti scarsamente solubili,sabbioso con moltri cristalli e frammenti scarsamente solubili,2018,C0B,TG_35
936,OK,"Il campione è morbido e grasso, con cristalli.",morbido grasso cristalli,morbido grasso cristalli,2018,C0C,Q_09
937,OK,"Il campione è morbido al morso, molle e pastoso al palato, con tanti cristalli.","morbido al morso, molle e pastoso al palato. tanti cristalli","morbido al morso, molle e pastoso al palato. tanti cristalli",2018,C0C,TG_04
938,OK,Il campione è troppo morbido e pastoso.,troppo morbido e pastoso;,troppo morbido e pastoso;,2018,C0C,TG_05
939,OK,Il campione è morbido ma presenta cristalli.,morbido ma con critalli,morbido ma con critalli,2018,C0C,TG_11
940,OK,Il campione ha una media adesività e presenta tirosina percepita.,"media adesivita-, tirosia percepita","media adesivita-, tirosia percepita",2018,C0C,TG_15
941,FUORI_ATTRIBUTO,Lascia la bocca abbastanza pulita.,lascia la bocca abbastanza pulita,lascia la bocca abbastanza pulita,2018,C0C,TG_35
942,OK,"Il campione presenta una pasta pastosa con poca granulosità, cristalli evidenti ma una solubilità sabbiosa alla fine.",pastoso impasta poca grana cristalli evidenti ma poco sol sabbioso alla fine,pastoso impasta poca grana cristalli evidenti ma poco sol sabbioso alla fine,2018,C0E,Q_09
943,OK,"Il campione risulta umido e tenero, con una sensazione di impasto nella bocca nel finale.","umido, tenero. nel finale impasta la bocca","umido, tenero. nel finale impasta la bocca",2018,C0E,TG_04
944,FUORI_ATTRIBUTO,È morbido e abbastanza inconsistente.,"morbido, abbastanza inconsistente","morbido, abbastanza inconsistente",2018,C0E,TG_11
945,OK,La struttura è molle e pastosa.,struttura molle e pastosa,struttura molle e pastosa,2018,C0E,TG_13
946,OK,"Il campione è un po' cedevole, con presenza di cristalli di tirosina.","un po- cedevole, presenza di tiosina","un po' cedevole, presenza di tiosina",2018,C0E,TG_15
947,OK,Lascia la bocca poco pulita e presenta diversi frammenti che non si sciolgono.,"lascia la bocca poco pulita, non si sciolgono diversi frammenti","lascia la bocca poco pulita, non si sciolgono diversi frammenti",2018,C0E,TG_35
948,OK,"Il campione impasta, è asciutto e poco solubile con pochi cristalli.",impasta asciutto poco solubile pochi cristalli,impasta asciutto poco solubile pochi cristalli,2018,C0H,Q_09
949,OK,"Il campione è friabile con una microstruttura grossolana e pochi cristalli, ma di grandi dimensioni.","Friabile. microstruttura grossolana. Pochi cristalli, grossi","Friabile. microstruttura grossolana. Pochi cristalli, grossi",2018,C0H,TG_04
950,OK,"La pasta è friabile e solubile, con buoni cristalli di tirosina ben sviluppati.","friabile e solubile, buoni i cristalli","friabile e solubile, buoni i cristalli",2018,C0H,TG_11
951,FUORI_ATTRIBUTO,È leggermente asciutto.,legg asciutto,legg asciutto,2018,C0H,TG_12
952,OK,"Il campione è leggermente adesivo, con presenza di cristalli di tirosina.","un po- madesiva, presenza di tirosina","un po' madesiva, presenza di tirosina",2018,C0H,TG_15
953,OK,Il campione è leggermente sabbioso e lascia la bocca poco pulita.,"leggermente sabbioso, lascia la bocca poco pulita","leggermente sabbioso, lascia la bocca poco pulita",2018,C0H,TG_35
954,OK,Il campione è morbido e presenta granulosità con cristalli.,morbido granoloso cristalli,morbido granoloso cristalli,2018,C0Q,Q_09
955,OK,"Il campione è friabile con una microstruttura non finissima, buona, e cristalli percepibili; umido il giusto.","friabile. microstruttura non finissima, buona. cristalli percepibili. umido il giusto","friabile. microstruttura non finissima, buona. cristalli percepibili. umido il giusto",2018,C0Q,TG_04
956,OK,"Buoni i cristalli, ottima solubilità.","buoni i cristalli, ottima solubitli'","buoni i cristalli, ottima solubitli'",2018,C0Q,TG_11
957,OK,"Il campione si presenta asciutto, conferendo una sensazione di secchezza al palato.",asciutto,asciutto,2018,C0Q,TG_12
958,OK,"Il campione è asciutto, farinoso e poco solubile.","asciutto, farino e poco solubile","asciutto, farinoso e poco solubile",2018,C0Q,TG_13
959,FUORI_ATTRIBUTO,È poco solubile.,poco solubile,poco solubile,2018,C0Q,TG_15
960,OK,Il campione è sabbioso e presenta numerosi cristalli.,"sabbioso e con presenza di numerosi cristalli,","sabbioso e con presenza di numerosi cristalli,",2018,C0Q,TG_35
961,FUORI_ATTRIBUTO,"La friabilità è scarsa, la solubilità è alta e i cristalli di tirosina sono scarsi.","friabilità scarsa, solubilità alta, cristalli tirosina scarsi","friabilità scarsa, solubilità alta, cristalli tirosina scarsi",2018,C0A,Q_02
962,FUORI_ATTRIBUTO,È granuloso con cristalli e poco solubile.,granuloso con cristalli poco solubile,granuloso con cristalli poco solubile,2018,C0A,Q_09
963,FUORI_ATTRIBUTO,"È troppo morbido, con una microstruttura media, non è friabile e non trovo cristalli.","morbido, troppo. microstruttura media. non firabile e i cristalli non li trovo","morbido, troppo. microstruttura media. non friabile e i cristalli non li trovo",2018,C0A,TG_04
964,FUORI_ATTRIBUTO,Il formaggio è pastoso e presenta pochi cristalli.,pastoso;pochi cristalli,pastoso;pochi cristalli,2018,C0A,TG_05
965,OK,Il campione presenta buoni cristalli e una buona solubilità.,"buoni cristalli, buona solubilit'","buoni cristalli, buona solubilit'",2018,C0A,TG_11
966,OK,"Il campione è compatto e poco granulare, con una consistenza abbastanza dura e asciutta, e pochi cristalli.","compatto e poco granulare, abbastanza duro e asciutto pochi cristalli.","compatto e poco granulare, abbastanza duro e asciutto pochi cristalli.",2018,C0A,TG_14
967,OK,Il campione presenta una buona presenza di cristalli di tirosina e una solubilità soddisfacente.,"tirosina ok, abbastanza solubile","tirosina ok, abbastanza solubile",2018,C0A,TG_15
968,OK,"Il campione ha un'ottima microstruttura, con cristalli presenti e una pastosità e umidità equilibrate.",ottima la microstruttura. Crtistalli presenti. Pastosità e umidità medio equilibrate,ottima la microstruttura. Crtistalli presenti. Pastosità e umidità medio equilibrate,2018,C0A,TG_24
969,FUORI_ATTRIBUTO,Il formaggio è pastoso.,pastoso,pastoso,2018,C0A,TG_26
970,FUORI_ATTRIBUTO,La bocca risulta poco pulita a causa di frammenti insolubili.,bocca poco pulita con frammenti insolubili,bocca poco pulita con frammenti insolubili,2018,C0A,TG_35
971,FUORI_ATTRIBUTO,Il formaggio è granuloso con piccoli cristalli poco solubili.,granuloso impasta cristalli piccoli poco solub,granuloso impasta cristalli piccoli poco solub,2018,C0C,Q_09
972,OK,"Il campione è morbido, umido, poco friabile, con cristalli presenti di buone dimensioni.","morbido. umido. poco friabile. cristalli presenti, anche di buone dimensioni.","morbido. umido. poco friabile. cristalli presenti, anche di buone dimensioni.",2018,C0C,TG_04
973,FUORI_ATTRIBUTO,C'è assenza di cristalli e il formaggio è pastoso.,assenza di cristalli;pastoso,assenza di cristalli;pastoso,2018,C0C,TG_05
974,FUORI_ATTRIBUTO,Il formaggio è piuttosto morbido e ha poca microstruttura.,piuttosto morbido e con poca microstruttura,piuttosto morbido e con poca microstruttura,2018,C0C,TG_11
975,FUORI_ATTRIBUTO,"Il formaggio è pastoso, poco granuloso, asciutto e presenta pochi cristalli.","pastoso, poco granuloso, asciutto, pochi cristalli,","pastoso, poco granuloso, asciutto, pochi cristalli,",2018,C0C,TG_14
976,OK,"La pasta mostra una solubilità media, rendendola adatta per diverse preparazioni.",mediamente solubile,mediamente solubile,2018,C0C,TG_15
977,OK,"Il campione è mediamente umido e solubile, offrendo una consistenza equilibrata.",mediamente umido e solubile,mediamente umido e solubile,2018,C0C,TG_19
978,CONFORME,"Il campione presenta una texture conforme, sebbene manchi leggermente di umidità.","manca un pò di umidità, ma nel complesso OK","manca un pò di umidità, ma nel complesso OK",2018,C0C,TG_24
979,FUORI_ATTRIBUTO,Non presenta grana.,no grana,no grana,2018,C0C,TG_26
980,OK,"La bocca rimane abbastanza pulita, con pochi cristalli di dimensioni soddisfacenti.","la bocca rimane abbastanza pulita, i cristalli sono pochi, ma abbastanza grossi","la bocca rimane abbastanza pulita, i cristalli sono pochi, ma abbastanza grossi",2018,C0C,TG_35
981,OK,"Il campione presenta granuli di tirosina in intensità medio alta, con una solubilità alta e una friabilità medio alta.",granuli di tirosina inrensità medio alta;solubilità alta;friabilità medio alta,granuli di tirosina inrensità medio alta;solubilità alta;friabilità medio alta,2018,C0D,Q_02
982,OK,"Il campione è morbido, asciutto e granuloso, con cristalli evidenti che arricchiscono la texture.",morbido asciutto granoloso cristalli evidenti,morbido asciutto granoloso cristalli evidenti,2018,C0D,Q_09
983,OK,"Il campione è friabile con una struttura molto fine, presentando una consistenza finale sabbiosa-farinososa e non asciutta.",friabile in una struttura molti fine. consistenza finale sabbiosa-farinosa. non asciutto,friabile in una struttura molti fine. consistenza finale sabbiosa-farinososa. non asciutto,2018,C0D,TG_04
984,OK,"Il campione presenta cristalli, sebbene non in gran numero, con buona friabilità ma scarsa solubilità.","cristalli presenti ma non in gran numero, buona friabilit' ma scarsa solubilit'","cristalli presenti ma non in gran numero, buona friabilit' ma scarsa solubilit'",2018,C0D,TG_11
985,OK,Il campione ha una consistenza un po' molle e cedevole.,consistenza un po molle. cedevole,consistenza un po molle. cedevole,2018,C0D,TG_13
986,OK,"Il campione è friabile, granuloso, abbastanza solubile e con cristalli percepibili.","friabile, granulosa, abbastanza solubile e con cristalli percepibili","friabile, granulosa, abbastanza solubile e con cristalli percepibili",2018,C0D,TG_14
987,OK,Il campione presenta una presenza molto alta di tirosina e buona solubilità.,"tirosina molto presente, buona solubilita-","tirosina molto presente, buona solubilita-",2018,C0D,TG_15
988,OK,"Il campione è friabile, abbastanza solubile e granuloso.","friabile, abbastanza solubile, granuloso","friabile, abbastanza solubile, granuloso",2018,C0D,TG_19
989,OK,"Il campione presenta molti cristalli, ma manca equilibrio tra umidità e pastosità.","molti cristalli, manca equilibrio tra umidità e pastosità...","molti cristalli, manca equilibrio tra umidità e pastosità...",2018,C0D,TG_24
990,OK,Il campione presenta pochi ma grossi cristalli ed è leggermente sabbioso.,"presenza di pochoi ma grossi cristali, è leggermente sabbionso","presenza di pochoi ma grossi cristali, è leggermente sabbionso",2018,C0D,TG_35
991,OK,"Il campione ha una friabilità con intensità medio bassa, solubilità con intensità medio alta e granuli di tirosina con intensità media.",friabilità intenistà medio bassa;solubilità intensità medio alta;granuli tirosina intensità media,friabilità intenistà medio bassa;solubilità intensità medio alta;granuli tirosina intensità media,2018,C0I,Q_02
992,OK,"Il campione è granuloso, asciutto, con qualche cristallo e tende ad impastare alla fine senza sciogliersi.",granoloso asciutto con qualche cristalli tende ad impastare alla fine e non sciogliersi,granoloso asciutto con qualche cristalli tende ad impastare alla fine e non sciogliersi,2018,C0I,Q_09
993,OK,"Il campione presenta buona friabilità, cristalli presenti anche troppo grossi, microstruttura finissima e finale deliquescente e farinososo.","Buona friabilità. cristalli presenti, anche troppo grossi. microstruttura finissima, finale deliquescente e farinoso","Buona friabilità. cristalli presenti, anche troppo grossi. microstruttura finissima, finale deliquescente e farinososo",2018,C0I,TG_04
994,OK,"Il campione è secco, presenta molti cristalli e buona solubilità.","secco, molti cristalli, buona solub","secco, molti cristalli, buona solub",2018,C0I,TG_11
995,OK,"Il campione è duro, granuloso, con cristalli percepibili, un po' asciutto e solubile.","duro, granuloso, cristalli percepibili, un po' asciutto,solubile","duro, granuloso, cristalli percepibili, un po' asciutto,solubile",2018,C0I,TG_14
996,OK,Il campione presenta molta tirosina e un carattere adesivo.,"molta tirosina, adesivo","molta tirosina, adesivo",2018,C0I,TG_15
997,OK,Il campione non è troppo solubile.,Non troppo solubile,Non troppo solubile,2018,C0I,TG_19
998,OK,"Il campione presenta una pastosità apprezzabile, con cristalli ben sviluppati, umidità equilibrata e una solubilità soddisfacente.","bella pastosità, cristalli presenti, umidità giusta e solubilità OK","bella pastosità, cristalli presenti, umidità giusta e solubilità OK",2018,C0I,TG_24
999,OK,Il campione presenta una leggera grana e risulta comunque pastoso.,cristallisi sente una grana leggera comunque pastoso,cristallisi sente una grana leggera comunque pastoso,2018,C0I,TG_26
1000,OK,"Il campione presenta molti cristalli, con frammenti insolubili.","presenza di molti cristalli, con frammenti insolubili","presenza di molti cristalli, con frammenti insolubili",2018,C0I,TG_35
1001,FUORI_ATTRIBUTO,"La friabilità è media, la solubilità è alta e mancano granuli di tirosina.","friabilità media, solubilità alta, granuli tirosina assenti","friabilità media, solubilità alta, granuli tirosina assenti",2018,C0N,Q_02
1002,FUORI_ATTRIBUTO,"Il formaggio è asciutto e granuloso, con qualche cristallo poco solubile.",asciutto granuloso qualche cristallo poco sol,asciutto granuloso qualche cristallo poco sol,2018,C0N,Q_09
1003,FUORI_ATTRIBUTO,"È morbido, quasi molle e non è maturato, risulta poco gradevole.","morbido, quasi molle. non maturato. male","morbido, quasi molle. non maturato. male",2018,C0N,TG_04
1004,OK,"Il campione presenta una pasta friabile, con una microocchiatura uniforme e cristalli di tirosina ben sviluppati, senza difetti strutturali evidenti.","friabilit' buona,","friabilit' buona,",2018,C0N,TG_11
1005,FUORI_ATTRIBUTO,È granuloso ma poco solubile.,granuloso ma poco solubile.,granuloso ma poco solubile.,2018,C0N,TG_13
1006,FUORI_ATTRIBUTO,"È molle, con poca consistenza e si sfalda facilmente.","molle, con poca consistenza , si sfalda","molle, con poca consistenza , si sfalda",2018,C0N,TG_14
1007,FUORI_ATTRIBUTO,È granuloso in bocca.,granuloso in bocca,granuloso in bocca,2018,C0N,TG_15
1008,FUORI_ATTRIBUTO,"È deformabile, adesivo, poco solubile e non omogeneo nei pezzi.","deformabile, adesivo, poco solubile, non omogeneo nei pezzi","deformabile, adesivo, poco solubile, non omogeneo nei pezzi",2018,C0N,TG_19
1009,FUORI_ATTRIBUTO,"Presenta pochi cristalli, è pastoso e poco umido.","pochi cristalli, pastoso e poco umido","pochi cristalli, pastoso e poco umido",2018,C0N,TG_24
1010,FUORI_ATTRIBUTO,È molto tenero.,molto tenero,molto tenero,2018,C0N,TG_26
1011,FUORI_ATTRIBUTO,Ha una consistenza sabbiosa.,sabbioso,sabbioso,2018,C0N,TG_35
1012,FUORI_ATTRIBUTO,La friabilità è scarsa e i granuli di tirosina sono poco intensi.,friabilità intensità scara;granuli tirosina intensità scarsa,friabilità intensità scara;granuli tirosina intensità scarsa,2018,C0O,Q_02
1013,FUORI_ATTRIBUTO,"È morbido con qualche piccolo cristallo, tende ad impastare e lascia un residuo farinoso.",morbido con qualche piccolo cristalli tende ad impastare e lasciare residuo farinoso,morbido con qualche piccolo cristalli tende ad impastare e lasciare residuo farinososo,2018,C0O,Q_09
1014,OK,"Il campione presenta una pasta morbida e friabile, con una microstruttura di discreta finezza e cristalli presenti, lasciando una sensazione di impastamento finale.",seppur morbido è friabile in una moicrostruttura di discreta finezza. Cristalli presenti. finale di bocca un po' impastata,seppur morbido è friabile in una moicrostruttura di discreta finezza. Cristalli presenti. finale di bocca un po' impastata,2018,C0O,TG_04
1015,FUORI_ATTRIBUTO,"È molto morbido, con microstruttura e cristalli assenti, e ricorda quasi l'asiago.","molto morbido, microstruttura assente, cristalli assenti, sembra quasi asiago","molto morbido, microstruttura assente, cristalli assenti, sembra quasi asiago",2018,C0O,TG_11
1016,FUORI_ATTRIBUTO,Ha una consistenza leggermente pastosa.,leggermente pastoso,leggermente pastoso,2018,C0O,TG_13
1017,FUORI_ATTRIBUTO,"È pastoso e compatto, non granuloso e asciutto, senza cristalli percepibili.","pastoso compatto, non granuloso, asciutto, non si percepiscono cristalli","pastoso compatto, non granuloso, asciutto, non si percepiscono cristalli",2018,C0O,TG_14
1018,FUORI_ATTRIBUTO,È pastoso ma abbastanza solubile.,pastoso ma abbastanza solubile,pastoso ma abbastanza solubile,2018,C0O,TG_15
1019,FUORI_ATTRIBUTO,"È compatto, non molto friabile e deformabile.","compatto, non molto friabile, deformabile,","compatto, non molto friabile, deformabile,",2018,C0O,TG_19
1020,FUORI_ATTRIBUTO,"È asciutto, poco solubile e presenta pochi cristalli.","asciutto, poco solubile e pochi cristalli","asciutto, poco solubile e pochi cristalli",2018,C0O,TG_24
1021,FUORI_ATTRIBUTO,L'assenza di grana fa sì che si impasti in bocca.,assenza di grana si impasta in bocca,assenza di grana si impasta in bocca,2018,C0O,TG_26
1022,OK,"Il campione presenta una granulosità sabbiosa finissima, senza difetti strutturali evidenti.",sabbioso finissimo,sabbioso finissimo,2018,C0O,TG_35
1023,FUORI_ATTRIBUTO,"La friabilità e la solubilità sono sufficienti, ma la durezza è molto scarsa e la tirosina assente.",friabilità e solubilità sufficienti;durezza molto scarsa;triosina assente,friabilità e solubilità sufficienti;durezza molto scarsa;triosina assente,2018,C0A,Q_02
1024,FUORI_ATTRIBUTO,"È morbido, poco granuloso e senza cristalli.",morbido poco granuloso no cristalli (1),morbido poco granuloso no cristalli intensità assente,2018,C0A,Q_09
1025,OK,"Il campione è umido e molle, con una bassa friabilità. Presenta pochi cristalli di tirosina, che impastano la bocca.",umido. molle. friabilità bassa. cristelli pochi ma presenti. impasta la bocca,umido. molle. friabilità bassa. cristelli pochi ma presenti. impasta la bocca,2018,C0A,TG_04
1026,OK,"Il campione è molto pastoso, con una consistenza che suggerisce una certa cedevolezza.",molto pastoso,molto pastoso,2018,C0A,TG_05
1027,OK,"Il campione è morbido, poco solubile e presenta pochi cristalli di tirosina.","morbido, poco solubile, pochi cristalli","morbido, poco solubile, pochi cristalli",2018,C0A,TG_11
1028,OK,"Il campione presenta poca grana, è pastoso e poco solubile.","poca grana, pastoso, poco solubile","poca grana, pastoso, poco solubile",2018,C0A,TG_13
1029,OK,"Il campione è morbido e pastoso, con una certa asciuttezza e una grana che appare giovane.","morbido e pastoso, asciutto, sembra grana giovane","morbido e pastoso, asciutto, sembra grana giovane",2018,C0A,TG_14
1030,OK,"Il campione è pastoso e deformabile, poco friabile, con poca grana e una certa cedevolezza.","pastoso, deformabile, poco friabile, poca grana, cedevole","pastoso, deformabile, poco friabile, poca grana, cedevole",2018,C0A,TG_19
1031,FUORI_ATTRIBUTO,La bocca non rimane pulita.,la bocca non rimane pulita,la bocca non rimane pulita,2018,C0A,TG_35
1032,ILLEGGIBILE,,fuori standard,fuori standard,2018,C0C,Q_02
1033,FUORI_ATTRIBUTO,"È elastico, granuloso, asciutto e presenta pochi cristalli.",elastico granuloso asciutto pochi cristalli non molto sol,elastico granuloso asciutto pochi cristalli non molto sol,2018,C0C,Q_09
1034,OK,"Il campione riesce ad essere asciutto nonostante l'umidità, con una friabilità quasi nulla.",riesce ad essere asciutto anche se umido. friabilità quasi nulla,riesce ad essere asciutto anche se umido. friabilità quasi nulla,2018,C0C,TG_04
1035,OK,"Il campione è leggermente gommoso, suggerendo una certa elasticità.",leggermente gommoso,leggermente gommoso,2018,C0C,TG_11
1036,OK,"Il campione è molle e privo di grana, con una consistenza poco definita.",molle e senza grana,molle e senza grana,2018,C0C,TG_13
1037,OK,"Il campione è abbastanza duro e compatto, con una grana molto fine e cristalli di tirosina non percepiti, presentando un po' di asciuttezza.","abbastanza durto e cpompatto, grana molto fine, cristalli non percepiti, un po' asciutto","abbastanza durto e cpompatto, grana molto fine, cristalli non percepiti, un po' asciutto",2018,C0C,TG_14
1038,OK,"Il campione è piuttosto compatto e poco friabile, con una consistenza pastosa e poco solubile.","piuttosto compatto e poco friabile, pastoso, poco solubile","piuttosto compatto e poco friabile, pastoso, poco solubile",2018,C0C,TG_19
1039,OK,"Il campione presenta una consistenza gommoso, suggerendo una certa elasticità.",gommoso,gommoso,2018,C0C,TG_26
1040,OK,"Il campione è inizialmente granuloso, poi si scioglie bene e lascia la bocca abbastanza pulita.",inizialmente granuloso poi si scioglie bree e lascia la bocca abbastanza pulita,inizialmente granuloso poi si scioglie bree e lascia la bocca abbastanza pulita,2018,C0C,TG_35
1041,OK,"Il campione presenta una pasta con alta intensità di cristalli di tirosina in 3 porzioni, mentre 1 porzione non ne presenta. La friabilità e la solubilità sono di intensità media.",in 3 porzioni presenza di cristalli di tirosina intensità alta;1 porzione senza Tirosina;friabilità e solubilità intensità media,in 3 porzioni presenza di cristalli di tirosina intensità alta;1 porzione senza Tirosina;friabilità e solubilità intensità media,2018,C0E,Q_02
1042,OK,"Il campione risulta morbido e asciutto, con una tendenza ad impastare e cristalli di tirosina poco solubili.",morbido asciutto tende ad impastare cristalli poco sol,morbido asciutto tende ad impastare cristalli poco sol,2018,C0E,Q_09
1043,FUORI_ATTRIBUTO,"Ha cristalloni ed è umido, impastando le fauci.",cristalloni. umido impasta le fauci,cristalloni. umido impasta le fauci,2018,C0E,TG_04
1044,OK,"La friabilità del campione è buona, con cristalli presenti che arricchiscono la texture.","buona friabilit', presenti cristalli","buona friabilit', presenti cristalli",2018,C0E,TG_11
1045,OK,Il campione è abbastanza solubile e presenta una leggera pastosità.,"abbastanza solubile, un po pastoso","abbastanza solubile, un po pastoso",2018,C0E,TG_13
1046,OK,"Il campione è compatto e poco strutturato, con grana molto fine, solubile e cristalli presenti.","compattp e poco strutturato, grana molto fine e solubile, cristalli presenti","compattp e poco strutturato, grana molto fine e solubile, cristalli presenti",2018,C0E,TG_14
1047,OK,"Il campione è friabile, granuloso e discretamente solubile.","friabile, granuloso, discretamente solubile","friabile, granuloso, discretamente solubile",2018,C0E,TG_19
1048,OK,Il campione presenta cristalli con alta solubilità ma poca struttura.,cristalli alta solubilit' poca struttura,cristalli alta solubilit' poca struttura,2018,C0E,TG_26
1049,OK,"Il campione presenta grossi cristalli di tirosina, sciogliendosi bene in bocca e sparendo in breve tempo.","Grossi cristalli di tirosina, il formaggio scioglie bene in bocca e sparisce in breve tempo","Grossi cristalli di tirosina, il formaggio scioglie bene in bocca e sparisce in breve tempo",2018,C0E,TG_35
1050,OK,"Il campione mostra alta intensità di friabilità e solubilità, con cristalli di tirosina di intensità bassa.",friabilità e solubilità intensità alta;cristalli di tirosina intensità bassa,friabilità e solubilità intensità alta;cristalli di tirosina intensità bassa,2018,C0G,Q_02
1051,OK,"Il campione è asciutto e friabile, lasciando una sensazione di sabbia.",asciutto e friabile lascia sabbia,asciutto e friabile lascia sabbia,2018,C0G,Q_09
1052,OK,"Il campione si sbriciola bene in bocca, non asciuga e presenta cristalli in buone condizioni.",si sbriciola bene in bocca. non asciuga. cristalli ok,si sbriciola bene in bocca. non asciuga. cristalli ok,2018,C0G,TG_04
1053,OK,Il campione è morbido e solubile.,morbido  e solubile,morbido  e solubile,2018,C0G,TG_11
1054,OK,"Il campione è molle sotto i denti, cedevole e poco solubile.","molle sotto i denti, cedevole. poco solubile","molle sotto i denti, cedevole. poco solubile",2018,C0G,TG_13
1055,OK,"Il campione è privo di struttura, molle e cedevole.","privo di struttura, molle, cedevole","privo di struttura, molle, cedevole",2018,C0G,TG_14
1056,OK,"Il campione presenta inizialmente una sensazione sabbiosa fine, ma la bocca rimane abbastanza pulita.",inizialmente sabbioso fine in fine pero la bocca rimane abbastanza pulita,inizialmente sabbioso fine in fine pero la bocca rimane abbastanza pulita,2018,C0G,TG_35
1057,OK,"Il campione mostra intensità media di friabilità e solubilità, con granuli di tirosina di alta intensità.",friabilità e solubilità intensità mediagranuli di tirosina intensità alta,friabilità e solubilità intensità mediagranuli di tirosina intensità alta,2018,C0N,Q_02
1058,OK,"Il campione è asciutto, granuloso e presenta piccoli cristalli poco solubili.",asciutto granuloso piccoli cristalli sol,asciutto granuloso piccoli cristalli sol,2018,C0N,Q_09
1059,OK,"Il campione è cedevole ma non morbido, con friabilità fine, bella grana e tanti cristalli.",cedevole ma non morbido. friabilità fine. bella grana. tanti cristalli,cedevole ma non morbido. friabilità fine. bella grana. tanti cristalli,2018,C0N,TG_04
1060,OK,Il campione è molto pastoso.,molto pastoso,molto pastoso,2018,C0N,TG_05
1061,OK,"Il campione presenta una pasta friabile, con buoni cristalli di tirosina e una solubilità soddisfacente.","friabile, buoni i cristalli, abbastanza solubile","friabile, buoni i cristalli, abbastanza solubile",2018,C0N,TG_11
1062,OK,Il campione è caratterizzato da una pasta molle e cedevole.,molle e cedevole.,molle e cedevole.,2018,C0N,TG_13
1063,OK,"Il campione mostra una durezza moderata, è friabile, con una grana fine e cristalli ben percepibili, con una buona solubilità.","moderataemtte duro ma friabile, grana piuttosto fine ma presente, cristalli ben percepibili,solubile","moderataemtte duro ma friabile, grana piuttosto fine ma presente, cristalli ben percepibili,solubile",2018,C0N,TG_14
1064,OK,"Il campione è molto friabile, ma potrebbe presentare una solubilità migliore.","molto friabile, potrebbe essere più solubile alla fine","molto friabile, potrebbe essere più solubile alla fine",2018,C0N,TG_19
1065,OK,"Il campione è molto tenero, con cristalli ben sviluppati e una buona solubilità.",molto tenero cristalli molto solubile,molto tenero cristalli molto solubile,2018,C0N,TG_26
1066,OK,"Il campione presenta una texture sabbiosa e granulosa, con pochi cristalli.","sabbioso e granuloso, pochi cristalli","sabbioso e granuloso, pochi cristalli",2018,C0N,TG_35
1067,FUORI_ATTRIBUTO,La durezza e la tirosina sono scarse.,durezza scarsa;tirosina scarsa;,durezza scarsa;tirosina scarsa;,2018,C0Q,Q_02
1068,OK,"Il campione è granuloso con cristalli poco sviluppati, lasciando un residuo farinoso.",granuloso con cristalli poco sol lascia residuo farinoso,granuloso con cristalli poco sol lascia residuo farinososo,2018,C0Q,Q_09
1069,OK,"Il campione mostra una buona friabilità, ma presenta una struttura grossolana che lascia la bocca disidratata, con cristalli presenti anche di dimensioni maggiori.",buona friabilità che lascia però una struttura grossolana. lascia la bocca disidratata. cristalli presenti anche grossi,buona friabilità che lascia però una struttura grossolana. lascia la bocca disidratata. cristalli presenti anche grossi,2018,C0Q,TG_04
1070,OK,"Il campione presenta una buona friabilità, è solubile e ha pochi cristalli.","buona friabilit', solubile, pochi cristalli","buona friabilit', solubile, pochi cristalli",2018,C0Q,TG_11
1071,OK,Il campione è morbido e pastoso.,"morbido, pastoso,","morbido, pastoso,",2018,C0Q,TG_14
1072,OK,"Il campione ha poca grana, è abbastanza adesivo e presenta pochi cristalli.","poca grana, abbastanza adesivo, pochi cristalli","poca grana, abbastanza adesivo, pochi cristalli",2018,C0Q,TG_19
1073,FUORI_ATTRIBUTO,È gommoso e presenta cristalli.,gommoso cristalli,gommoso cristalli,2018,C0Q,TG_26
1074,OK,La presenza di piccoli cristalli lascia la bocca pulita.,presenza di piccoli cristalli lascia la bocca pulita,presenza di piccoli cristalli lascia la bocca pulita,2018,C0Q,TG_35
1075,OK,"Il campione è morbido e asciutto, con cristalli presenti ma poco solubili.",morbido asciutto con cristalli ma poco sol,morbido asciutto con cristalli ma poco sol,2018,C0F,Q_09
1076,OK,"Il campione è morbido al morso, con pochi microgranuli ma fini.",morbido al morso. microgranuli pochi ma fini.,morbido al morso. microgranuli pochi ma fini.,2018,C0F,TG_04
1077,OK,Il campione presenta un'assenza di cristalli.,assenza di cristalli,assenza di cristalli,2018,C0F,TG_05
1078,OK,"Il campione è friabile, con una microstruttura poco presente e cristalli in buono stato.","friabile, microstruttura poco presente, cristalli ok","friabile, microstruttura poco presente, cristalli ok",2018,C0F,TG_11
1079,OK,Il campione è asciutto.,asciutto,asciutto,2018,C0F,TG_12
1080,OK,Il campione è pastoso e poco solubile.,pastoso e poco solubile,pastoso e poco solubile,2018,C0F,TG_13
1081,FUORI_ATTRIBUTO,"È compatto, con grana abbastanza fine, piuttosto solubile e pochissimi cristalli.","comnpatta, grana abbastanza fine, piuttosto solubile, pochissimi cristalli","comnpatta, grana abbastanza fine, piuttosto solubile, pochissimi cristalli",2018,C0F,TG_14
1082,FUORI_ATTRIBUTO,"La pasta è poco coesa, cedevole e solubile.","pasta poco coesa, cedevole, solubile","pasta poco coesa, cedevole, solubile",2018,C0F,TG_20
1083,FUORI_ATTRIBUTO,In bocca restano diversi granelli sabbiosi.,in bocca restano mdiversi granelli sabbiosi,in bocca restano mdiversi granelli sabbiosi,2018,C0F,TG_35
1084,FUORI_ATTRIBUTO,È granuloso con piccoli cristalli.,granoloso cristalli piccoli sol,granoloso cristalli piccoli sol,2018,C0H,Q_09
1085,FUORI_ATTRIBUTO,È secco.,secco,secco,2018,C0H,TG_05
1086,OK,"Il campione presenta una buona friabilità, ma la microstruttura è assente.","buona friabilit', microstruttura assente","buona friabilit', microstruttura assente",2018,C0H,TG_11
1087,FUORI_ATTRIBUTO,È leggermente gommoso.,legg gommoso,legg gommoso,2018,C0H,TG_12
1088,FUORI_ATTRIBUTO,È poco solubile.,poco solubile,poco solubile,2018,C0H,TG_13
1089,OK,"Il campione è duro, con una microstruttura grossolana, asciutto e non molto solubile, con parecchi cristalli.","duro, microstruttura grossolana, asciutto, non molto solubile, parecchi cristalli","duro, microstruttura grossolana, asciutto, non molto solubile, parecchi cristalli",2018,C0H,TG_14
1090,OK,"Il campione è duro, friabile, granuloso e solubile, con pochi microcristalli.","duro, friabile, granuloso, solubile, pochi microcristalli","duro, friabile, granuloso, solubile, pochi microcristalli",2018,C0H,TG_20
1091,FUORI_ATTRIBUTO,"Ha una consistenza gommoso, non grana.",gommoso no grana,gommoso no grana,2018,C0H,TG_26
1092,FUORI_ATTRIBUTO,Lascia la bocca pulita.,bocca pulita,bocca pulita,2018,C0H,TG_35
1093,OK,"Il campione è friabile, con cristalli, asciutto e granuloso, ma lascia un residuo farinoso alla fine.",friabile cristalli asciutto granuloso ma lascia residuo (farina) alla fine,friabile cristalli asciutto granuloso ma lascia residuo (farina) alla fine,2018,C0I,Q_09
1094,OK,"Il campione si frantuma bene sotto il molare, presenta una buona microstruttura, è umido e contiene cristalli.","si frantuma bene sotto il molare, buona microstruttura. umido. cristalli ce n'è","si frantuma bene sotto il molare, buona microstruttura. umido. cristalli ce n'è",2018,C0I,TG_04
1095,OK,"Il campione mostra una buona friabilità, presenza di cristalli e scarsa solubilità.","buona friabilit', presenza di cristalli, scarsa solubilit'","buona friabilit', presenza di cristalli, scarsa solubilit'",2018,C0I,TG_11
1096,OK,Il campione presenta una buona grana e risulta solubile.,"buona grana, solubile","buona grana, solubile",2018,C0I,TG_13
1097,OK,"Il campione è moderatamente duro, friabile, grossolano e abbastanza solubile, con parecchi cristalli.","moderatamente duro, friabile, grossolano, abbastanza solubile, parecchi cristalli","moderatamente duro, friabile, grossolano, abbastanza solubile, parecchi cristalli",2018,C0I,TG_14
1098,OK,"Il campione è mediamente granuloso, mediamente umido, presenta pochi microcristalli e una solubilità medio bassa.","mediamente granulosa, mediamente umida, pochi microcristalli, solubilit' medio bassa","mediamente granulosa, mediamente umida, pochi microcristalli, solubilit' medio bassa",2018,C0I,TG_20
1099,FUORI_ATTRIBUTO,Presenta cristalli di grana.,cristalli grana,cristalli grana,2018,C0I,TG_26
1100,FUORI_ATTRIBUTO,La bocca rimane pulita.,bocca pulita,bocca pulita,2018,C0I,TG_35
1101,FUORI_ATTRIBUTO,"È abbastanza duro e granuloso, ma senza cristalli e lascia un residuo farinoso.",abbastanza duro e granuloso no cristalli poco sol lascia residuo  farinoso,abbastanza duro e granuloso no cristalli poco sol lascia residuo  farinososo,2018,C0O,Q_09
1102,OK,"Il campione presenta una buona friabilità, non è asciutto e presenta cristalli. Si liquefa a fine bocca ma non impasta.",bella friabilità. non asciutto.  cristalli presenti. liquefa a fine bocca ma non impasta,bella friabilità. non asciutto.  cristalli presenti. liquefa a fine bocca ma non impasta,2018,C0O,TG_04
1103,OK,Il campione è friabile ma privo di microstruttura e presenta pochi cristalli.,"friabile ma senza microstruttura , pochi cristalli","friabile ma senza microstruttura , pochi cristalli",2018,C0O,TG_11
1104,FUORI_ATTRIBUTO,È leggermente gommoso.,legg gommoso,legg gommoso,2018,C0O,TG_12
1105,FUORI_ATTRIBUTO,"Ha una consistenza pastosa, non grana.","pastosa, non grana","pastosa, non grana",2018,C0O,TG_13
1106,OK,"Il campione è duro e compatto, con grana molto fine e leggermente asciutto.","duro e compatto, grnana molto fine , leggermente asciutto","duro e compatto, grnana molto fine , leggermente asciutto",2018,C0O,TG_14
1107,OK,"Il campione è mediamente duro, granuloso, con solubilità medio-bassa e a tratti poco aggregato.","mediamente dura, granulosa ma con solubilit' medio bassa, a tratti poco aggregata","mediamente dura, granulosa ma con solubilit' medio bassa, a tratti poco aggregata",2018,C0O,TG_20
1108,FUORI_ATTRIBUTO,La bocca rimane abbastanza pulita.,la boca rimane abbastanza pulia,la boca rimane abbastanza pulia,2018,C0O,TG_35
1109,OK,"Il campione è umido e compatto, con pochi cristalli e solubilità limitata.",umido e compatto cristalli poco sol,umido e compatto cristalli poco sol,2018,C0Q,Q_09
1110,OK,"Il campione presenta buona friabilità, microstruttura fine e pochi granuli, ma presenti.","buona friabilità. la microstruttura tende al fine. pochi granuli, ma presenti","buona friabilità. la microstruttura tende al fine. pochi granuli, ma presenti",2018,C0Q,TG_04
1111,OK,"Il campione è friabile, con microstruttura presente, cristalli in buono stato e solubile.","friabile, microstruttura presente, cristalli ok, solubile","friabile, microstruttura presente, cristalli ok, solubile",2018,C0Q,TG_11
1112,FUORI_ATTRIBUTO,È asciutto.,asciutto,asciutto,2018,C0Q,TG_12
1113,OK,Il campione è leggermente pastoso e non troppo solubile.,"legg. pastoso, non  troppo solubile","leggermente pastoso, non  troppo solubile",2018,C0Q,TG_13
1114,OK,"Il campione è abbastanza morbido e friabile, con una leggera asciuttezza.","abbastanza morbido e friabile, un po' asciutto,","abbastanza morbido e friabile, un po' asciutto,",2018,C0Q,TG_14
1115,OK,"Il campione è cedevole, ancora umido e non molto solubile.","cedevole, ancora umida, non molto solubile","cedevole, ancora umida, non molto solubile",2018,C0Q,TG_20
1116,FUORI_ATTRIBUTO,Presenta cristalli ma poca grana.,cristalli poca grana,cristalli poca grana,2018,C0Q,TG_26
1117,OK,Il campione si scioglie bene.,si sciogliie bene,si sciogliie bene,2018,C0Q,TG_35
1118,OK,"Il campione è morbido, deformabile, con pochi cristalli e poco solubile, suggerendo una stagionatura non avanzata.",morbido deformabile pochi cristalli poco solubile poco stagionato ?),morbido deformabile pochi cristalli poco solubile poco stagionato ?),2018,C0R,Q_09
1119,OK,"Il campione è morbido, tende a impastare e presenta cristalli assenti.",morbido. tende a impastare. cristalli missing,morbido. tende a impastare. cristalli missing,2018,C0R,TG_04
1120,FUORI_ATTRIBUTO,È troppo pastoso.,troppo pastoso,troppo pastoso,2018,C0R,TG_05
1121,FUORI_ATTRIBUTO,È piuttosto morbido e privo di cristalli.,"piuttosto morbido, assenza di cristalli","piuttosto morbido, assenza di cristalli",2018,C0R,TG_11
1122,CONFORME,"Il campione mostra una pasta pastosa, conforme agli standard di qualità.",pastoso,pastoso,2018,C0R,TG_13
1123,FUORI_ATTRIBUTO,"È morbido, poco strutturato e da grana giovane.","morbido, poco strutturato, da grana giovane","morbido, poco strutturato, da grana giovane",2018,C0R,TG_14
1124,FUORI_ATTRIBUTO,"È poco duro, umido, poco solubile e poco granuloso.","poco dura, umida, poco solubile e poco granulosa","poco dura, umida, poco solubile e poco granulosa",2018,C0R,TG_20
1125,FUORI_ATTRIBUTO,La bocca non è pulita.,bocca non pulita,bocca non pulita,2018,C0R,TG_35
1126,FUORI_ATTRIBUTO,Non presenta cristalli di tirosina; ha bassa solubilità e bassa friabilità.,nessun cristallo di tirosina;solubilità bassa;friabilità bassa,nessun cristallo di tirosina;solubilità bassa;friabilità bassa,2018,C0A,Q_02
1127,FUORI_ATTRIBUTO,"È asciutto, poco friabile e lascia un residuo poco solubile.",asciutto poco friabile lascia residuo poco sol,asciutto poco friabile lascia residuo poco sol,2018,C0A,Q_09
1128,FUORI_ATTRIBUTO,Sotto il molare si fende in pezzi grossi e ha una struttura poco definita.,Sotto il molare si fende in pezzi grossi. Struttura poco definita,Sotto il molare si fende in pezzi grossi. Struttura poco definita,2018,C0A,TG_04
1129,OK,Il campione ha una consistenza pastosa e presenta un livello di asciuttezza che non compromette la qualità.,"pastoso, asciutto","pastoso, asciutto",2018,C0A,TG_13
1130,FUORI_ATTRIBUTO,"Non è molto friabile, tende ad essere adesivo e poco solubile, senza cristalli.","non molto friabile, tendente all'adesivo e poco solubile, assenti i cristalli","non molto friabile, tendente all'adesivo e poco solubile, assenti i cristalli",2018,C0A,TG_19
1131,OK,"Il campione presenta una pasta mediamente dura e granulosa, con una solubilità medio bassa, ricordando più un nostrano che un grana.","mediamente dura, granulosa ma con solubilit' medio bassa, ricorda pi\ un nostrano che un grana","mediamente dura, granulosa ma con solubilit' medio bassa, ricorda pi\ un nostrano che un grana",2018,C0A,TG_20
1132,ILLEGGIBILE,,"Ascitto, sabbiosoe granuloso","Ascitto, sabbiosoe granuloso",2018,C0A,TG_35
1133,ILLEGGIBILE,,da sbrinz;,da sbrinz;,2018,C0C,Q_02
1134,FUORI_ATTRIBUTO,"Il formaggio è morbido, poco granuloso e poco solare.",morbido poco granuloso poco sol,morbido poco granuloso poco sol,2018,C0C,Q_09
1135,FUORI_ATTRIBUTO,"È morbido e fondente, con una struttura non definita e rari cristalli.",morbido. fondente. struttura non definita. rari cristalli,morbido. fondente. struttura non definita. rari cristalli,2018,C0C,TG_04
1136,FUORI_ATTRIBUTO,Presenta poca grana e poca solubilità.,poca grana e poca solubilita,poca grana e poca solubilita,2018,C0C,TG_13
1137,FUORI_ATTRIBUTO,Potrebbe essere più friabile.,potrrebbe essere più friabile,potrrebbe essere più friabile,2018,C0C,TG_19
1138,FUORI_ATTRIBUTO,"È poco granulosa, ancora umida, legata e poco solubile.","poco granulosa, ancora umida, legata, poco solubile","poco granulosa, ancora umida, legata, poco solubile",2018,C0C,TG_20
1139,OK,"Il formaggio si scioglie completamente e velocemente in bocca, evidenziando una buona solubilità.",il formaggio si scioglie completamente e velocemente in bocca,il formaggio si scioglie completamente e velocemente in bocca,2018,C0C,TG_35
1140,OK,"Il campione presenta una friabilità e solubilità alta, con granuli di tirosina persistenti.",friabilità e solubilità alta;granuli di tirosina presistenti,friabilità e solubilità alta;granuli di tirosina presistenti,2018,C0E,Q_02
1141,OK,"Il campione presenta una pasta friabile che si sgretola in bocca, con cristalli di tirosina ben sviluppati.",friabile si sgretola in bocca cristalli,friabile si sgretola in bocca cristalli,2018,C0E,Q_09
1142,OK,"Il campione è umido e freddo, ma presenta una pasta friabile con microstruttura fine e sabbiosa, lasciando la bocca pulita. Sono presenti cristalli, anche di dimensioni maggiori.","Umido, freddo. Ciononostante friabile in una microstruttura fine, sabbiosa. Lacia la bocca pulita. Cristalli presenti, anche grossi.","Umido, freddo. Ciononostante friabile in una microstruttura fine, sabbiosa. Lacia la bocca pulita. Cristalli presenti, anche grossi.",2018,C0E,TG_04
1143,FUORI_ATTRIBUTO,"È umido, friabile, con una strana cedevolezza e assenza di cristalli.","umido, friabile, strana cedevolezza, assenza di cristalli","umido, friabile, strana cedevolezza, assenza di cristalli",2018,C0E,TG_19
1144,OK,"Il campione è cedevole e poco consistente, disaggregato, ma presenta una buona solubilità.","cedevole, poco consistente, disaggregata, ma solubile","cedevole, poco consistente, disaggregata, ma solubile",2018,C0E,TG_20
1145,OK,Il campione presenta abbondanti cristalli e si scioglie rapidamente in bocca.,"abbondanti cristalli, il formaggio si scioglio rapidamente","abbondanti cristalli, il formaggio si scioglio rapidamente",2018,C0E,TG_35
1146,OK,"Il campione presenta assenza di cristalli di tirosina, con una friabilità e solubilità di intensità bassa.",cristalli di tirosina assenti;friabilità e solubilità intensità bassa,cristalli di tirosina assenti;friabilità e solubilità intensità bassa,2018,C0L,Q_02
1147,OK,Il campione è morbido e impasta qualche cristallo di tirosina.,morbido impasta qualche cristallo sol,morbido impasta qualche cristallo sol,2018,C0L,Q_09
1148,OK,"Il campione è morbido e cedevole al morso, con una friabilità non piena e assenza di cristalli.","Morbido, cedevole al morso. Firabilità non piena. non sento cristalli","Morbido, cedevole al morso. Firabilità non piena. non sento cristalli",2018,C0L,TG_04
1149,OK,Il campione è molto pastoso.,molto pastoso,molto pastoso,2018,C0L,TG_05
1150,OK,Il campione è pastoso.,pastoso,pastoso,2018,C0L,TG_13
1151,OK,"Il campione presenta una pasta compatta, poco friabile, poco granulosa e poco solubile.","compatto, poco friabile, poco granuloso, poco solubile","compatto, poco friabile, poco granuloso, poco solubile",2018,C0L,TG_19
1152,OK,"Il campione non è molto duro, è friabile, granuloso e mediamente solubile.","non molto dura, friabile, granulosa, mediamentesolubile","non molto dura, friabile, granulosa, mediamentesolubile",2018,C0L,TG_20
1153,OK,La bocca è abbastanza polita dopo la degustazione.,la bocca è abbastanza polita,la bocca è abbastanza polita,2018,C0L,TG_35
1154,OK,"Il campione presenta cristalli di tirosina, con solubilità e friabilità di intensità medio alta.",presenza di cristalli di tirosina;solubilità e friabilità medio alta,presenza di cristalli di tirosina;solubilità e friabilità medio alta,2018,C0M,Q_02
1155,OK,"Il campione tende un po' a compattarsi, con piccoli cristalli poco sviluppati.",tende un po a compattarsi piccoli cristalli poco sol,tende un po a compattarsi piccoli cristalli poco sol,2018,C0M,Q_09
1156,OK,"Il campione presenta cristalli percepiti, di dimensioni grossi, con una buona friabilità e non molto umido.","cristalli percepiti, grossi. friabilità buona. non molto umido","cristalli percepiti, grossi. friabilità buona. non molto umido",2018,C0M,TG_04
1157,OK,"Il campione è pastoso e poco solubile, con una certa adesività.",pastoso e poco solubile. adesivo,pastoso e poco solubile. adesivo,2018,C0M,TG_13
1158,OK,"La friabilità del campione è evidente, conferendo una piacevole sensazione al palato.",friabile,friabile,2018,C0M,TG_19
1159,OK,"Il campione presenta una struttura mediamente dura, friabile, solubile e granulosa, con pochi microcristalli.","struttura mediamente dura, friabile, solubile, granulosa, pochi microcristalli","struttura mediamente dura, friabile, solubile, granulosa, pochi microcristalli",2018,C0M,TG_20
1160,OK,"Il campione è sabbioso e granuloso, con presenza di cristalli.",sabbioso-e granuloso con cristalli,sabbioso-e granuloso con cristalli,2018,C0M,TG_35
1161,OK,Il campione presenta una pasta friabile con una solubilità di intensità media e granuli di tirosina di intensità alta.,friabilità e solubilità intensità media;granuli tirosina intesnità alta,friabilità e solubilità intensità media;granuli tirosina intesnità alta,2018,C0N,Q_02
1162,OK,Il campione è granuloso con cristalli e presenta una buona friabilità.,granoloso con cristalli friabile,granoloso con cristalli friabile,2018,C0N,Q_09
1163,OK,"Il campione è morbido e friabile, con una buona solubilità che si scioglie in bocca.","morbido, comunque friabile. si scioglie in bocca","morbido, comunque friabile. si scioglie in bocca",2018,C0N,TG_04
1164,OK,"Il campione è ancora un po' umido ma solubile, poco granuloso e presenta una presenza media di microcristalli.","ancora un po umida ma solubile, poco granulosa, presenza media di microcristalli","ancora un po umida ma solubile, poco granulosa, presenza media di microcristalli",2018,C0N,TG_20
1165,OK,Il campione presenta cristalli minuti e il formaggio sparisce rapidamente in bocca.,"Presena di cristali minuti, il formagio sparisce rapitamente in bocca","Presena di cristali minuti, il formagio sparisce rapitamente in bocca",2018,C0N,TG_35
1166,OK,"Il campione ha una leggera presenza di tirosina, con solubilità e friabilità leggera.",tirosina solubilità e friabilità leggera,tirosina solubilità e friabilità leggera,2018,C0A,Q_02
1167,OK,Il campione è asciutto e inizialmente poco solubile.,asciutto e inzialmente poco solub,asciutto e inzialmente poco solub,2018,C0A,Q_09
1168,OK,"Il campione è morbido al primo morso, ma si briciola abbastanza. I cristalli sono presenti in numero limitato.",morbido al primo morso. ciononostante si briciola abbastanza. Cristalli: non molti,morbido al primo morso. ciononostante si briciola abbastanza. Cristalli: non molti,2018,C0A,TG_04
1169,OK,Il campione presenta pochi cristalli.,pochi cristalli,pochi cristalli,2018,C0A,TG_05
1170,FUORI_ATTRIBUTO,La microstruttura è scarsa.,MICROSTRUTTURa scarsa,MICROSTRUTTURa scarsa,2018,C0A,TG_11
1171,OK,Il campione è abbastanza pastoso.,abbastanza pastoso,abbastanza pastoso,2018,C0A,TG_13
1172,OK,"Il campione è compatto e asciutto, con una grana troppo fine e nessun cristallo.","compatto e sciutto, grana troppo fine, nessun cristallo","compatto e sciutto, grana troppo fine, nessun cristallo",2018,C0A,TG_14
1173,OK,"Il campione non è molto friabile, ha una grana fine, è abbastanza solubile e presenta cristalli quasi assenti.","non molto friabile, grana fine, abbastanza solubile, quasi assenti i cristalli","non molto friabile, grana fine, abbastanza solubile, quasi assenti i cristalli",2018,C0A,TG_19
1174,OK,Il campione manca di durezza e appare leggermente asciutto.,manca un pò di durezza e appare leggermente asciutto...,manca un pò di durezza e appare leggermente asciutto...,2018,C0A,TG_24
1175,OK,Il campione è molto tenero con poca grana.,molto tenero poca grana,molto tenero poca grana,2018,C0A,TG_26
1176,OK,"Il campione presenta una leggera friabilità, solubilità e tirosina.",friabilita solubilità e tirosina leggero,friabilita solubilità e tirosina leggero,2018,C0C,Q_02
1177,OK,"Il campione è morbido e un po' umido, anche se non molto solubile e senza cristalli.",morbido un po umido anche se non molto solobile no cristalli,morbido un po umido anche se non molto solobile no cristalli,2018,C0C,Q_09
1178,OK,"Il campione si frattura in una struttura netta, mostrando una friabilità limitata. È elastico al morso del molare e ha un finale di bocca discreto, forse asciuga.","Si frattura in una struttura netta, quindi friabilità limitata. Elastico al morso del molare. finale di bocca discreto, forse asciuga","Si frattura in una struttura netta, quindi friabilità limitata. Elastico al morso del molare. finale di bocca discreto, forse asciuga",2018,C0C,TG_04
1179,OK,Il campione è friabile e solubile.,friabile e solubile,friabile e solubile,2018,C0C,TG_11
1180,OK,Il campione è pastoso.,pastoso,pastoso,2018,C0C,TG_13
1181,FUORI_ATTRIBUTO,"È pastoso, privo di grana e compatto.","pastoso, privo ddi grana, compatto","pastoso, privo ddi grana, compatto",2018,C0C,TG_14
1182,OK,"Il campione tende a essere compatto, ma mantiene una buona struttura generale.","tendente al compatto,","tendente al compatto,",2018,C0C,TG_19
1183,FUORI_ATTRIBUTO,Presenta pochi granuli ed è asciutto.,"pochi granuli, asciutto...","pochi granuli, asciutto...",2018,C0C,TG_24
1184,FUORI_ATTRIBUTO,È gommoso.,gommoso,gommoso,2018,C0C,TG_26
1185,FUORI_ATTRIBUTO,"La friabilità, solubilità e tirosina sono moderate, con una forte astringenza.",friabilità solubilità e tirosina medoreto;astringente forte,friabilità solubilità e tirosina medoreto;astringente forte,2018,C0G,Q_02
1186,FUORI_ATTRIBUTO,È granuloso con pochi cristalli e poca solubilità.,granuloso con pochi cristalli e poco sol,granuloso con pochi cristalli e poco sol,2018,C0G,Q_09
1187,OK,"Il campione presenta una buona friabilità e umidità, con pochi microcristalli e un finale sabbioso.",Ben Friabile e umido. pochi microcristalli. finale sabbioso,Ben Friabile e umido. pochi microcristalli. finale sabbioso,2018,C0G,TG_04
1188,OK,"La friabilità è buona, anche se il campione risulta poco solubile.","buona friabilit', poco solubile","buona friabilit', poco solubile",2018,C0G,TG_11
1189,OK,"Il campione risulta abbastanza duro, pastoso e asciutto, con una struttura grossolana e poco solubile.","abbastanza duro, pastoso, asciutto, con struttura abbastanza grossolana e poco solubile.","abbastanza duro, pastoso, asciutto, con struttura abbastanza grossolana e poco solubile.",2018,C0G,TG_14
1190,OK,"Il campione presenta una leggera sabbiosità finale, ma è friabile, mediamente umido e con pochi cristalli presenti.","Leggera sabbiosità finale, ma friabile, mediamente umido, pochi cristalli presenti","Leggera sabbiosità finale, ma friabile, mediamente umido, pochi cristalli presenti",2018,C0G,TG_19
1191,FUORI_ATTRIBUTO,"Ha una bella solubilità, ma una durezza bassa.","bella solubilità, ma durezza bassa","bella solubilità, ma durezza bassa",2018,C0G,TG_24
1192,FUORI_ATTRIBUTO,"La tirosina, solubilità e friabilità sono moderate.",tirosina solubilità e friabilità moderata,tirosina solubilità e friabilità moderata,2018,C0H,Q_02
1193,OK,"Il campione è morbido e granuloso, con cristalli piccoli e una buona solubilità.",morbido granuloso con cristalli piccoli abbastanza solubile,morbido granuloso con cristalli piccoli abbastanza solubile,2018,C0H,Q_09
1194,OK,"Il campione è friabile, con una microstruttura abbastanza fine, umido e non presenta adesività.",Friabile. Microstruttura abbastanza fine. Umido. Non impasta,Friabile. Microstruttura abbastanza fine. Umido. Non impasta,2018,C0H,TG_04
1195,OK,Il campione presenta una buona solubilità e una microstruttura ben definita.,buona solubilit' e microstruttura,buona solubilit' e microstruttura,2018,C0H,TG_11
1196,FUORI_ATTRIBUTO,È duro e poco solubile.,"duro, poco solubile.","duro, poco solubile.",2018,C0H,TG_13
1197,OK,"Il campione è abbastanza duro e compatto, ma friabile, con grana percepibile e cristalli.","abbastanza dura e compatta ma firabile, con grana percepibile e cristalli","abbastanza dura e compatta ma friabile, con grana percepibile e cristalli",2018,C0H,TG_14
1198,OK,Il campione è pastoso e poco friabile.,"pastoso, poco rfiabile","pastoso, poco friabile",2018,C0H,TG_19
1199,OK,"Il campione è asciutto, pastoso, poco solubile e presenta una mancanza di cristalli.","asciutto, pastoso, poco solubile e mancano cristalli....","asciutto, pastoso, poco solubile e mancano cristalli....",2018,C0H,TG_24
1200,FUORI_ATTRIBUTO,"La tirosina, solubilità e friabilità sono moderate.",tirosina solubilita e friabilità moderato,tirosina solubilita e friabilità moderato,2018,C0M,Q_02
1201,FUORI_ATTRIBUTO,"È asciutto, con pochi cristalli e tende ad impastare.",asciutto ma pochi cristalli e tende ad impastare,asciutto ma pochi cristalli e tende ad impastare,2018,C0M,Q_09
1202,FUORI_ATTRIBUTO,"È morbido, poco strutturato e friabile, sembra giovane.",morbido. poco strutturato e friabile. sembra giovane,morbido. poco strutturato e friabile. sembra giovane,2018,C0M,TG_04
1203,OK,"Il campione presenta una buona presenza di cristalli, una microstruttura decente e una solubilità soddisfacente.","molti cristalli, decente microstruttura, abbastanza solubile","molti cristalli, decente microstruttura, abbastanza solubile",2018,C0M,TG_11
1204,FUORI_ATTRIBUTO,È pastoso e non molto solubile.,"pastoso, non molto solubile","pastoso, non molto solubile",2018,C0M,TG_13
1205,FUORI_ATTRIBUTO,"È morbido, pastoso e gommoso.","morbido, pastoso, 'gommoso'","morbido, pastoso, 'gommoso'",2018,C0M,TG_14
1206,OK,"Il campione mostra una media-bassa durezza, una bella solubilità, è leggermente asciutto e presenta pochi cristalli di dimensioni medie.","medio-bassa durezza, bella solubilità, leggermente asciutto e pochi cristalli (medi)","medio-bassa durezza, bella solubilità, leggermente asciutto e pochi cristalli (medi)",2018,C0M,TG_24
1207,OK,Il campione presenta una buona quantità di cristalli.,molti cristalli,molti cristalli,2018,C0M,TG_26
1208,OK,"Il campione mostra una buona friabilità e una forte solubilità, con cristalli di tirosina ben sviluppati.",tirosina friabilità e solubilità forte;,tirosina friabilità e solubilità forte;,2018,C0N,Q_02
1209,FUORI_ATTRIBUTO,"Asciutto con cristalli e granuloso, poi sol.",asciutto con cristalli e granuloso poi sol,asciutto con cristalli e granuloso poi sol,2018,C0N,Q_09
1210,OK,"Il campione presenta cristalli radi e grossi, è cedevole e friabile, con una finezza sabbiosa al palato.","Cristalli radi, grossi.  Cedevole e friabile. A fine bossa sabbioso, nolto fine","Cristalli radi, grossi.  Cedevole e friabile. A fine bossa sabbioso, nolto fine",2018,C0N,TG_04
1211,OK,Il campione è friabile e presenta cristalli ben bilanciati.,"friabile e con cristalli, ben bilanciato","friabile e con cristalli, ben bilanciato",2018,C0N,TG_11
1212,OK,"Il campione è morbido e cedevole, con cristalli ben percepibili e una solubilità soddisfacente, con un grana abbastanza fine.","morbido e cedevole, cristalli ben percepibili, solubile, grna appabstanza fine","morbido e cedevole, cristalli ben percepibili, solubile, grna appabstanza fine",2018,C0N,TG_14
1213,FUORI_ATTRIBUTO,Potrebbe essere più solubile.,potrebbe essere più solubile,potrebbe essere più solubile,2018,C0N,TG_19
1214,OK,"Il campione è leggermente asciutto, ma nel complesso presenta una buona struttura.","leggermente asciutto, ma nel complesso buona struttura","leggermente asciutto, ma nel complesso buona struttura",2018,C0N,TG_24
1215,OK,"Il campione è morbido e granuloso, con una certa impastabilità e presenza di cristalli, ma lascia un residuo.",morbido granuloso impasta qualche cristalli ma lascia residuo,morbido granuloso impasta qualche cristalli ma lascia residuo,2018,C0A,Q_09
1216,OK,"Il campione è morbido al molare e ben friabile, con cristalli presenti e di dimensioni grosse, tende a impastarsi nel fine bocca.","morbido al molare, ma comunque ben friabile. cristalli presenti, pure grossi. tende, nel fine bocca ad impastarla","morbido al molare, ma comunque ben friabile. cristalli presenti, pure grossi. tende, nel fine bocca ad impastarla",2018,C0A,TG_04
1217,OK,"Il campione è abbastanza morbido, con una microstruttura assente e una consistenza pastosa, risultando poco solubile.","abbastamnza morbido, microstruttura assente  e pastoso, poco solubile","abbastamnza morbido, microstruttura assente  e pastoso, poco solubile",2018,C0A,TG_11
1218,OK,"Il campione mostra una solubilità accettabile, contribuendo a una buona esperienza gustativa.",abbastanza solubile,abbastanza solubile,2018,C0A,TG_13
1219,OK,"Il campione è duro, granuloso, solubile e mediamente asciutto, con una presenza media di microcristalli.","dura, granulosa, solubile, mediamente asciutta, presenza media di microcristalli","dura, granulosa, solubile, mediamente asciutta, presenza media di microcristalli",2018,C0A,TG_20
1220,OK,"Il campione presenta bei cristalli, è asciutto e friabile.","bei cristalli..., asciutto, friabile","bei cristalli..., asciutto, friabile",2018,C0A,TG_24
1221,FUORI_ATTRIBUTO,"Troppo tenero, non ha grana.",troppo tenero no grana,troppo tenero no grana,2018,C0A,TG_26
1222,OK,Il campione si scioglie bene e velocemente.,si scioglie bene e velocemente,si scioglie bene e velocemente,2018,C0A,TG_35
1223,OK,"Il campione è friabile con cristalli, ma lascia un residuo sabbioso alla fine.",friabile con cristalli ma lascia residuo sabbioso alla fine,friabile con cristalli ma lascia residuo sabbioso alla fine,2018,C0D,Q_09
1224,OK,"Il campione è friabile, con una microstruttura fine che tende al sabbioso nel fine bocca.",Friabile. Microstruttura fine che tende al sabbioso nel fine bocca.,Friabile. Microstruttura fine che tende al sabbioso nel fine bocca.,2018,C0D,TG_04
1225,ILLEGGIBILE,,dd,dd,2018,C0D,TG_05
1226,OK,"Il campione presenta una discreta friabilità, ma è privo di cristalli.","discreta friabilita', assenza di cristalli","discreta friabilita', assenza di cristalli",2018,C0D,TG_11
1227,OK,Il campione ha una consistenza sabbiosa e poco solubile.,"consistenza sabbiosa, poco solubile","consistenza sabbiosa, poco solubile",2018,C0D,TG_13
1228,OK,"Il campione è friabile, granuloso e presenta cristalli, ma potrebbe essere più solubile alla fine.","Friabile, granuloso, cristalli - bene - ma potrrebbe essere più solubile alla fine","Friabile, granuloso, cristalli - bene - ma potrrebbe essere più solubile alla fine",2018,C0D,TG_19
1229,OK,"Il campione è friabile, cedevole, poco consistente, granuloso, asciutto e quasi sabbioso.","friabile, cedevole, poco consistente, granulosa, asciutta, quasi sabbiosa","friabile, cedevole, poco consistente, granulosa, asciutta, quasi sabbiosa",2018,C0D,TG_20
1230,OK,Il campione risulta forse troppo friabile e asciutto.,"forse troppo friabile, asciutto.........","forse troppo friabile, asciutto.........",2018,C0D,TG_24
1231,OK,"Al palato, il campione risulta granuloso-sabbioso.",al palato risulta granuloso-sabbioaso,al palato risulta granuloso-sabbioaso,2018,C0D,TG_35
1232,OK,"Il campione è morbido, asciutto e presenta molti cristalli solubili.",morbido asciutto  con tanti cristalli solubile,morbido asciutto  con tanti cristalli solubile,2018,C0E,Q_09
1233,OK,"Il campione è morbido, con una friabilità limitata, tende a sciogliersi in bocca e presenta qualche cristallo.","morbido. friabilità limitata. tende a sciogliersi in bocca . qualche cristallo, pochi","morbido. friabilità limitata. tende a sciogliersi in bocca . qualche cristallo, pochi",2018,C0E,TG_04
1234,OK,Il campione presenta la presenza di pochi cristalli.,presenza di pochi cristalli,presenza di pochi cristalli,2018,C0E,TG_05
1235,OK,"Il campione ha molti cristalli, ma risulta pastoso e morbido.","molti cristalli, ma pastoso e morbido","molti cristalli, ma pastoso e morbido",2018,C0E,TG_11
1236,OK,Il campione è umido e pastoso.,"umido, pastoso","umido, pastoso",2018,C0E,TG_12
1237,OK,Il campione presenta poca grana e risulta pastoso.,"poca grana, pastoso","poca grana, pastoso",2018,C0E,TG_13
1238,OK,Il campione presenta poca granulosità.,poca granulosità,poca granulosità,2018,C0E,TG_19
1239,OK,"Il campione è cedevole, umido, quasi adesivo, poco solubile e poco granuloso.","cedevole, umida, quasoi adesiva, poco solubile e poco granulosa","cedevole, umida, quasoi adesiva, poco solubile e poco granulosa",2018,C0E,TG_20
1240,OK,"Il campione manca leggermente in durezza, presenta una bella umidità e solubilità, e i cristalli sono in buone condizioni.",manca leggermente in durezza. Bella umidità-solubilità. Cristalli OK,manca leggermente in durezza. Bella umidità-solubilità. Cristalli OK,2018,C0E,TG_24
1241,FUORI_ATTRIBUTO,Molto tenero.,molto tenero,molto tenero,2018,C0E,TG_26
1242,OK,Il campione presenta una buona presenza di cristalli.,presenza di cristalli,presenza di cristalli,2018,C0E,TG_35
1243,OK,"Il campione è umido, poco friabile e presenta una certa adesività.",umido poco friabile e impasta,umido poco friabile e impasta,2018,C0H,Q_09
1244,OK,"Il campione è umido, abbastanza friabile e lascia la bocca pulita.",seppur umido abbastanza friabile. lascia la bocca pulita,seppur umido abbastanza friabile. lascia la bocca pulita,2018,C0H,TG_04
1245,OK,"Il campione presenta una buona friabilità, microstruttura assente e una pastosità evidente, con buoni cristalli.","friabilit' buona, microstruttura assente e pastosa, buoni i cristalli","friabilit' buona, microstruttura assente e pastosa, buoni i cristalli",2018,C0H,TG_11
1246,OK,Il campione ha poca grana e una consistenza pastosa.,"poca grana, pastoso","poca grana, pastoso",2018,C0H,TG_13
1247,OK,"Il campione è legato, poco granuloso, quasi adesivo, con buona presenza di microcristalli.","legata, poco granulosa, quasi adesiva, buona presenza di microcristalli","legata, poco granulosa, quasi adesiva, buona presenza di microcristalli",2018,C0H,TG_20
1248,OK,"Il campione è molto asciutto, morbido e presenta pochi cristalli.","molto asciutto, morbido e pochi cristalli","molto asciutto, morbido e pochi cristalli",2018,C0H,TG_24
1249,OK,Il campione presenta cristalli grossi e il formaggio si scioglie quasi subito.,cristalli grossi il formaggio parisce quasi subito,cristalli grossi il formaggio parisce quasi subito,2018,C0H,TG_35
1250,OK,"Il campione è morbido, asciutto, poco friabile e con bassa solubilità.",morbido asciutto poco firiabile e poco solub,morbido asciutto poco firiabile e poco solub,2018,C0M,Q_09
1251,OK,"Il campione è morbido, cedevole al dente, non molto friabile e con cristalli quasi assenti.","morbido, cedevole al dente, non molto friabile. cristalli quasi assenti","morbido, cedevole al dente, non molto friabile. cristalli quasi assenti",2018,C0M,TG_04
1252,OK,Il campione è pastoso e presenta assenza di cristalli.,pastoso;assenza di cristalli,pastoso;assenza di cristalli,2018,C0M,TG_05
1253,OK,"Il campione è friabile, con buona microstruttura, solubile ma con pochissimi cristalli.","friabile, buona microstruttura, solubile ma pochissimi cristalli","friabile, buona microstruttura, solubile ma pochissimi cristalli",2018,C0M,TG_11
1254,FUORI_ATTRIBUTO,"Molle e pastoso, non ha grana.",molle e pastoso. non grana,molle e pastoso. non grana,2018,C0M,TG_13
1255,OK,"Il campione è compatto, potrebbe essere più granuloso e presenta pochi cristalli.","Compatto, potrrebbe essere più granuloso, pochi cristalli","Compatto, potrrebbe essere più granuloso, pochi cristalli",2018,C0M,TG_19
1256,OK,"Il campione è mediamente duro, poco granuloso, molto solubile e con pochi microcristalli.","mediamente dura, poco granulosa, molto solubile, pochi microcristalli","mediamente dura, poco granulosa, molto solubile, pochi microcristalli",2018,C0M,TG_20
1257,OK,"Il campione è astringente, asciutto e privo di cristalli.","astringente, asciutto, non ci sono cristalli.....","astringente, asciutto, non ci sono cristalli.....",2018,C0M,TG_24
1258,FUORI_ATTRIBUTO,"Molto pastoso, non da grana.",molto pastoso non da grana,molto pastoso non da grana,2018,C0M,TG_26
1259,OK,Il campione si scioglie bene.,si scioglie bene,si scioglie bene,2018,C0M,TG_35
1260,OK,"Il campione è morbido e umido, poco granuloso ma presenta piccoli cristalli che lasciano residuo.",morbido e umido poco granuloso ma piccoli cristalli lascia residuo,morbido e umido poco granuloso ma piccoli cristalli lascia residuo,2018,C0Q,Q_09
1261,OK,"Il campione presenta una pasta morbida e friabile, con una microstruttura non fine e una leggera umidità, tendente al pastoso nel finale di bocca.","Morbido, friabilein una microstruttura non fine. umido, tende al pastoso nel finale di bocca","Morbido, friabilein una microstruttura non fine. umido, tende al pastoso nel finale di bocca",2018,C0Q,TG_04
1262,FUORI_ATTRIBUTO,"Morbido, microstruttura assente, con qualche cristallo.","morbido, microstruttura assente, qualche cristallo","morbido, microstruttura assente, qualche cristallo",2018,C0Q,TG_11
1263,FUORI_ATTRIBUTO,Gommoso.,gommoso,gommoso,2018,C0Q,TG_12
1264,OK,Il campione non è molto friabile e tende a presentare una leggera umidità.,"Non molto friabile, tendente all'umido","Non molto friabile, tendente all'umido",2018,C0Q,TG_19
1265,OK,"Il campione è ancora umido, presenta una certa adesività, non è molto granuloso e ha una bassa solubilità.","ancora umida, legata, non molto granulosa e poco solubile","ancora umida, legata, non molto granulosa e poco solubile",2018,C0Q,TG_20
1266,OK,"Il campione è asciutto, ma presenta una buona solubilità con cristalli di dimensioni medie.","asciutto, ma solubile, cristalli medi..","asciutto, ma solubile, cristalli medi..",2018,C0Q,TG_24
1267,OK,"Il campione mostra presenza di cristalli medio-grossi, con una leggera granulosità e una sensazione sabbiosa.","presenza di cristalli medio grossi, rimane un po granuloso e sabbioso","presenza di cristalli medio grossi, rimane un po granuloso e sabbioso",2018,C0Q,TG_35
1268,OK,Il campione è asciutto e presenta una certa granulosità con cristalli poco solubili.,asciutto granuloso cristalli poco sol,asciutto granuloso cristalli poco sol,2018,C0A,Q_09
1269,OK,"Il campione è leggermente asciutto, ma mantiene una buona qualità complessiva.",legg asciutto,legg asciutto,2018,C0A,TG_11
1270,OK,Il campione presenta una leggera adesività.,un po adesivo,un po adesivo,2018,C0A,TG_13
1271,OK,"Il campione è solubile, ma presenta poca grana.","solubile, non molta grana","solubile, non molta grana",2018,C0A,TG_14
1272,OK,"Il campione è leggermente cedevole, non molto solubile, ma mostra una certa granulosità.","leggermente cedevole, non molto solubile ma granulosa","leggermente cedevole, non molto solubile ma granulosa",2018,C0A,TG_19
1273,OK,Il campione è tenerissimo e presenta cristalli.,tenerissimo cristalli,tenerissimo cristalli,2018,C0A,TG_20
1274,OK,"Il campione è pastoso e morbido, con qualche cristallo e bassa solubilità.",pastoso morbido qualche cristallo poco sol,pastoso morbido qualche cristallo poco sol,2018,C0B,Q_09
1275,OK,"Il campione risulta un po' asciutto, ma non compromette la sua qualità.",un po-asciutto,un po'asciutto,2018,C0B,TG_11
1276,OK,Il campione è molto solubile.,molto solubile,molto solubile,2018,C0B,TG_13
1277,OK,Il campione potrebbe essere più friabile.,potrebbe essere più friabile,potrebbe essere più friabile,2018,C0B,TG_14
1278,OK,"Il campione è granuloso, solubile e gradevole.","granulosa, solubile, gradevole","granulosa, solubile, gradevole",2018,C0B,TG_19
1279,FUORI_ATTRIBUTO,Cristali.,cristali,cristali,2018,C0B,TG_20
1280,OK,Il campione è asciutto e presenta una leggera adesività con bassa solubilità.,asciutto impasta poco solub,asciutto impasta poco solub,2018,C0C,Q_09
1281,FUORI_ATTRIBUTO,"Struttura cedevole, molle e pastosa.","struttura cedevole, molle e pastosa","struttura cedevole, molle e pastosa",2018,C0C,TG_13
1282,FUORI_ATTRIBUTO,Il finale potrebbe essere più solubile.,finale potrebbe essere più solubile,finale potrebbe essere più solubile,2018,C0C,TG_14
1283,OK,"Il campione presenta una pasta granulosa, asciutta e dura, con una solubilità limitata e una possibile carenza di umidità.","granulosa, asciutta, solubile, dura, forse poco umida","granulosa, asciutta, solubile, dura, forse poco umida",2018,C0C,TG_19
1284,OK,"Il campione mostra cristalli granulosi e asciutti, con una solubilità accettabile.",cristalli granuloso asciutto ma solubilie,cristalli granuloso asciutto ma solubilie,2018,C0G,Q_09
1285,OK,Il campione è asciutto e presenta una texture granulosa.,"asciutto, granuloso","asciutto, granuloso",2018,C0G,TG_11
1286,OK,Il campione risulta molto granuloso e persistente al palato.,molto granuloso e persistente,molto granuloso e persistente,2018,C0G,TG_14
1287,OK,Il campione è ancora un po' elastico e non molto granuloso.,"ancora un po elastica, non molto granulosa","ancora un po elastica, non molto granulosa",2018,C0G,TG_19
1288,FUORI_ATTRIBUTO,"Asciutto, morbido, poco granuloso e poco solubile.",asciutto morbibo poco granuloso e poco sol,asciutto morbibo poco granuloso e poco sol,2018,C0L,Q_09
1289,OK,"Il campione è solubile e granuloso, con una piacevole sensazione al palato.",solubile e granuloso. piacevole,solubile e granuloso. piacevole,2018,C0L,TG_13
1290,OK,"Il campione presenta una consistenza compatta, conforme agli standard di qualità.",compatto,compatto,2018,C0L,TG_14
1291,OK,"Il campione è granuloso, solubile e leggermente asciutto, con tratti di umidità.","granulosa, solubile, un po asciutta, a tratti pi\ umida","granulosa, solubile, un po asciutta, a tratti pi\ umida",2018,C0L,TG_19
1292,FUORI_ATTRIBUTO,Cristalli.,cristalli,cristalli,2018,C0L,TG_20
1293,OK,"Il campione è asciutto e presenta una scarsa solubilità iniziale, ma si avvertono cristalli.",asciutto e impasta poco solub all'inizio poi si avvertono i cristalli,asciutto e impasta poco solub all'inizio poi si avvertono i cristalli,2018,C0N,Q_09
1294,OK,Il campione ha una consistenza pastosa.,pastoso,pastoso,2018,C0N,TG_04
1295,FUORI_ATTRIBUTO,Secco.,secco,secco,2018,C0N,TG_05
1296,OK,Il campione è asciutto e presenta una texture granulosa.,"asciutto, granuloso","asciutto, granuloso",2018,C0N,TG_11
1297,OK,Il campione è poco solubile e presenta una durezza marcata.,poco solubile. duro,poco solubile. duro,2018,C0N,TG_13
1298,OK,Il campione è molto asciutto e non presenta solubilità.,"molto asciutto, non solubile","molto asciutto, non solubile",2018,C0N,TG_14
1299,OK,"Il campione è granuloso, solubile e gradevole al palato.","granulosa, solubile, gradevole","granulosa, solubile, gradevole",2018,C0N,TG_19
1300,FUORI_ATTRIBUTO,Sabbioso e molto friabile.,sabbioso molto fiabile,sabbioso molto fiabile,2018,C0N,TG_20
1301,FUORI_ATTRIBUTO,Granuli di tirosina non percepibili in tutti i cubetti; friabilità e solubilità scarse.,granuli di tirosina non percpibili in tutti i cubetti;friabilità solubilità scarsa,granuli di tirosina non percpibili in tutti i cubetti;friabilità solubilità scarsa,2018,C0A,Q_02
1302,OK,"Il campione presenta una pasta morbida e asciutta, con una granulosità evidente e pochi cristalli di tirosina, con una solubilità scarsa.","morbido asciutto abbastanza granoloso, con pochi cristalli abbastanza solub","morbido asciutto abbastanza granoloso, con pochi cristalli abbastanza solub",2018,C0A,Q_09
1303,OK,"Il campione è consistente e friabile, non asciutto, con cristalli di tirosina non percepiti.",consistente e friabile ma non asciutto. cristalli non percepiti,consistente e friabile ma non asciutto. cristalli non percepiti,2018,C0A,TG_04
1304,FUORI_ATTRIBUTO,"Equilibrato, con scarsa solubilità.","equilibrato, scarsa la solubilit'","equilibrato, scarsa la solubilit'",2018,C0A,TG_11
1305,OK,"Il campione è abbastanza morbido, con una granulosità evidente, una microstruttura grossolana e poca solubilità.","abbastanza morbido, grnuloso, microstruttura grossolana, poco solubile.","abbastanza morbido, grnuloso, microstruttura grossolana, poco solubile.",2018,C0A,TG_14
1306,OK,"Il campione è mediamente duro, con una texture granulosa e una solubilità gradevole.","mediamente dura, granulosa, solubile, gradevole","mediamente dura, granulosa, solubile, gradevole",2018,C0A,TG_20
1307,FUORI_ATTRIBUTO,Solubilità da formaggio tendenzialmente grasso.,solubilità da formaggio tendenzialmente grasso,solubilità da formaggio tendenzialmente grasso,2018,C0C,Q_02
1308,OK,"Il campione è asciutto e friabile, ma tende ad impastare.",asciutto e fraibile tende ad impastare,asciutto e fraibile tende ad impastare,2018,C0C,Q_09
1309,OK,"Il campione è morbido e cede nettamente ai denti, senza mostrare friabilità.","morbido, cede nettamente ai denti senza friabilità","morbido, cede nettamente ai denti senza friabilità",2018,C0C,TG_04
1310,OK,"Il campione è friabile, leggermente morbido e solubile, con assenza di cristalli.","friabile, leggermente morbido, solubile, assenza di cristalli","friabile, leggermente morbido, solubile, assenza di cristalli",2018,C0C,TG_11
1311,OK,"Il campione è abbastanza cedevole, granuloso, con una microstruttura abbastanza grossolana e leggermente asciutto.","abbastanza cedevole, granuloso, microstruttura abbastanza grossolana, leggermente asciutto","abbastanza cedevole, granuloso, microstruttura abbastanza grossolana, leggermente asciutto",2018,C0C,TG_14
1312,OK,"Il campione è mediamente duro, presenta una granulosità e una solubilità soddisfacente.","mediamente dura, granulosa, solubile,","mediamente dura, granulosa, solubile,",2018,C0C,TG_20
1313,FUORI_ATTRIBUTO,Aspettativa per un formaggio stagionato.,attesa per un formaggio stagionato,attesa per un formaggio stagionato,2018,C0E,Q_02
1314,OK,"Il campione è asciutto, poco granuloso e pastoso, con scarsa solubilità.",asciutto poco granuloso e pastoso poco sol,asciutto poco granuloso e pastoso poco sol,2018,C0E,Q_09
1315,OK,"Il campione è ben friabile, con una microstruttura fine, tende a liquefarsi nel finale di bocca e presenta cristalli.","Benr friabile in una microstruttura fine, tende a liquefarsi nel finale di bocca. cristalli presenti","Benr friabile in una microstruttura fine, tende a liquefarsi nel finale di bocca. cristalli presenti",2018,C0E,TG_04
1316,OK,Il campione è friabile e bilanciato.,friabile bilanciato,friabile bilanciato,2018,C0E,TG_11
1317,OK,"Il campione è morbido e cedevole, con una microstruttura sottile e solubile.","morbida e cedevole, microstruttura sottile, solubile,","morbida e cedevole, microstruttura sottile, solubile,",2018,C0E,TG_14
1318,OK,"Il campione è cedevole, umido e poco granuloso.","cedevole, umida, poco granulosa","cedevole, umida, poco granulosa",2018,C0E,TG_20
1319,OK,"Il campione presenta una friabilità moderata, una solubilità difficoltosa e cristalli di tirosina molto poco percepibili.",firabilità moderata;solubilità difficoltosa;cristalli tirosina molto poco percepibili,firabilità moderata;solubilità difficoltosa;cristalli tirosina molto poco percepibili,2018,C0G,Q_02
1320,OK,"Il campione è morbido e asciutto, poco solubile e lascia un residuo polveroso.",morbido e asciutto poco solubile lascia residuo polverso,morbido e asciutto poco solubile lascia residuo polverso,2018,C0G,Q_09
1321,OK,"Il campione presenta una pasta friabile, cedevole al dente, con una morbidezza fine che impasta la bocca. I cristalli sono rari.","friabile, cede facilmente al dente, rivelando una morbidezza di fondpalla fine impasta la bocca. cristalli rari","friabile, cede facilmente al dente, rivelando una morbidezza di fondpalla fine impasta la bocca. cristalli rari",2018,C0G,TG_04
1322,OK,"Il campione è molto friabile, con buoni cristalli e una buona solubilità.","molto friabile, buoni cristalli, buona solubilit'","molto friabile, buoni cristalli, buona solubilit'",2018,C0G,TG_11
1323,FUORI_ATTRIBUTO,"Morbido e cedevole, senza struttura, molto fine.","mobido e cedevole, senza struttura, molto fine","mobido e cedevole, senza struttura, molto fine",2018,C0G,TG_14
1324,OK,"Il campione è tendenzialmente umido, con una solubilità medio-bassa e leggermente cedevole.","tendenzialmente umida, solubilit' medio bassa, leggermente cedevole","tendenzialmente umida, solubilit' medio bassa, leggermente cedevole",2018,C0G,TG_20
1325,OK,Il campione presenta granuli di tirosina molto percepibili; la solubilità e la friabilità sono moderatamente scarse.,granuli di tirosina molto percepibili;solubilità e friabilità moderatamente scarse,granuli di tirosina molto percepibili;solubilità e friabilità moderatamente scarse,2018,C0Q,Q_02
1326,OK,"Il campione è morbido con tanti piccoli cristalli, ma lascia un residuo sabbioso.",morbido con tanti piccoli cristalli  poco solub lascia residuo sabbioso,morbido con tanti piccoli cristalli  poco solub lascia residuo sabbioso,2018,C0Q,Q_09
1327,OK,"Il campione è troppo morbido, ma riesce a frantumarsi. Non presenta cristalli.","troppo morbido, ciononostante riesce a frantumarsi. nessun cristallo","troppo morbido, ciononostante riesce a frantumarsi. nessun cristallo",2018,C0Q,TG_04
1328,OK,"Il campione ha una microstruttura finissima, è piuttosto morbido e presenta pochi cristalli.","microstruttura finissima, pi\ttosto morbido, pochi cristalli","microstruttura finissima, pi\ttosto morbido, pochi cristalli",2018,C0Q,TG_11
1329,OK,"Il campione è abbastanza duro, granulare, con una microstruttura grossolana, poco solubile e asciutto.","abbastanza duro, granulare, migrostruttura grossolana, poco solubile, asciutto","abbastanza duro, granulare, migrostruttura grossolana, poco solubile, asciutto",2018,C0Q,TG_14
1330,OK,"Il campione è mediamente asciutto, granuloso ma poco solubile, risultando quasi sabbioso.","mediamente asciutta, granulosa ma poco solubile, risulta quasi sabbiosa","mediamente asciutta, granulosa ma poco solubile, risulta quasi sabbiosa",2018,C0Q,TG_20
1331,OK,La solubilità e la friabilità del campione sono molto scarse.,solubilità e friabilità molto scarse,solubilità e friabilità molto scarse,2018,C0R,Q_02
1332,OK,"Il campione è morbido e deformabile, non granuloso e non friabile, impasta con pochi cristalli e poca solubilità.",morbido e deformabili non granuloso non firabiole impasta pochi cristalli e poco sol,morbido e deformabili non granuloso non firabiole impasta pochi cristalli e poco sol,2018,C0R,Q_09
1333,OK,Il campione presenta una texture plastica e ingozza.,"plastico, ingozza","plastico, ingozza",2018,C0R,TG_04
1334,OK,"Il campione è poco friabile, molto morbido, con assenza di cristalli e una microstruttura finissima.","poco friabile, molto morbido, assenza di critalli, microstruttura finissima","poco friabile, molto morbido, assenza di critalli, microstruttura finissima",2018,C0R,TG_11
1335,OK,"Il campione è un grana giovane, ideale per il consumo diretto.",e' un grana giovane da pasto.,e' un grana giovane da pasto.,2018,C0R,TG_14
1336,OK,Il campione è adesivo e poco granuloso.,"adesivo, poco granuloso","adesivo, poco granuloso",2018,C0R,TG_20
1337,OK,Il campione presenta assenza di tirosina.,tirosina assente,tirosina assente,2018,C0C,Q_02
1338,OK,"Il campione è morbido e granuloso, tende ad impastare con pochi cristalli.",morbido granoloso tende ad impastare pochi cristalli,morbido granoloso tende ad impastare pochi cristalli,2018,C0C,Q_09
1339,OK,"Il campione è umido, molle, poco friabile e tende ad impastare la bocca e ingozzare, con cristalli presenti.","umido., molle. poco friabile, tende ad impastare la bocca e ingozzare. cristalli presenti","umido., molle. poco friabile, tende ad impastare la bocca e ingozzare. cristalli presenti",2018,C0C,TG_04
1340,OK,Il campione è mollo e pastoso.,mollo;pastoso,mollo;pastoso,2018,C0C,TG_05
1341,FUORI_ATTRIBUTO,"Il formaggio è morbido con una buona microstruttura, ma manca di cristalli.","morbido, buona microstruttura, manca di cristalli","morbido, buona microstruttura, manca di cristalli",2018,C0C,TG_11
1342,FUORI_ATTRIBUTO,"Il formaggio è molle, non solubile e privo di grana.","molle, non solubile, senza grana.","molle, non solubile, senza grana.",2018,C0C,TG_13
1343,OK,"Il campione presenta una pasta compatta ma abbastanza cedevole, con grana sottile, asciutta e discretamente solubile.","compatto ma abbastanza cedevole, grana sottile, asciutto, abbastanza solubile","compatto ma abbastanza cedevole, grana sottile, asciutto, abbastanza solubile",2018,C0C,TG_14
1344,FUORI_ATTRIBUTO,Il formaggio è umido e molto adesivo.,"umida, molto adesiva","umida, molto adesiva",2018,C0C,TG_15
1345,OK,"Il campione è compatto, mediamente umido, non molto friabile né granuloso, discretamente solubile, con pochi cristalli.","Compatto, mediamente umido, non molto friabile né granuloso, discretamente solubile, pochi cristalli","Compatto, mediamente umido, non molto friabile né granuloso, discretamente solubile, pochi cristalli",2018,C0C,TG_19
1346,OK,"Il formaggio si scioglie bene, offrendo una piacevole esperienza gustativa.",il formaggio si scioglie bene,il formaggio si scioglie bene,2018,C0C,TG_35
1347,FUORI_ATTRIBUTO,"La tirosina ha un'intensità forte, mentre la solubilità e la friabilità hanno un'intensità leggera.",tirosina intensità forte;solubilità e friabilità intensità leggera,tirosina intensità forte;solubilità e friabilità intensità leggera,2018,C0I,Q_02
1348,FUORI_ATTRIBUTO,Il formaggio è granoloso con cristalli abbastanza solubili.,granoloso con cristalli abbastanza sol,granoloso con cristalli abbastanza sol,2018,C0I,Q_09
1349,OK,"Il campione è consistente al molare e si frange in una bella struttura. Si scioglie con un residuo sabbioso ed è ben umido, con tanti microcristalli.",consistente al molare e si frange in una bella struttura. Si scioglie con un residuo sabbioso. ben umido. tanti microcristalli,consistente al molare e si frange in una bella struttura. Si scioglie con un residuo sabbioso. ben umido. tanti microcristalli,2018,C0I,TG_04
1350,OK,"Il campione è friabile, leggermente secco e presenta pochi cristalli.","friabile, un p; secco, pochi cristalli","friabile, un p; secco, pochi cristalli",2018,C0I,TG_11
1351,OK,"Il campione ha una consistenza pastosa, che contribuisce a una buona esperienza sensoriale.",pastoso,pastoso,2018,C0I,TG_13
1352,OK,"Il campione è cedevole, molto pastoso e asciutto, poco solubile, con microstruttura sottile e molti cristalli.","cedevole, molto pastoso e asciutto, poco solubile, microstruttura sottile, molti cristalli","cedevole, molto pastoso e asciutto, poco solubile, microstruttura sottile, molti cristalli",2018,C0I,TG_14
1353,OK,"Il campione mostra una solubilità accettabile, arricchendo la sua texture.",abbastanza solubile,abbastanza solubile,2018,C0I,TG_15
1354,OK,"Il campione è friabile, con buona solubilità intermedia e una leggera untuosità.","Friabile, buona solubilità intermedia, untuosità","Friabile, buona solubilità intermedia, untuosità",2018,C0I,TG_19
1355,OK,"Il formaggio si scioglie bene, garantendo una consistenza gradevole.",il formaggio si scioglie bene,il formaggio si scioglie bene,2018,C0I,TG_35
1356,FUORI_ATTRIBUTO,La solubilità e la friabilità della tirosina hanno un'intensità leggera.,solubilità friabilità tirosina intensità leggera,solubilità friabilità tirosina intensità leggera,2018,C0M,Q_02
1357,FUORI_ATTRIBUTO,"Il formaggio è granuloso, asciutto, poco solubile e con pochi cristalli.",granuloso asciutto poco sol pochi cristalli,granuloso asciutto poco sol pochi cristalli,2018,C0M,Q_09
1358,OK,"Il campione presenta cristalli rinvenuti, anche grossi, è friabile, con una struttura non fine e tende ad asciugare le fauci.","cristalli rinvenuti, anche grossi. friabile. struttura non fine. tende ad asciugare le fauci","cristalli rinvenuti, anche grossi. friabile. struttura non fine. tende ad asciugare le fauci",2018,C0M,TG_04
1359,ILLEGGIBILE,,mollo,mollo,2018,C0M,TG_05
1360,OK,"Il campione presenta buona friabilità, microstruttura e solubilità, mentre i cristalli sono assenti.","buona friabilit', microstruttura e solubilit', assenti i cristalli","buona friabilit', microstruttura e solubilit', assenti i cristalli",2018,C0M,TG_11
1361,FUORI_ATTRIBUTO,Il formaggio è asciutto.,asciutto,asciutto,2018,C0M,TG_12
1362,OK,"Il campione presenta una pasta pastosa con poca grana, risultando meno compatto.","pastoso, poca grana","pastoso, poca grana",2018,C0M,TG_13
1363,OK,"Il campione è compatto e duro, con una microstruttura grossolana, non molto solubile e pochi cristalli percepiti.","compatto e duro, microstruttura grossolana, non molto solubile,pochi cristalli percepiti","compatto e duro, microstruttura grossolana, non molto solubile,pochi cristalli percepiti",2018,C0M,TG_14
1364,FUORI_ATTRIBUTO,Il formaggio è un po' granuloso.,un po- granulosa,un po' granulosa,2018,C0M,TG_15
1365,OK,"Il campione è mediamente friabile, leggermente adesivo e non troppo solubile.","Mediamente friabile, leggermente adesivo, non troppo silubile","Mediamente friabile, leggermente adesivo, non troppo silubile",2018,C0M,TG_19
1366,FUORI_ATTRIBUTO,Rimangono alcuni piccoli frammenti e c'è assenza di cristalli.,rimane qualche piccolo frqammento assenza di cristalli,rimane qualche piccolo frqammento assenza di cristalli,2018,C0M,TG_35
1367,OK,Il campione presenta una solubilità e friabilità della tirosina con intensità leggera (positiva).,solubilità friabilità tirosina intensità leggera (positiva),solubilità friabilità tirosina intensità leggera (positiva),2018,C0N,Q_02
1368,OK,"Il campione è compatto, asciutto e granuloso, con cristalli ma poco solubile, lasciando un residuo sabbioso.",compatto asciutto granuloso con cristalli ma poco solubile lascia residuo sabbioso,compatto asciutto granuloso con cristalli ma poco solubile lascia residuo sabbioso,2018,C0N,Q_09
1369,OK,"Il campione è friabile con una microstruttura fine che tende al sabbioso, lasciando la bocca pulita e con microcristalli presenti, anche se non molti.","Friabile in una microstruttura fine che tende al sabbioso.  Lascia la bocca pulita. microcristalli presenti, non molti","Friabile in una microstruttura fine che tende al sabbioso.  Lascia la bocca pulita. microcristalli presenti, non molti",2018,C0N,TG_04
1370,OK,"Il campione è friabile, secco e asciutto, con una microstruttura sufficiente.","friabile, secco&asciutto, mcirostruttura sufficiente","friabile, secco&asciutto, mcirostruttura sufficiente",2018,C0N,TG_11
1371,FUORI_ATTRIBUTO,Il formaggio è asciutto.,asciutto,asciutto,2018,C0N,TG_12
1372,OK,"Il campione è duro ma friabile, con microstruttura sottile e solubile, ma asciutto.","duro ma friabile, microstruttura sottile, solubile ma asciutto","duro ma friabile, microstruttura sottile, solubile ma asciutto",2018,C0N,TG_14
1373,FUORI_ATTRIBUTO,Il formaggio è granuloso.,granulosa,granulosa,2018,C0N,TG_15
1374,OK,"Il campione è friabile, asciutto e presenta una sensazione sabbiosa alla fine.","Friabile, asciutto, sabbioso alla fine","Friabile, asciutto, sabbioso alla fine",2018,C0N,TG_19
1375,OK,Il campione è sabbioso con frammenti.,sabbioso con frammenti,sabbioso con frammenti,2018,C0N,TG_35
1376,OK,Il campione presenta una solubilità e friabilità della tirosina moderata/forte.,solubilità friabilitù tirosina moderato/forte,solubilità friabilitù tirosina moderato/forte,2018,C0O,Q_02
1377,OK,"Il campione è morbido, poco friabile, con cristalli poco solubili e lascia un residuo sabbioso.",morbido poco friabile con cristalli poco solub lascia residuo sabbioso,morbido poco friabile con cristalli poco solub lascia residuo sabbioso,2018,C0O,Q_09
1378,OK,"Il campione presenta cristalli presenti, alcuni grossi, con umidità; certi bocconi sono troppo morbidi. È friabile, ma con una struttura grossa, lasciando la bocca sabbiosa.","cristalli presenti, taluni grossi. umido, certi bocconi sono troppo morbidi. friabile un minimo in struttura grossa. rimane la bocca sabbiosa","cristalli presenti, taluni grossi. umido, certi bocconi sono troppo morbidi. friabile un minimo in struttura grossa. rimane la bocca sabbiosa",2018,C0O,TG_04
1379,OK,"Il campione è friabile, con scarsa microstruttura e pochi cristalli, ma presenti.","friabile, scarsa microstruttura, pochi cristalli ma presenti","friabile, scarsa microstruttura, pochi cristalli ma presenti",2018,C0O,TG_11
1380,OK,Il campione è troppo cedevole e friabile.,"troppo cedevole, friabile","troppo cedevole, friabile",2018,C0O,TG_12
1381,OK,Il campione presenta una pasta pastosa con una leggera sensazione di farinosità.,pastoso e un po farinoso,pastoso e un po farinososo,2018,C0O,TG_13
1382,OK,"Il campione mostra una pasta compatta e friabile, con una microstruttura abbastanza sottile e una solubilità limitata.","compatto ma friabile, microstruttura, abbastanza sottile, non molto solubile,","compatto ma friabile, microstruttura, abbastanza sottile, non molto solubile,",2018,C0O,TG_14
1383,FUORI_ATTRIBUTO,Il formaggio è umido e adesivo.,"umido, adesivo","umido, adesivo",2018,C0O,TG_15
1384,OK,"Il campione è compatto, non molto friabile, con una granulosità evidente e una leggera sabbiosità finale.","compatto, non molto friabile, granuloso, non molto solubile e leggermente sabbioso alla fine","compatto, non molto friabile, granuloso, non molto solubile e leggermente sabbioso alla fine",2018,C0O,TG_19
1385,OK,"Il campione presenta una texture molto sabbiosa e granulosa, con pochi cristalli molto fini.",molto sabbioso granuloso con pochi cristalli molto fini,molto sabbioso granuloso con pochi cristalli molto fini,2018,C0O,TG_35
